id,order_id,menu_item_id,price,quantity
5,5,1540,24.7,3
6,5,1957,5.67,1
7,5,1969,13.33,1
8,5,2320,19.4,2
9,6,1819,28.57,1
10,6,1969,13.33,2
11,6,2037,9.24,2
12,6,2361,21.91,1
13,7,1503,19.21,1
14,7,2233,23.61,1
15,8,2000,29.45,2
16,9,1847,7.92,3
17,9,1710,13.65,2
18,9,2145,8.8,1
19,9,2019,11.74,3
20,10,1589,24.56,1
21,10,1624,8.82,3
22,10,1681,11.8,1
23,10,2122,6.6,3
24,11,2176,20.85,2
25,11,1388,19.57,3
26,11,2278,5.57,2
27,11,1402,18.85,1
28,12,1909,11.57,1
29,12,2288,27.19,1
30,13,1995,29.96,2
31,13,2036,28.82,2
32,13,2167,22.77,1
33,14,1456,7.23,3
34,14,1742,25.54,3
35,14,1790,25.18,3
36,14,1915,13.49,1
37,14,2126,11.12,1
38,15,1892,11.24,1
39,16,1908,24.92,2
40,16,1947,14.65,3
41,16,2310,13.53,3
42,16,2336,12.1,1
43,17,1420,8.29,2
44,17,1786,7.07,1
45,17,2296,16.57,1
46,18,1762,15.71,2
47,18,1859,7.47,2
48,18,1890,26.7,3
49,18,1991,17.53,3
50,18,2196,7.54,1
51,19,1517,21.04,1
52,19,1564,12.41,1
53,19,1618,6.45,3
54,19,1662,9.39,2
55,19,2345,22.75,3
56,20,1839,9.55,2
57,20,2065,24.63,1
58,21,1456,7.23,3
59,21,1742,25.54,3
60,21,1790,25.18,3
61,21,1915,13.49,1
62,21,2126,11.12,1
63,22,1760,19.15,2
64,22,1753,26.03,1
65,22,1546,18.34,1
66,22,1545,15.18,2
67,22,2278,5.57,2
68,23,1596,18.88,1
69,23,1822,22.54,3
70,23,2057,6.17,2
71,23,2157,17.63,3
72,23,2232,15.92,3
73,24,1494,27.57,3
74,24,1501,27.34,2
75,24,2145,8.8,1
76,24,2293,8.79,1
77,25,2280,15.64,3
78,26,1452,19.08,1
79,26,1619,27.44,2
80,26,1826,17.75,3
81,26,2156,6.12,1
82,26,2182,29.94,2
83,27,2116,15.01,2
84,27,1605,10.07,1
85,28,1627,10.72,2
86,28,1647,13.95,1
87,28,1951,28.0,2
88,28,2371,9.07,3
89,29,1801,7.24,3
90,29,1991,17.53,3
91,29,2002,13.76,2
92,29,2070,7.22,2
93,29,2098,24.36,3
94,30,1491,15.92,3
95,30,1989,15.25,3
96,30,1932,9.09,1
97,30,1591,28.76,2
98,30,1872,28.29,1
99,31,1427,21.81,3
100,31,1526,18.33,3
101,31,1739,13.93,1
102,31,1948,8.58,3
103,31,2085,23.79,2
104,32,1472,25.69,2
105,32,1831,25.09,1
106,32,1717,18.14,2
107,32,2268,9.39,2
108,33,1457,22.97,2
109,34,1568,27.16,2
110,35,1550,5.87,1
111,35,1609,25.56,2
112,35,1635,26.69,1
113,35,1719,19.5,1
114,35,2356,27.67,1
115,36,1390,10.81,1
116,36,1504,18.3,3
117,36,1641,23.3,1
118,36,1766,14.22,2
119,37,1460,10.42,3
120,37,2308,8.95,2
121,38,1596,18.88,1
122,38,1822,22.54,3
123,38,2057,6.17,2
124,38,2157,17.63,3
125,38,2232,15.92,3
126,39,1689,16.94,1
127,39,1949,10.68,2
128,39,2097,13.2,1
129,39,2272,28.27,3
130,40,1528,25.34,1
131,40,1945,25.7,2
132,40,1977,21.25,3
133,40,1998,11.92,2
134,40,2165,9.6,2
135,41,1944,5.37,1
136,41,1932,9.09,3
137,42,1398,5.72,3
138,42,1639,25.82,1
139,42,1714,6.33,3
140,42,2379,22.78,2
141,43,1819,28.57,3
142,43,1463,11.25,2
143,43,1727,11.9,1
144,43,2335,17.27,1
145,44,1960,28.34,2
146,44,2178,27.73,3
147,44,2297,26.98,1
148,45,1612,10.4,1
149,45,1647,13.95,3
150,45,1502,28.71,3
151,45,1727,11.9,2
152,45,2386,29.7,2
153,46,1451,6.59,3
154,46,1717,18.14,1
155,46,1758,5.59,1
156,46,1930,7.46,2
157,46,2188,24.99,2
158,47,1934,16.67,3
159,48,2164,15.03,1
160,49,2236,19.17,1
161,49,2376,12.52,2
162,50,1420,8.29,2
163,50,1786,7.07,1
164,50,2296,16.57,1
165,51,2235,21.4,2
166,51,1619,27.44,3
167,52,1406,20.72,1
168,52,1408,21.49,2
169,52,1601,11.63,1
170,52,1715,24.9,3
171,53,2188,24.99,1
172,54,1453,20.67,1
173,55,2342,17.04,3
174,55,1880,28.8,1
175,55,1585,29.84,1
176,55,1574,16.19,1
177,55,1623,8.14,1
178,56,1875,26.12,1
179,57,1466,20.59,3
180,57,2076,23.82,2
181,58,1783,26.25,2
182,59,1671,28.62,2
183,59,1402,18.85,2
184,59,2240,9.74,1
185,59,1649,20.37,2
186,60,1428,24.51,3
187,60,1558,9.06,2
188,60,1709,7.38,3
189,60,1720,8.75,3
190,60,1942,21.06,1
191,61,1753,26.03,2
192,61,2375,20.59,2
193,62,1878,8.75,3
194,63,1428,24.51,3
195,63,1558,9.06,2
196,63,1709,7.38,3
197,63,1720,8.75,3
198,63,1942,21.06,1
199,64,1436,25.17,2
200,64,1531,20.16,1
201,64,1998,11.92,3
202,64,2206,25.89,2
203,65,1989,15.25,2
204,66,2205,9.69,1
205,66,1677,28.36,3
206,66,1865,17.36,1
207,67,1794,25.26,1
208,67,1816,28.8,3
209,67,1866,28.33,1
210,68,1689,16.94,1
211,68,1949,10.68,2
212,68,2097,13.2,1
213,68,2272,28.27,3
214,69,1570,21.27,1
215,69,1874,27.8,3
216,69,1973,28.43,3
217,69,1651,15.6,1
218,70,1550,5.87,1
219,70,1609,25.56,2
220,70,1635,26.69,1
221,70,1719,19.5,1
222,70,2356,27.67,1
223,71,1717,18.14,1
224,71,1813,23.62,3
225,71,2056,28.73,1
226,72,1922,21.7,2
227,73,1417,20.72,2
228,74,1938,22.38,2
229,74,2047,9.38,1
230,74,2344,18.96,1
231,74,1705,25.95,1
232,75,1524,15.65,2
233,75,1562,10.52,3
234,75,1830,5.77,3
235,75,2003,7.34,3
236,75,2027,15.65,3
237,76,1961,16.62,2
238,76,1886,16.71,3
239,77,2016,15.04,1
240,77,2329,18.52,3
241,77,1717,18.14,3
242,77,2081,21.38,3
243,78,1404,24.5,2
244,78,1544,7.35,1
245,78,1677,28.36,2
246,78,1779,6.97,2
247,78,1895,13.51,1
248,79,1794,25.26,1
249,79,1816,28.8,3
250,79,1866,28.33,1
251,80,1689,16.94,1
252,80,1949,10.68,2
253,80,2097,13.2,1
254,80,2272,28.27,3
255,81,1550,5.87,1
256,81,1609,25.56,2
257,81,1635,26.69,1
258,81,1719,19.5,1
259,81,2356,27.67,1
260,82,1528,25.34,1
261,82,1945,25.7,2
262,82,1977,21.25,3
263,82,1998,11.92,2
264,82,2165,9.6,2
265,83,1436,25.17,2
266,83,1516,26.06,2
267,83,1880,28.8,3
268,83,1997,20.85,3
269,83,2185,23.69,3
270,84,2159,17.96,3
271,84,2181,24.9,1
272,85,2093,8.13,1
273,85,1768,6.73,2
274,85,1400,6.57,2
275,85,1730,5.25,3
276,86,1568,27.16,2
277,87,1753,26.03,2
278,87,2375,20.59,2
279,88,2110,11.94,3
280,89,1435,15.82,3
281,89,1546,18.34,3
282,89,1803,12.55,3
283,89,1920,25.28,1
284,89,2236,19.17,1
285,90,1504,18.3,3
286,90,1572,16.27,1
287,90,2321,14.07,2
288,90,2357,19.32,2
289,91,1897,22.87,1
290,91,2287,27.82,3
291,92,1832,25.7,3
292,92,1872,28.29,2
293,92,2009,21.42,2
294,92,2087,19.91,2
295,92,2131,11.78,3
296,93,1418,11.5,1
297,93,2076,23.82,2
298,94,1614,11.47,1
299,94,1794,25.26,2
300,94,2261,18.81,2
301,95,1715,24.9,2
302,96,2298,27.59,1
303,96,2315,12.61,2
304,96,1434,18.96,1
305,96,2149,14.46,3
306,97,1580,20.35,1
307,97,1642,29.72,1
308,97,2310,13.53,3
309,98,2338,18.28,1
310,99,1683,12.59,1
311,99,2312,25.98,3
312,99,1764,15.33,1
313,100,1540,24.7,3
314,100,1957,5.67,1
315,100,1969,13.33,1
316,100,2320,19.4,2
317,101,2248,27.72,2
318,101,2053,11.85,3
319,102,1736,16.02,2
320,103,2000,29.45,2
321,104,1619,27.44,2
322,104,1658,26.2,2
323,104,1744,23.69,1
324,104,1787,16.21,1
325,104,2275,25.07,2
326,105,1668,5.52,3
327,105,1621,19.55,3
328,105,1799,9.05,2
329,106,2366,16.5,1
330,106,1800,5.79,2
331,107,1953,10.19,2
332,108,1615,24.07,2
333,109,1762,15.71,2
334,109,1859,7.47,2
335,109,1890,26.7,3
336,109,1991,17.53,3
337,109,2196,7.54,1
338,110,1586,24.98,2
339,110,2294,29.46,3
340,110,2134,24.84,1
341,110,2114,7.46,3
342,111,2221,21.43,1
343,111,1792,6.53,2
344,111,1780,5.9,2
345,112,1451,6.59,3
346,112,1717,18.14,1
347,112,1758,5.59,1
348,112,1930,7.46,2
349,112,2188,24.99,2
350,113,1762,15.71,2
351,113,1859,7.47,2
352,113,1890,26.7,3
353,113,1991,17.53,3
354,113,2196,7.54,1
355,114,1430,7.1,2
356,114,1933,12.73,2
357,114,1983,10.82,1
358,114,1488,24.64,2
359,115,1775,12.74,2
360,115,2343,27.0,1
361,115,2164,15.03,1
362,116,1755,24.57,3
363,116,2287,27.82,2
364,117,1629,25.99,3
365,117,2257,21.62,1
366,117,1681,11.8,2
367,117,2263,20.34,3
368,117,1699,27.7,2
369,118,1504,18.3,3
370,118,1572,16.27,1
371,118,2321,14.07,2
372,118,2357,19.32,2
373,119,1528,25.34,1
374,119,1945,25.7,2
375,119,1977,21.25,3
376,119,1998,11.92,2
377,119,2165,9.6,2
378,120,1532,28.62,2
379,120,1786,7.07,1
380,120,2248,27.72,3
381,120,1591,28.76,1
382,120,2260,8.82,3
383,121,1666,28.01,3
384,121,1698,27.99,1
385,122,2195,14.11,3
386,123,1975,25.13,3
387,124,1953,10.19,1
388,124,2330,30.0,3
389,125,1779,6.97,2
390,126,1982,18.18,2
391,126,1589,24.56,1
392,127,1819,28.57,1
393,127,1969,13.33,2
394,127,2037,9.24,2
395,127,2361,21.91,1
396,128,1415,22.85,1
397,128,1735,13.97,3
398,128,2353,18.13,2
399,128,2246,5.36,3
400,128,2103,24.63,1
401,129,2231,21.67,3
402,130,1395,14.47,1
403,131,1995,29.96,2
404,131,2036,28.82,2
405,131,2167,22.77,1
406,132,1715,24.9,2
407,133,1398,5.72,3
408,133,1639,25.82,1
409,133,1714,6.33,3
410,133,2379,22.78,2
411,134,1528,25.34,1
412,134,1945,25.7,2
413,134,1977,21.25,3
414,134,1998,11.92,2
415,134,2165,9.6,2
416,135,2349,27.02,3
417,135,2116,15.01,1
418,136,1729,18.87,1
419,136,1765,23.65,2
420,136,2056,28.73,3
421,136,2126,11.12,1
422,136,2382,21.71,2
423,137,1404,24.5,2
424,137,1544,7.35,1
425,137,1677,28.36,2
426,137,1779,6.97,2
427,137,1895,13.51,1
428,138,1527,22.06,1
429,138,2049,12.84,1
430,138,2138,23.47,2
431,138,2119,26.97,2
432,138,1762,15.71,3
433,139,1863,20.21,1
434,139,1413,25.59,3
435,139,2309,7.58,2
436,139,2280,15.64,1
437,139,2126,11.12,3
438,140,1431,27.06,1
439,140,1820,24.57,1
440,140,1839,9.55,3
441,141,2285,28.79,3
442,141,2023,22.97,1
443,142,1451,6.59,3
444,142,1717,18.14,1
445,142,1758,5.59,1
446,142,1930,7.46,2
447,142,2188,24.99,2
448,143,1404,24.5,3
449,143,1548,16.74,3
450,143,2142,19.46,3
451,143,2160,14.62,2
452,144,2157,17.63,1
453,144,1535,14.29,3
454,144,1873,27.38,3
455,145,1697,13.99,3
456,146,2106,18.47,2
457,146,1398,5.72,3
458,146,2366,16.5,3
459,146,1978,26.84,1
460,147,2057,6.17,1
461,147,1974,28.54,3
462,147,2195,14.11,3
463,147,2344,18.96,1
464,147,1800,5.79,3
465,148,1509,22.77,2
466,149,1433,17.91,1
467,149,2035,10.35,3
468,150,1888,11.89,3
469,150,2093,8.13,3
470,150,2206,25.89,3
471,150,2277,14.74,2
472,150,2290,25.04,1
473,151,1850,17.95,1
474,151,2151,20.83,1
475,152,1485,26.58,1
476,152,2274,23.69,3
477,152,2378,22.63,3
478,153,2000,29.45,2
479,154,2295,21.6,1
480,154,1715,24.9,3
481,154,2355,10.29,1
482,154,2312,25.98,2
483,154,2113,25.1,2
484,155,1392,25.76,2
485,155,2310,13.53,2
486,156,1649,20.37,3
487,156,2143,7.23,2
488,157,2153,19.76,2
489,157,2253,19.33,3
490,157,1597,18.99,2
491,158,1550,5.87,2
492,159,2236,19.17,1
493,159,2376,12.52,2
494,160,1467,10.92,1
495,161,1649,20.37,3
496,161,2143,7.23,2
497,162,1648,26.81,3
498,163,1753,26.03,2
499,163,2375,20.59,2
500,164,2202,13.56,3
501,164,2230,6.62,1
502,164,2232,15.92,1
503,164,2339,23.31,3
504,165,1995,29.96,2
505,165,2036,28.82,2
506,165,2167,22.77,1
507,166,1451,6.59,3
508,166,1717,18.14,1
509,166,1758,5.59,1
510,166,1930,7.46,2
511,166,2188,24.99,2
512,167,1615,24.07,2
513,168,2312,25.98,3
514,168,2263,20.34,2
515,169,1956,13.27,1
516,170,2334,27.18,2
517,171,1888,11.89,2
518,171,2074,28.85,3
519,171,1476,10.69,3
520,171,2218,17.85,2
521,171,2227,10.71,2
522,172,1645,9.99,2
523,172,2056,28.73,3
524,173,1935,16.86,3
525,174,1550,5.87,2
526,175,1908,24.92,3
527,175,1521,14.98,2
528,175,2001,13.12,1
529,176,2205,9.69,2
530,176,1397,28.53,1
531,176,1524,15.65,1
532,176,2379,22.78,1
533,177,2186,14.79,2
534,177,1657,26.42,2
535,177,1854,18.64,3
536,178,1524,15.65,2
537,178,1562,10.52,3
538,178,1830,5.77,3
539,178,2003,7.34,3
540,178,2027,15.65,3
541,179,1648,26.81,1
542,179,1815,22.2,3
543,180,1802,27.61,1
544,180,1896,23.03,2
545,180,1999,8.9,3
546,180,2308,8.95,3
547,180,2018,18.86,3
548,181,2164,15.03,1
549,182,1558,9.06,3
550,182,1790,25.18,2
551,182,2125,17.14,1
552,182,2179,18.79,1
553,183,2210,12.87,3
554,183,1810,16.81,1
555,183,1451,6.59,2
556,184,1975,25.13,3
557,185,1404,24.5,2
558,185,1544,7.35,1
559,185,1677,28.36,2
560,185,1779,6.97,2
561,185,1895,13.51,1
562,186,1485,26.58,1
563,186,2274,23.69,3
564,186,2378,22.63,3
565,187,1897,22.87,1
566,187,2287,27.82,3
567,188,2057,6.17,3
568,188,1944,5.37,3
569,188,2223,11.62,1
570,188,2253,19.33,1
571,189,1431,27.06,1
572,189,1820,24.57,1
573,189,1839,9.55,3
574,190,1887,12.6,2
575,190,1817,17.54,3
576,191,2036,28.82,1
577,191,2368,10.73,1
578,192,1524,15.65,2
579,192,1562,10.52,3
580,192,1830,5.77,3
581,192,2003,7.34,3
582,192,2027,15.65,3
583,193,2133,21.99,2
584,194,1535,14.29,3
585,194,2024,13.39,2
586,194,2046,17.07,2
587,194,2133,21.99,1
588,194,2237,7.9,2
589,195,1504,18.3,3
590,195,1572,16.27,1
591,195,2321,14.07,2
592,195,2357,19.32,2
593,196,1652,9.44,3
594,196,1395,14.47,1
595,196,1838,24.85,2
596,196,1861,29.37,1
597,196,2048,24.75,3
598,197,2255,13.08,1
599,198,2026,25.74,1
600,198,2089,29.77,3
601,198,2239,5.28,3
602,199,2273,16.95,1
603,199,2028,9.99,2
604,199,1498,13.84,2
605,199,1659,15.39,3
606,199,2244,14.78,1
607,200,1647,13.95,2
608,200,1810,16.81,3
609,200,2052,29.51,1
610,200,2228,24.33,3
611,200,2234,16.93,1
612,201,1669,20.77,3
613,201,2170,19.64,1
614,201,1416,24.48,2
615,201,1975,25.13,1
616,202,1427,21.81,3
617,202,1526,18.33,3
618,202,1739,13.93,1
619,202,1948,8.58,3
620,202,2085,23.79,2
621,203,2084,20.21,3
622,203,2133,21.99,2
623,203,2330,30.0,2
624,204,1659,15.39,1
625,204,1499,8.43,2
626,204,1902,11.85,1
627,205,1535,14.29,3
628,205,1603,27.18,1
629,206,1568,27.16,2
630,207,1406,20.72,1
631,207,1408,21.49,2
632,207,1601,11.63,1
633,207,1715,24.9,3
634,208,2118,26.14,3
635,208,1513,28.52,1
636,208,2062,19.69,3
637,209,1900,24.16,3
638,210,1473,18.01,3
639,210,1701,23.23,1
640,210,1680,9.28,3
641,210,1684,15.96,2
642,210,1617,18.47,1
643,211,1647,13.95,2
644,211,1810,16.81,3
645,211,2052,29.51,1
646,211,2228,24.33,3
647,211,2234,16.93,1
648,212,1524,15.65,2
649,212,1562,10.52,3
650,212,1830,5.77,3
651,212,2003,7.34,3
652,212,2027,15.65,3
653,213,1958,22.69,1
654,213,1622,27.29,1
655,213,1488,24.64,2
656,213,1626,29.38,3
657,213,2289,29.56,2
658,214,2000,29.45,2
659,215,1881,11.42,3
660,215,2066,27.83,1
661,215,1636,13.22,3
662,215,1584,28.18,2
663,215,1749,13.32,2
664,216,1427,21.81,1
665,216,1801,7.24,1
666,216,2264,14.66,3
667,216,2292,23.53,1
668,217,1762,15.71,2
669,217,1859,7.47,2
670,217,1890,26.7,3
671,217,1991,17.53,3
672,217,2196,7.54,1
673,218,1504,18.3,3
674,218,1572,16.27,1
675,218,2321,14.07,2
676,218,2357,19.32,2
677,219,1859,7.47,2
678,219,2340,5.89,3
679,219,1889,11.53,3
680,220,2133,21.99,2
681,221,1715,24.9,2
682,222,1832,25.7,3
683,222,1872,28.29,2
684,222,2009,21.42,2
685,222,2087,19.91,2
686,222,2131,11.78,3
687,223,2054,21.28,1
688,223,1552,16.65,2
689,223,2320,19.4,1
690,224,1981,20.87,3
691,224,1876,16.87,2
692,224,2275,25.07,1
693,224,1942,21.06,2
694,225,1396,25.56,1
695,225,1425,23.7,2
696,225,1749,13.32,2
697,226,1794,25.26,1
698,226,1816,28.8,3
699,226,1866,28.33,1
700,227,2289,29.56,3
701,227,1994,28.93,3
702,228,2379,22.78,1
703,228,1607,6.4,3
704,229,1428,24.51,3
705,229,1558,9.06,2
706,229,1709,7.38,3
707,229,1720,8.75,3
708,229,1942,21.06,1
709,230,2085,23.79,2
710,230,1415,22.85,1
711,230,1899,17.93,3
712,230,1578,26.56,3
713,230,1481,9.46,2
714,231,1950,11.35,1
715,231,2046,17.07,2
716,232,1450,20.15,2
717,233,2138,23.47,1
718,233,2117,8.73,1
719,233,1965,5.7,3
720,233,2216,19.93,1
721,234,1540,24.7,3
722,234,1957,5.67,1
723,234,1969,13.33,1
724,234,2320,19.4,2
725,235,1421,13.36,2
726,235,1469,26.16,1
727,235,1514,6.86,3
728,235,1798,8.82,2
729,235,1847,7.92,3
730,236,2338,18.28,2
731,237,1457,22.97,2
732,238,1487,27.39,1
733,239,1470,9.65,2
734,239,1539,5.89,1
735,239,1654,21.96,3
736,239,1908,24.92,1
737,239,2312,25.98,1
738,240,2353,18.13,2
739,240,1652,9.44,2
740,240,1596,18.88,3
741,240,2068,7.89,2
742,241,1513,28.52,1
743,241,1700,27.46,2
744,241,2006,27.61,2
745,241,1830,5.77,3
746,242,1950,11.35,1
747,242,2046,17.07,2
748,243,2314,29.85,3
749,243,1764,15.33,3
750,243,1803,12.55,1
751,243,2014,25.44,3
752,243,1949,10.68,3
753,244,2042,27.12,2
754,244,2271,18.4,3
755,244,2379,22.78,2
756,245,1396,25.56,1
757,245,1425,23.7,2
758,245,1749,13.32,2
759,246,1690,6.84,3
760,246,1521,14.98,2
761,246,2128,26.33,1
762,246,1922,21.7,1
763,247,2202,13.56,3
764,247,2230,6.62,1
765,247,2232,15.92,1
766,247,2339,23.31,3
767,248,1430,7.1,3
768,248,1526,18.33,2
769,248,1587,7.44,3
770,248,1727,11.9,3
771,249,1392,25.76,2
772,249,2310,13.53,2
773,250,1494,27.57,3
774,250,1501,27.34,2
775,250,2145,8.8,1
776,250,2293,8.79,1
777,251,1540,24.7,3
778,251,1957,5.67,1
779,251,1969,13.33,1
780,251,2320,19.4,2
781,252,1753,26.03,2
782,252,2375,20.59,2
783,253,1958,22.69,1
784,253,1450,20.15,3
785,253,1536,9.26,1
786,253,1748,29.44,1
787,254,1753,26.03,2
788,254,2375,20.59,2
789,255,1504,18.3,3
790,255,1572,16.27,1
791,255,2321,14.07,2
792,255,2357,19.32,2
793,256,1698,27.99,2
794,256,1449,27.9,1
795,256,1437,26.76,3
796,256,2056,28.73,3
797,256,2248,27.72,1
798,257,1729,18.87,1
799,257,1765,23.65,2
800,257,2056,28.73,3
801,257,2126,11.12,1
802,257,2382,21.71,2
803,258,1506,6.23,2
804,258,1949,10.68,2
805,258,1480,18.38,2
806,259,1938,22.38,3
807,259,2299,6.92,3
808,260,1780,5.9,1
809,260,1852,18.49,1
810,260,1882,18.08,2
811,260,1933,12.73,1
812,260,2356,27.67,3
813,261,1475,12.32,3
814,261,1807,22.88,2
815,261,2244,14.78,1
816,262,1802,27.61,3
817,262,1745,21.49,3
818,262,2044,24.48,1
819,262,1613,12.44,1
820,263,2357,19.32,1
821,263,2176,20.85,2
822,263,1840,27.3,2
823,263,2205,9.69,2
824,263,1537,25.02,1
825,264,1475,12.32,3
826,264,1807,22.88,2
827,264,2244,14.78,1
828,265,1995,29.96,2
829,265,2036,28.82,2
830,265,2167,22.77,1
831,266,1436,25.17,2
832,266,1516,26.06,2
833,266,1880,28.8,3
834,266,1997,20.85,3
835,266,2185,23.69,3
836,267,2164,15.03,1
837,268,1579,16.77,2
838,268,2213,13.61,2
839,268,1859,7.47,2
840,268,2094,10.06,1
841,269,1457,22.97,2
842,270,1779,6.97,1
843,270,1727,11.9,2
844,270,1959,14.92,3
845,270,2328,8.36,3
846,270,2269,8.43,2
847,271,1736,16.02,2
848,272,1635,26.69,1
849,272,1410,16.91,1
850,272,2082,13.42,1
851,272,1559,17.0,2
852,273,2302,16.1,2
853,273,1414,8.87,1
854,273,1754,29.55,1
855,273,2380,8.91,3
856,274,1783,26.25,2
857,275,2342,17.04,3
858,275,1990,21.68,1
859,276,2230,6.62,3
860,276,1467,10.92,2
861,276,1699,27.7,3
862,277,1512,7.32,2
863,277,1537,25.02,2
864,277,2016,15.04,2
865,278,1558,9.06,3
866,278,1790,25.18,2
867,278,2125,17.14,1
868,278,2179,18.79,1
869,279,2290,25.04,2
870,279,2004,28.14,3
871,279,2246,5.36,2
872,279,1966,17.0,3
873,280,1427,21.81,1
874,280,1801,7.24,1
875,280,2264,14.66,3
876,280,2292,23.53,1
877,281,1699,27.7,1
878,281,1795,7.86,1
879,281,1777,26.62,2
880,281,1388,19.57,2
881,281,1456,7.23,3
882,282,1571,15.28,1
883,282,1463,11.25,3
884,282,2232,15.92,2
885,282,1650,22.05,1
886,283,1568,27.16,2
887,284,2202,13.56,3
888,284,2230,6.62,1
889,284,2232,15.92,1
890,284,2339,23.31,3
891,285,1963,24.75,3
892,285,1980,23.57,3
893,285,2145,8.8,2
894,285,1653,10.41,2
895,285,1816,28.8,2
896,286,2218,17.85,1
897,286,2098,24.36,1
898,286,1506,6.23,3
899,286,1675,19.23,3
900,287,2265,28.14,2
901,287,1435,15.82,3
902,287,1563,26.75,3
903,287,2252,16.71,2
904,288,1436,25.17,2
905,288,1531,20.16,1
906,288,1998,11.92,3
907,288,2206,25.89,2
908,289,1664,23.33,2
909,289,1976,8.56,2
910,289,1745,21.49,1
911,289,1698,27.99,3
912,289,1456,7.23,1
913,290,1468,29.0,1
914,290,1847,7.92,2
915,290,2242,26.99,1
916,291,1436,25.17,2
917,291,1516,26.06,2
918,291,1880,28.8,3
919,291,1997,20.85,3
920,291,2185,23.69,3
921,292,1546,18.34,3
922,292,1556,20.5,3
923,292,2139,24.8,3
924,292,2044,24.48,2
925,293,1780,5.9,1
926,293,1852,18.49,1
927,293,1882,18.08,2
928,293,1933,12.73,1
929,293,2356,27.67,3
930,294,2104,16.74,3
931,294,1665,25.87,2
932,294,1690,6.84,3
933,294,2021,9.81,3
934,295,2266,25.68,3
935,295,2341,28.95,3
936,296,1388,19.57,3
937,296,1690,6.84,2
938,296,2298,27.59,3
939,296,2055,18.79,3
940,296,2275,25.07,1
941,297,1503,19.21,2
942,297,1772,20.54,2
943,297,2365,10.64,3
944,297,2311,10.2,2
945,297,1829,8.99,2
946,298,1390,10.81,1
947,298,1504,18.3,3
948,298,1641,23.3,1
949,298,1766,14.22,2
950,299,1902,11.85,2
951,299,1440,21.37,3
952,299,1512,7.32,3
953,299,2364,28.64,1
954,299,2355,10.29,2
955,300,2041,18.42,1
956,301,2084,20.21,1
957,301,1469,26.16,2
958,301,1864,11.6,2
959,301,1974,28.54,1
960,301,1842,15.82,1
961,302,1509,22.77,2
962,303,2236,19.17,1
963,303,2376,12.52,2
964,304,1568,27.16,2
965,305,1886,16.71,3
966,305,2298,27.59,1
967,306,1843,6.86,2
968,306,2121,25.63,2
969,306,2083,16.96,3
970,307,2033,5.83,1
971,307,1644,24.37,2
972,307,1417,20.72,2
973,308,1406,20.72,1
974,308,1408,21.49,2
975,308,1558,9.06,2
976,308,1601,11.63,1
977,308,1715,24.9,3
978,308,2093,8.13,3
979,308,2355,10.29,1
980,308,2356,27.67,3
981,309,1866,28.33,2
982,309,2185,23.69,1
983,309,1755,24.57,2
984,309,1525,16.76,3
985,309,2078,29.05,2
986,310,1860,19.44,3
987,310,1505,5.72,2
988,311,2326,8.23,3
989,311,2273,16.95,1
990,312,2214,18.19,1
991,312,2291,13.51,3
992,312,2189,12.04,2
993,312,1918,22.68,2
994,313,1429,16.93,2
995,313,1515,9.18,2
996,313,1517,21.04,1
997,313,1564,12.41,1
998,313,1618,6.45,3
999,313,1662,9.39,2
1000,313,2305,15.56,1
1001,313,2318,21.16,3
1002,313,2345,22.75,3
1003,314,1524,15.65,2
1004,314,1551,14.91,2
1005,314,1562,10.52,3
1006,314,1830,5.77,3
1007,314,2003,7.34,3
1008,314,2027,15.65,3
1009,314,2136,15.48,1
1010,315,1530,11.83,2
1011,315,1636,13.22,1
1012,315,1715,24.9,2
1013,316,1503,19.21,1
1014,316,1530,11.83,1
1015,316,1733,12.76,1
1016,316,2233,23.61,1
1017,317,1743,9.78,2
1018,318,1790,25.18,3
1019,318,2292,23.53,1
1020,318,1967,5.11,2
1021,318,2094,10.06,2
1022,318,1641,23.3,3
1023,319,1610,10.16,3
1024,320,1435,15.82,1
1025,320,1783,26.25,2
1026,320,1863,20.21,1
1027,320,1882,18.08,2
1028,320,1895,13.51,1
1029,320,2339,23.31,3
1030,321,1535,14.29,3
1031,321,2024,13.39,2
1032,321,2035,10.35,3
1033,321,2046,17.07,2
1034,321,2133,21.99,1
1035,321,2200,27.96,3
1036,321,2214,18.19,3
1037,321,2237,7.9,2
1038,322,1449,27.9,1
1039,322,1662,9.39,2
1040,322,1986,27.3,2
1041,323,1757,28.13,3
1042,323,1832,25.7,3
1043,323,1872,28.29,2
1044,323,2009,21.42,2
1045,323,2087,19.91,2
1046,323,2131,11.78,3
1047,324,1729,18.87,2
1048,324,2316,27.93,2
1049,325,1528,25.34,1
1050,325,1935,16.86,2
1051,325,1945,25.7,2
1052,325,1977,21.25,3
1053,325,1998,11.92,2
1054,325,2165,9.6,2
1055,325,2280,15.64,2
1056,326,1494,27.57,3
1057,326,1500,7.78,3
1058,326,1501,27.34,2
1059,326,2145,8.8,1
1060,326,2235,21.4,2
1061,326,2293,8.79,1
1062,327,1581,26.45,2
1063,327,1631,16.42,2
1064,327,1799,9.05,3
1065,327,1871,29.49,2
1066,327,1960,28.34,2
1067,327,2178,27.73,3
1068,327,2243,17.69,1
1069,327,2297,26.98,1
1070,328,1558,9.06,3
1071,328,1721,20.77,2
1072,328,1780,5.9,1
1073,328,1790,25.18,2
1074,328,1923,12.29,1
1075,328,1991,17.53,2
1076,328,2084,20.21,2
1077,328,2125,17.14,1
1078,328,2179,18.79,1
1079,329,1546,18.34,3
1080,329,1669,20.77,1
1081,329,2086,7.95,3
1082,330,1850,17.95,3
1083,330,1809,5.56,3
1084,330,1456,7.23,1
1085,330,2279,12.74,1
1086,330,2245,21.06,2
1087,331,1439,24.46,1
1088,331,1465,24.88,2
1089,331,1580,20.35,1
1090,331,1642,29.72,1
1091,331,1995,29.96,2
1092,331,2290,25.04,3
1093,331,2310,13.53,3
1094,331,2352,12.31,3
1095,332,1819,28.57,3
1096,333,2376,12.52,1
1097,334,1528,25.34,1
1098,334,1935,16.86,2
1099,334,1945,25.7,2
1100,334,1977,21.25,3
1101,334,1998,11.92,2
1102,334,2165,9.6,2
1103,334,2280,15.64,2
1104,335,1986,27.3,1
1105,335,2233,23.61,1
1106,335,2128,26.33,1
1107,336,1549,5.97,2
1108,336,1424,9.54,1
1109,336,1536,9.26,3
1110,336,2139,24.8,3
1111,337,1395,14.47,3
1112,337,1435,15.82,2
1113,337,1720,8.75,1
1114,337,1878,8.75,3
1115,337,2379,22.78,2
1116,338,1584,28.18,2
1117,338,1655,21.18,2
1118,338,1794,25.26,1
1119,338,1816,28.8,3
1120,338,1866,28.33,1
1121,338,2066,27.83,1
1122,338,2347,7.96,3
1123,339,1476,10.69,2
1124,339,1844,11.25,3
1125,339,2168,15.24,3
1126,339,1823,12.06,3
1127,340,1879,13.22,3
1128,341,1503,19.21,1
1129,341,1530,11.83,1
1130,341,1733,12.76,1
1131,341,2233,23.61,1
1132,342,1459,18.86,2
1133,343,1810,16.81,1
1134,343,1692,26.81,1
1135,343,1676,25.03,2
1136,344,1452,19.08,2
1137,344,2379,22.78,3
1138,344,2030,28.21,1
1139,344,1662,9.39,1
1140,344,1834,21.29,1
1141,345,1410,16.91,3
1142,345,1554,19.94,1
1143,346,1478,11.44,3
1144,346,1904,24.56,3
1145,346,2160,14.62,1
1146,346,2199,29.14,3
1147,347,1721,20.77,2
1148,347,1736,16.02,3
1149,347,1750,24.56,2
1150,347,1838,24.85,1
1151,347,2012,5.02,3
1152,347,2137,17.23,1
1153,347,2185,23.69,1
1154,347,2253,19.33,1
1155,348,1574,16.19,3
1156,348,1787,16.21,1
1157,348,1419,24.11,2
1158,349,1729,18.87,1
1159,349,1765,23.65,2
1160,349,2056,28.73,3
1161,349,2126,11.12,1
1162,349,2345,22.75,1
1163,349,2382,21.71,2
1164,350,1440,21.37,2
1165,350,1548,16.74,1
1166,350,1574,16.19,1
1167,350,1621,19.55,3
1168,350,1729,18.87,1
1169,350,1880,28.8,1
1170,350,2142,19.46,2
1171,350,2258,24.72,3
1172,350,2259,14.59,1
1173,351,1975,25.13,2
1174,351,2380,8.91,1
1175,351,1814,26.49,1
1176,351,1562,10.52,2
1177,352,1530,11.83,2
1178,352,1636,13.22,1
1179,352,1715,24.9,2
1180,353,1452,19.08,1
1181,353,1611,29.22,1
1182,353,1619,27.44,2
1183,353,1826,17.75,3
1184,353,2040,29.87,3
1185,353,2156,6.12,1
1186,353,2182,29.94,2
1187,354,2383,25.62,2
1188,354,2283,8.1,2
1189,354,1428,24.51,3
1190,355,1525,16.76,3
1191,355,1619,27.44,2
1192,355,1658,26.2,2
1193,355,1744,23.69,1
1194,355,1764,15.33,1
1195,355,1787,16.21,1
1196,355,1825,20.49,2
1197,355,1961,16.62,3
1198,355,2275,25.07,2
1199,356,1775,12.74,1
1200,356,1871,29.49,1
1201,356,1912,5.99,3
1202,356,1971,13.63,3
1203,356,1976,8.56,2
1204,356,2334,27.18,1
1205,356,2361,21.91,2
1206,357,2127,21.95,2
1207,358,1858,14.06,2
1208,359,2191,22.91,3
1209,359,2202,13.56,3
1210,359,2230,6.62,1
1211,359,2232,15.92,1
1212,359,2339,23.31,3
1213,360,2199,29.14,1
1214,360,1661,13.24,1
1215,360,2208,12.18,2
1216,360,2339,23.31,2
1217,361,2024,13.39,3
1218,361,1943,16.19,2
1219,361,2133,21.99,1
1220,362,1839,9.55,2
1221,362,2065,24.63,1
1222,362,2169,23.08,2
1223,363,1423,18.35,2
1224,363,1451,6.59,3
1225,363,1642,29.72,3
1226,363,1667,14.87,2
1227,363,1717,18.14,1
1228,363,1758,5.59,1
1229,363,1930,7.46,2
1230,363,2126,11.12,2
1231,363,2188,24.99,3
1232,364,2322,8.43,1
1233,365,1671,28.62,1
1234,365,1910,16.42,1
1235,365,2222,9.43,1
1236,366,1440,21.37,2
1237,366,1670,29.77,1
1238,366,1826,17.75,1
1239,366,1855,9.72,1
1240,366,2073,5.62,3
1241,366,2156,6.12,3
1242,367,1589,24.56,1
1243,367,1624,8.82,3
1244,367,1681,11.8,1
1245,367,1700,27.46,3
1246,367,1767,17.6,2
1247,367,2017,10.18,3
1248,367,2122,6.6,3
1249,367,2312,25.98,3
1250,368,2143,7.23,3
1251,368,2270,9.96,3
1252,368,1809,5.56,2
1253,369,1439,24.46,1
1254,369,1465,24.88,2
1255,369,1580,20.35,1
1256,369,1642,29.72,1
1257,369,1995,29.96,2
1258,369,2290,25.04,3
1259,369,2310,13.53,3
1260,369,2352,12.31,3
1261,370,2281,12.12,3
1262,370,1526,18.33,3
1263,370,1608,16.31,2
1264,370,2051,5.66,2
1265,371,2266,25.68,1
1266,371,1935,16.86,1
1267,372,1572,16.27,1
1268,372,1819,28.57,1
1269,372,1969,13.33,2
1270,372,2037,9.24,2
1271,372,2361,21.91,1
1272,373,2014,25.44,2
1273,373,1590,15.32,3
1274,373,1797,28.87,1
1275,373,2136,15.48,3
1276,374,1548,16.74,2
1277,374,2129,5.57,3
1278,374,2264,14.66,1
1279,375,1429,16.93,1
1280,375,1435,15.82,3
1281,375,1546,18.34,3
1282,375,1597,18.99,2
1283,375,1699,27.7,1
1284,375,1803,12.55,3
1285,375,1920,25.28,1
1286,375,2013,18.44,2
1287,375,2236,19.17,1
1288,376,1394,6.99,2
1289,376,1427,21.81,1
1290,376,1457,22.97,2
1291,376,1643,21.31,1
1292,376,1720,8.75,2
1293,376,2321,14.07,1
1294,377,1409,15.78,2
1295,378,1525,16.76,2
1296,378,2214,18.19,2
1297,378,1869,18.9,3
1298,378,1998,11.92,2
1299,378,2203,14.36,1
1300,379,1462,6.09,1
1301,380,1562,10.52,1
1302,381,1481,9.46,3
1303,381,1416,24.48,1
1304,381,1813,23.62,1
1305,381,2052,29.51,1
1306,381,1519,25.24,3
1307,382,1548,16.74,2
1308,382,2129,5.57,3
1309,382,2264,14.66,1
1310,383,1615,24.07,2
1311,383,1931,23.59,3
1312,383,1952,27.01,3
1313,383,2157,17.63,3
1314,383,2257,21.62,1
1315,384,1571,15.28,2
1316,384,1632,22.74,1
1317,385,1421,13.36,2
1318,385,1469,26.16,1
1319,385,1514,6.86,3
1320,385,1631,16.42,2
1321,385,1798,8.82,2
1322,385,1847,7.92,3
1323,385,2006,27.61,1
1324,385,2278,5.57,2
1325,386,2087,19.91,3
1326,386,2213,13.61,1
1327,386,2220,26.09,3
1328,386,2326,8.23,2
1329,386,1713,19.93,3
1330,387,1500,7.78,2
1331,388,1983,10.82,1
1332,389,1952,27.01,1
1333,390,2116,15.01,3
1334,391,1957,5.67,2
1335,391,1683,12.59,1
1336,391,1629,25.99,3
1337,392,1729,18.87,1
1338,392,2248,27.72,3
1339,392,1635,26.69,3
1340,392,1752,26.92,1
1341,393,1753,26.03,2
1342,393,2212,25.35,1
1343,393,2375,20.59,2
1344,394,2043,14.67,3
1345,394,1997,20.85,3
1346,394,2136,15.48,1
1347,395,1749,13.32,2
1348,395,2257,21.62,1
1349,395,2357,19.32,1
1350,395,1436,25.17,2
1351,396,2374,6.11,1
1352,396,1728,24.58,2
1353,396,1718,10.14,2
1354,396,1431,27.06,2
1355,397,1881,11.42,3
1356,397,1458,10.13,2
1357,397,2078,29.05,2
1358,398,1451,6.59,3
1359,398,1745,21.49,1
1360,398,2173,9.41,1
1361,398,2338,18.28,1
1362,399,2205,9.69,1
1363,399,1618,6.45,2
1364,399,2086,7.95,3
1365,399,1684,15.96,1
1366,399,1976,8.56,3
1367,400,1430,7.1,3
1368,400,1501,27.34,1
1369,400,1526,18.33,2
1370,400,1557,8.52,3
1371,400,1587,7.44,3
1372,400,1618,6.45,2
1373,400,1727,11.9,3
1374,400,1778,22.97,3
1375,401,1585,29.84,3
1376,401,2222,9.43,1
1377,401,1526,18.33,2
1378,401,1834,21.29,1
1379,401,1839,9.55,1
1380,402,1427,21.81,3
1381,402,1526,18.33,3
1382,402,1543,8.54,2
1383,402,1739,13.93,1
1384,402,1948,8.58,3
1385,402,2085,23.79,2
1386,402,2180,6.33,1
1387,403,2290,25.04,2
1388,403,1910,16.42,1
1389,403,1638,14.29,2
1390,404,1897,22.87,1
1391,404,2287,27.82,3
1392,404,2329,18.52,3
1393,405,2051,5.66,1
1394,405,2069,20.29,1
1395,405,1498,13.84,2
1396,405,1875,26.12,1
1397,405,1546,18.34,3
1398,406,1647,13.95,2
1399,406,1810,16.81,3
1400,406,1857,17.75,3
1401,406,2052,29.51,1
1402,406,2228,24.33,3
1403,406,2234,16.93,1
1404,407,1743,9.78,1
1405,407,1882,18.08,3
1406,407,2042,27.12,2
1407,407,2100,28.76,2
1408,407,2107,28.61,3
1409,407,2271,18.4,3
1410,407,2379,22.78,2
1411,408,2275,25.07,2
1412,408,1760,19.15,1
1413,408,2339,23.31,3
1414,409,1577,17.48,2
1415,409,1767,17.6,2
1416,409,1952,27.01,3
1417,409,2023,22.97,2
1418,409,2149,14.46,2
1419,409,2158,15.57,1
1420,409,2382,21.71,3
1421,410,1721,20.77,2
1422,410,1736,16.02,3
1423,410,1750,24.56,2
1424,410,1838,24.85,1
1425,410,2012,5.02,3
1426,410,2137,17.23,1
1427,410,2185,23.69,1
1428,410,2253,19.33,1
1429,411,1427,21.81,3
1430,411,1526,18.33,3
1431,411,1543,8.54,2
1432,411,1739,13.93,1
1433,411,1948,8.58,3
1434,411,2085,23.79,2
1435,411,2180,6.33,1
1436,412,1615,24.07,2
1437,412,1931,23.59,3
1438,412,1952,27.01,3
1439,412,2157,17.63,3
1440,412,2257,21.62,1
1441,413,2383,25.62,1
1442,413,1610,10.16,2
1443,413,1881,11.42,2
1444,413,2246,5.36,2
1445,414,2303,13.86,2
1446,414,2117,8.73,2
1447,414,1473,18.01,2
1448,414,1403,15.27,2
1449,415,1401,25.34,2
1450,415,1756,25.62,3
1451,415,1908,24.92,2
1452,415,1947,14.65,3
1453,415,2108,6.77,3
1454,415,2310,13.53,3
1455,415,2336,12.1,1
1456,416,1427,21.81,3
1457,416,1526,18.33,3
1458,416,1543,8.54,2
1459,416,1739,13.93,1
1460,416,1948,8.58,3
1461,416,2085,23.79,2
1462,416,2180,6.33,1
1463,417,2090,22.45,1
1464,417,1754,29.55,1
1465,417,1513,28.52,3
1466,418,1530,11.83,2
1467,418,1636,13.22,1
1468,418,1715,24.9,2
1469,419,1612,10.4,1
1470,419,1782,11.29,3
1471,419,1801,7.24,3
1472,419,1991,17.53,3
1473,419,2002,13.76,2
1474,419,2033,5.83,3
1475,419,2070,7.22,2
1476,419,2098,24.36,3
1477,420,1592,20.85,2
1478,420,1808,20.32,2
1479,420,2018,18.86,3
1480,420,2055,18.79,3
1481,420,2130,28.19,2
1482,420,2209,7.83,1
1483,420,2293,8.79,1
1484,421,1540,24.7,3
1485,421,1953,10.19,1
1486,421,1957,5.67,1
1487,421,1969,13.33,1
1488,421,2320,19.4,2
1489,422,1548,16.74,2
1490,422,2129,5.57,3
1491,422,2264,14.66,1
1492,423,1839,9.55,2
1493,423,2065,24.63,1
1494,423,2169,23.08,2
1495,424,2235,21.4,2
1496,424,1520,5.77,3
1497,425,1775,12.74,3
1498,425,1889,11.53,3
1499,425,1474,24.83,2
1500,426,2321,14.07,3
1501,426,1965,5.7,3
1502,426,2163,14.87,3
1503,426,2066,27.83,1
1504,427,1868,18.83,1
1505,428,1409,15.78,3
1506,428,1509,22.77,2
1507,428,1919,24.65,1
1508,428,2128,26.33,2
1509,429,1430,7.1,3
1510,429,1501,27.34,1
1511,429,1526,18.33,2
1512,429,1557,8.52,3
1513,429,1587,7.44,3
1514,429,1618,6.45,2
1515,429,1727,11.9,3
1516,429,1778,22.97,3
1517,430,1546,18.34,3
1518,430,1669,20.77,1
1519,430,2086,7.95,3
1520,431,1434,18.96,1
1521,431,1645,9.99,2
1522,431,1673,20.95,1
1523,431,1841,21.97,3
1524,431,1931,23.59,3
1525,431,1950,11.35,1
1526,431,2046,17.07,2
1527,432,1810,16.81,3
1528,433,1405,10.78,1
1529,433,2136,15.48,1
1530,434,2034,16.82,3
1531,434,1586,24.98,3
1532,434,1686,12.89,1
1533,434,1951,28.0,3
1534,435,1727,11.9,1
1535,435,1627,10.72,3
1536,436,1406,20.72,1
1537,436,1408,21.49,2
1538,436,1558,9.06,2
1539,436,1601,11.63,1
1540,436,1715,24.9,3
1541,436,2093,8.13,3
1542,436,2355,10.29,1
1543,436,2356,27.67,3
1544,437,2164,15.03,1
1545,437,2237,7.9,3
1546,438,1394,6.99,2
1547,438,1397,28.53,1
1548,438,1405,10.78,2
1549,438,1771,11.32,1
1550,438,2084,20.21,3
1551,438,2133,21.99,2
1552,438,2320,19.4,2
1553,438,2330,30.0,2
1554,439,1504,18.3,3
1555,439,1572,16.27,1
1556,439,1584,28.18,2
1557,439,1852,18.49,3
1558,439,2118,26.14,2
1559,439,2139,24.8,2
1560,439,2242,26.99,1
1561,439,2321,14.07,2
1562,439,2357,19.32,2
1563,440,1427,21.81,1
1564,440,1601,11.63,3
1565,440,2133,21.99,2
1566,440,2135,27.72,1
1567,440,2247,29.52,3
1568,440,2337,6.93,2
1569,441,1423,18.35,2
1570,441,1451,6.59,3
1571,441,1642,29.72,3
1572,441,1667,14.87,2
1573,441,1717,18.14,1
1574,441,1758,5.59,1
1575,441,1930,7.46,2
1576,441,2126,11.12,2
1577,441,2188,24.99,3
1578,442,1456,7.23,2
1579,442,1642,29.72,3
1580,442,2370,26.07,1
1581,442,2289,29.56,3
1582,443,1413,25.59,2
1583,444,1452,19.08,1
1584,444,1611,29.22,1
1585,444,1619,27.44,2
1586,444,1826,17.75,3
1587,444,2040,29.87,3
1588,444,2156,6.12,1
1589,444,2182,29.94,2
1590,445,1401,25.34,2
1591,445,1756,25.62,3
1592,445,1908,24.92,2
1593,445,1947,14.65,3
1594,445,2108,6.77,3
1595,445,2310,13.53,3
1596,445,2336,12.1,1
1597,446,2049,12.84,3
1598,446,1399,22.85,3
1599,446,2199,29.14,2
1600,446,1999,8.9,2
1601,447,1794,25.26,3
1602,447,1824,10.97,2
1603,448,2148,27.79,2
1604,448,2348,21.12,1
1605,448,2142,19.46,1
1606,448,2373,15.78,2
1607,449,1940,5.81,3
1608,449,1734,6.06,3
1609,449,1510,10.96,2
1610,450,1871,29.49,2
1611,450,1495,10.88,2
1612,450,1544,7.35,1
1613,451,1490,6.93,3
1614,451,1685,13.51,1
1615,451,1857,17.75,2
1616,451,2101,20.8,3
1617,451,2126,11.12,2
1618,451,2220,26.09,1
1619,451,2280,15.64,2
1620,451,2318,21.16,3
1621,451,2379,22.78,1
1622,452,2249,15.93,3
1623,452,2169,23.08,2
1624,452,1998,11.92,3
1625,452,2311,10.2,3
1626,452,1905,21.96,1
1627,453,1810,16.81,3
1628,453,1862,7.5,3
1629,453,1657,26.42,3
1630,453,1534,28.28,2
1631,453,1726,22.17,3
1632,454,1981,20.87,1
1633,454,1556,20.5,1
1634,454,2214,18.19,3
1635,454,1395,14.47,3
1636,455,1814,26.49,1
1637,455,1681,11.8,3
1638,456,1627,10.72,2
1639,456,1647,13.95,1
1640,456,1951,28.0,2
1641,456,2107,28.61,2
1642,456,2371,9.07,3
1643,457,1655,21.18,1
1644,458,1475,12.32,3
1645,458,1807,22.88,2
1646,458,2110,11.94,2
1647,458,2143,7.23,2
1648,458,2149,14.46,3
1649,458,2244,14.78,1
1650,459,1833,14.33,2
1651,459,2259,14.59,2
1652,459,1485,26.58,3
1653,459,1629,25.99,1
1654,459,1420,8.29,1
1655,460,1398,5.72,3
1656,460,1498,13.84,3
1657,460,1506,6.23,2
1658,460,1587,7.44,3
1659,460,1626,29.38,2
1660,460,1639,25.82,1
1661,460,1714,6.33,3
1662,460,2379,22.78,2
1663,461,1875,26.12,1
1664,461,2155,8.35,1
1665,461,2226,17.93,2
1666,462,1535,14.29,3
1667,462,2024,13.39,2
1668,462,2035,10.35,3
1669,462,2046,17.07,2
1670,462,2133,21.99,1
1671,462,2200,27.96,3
1672,462,2214,18.19,3
1673,462,2237,7.9,2
1674,463,1421,13.36,2
1675,463,1469,26.16,1
1676,463,1514,6.86,3
1677,463,1631,16.42,2
1678,463,1798,8.82,2
1679,463,1847,7.92,3
1680,463,2006,27.61,1
1681,463,2278,5.57,2
1682,464,1440,21.37,2
1683,464,1670,29.77,1
1684,464,1826,17.75,1
1685,464,1855,9.72,1
1686,464,2073,5.62,3
1687,464,2156,6.12,3
1688,465,1535,14.29,3
1689,465,2024,13.39,2
1690,465,2035,10.35,3
1691,465,2046,17.07,2
1692,465,2133,21.99,1
1693,465,2200,27.96,3
1694,465,2214,18.19,3
1695,465,2237,7.9,2
1696,466,1904,24.56,2
1697,466,2295,21.6,2
1698,467,2343,27.0,1
1699,467,1691,23.67,2
1700,467,2370,26.07,1
1701,467,2213,13.61,3
1702,468,1418,11.5,2
1703,468,2223,11.62,3
1704,468,2025,12.27,2
1705,469,1845,29.11,2
1706,469,1732,10.1,2
1707,469,1911,29.26,1
1708,469,1583,18.98,3
1709,469,1505,5.72,3
1710,470,2284,8.12,1
1711,470,2258,24.72,2
1712,470,2320,19.4,2
1713,471,1421,13.36,3
1714,471,1440,21.37,2
1715,471,2195,14.11,3
1716,471,1466,20.59,1
1717,472,1729,18.87,1
1718,472,1765,23.65,2
1719,472,2056,28.73,3
1720,472,2126,11.12,1
1721,472,2345,22.75,1
1722,472,2382,21.71,2
1723,473,1589,24.56,1
1724,473,1624,8.82,3
1725,473,1681,11.8,1
1726,473,1700,27.46,3
1727,473,1767,17.6,2
1728,473,2017,10.18,3
1729,473,2122,6.6,3
1730,473,2312,25.98,3
1731,474,1423,18.35,2
1732,474,1451,6.59,3
1733,474,1642,29.72,3
1734,474,1667,14.87,2
1735,474,1717,18.14,1
1736,474,1758,5.59,1
1737,474,1930,7.46,2
1738,474,2126,11.12,2
1739,474,2188,24.99,3
1740,475,1661,13.24,3
1741,475,1594,19.12,2
1742,475,1939,11.01,2
1743,476,2075,19.15,1
1744,476,1936,21.88,3
1745,476,1539,5.89,2
1746,476,1421,13.36,1
1747,477,1821,13.93,3
1748,477,1760,19.15,1
1749,477,1891,7.47,1
1750,478,2025,12.27,2
1751,478,1494,27.57,2
1752,478,1453,20.67,2
1753,478,1481,9.46,2
1754,479,1446,27.41,1
1755,479,1683,12.59,1
1756,479,1732,10.1,3
1757,479,1798,8.82,2
1758,479,1894,29.11,2
1759,480,1757,28.13,3
1760,480,1832,25.7,3
1761,480,1872,28.29,2
1762,480,2009,21.42,2
1763,480,2087,19.91,2
1764,480,2131,11.78,3
1765,481,1524,15.65,2
1766,481,1551,14.91,2
1767,481,1562,10.52,3
1768,481,1830,5.77,3
1769,481,2003,7.34,3
1770,481,2027,15.65,3
1771,481,2136,15.48,1
1772,482,1524,15.65,2
1773,482,1551,14.91,2
1774,482,1562,10.52,3
1775,482,1830,5.77,3
1776,482,2003,7.34,3
1777,482,2027,15.65,3
1778,482,2136,15.48,1
1779,483,1836,10.13,3
1780,483,1609,25.56,2
1781,483,1487,27.39,3
1782,484,1678,24.27,2
1783,484,1812,14.09,3
1784,484,2011,21.05,1
1785,484,2051,5.66,1
1786,484,1983,10.82,3
1787,485,2035,10.35,2
1788,485,1463,11.25,2
1789,485,1838,24.85,3
1790,485,1608,16.31,1
1791,486,1440,21.37,2
1792,486,1548,16.74,1
1793,486,1574,16.19,1
1794,486,1621,19.55,3
1795,486,1729,18.87,1
1796,486,1880,28.8,1
1797,486,2142,19.46,2
1798,486,2258,24.72,3
1799,486,2259,14.59,1
1800,487,1587,7.44,1
1801,487,2229,19.55,3
1802,487,1645,9.99,1
1803,488,1512,7.32,2
1804,488,1537,25.02,2
1805,488,1542,13.72,2
1806,488,1887,12.6,3
1807,488,1975,25.13,1
1808,488,2016,15.04,2
1809,488,2225,19.79,1
1810,488,2266,25.68,3
1811,489,2077,17.9,3
1812,490,1393,17.44,3
1813,491,1434,18.96,1
1814,491,1645,9.99,2
1815,491,1673,20.95,1
1816,491,1841,21.97,3
1817,491,1931,23.59,3
1818,491,1950,11.35,1
1819,491,2046,17.07,2
1820,492,2214,18.19,1
1821,492,1600,29.97,3
1822,492,2041,18.42,2
1823,492,2143,7.23,3
1824,493,1961,16.62,2
1825,493,1896,23.03,2
1826,493,1497,21.25,3
1827,493,1882,18.08,1
1828,494,1584,28.18,2
1829,494,1655,21.18,2
1830,494,1794,25.26,1
1831,494,1816,28.8,3
1832,494,1866,28.33,1
1833,494,2066,27.83,1
1834,494,2347,7.96,3
1835,495,1427,21.81,3
1836,495,1526,18.33,3
1837,495,1543,8.54,2
1838,495,1739,13.93,1
1839,495,1948,8.58,3
1840,495,2085,23.79,2
1841,495,2180,6.33,1
1842,496,1892,11.24,1
1843,497,2104,16.74,2
1844,497,1457,22.97,2
1845,497,2142,19.46,1
1846,497,2339,23.31,3
1847,497,1659,15.39,2
1848,498,1398,5.72,3
1849,498,1498,13.84,3
1850,498,1506,6.23,2
1851,498,1587,7.44,3
1852,498,1626,29.38,2
1853,498,1639,25.82,1
1854,498,1714,6.33,3
1855,498,2379,22.78,2
1856,499,1587,7.44,2
1857,499,2285,28.79,1
1858,499,2273,16.95,2
1859,500,1430,7.1,3
1860,500,1501,27.34,1
1861,500,1526,18.33,2
1862,500,1557,8.52,3
1863,500,1587,7.44,3
1864,500,1618,6.45,2
1865,500,1727,11.9,3
1866,500,1778,22.97,3
1867,501,1406,20.72,1
1868,501,1408,21.49,2
1869,501,1558,9.06,2
1870,501,1601,11.63,1
1871,501,1715,24.9,3
1872,501,2093,8.13,3
1873,501,2355,10.29,1
1874,501,2356,27.67,3
1875,502,1416,24.48,3
1876,503,1868,18.83,1
1877,503,1476,10.69,1
1878,504,1402,18.85,1
1879,504,1995,29.96,2
1880,504,2036,28.82,2
1881,504,2123,6.17,1
1882,504,2167,22.77,1
1883,505,2382,21.71,3
1884,506,1485,26.58,1
1885,506,1682,19.72,2
1886,506,2274,23.69,3
1887,506,2378,22.63,3
1888,507,1440,21.37,2
1889,507,1548,16.74,1
1890,507,1574,16.19,1
1891,507,1621,19.55,3
1892,507,1729,18.87,1
1893,507,1880,28.8,1
1894,507,2142,19.46,2
1895,507,2258,24.72,3
1896,507,2259,14.59,1
1897,508,1430,7.1,3
1898,508,1501,27.34,1
1899,508,1526,18.33,2
1900,508,1557,8.52,3
1901,508,1587,7.44,3
1902,508,1618,6.45,2
1903,508,1727,11.9,3
1904,508,1778,22.97,3
1905,509,1558,9.06,3
1906,509,1721,20.77,2
1907,509,1780,5.9,1
1908,509,1790,25.18,2
1909,509,1923,12.29,1
1910,509,1991,17.53,2
1911,509,2084,20.21,2
1912,509,2125,17.14,1
1913,509,2179,18.79,1
1914,510,1409,15.78,3
1915,510,1509,22.77,2
1916,510,1919,24.65,1
1917,510,2128,26.33,2
1918,511,1890,26.7,2
1919,512,2287,27.82,3
1920,512,1870,14.56,1
1921,513,1757,28.13,3
1922,513,1832,25.7,3
1923,513,1872,28.29,2
1924,513,2009,21.42,2
1925,513,2087,19.91,2
1926,513,2131,11.78,3
1927,514,2084,20.21,2
1928,514,2278,5.57,1
1929,514,1682,19.72,1
1930,514,2265,28.14,2
1931,515,2072,22.05,2
1932,515,1524,15.65,1
1933,516,2191,22.91,3
1934,516,2202,13.56,3
1935,516,2230,6.62,1
1936,516,2232,15.92,1
1937,516,2339,23.31,3
1938,517,1546,18.34,3
1939,517,1771,11.32,1
1940,517,1711,5.54,1
1941,517,1453,20.67,1
1942,518,2260,8.82,2
1943,518,2053,11.85,1
1944,518,1935,16.86,1
1945,518,2309,7.58,3
1946,519,1402,18.85,1
1947,519,1995,29.96,2
1948,519,2036,28.82,2
1949,519,2123,6.17,1
1950,519,2167,22.77,1
1951,520,1530,11.83,2
1952,520,1636,13.22,1
1953,520,1715,24.9,2
1954,521,1388,19.57,3
1955,522,1643,21.31,2
1956,522,1780,5.9,1
1957,522,1789,15.08,3
1958,522,1852,18.49,1
1959,522,1882,18.08,2
1960,522,1933,12.73,1
1961,522,2356,27.67,3
1962,523,1601,11.63,1
1963,523,2082,13.42,3
1964,523,2196,7.54,1
1965,523,1786,7.07,2
1966,523,1639,25.82,1
1967,524,1598,26.16,1
1968,524,2149,14.46,3
1969,524,1996,8.88,2
1970,524,1429,16.93,2
1971,525,1414,8.87,1
1972,525,1491,15.92,2
1973,525,1990,21.68,1
1974,526,1584,28.18,2
1975,526,1655,21.18,2
1976,526,1794,25.26,1
1977,526,1816,28.8,3
1978,526,1866,28.33,1
1979,526,2066,27.83,1
1980,526,2347,7.96,3
1981,527,2166,9.14,3
1982,527,1415,22.85,1
1983,528,1399,22.85,3
1984,528,1477,11.45,3
1985,528,1487,27.39,1
1986,528,1736,16.02,2
1987,529,1757,28.13,3
1988,529,1832,25.7,3
1989,529,1872,28.29,2
1990,529,2009,21.42,2
1991,529,2087,19.91,2
1992,529,2131,11.78,3
1993,530,2234,16.93,2
1994,530,1560,11.35,1
1995,531,1996,8.88,1
1996,531,2230,6.62,1
1997,531,2243,17.69,3
1998,532,1413,25.59,1
1999,532,1854,18.64,2
2000,532,1862,7.5,1
2001,532,1958,22.69,3
2002,532,2133,21.99,3
2003,532,2155,8.35,3
2004,532,2156,6.12,2
2005,532,2312,25.98,2
2006,533,1495,10.88,3
2007,533,1414,8.87,2
2008,533,1406,20.72,2
2009,533,2099,15.28,3
2010,533,2041,18.42,2
2011,534,1680,9.28,3
2012,534,1906,17.51,3
2013,534,1919,24.65,1
2014,534,2181,24.9,1
2015,535,1548,16.74,2
2016,535,2129,5.57,3
2017,535,2264,14.66,1
2018,536,1572,16.27,1
2019,536,1819,28.57,1
2020,536,1969,13.33,2
2021,536,2037,9.24,2
2022,536,2361,21.91,1
2023,537,1597,18.99,1
2024,537,2352,12.31,1
2025,537,1594,19.12,2
2026,537,1570,21.27,2
2027,537,2018,18.86,1
2028,538,1404,24.5,3
2029,538,1548,16.74,3
2030,538,1860,19.44,3
2031,538,2085,23.79,1
2032,538,2139,24.8,1
2033,538,2142,19.46,3
2034,538,2160,14.62,2
2035,539,1986,27.3,2
2036,539,2095,5.38,1
2037,539,2310,13.53,1
2038,539,1554,19.94,3
2039,540,2323,29.26,3
2040,540,2273,16.95,1
2041,540,1629,25.99,2
2042,540,1871,29.49,3
2043,540,2244,14.78,3
2044,541,1436,25.17,2
2045,541,1531,20.16,1
2046,541,1544,7.35,2
2047,541,1998,11.92,3
2048,541,2206,25.89,2
2049,541,2257,21.62,3
2050,541,2264,14.66,2
2051,542,1395,14.47,3
2052,542,1435,15.82,2
2053,542,1720,8.75,1
2054,542,1878,8.75,3
2055,542,2379,22.78,2
2056,543,1392,25.76,2
2057,543,1576,6.94,2
2058,543,1810,16.81,1
2059,543,2014,25.44,1
2060,543,2141,28.57,3
2061,543,2180,6.33,3
2062,543,2310,13.53,2
2063,544,1727,11.9,1
2064,545,1472,25.69,2
2065,545,1434,18.96,3
2066,546,1525,16.76,3
2067,546,1619,27.44,2
2068,546,1658,26.2,2
2069,546,1744,23.69,1
2070,546,1764,15.33,1
2071,546,1787,16.21,1
2072,546,1825,20.49,2
2073,546,1961,16.62,3
2074,546,2275,25.07,2
2075,547,1421,13.36,2
2076,547,1469,26.16,1
2077,547,1514,6.86,3
2078,547,1631,16.42,2
2079,547,1798,8.82,2
2080,547,1847,7.92,3
2081,547,2006,27.61,1
2082,547,2278,5.57,2
2083,548,1495,10.88,2
2084,548,1596,18.88,1
2085,548,1822,22.54,3
2086,548,2057,6.17,2
2087,548,2157,17.63,3
2088,548,2232,15.92,3
2089,549,1528,25.34,1
2090,549,1935,16.86,2
2091,549,1945,25.7,2
2092,549,1977,21.25,3
2093,549,1998,11.92,2
2094,549,2165,9.6,2
2095,549,2280,15.64,2
2096,550,1427,21.81,3
2097,550,1526,18.33,3
2098,550,1543,8.54,2
2099,550,1739,13.93,1
2100,550,1948,8.58,3
2101,550,2085,23.79,2
2102,550,2180,6.33,1
2103,551,1433,17.91,1
2104,551,1448,8.31,2
2105,551,1470,9.65,2
2106,551,1539,5.89,1
2107,551,1654,21.96,3
2108,551,1908,24.92,1
2109,551,2312,25.98,1
2110,552,1472,25.69,2
2111,552,1481,9.46,3
2112,552,2027,15.65,2
2113,552,2236,19.17,1
2114,552,2302,16.1,2
2115,552,2347,7.96,2
2116,552,2376,12.52,2
2117,553,1538,12.25,1
2118,553,2216,19.93,3
2119,553,2147,17.73,3
2120,553,1766,14.22,1
2121,554,1404,24.5,2
2122,554,1544,7.35,1
2123,554,1677,28.36,2
2124,554,1779,6.97,2
2125,554,1859,7.47,1
2126,554,1895,13.51,1
2127,555,1427,21.81,1
2128,555,1510,10.96,3
2129,555,1801,7.24,1
2130,555,1998,11.92,2
2131,555,2114,7.46,1
2132,555,2264,14.66,3
2133,555,2292,23.53,1
2134,556,1839,9.55,2
2135,556,2065,24.63,1
2136,556,2169,23.08,2
2137,557,2139,24.8,1
2138,557,1582,25.65,1
2139,557,2332,15.44,2
2140,557,1720,8.75,3
2141,558,1478,11.44,3
2142,558,1836,10.13,3
2143,558,1908,24.92,3
2144,558,1910,16.42,2
2145,558,2000,29.45,2
2146,559,1515,9.18,2
2147,559,1678,24.27,2
2148,559,1988,15.73,1
2149,559,2120,9.17,3
2150,560,2338,18.28,3
2151,560,1525,16.76,2
2152,560,2270,9.96,3
2153,561,2273,16.95,1
2154,561,1789,15.08,3
2155,561,1543,8.54,3
2156,561,1613,12.44,3
2157,562,1758,5.59,2
2158,563,1435,15.82,1
2159,563,1783,26.25,2
2160,563,1863,20.21,1
2161,563,1882,18.08,2
2162,563,1895,13.51,1
2163,563,2339,23.31,3
2164,564,1941,7.56,1
2165,564,1889,11.53,2
2166,565,1395,14.47,1
2167,565,1572,16.27,3
2168,565,1705,25.95,3
2169,565,1916,19.95,2
2170,565,2186,14.79,2
2171,565,2240,9.74,3
2172,566,1419,24.11,3
2173,566,2243,17.69,3
2174,567,1594,19.12,3
2175,567,1673,20.95,3
2176,567,1712,12.52,1
2177,567,1714,6.33,2
2178,567,2096,6.81,3
2179,567,2363,11.31,3
2180,568,1884,17.57,1
2181,569,1826,17.75,3
2182,569,1972,5.02,3
2183,569,2042,27.12,3
2184,569,1733,12.76,3
2185,570,1595,8.35,3
2186,570,2013,18.44,2
2187,570,2027,15.65,1
2188,570,2100,28.76,2
2189,570,2315,12.61,1
2190,571,2057,6.17,3
2191,571,1834,21.29,3
2192,571,1911,29.26,2
2193,572,1923,12.29,1
2194,572,1870,14.56,3
2195,572,2325,12.11,2
2196,572,1978,26.84,1
2197,572,1788,23.81,2
2198,573,1671,28.62,3
2199,573,1717,18.14,1
2200,573,1813,23.62,3
2201,573,2056,28.73,1
2202,574,2348,21.12,3
2203,574,1417,20.72,3
2204,575,1427,21.81,1
2205,575,1510,10.96,3
2206,575,1801,7.24,1
2207,575,1998,11.92,2
2208,575,2114,7.46,1
2209,575,2264,14.66,3
2210,575,2292,23.53,1
2211,576,1401,25.34,2
2212,576,1756,25.62,3
2213,576,1908,24.92,2
2214,576,1947,14.65,3
2215,576,2108,6.77,3
2216,576,2310,13.53,3
2217,576,2336,12.1,1
2218,577,1490,6.93,3
2219,577,1685,13.51,1
2220,577,1857,17.75,2
2221,577,2101,20.8,3
2222,577,2126,11.12,2
2223,577,2220,26.09,1
2224,577,2280,15.64,2
2225,577,2318,21.16,3
2226,577,2379,22.78,1
2227,578,2089,29.77,1
2228,578,2111,15.4,1
2229,578,2172,15.66,2
2230,579,1883,29.83,2
2231,579,1814,26.49,2
2232,580,1413,25.59,2
2233,580,1614,11.47,1
2234,580,1721,20.77,3
2235,580,1794,25.26,2
2236,580,1954,9.17,3
2237,580,1960,28.34,1
2238,580,2261,18.81,2
2239,580,2360,7.65,1
2240,581,1501,27.34,1
2241,581,2069,20.29,1
2242,581,1763,23.98,1
2243,581,1949,10.68,3
2244,582,1643,21.31,3
2245,582,1742,25.54,3
2246,582,2319,26.93,1
2247,582,2075,19.15,1
2248,583,2109,11.48,2
2249,583,2221,21.43,1
2250,583,1471,28.53,2
2251,584,1595,8.35,3
2252,584,2013,18.44,2
2253,584,2027,15.65,1
2254,584,2100,28.76,2
2255,584,2315,12.61,1
2256,585,1532,28.62,3
2257,585,1511,21.2,1
2258,585,1966,17.0,3
2259,586,1394,6.99,2
2260,586,1397,28.53,1
2261,586,1405,10.78,2
2262,586,1771,11.32,1
2263,586,2084,20.21,3
2264,586,2133,21.99,2
2265,586,2320,19.4,2
2266,586,2330,30.0,2
2267,587,1589,24.56,1
2268,587,1624,8.82,3
2269,587,1681,11.8,1
2270,587,1700,27.46,3
2271,587,1767,17.6,2
2272,587,2017,10.18,3
2273,587,2122,6.6,3
2274,587,2312,25.98,3
2275,588,1962,26.8,2
2276,588,2264,14.66,2
2277,588,1527,22.06,3
2278,589,2333,6.12,1
2279,589,2150,10.08,1
2280,589,1396,25.56,2
2281,590,2023,22.97,2
2282,590,2151,20.83,1
2283,590,1722,16.44,2
2284,590,2386,29.7,1
2285,590,1854,18.64,1
2286,591,1426,8.98,3
2287,591,1546,18.34,3
2288,591,1629,25.99,1
2289,591,1694,9.5,2
2290,591,1697,13.99,3
2291,591,1892,11.24,3
2292,592,1421,13.36,2
2293,592,1469,26.16,1
2294,592,1514,6.86,3
2295,592,1631,16.42,2
2296,592,1798,8.82,2
2297,592,1847,7.92,3
2298,592,2006,27.61,1
2299,592,2278,5.57,2
2300,593,1427,21.81,1
2301,593,1601,11.63,3
2302,593,2133,21.99,2
2303,593,2135,27.72,1
2304,593,2247,29.52,3
2305,593,2337,6.93,2
2306,594,1808,20.32,2
2307,594,1566,22.09,2
2308,594,1509,22.77,1
2309,594,2055,18.79,3
2310,594,1621,19.55,3
2311,595,1458,10.13,3
2312,595,1723,6.21,3
2313,595,2239,5.28,1
2314,595,1509,22.77,2
2315,595,1445,6.52,1
2316,596,2171,7.61,2
2317,596,2014,25.44,2
2318,597,1535,14.29,3
2319,597,2024,13.39,2
2320,597,2035,10.35,3
2321,597,2046,17.07,2
2322,597,2133,21.99,1
2323,597,2200,27.96,3
2324,597,2214,18.19,3
2325,597,2237,7.9,2
2326,598,2157,17.63,3
2327,598,1868,18.83,3
2328,598,1802,27.61,3
2329,598,2280,15.64,2
2330,599,1743,9.78,1
2331,599,1882,18.08,3
2332,599,2042,27.12,2
2333,599,2100,28.76,2
2334,599,2107,28.61,3
2335,599,2271,18.4,3
2336,599,2379,22.78,2
2337,600,1535,14.29,3
2338,600,2024,13.39,2
2339,600,2035,10.35,3
2340,600,2046,17.07,2
2341,600,2133,21.99,1
2342,600,2200,27.96,3
2343,600,2214,18.19,3
2344,600,2237,7.9,2
2345,601,1390,10.81,1
2346,601,1504,18.3,3
2347,601,1641,23.3,1
2348,601,1766,14.22,2
2349,601,1892,11.24,2
2350,602,1409,15.78,3
2351,602,1509,22.77,2
2352,602,1919,24.65,1
2353,602,2128,26.33,2
2354,603,2051,5.66,3
2355,603,1843,6.86,1
2356,604,1390,10.81,1
2357,604,1764,15.33,1
2358,604,1814,26.49,3
2359,604,1858,14.06,3
2360,604,2087,19.91,2
2361,604,2201,28.47,3
2362,604,2386,29.7,1
2363,605,1568,27.16,2
2364,605,1587,7.44,1
2365,605,1591,28.76,1
2366,605,2047,9.38,1
2367,605,2158,15.57,1
2368,605,2201,28.47,2
2369,605,2337,6.93,3
2370,605,2377,25.36,2
2371,606,1401,25.34,2
2372,606,1435,15.82,1
2373,606,1783,26.25,2
2374,606,1863,20.21,1
2375,606,1882,18.08,2
2376,606,1895,13.51,1
2377,606,1967,5.11,1
2378,606,2174,27.02,2
2379,606,2198,13.6,1
2380,606,2339,23.31,3
2381,607,2299,6.92,2
2382,607,1918,22.68,1
2383,607,1718,10.14,2
2384,608,1414,8.87,3
2385,608,1458,10.13,2
2386,608,1495,10.88,2
2387,608,1596,18.88,1
2388,608,1663,17.43,1
2389,608,1822,22.54,3
2390,608,1920,25.28,2
2391,608,2057,6.17,2
2392,608,2157,17.63,3
2393,608,2232,15.92,3
2394,609,2007,9.75,2
2395,609,1413,25.59,3
2396,609,2375,20.59,3
2397,609,2377,25.36,2
2398,610,1568,27.16,2
2399,610,1587,7.44,1
2400,610,1591,28.76,1
2401,610,2047,9.38,1
2402,610,2158,15.57,1
2403,610,2201,28.47,2
2404,610,2337,6.93,3
2405,610,2377,25.36,2
2406,611,1494,27.57,3
2407,611,1500,7.78,3
2408,611,1501,27.34,2
2409,611,1572,16.27,2
2410,611,1760,19.15,1
2411,611,2145,8.8,1
2412,611,2235,21.4,2
2413,611,2293,8.79,1
2414,612,2024,13.39,1
2415,612,1682,19.72,2
2416,613,1730,5.25,1
2417,614,1433,17.91,2
2418,614,1513,28.52,2
2419,614,1615,24.07,2
2420,614,1931,23.59,3
2421,614,1952,27.01,3
2422,614,1983,10.82,3
2423,614,2157,17.63,3
2424,614,2257,21.62,1
2425,615,1477,11.45,2
2426,615,2355,10.29,2
2427,616,1392,25.76,2
2428,616,1540,24.7,3
2429,616,1563,26.75,1
2430,616,1688,12.87,1
2431,616,1953,10.19,1
2432,616,1957,5.67,1
2433,616,1969,13.33,1
2434,616,2018,18.86,1
2435,616,2320,19.4,2
2436,617,1575,15.25,2
2437,617,1426,8.98,3
2438,618,2287,27.82,1
2439,619,1772,20.54,2
2440,620,1466,20.59,1
2441,620,1498,13.84,2
2442,620,2028,9.99,3
2443,621,1838,24.85,2
2444,622,1524,15.65,3
2445,622,1701,23.23,3
2446,622,1811,19.16,2
2447,622,1945,25.7,2
2448,622,2147,17.73,2
2449,622,2204,15.73,2
2450,622,2234,16.93,3
2451,622,2253,19.33,3
2452,622,2307,18.26,2
2453,623,1782,11.29,1
2454,623,1908,24.92,2
2455,623,2177,25.11,3
2456,624,1945,25.7,1
2457,624,2318,21.16,2
2458,624,1515,9.18,2
2459,625,1471,28.53,2
2460,625,1572,16.27,1
2461,625,1656,25.2,1
2462,625,1819,28.57,1
2463,625,1969,13.33,2
2464,625,2037,9.24,2
2465,625,2187,14.62,1
2466,625,2261,18.81,3
2467,625,2361,21.91,1
2468,626,1433,17.91,2
2469,626,1513,28.52,2
2470,626,1615,24.07,2
2471,626,1931,23.59,3
2472,626,1952,27.01,3
2473,626,1983,10.82,3
2474,626,2157,17.63,3
2475,626,2257,21.62,1
2476,627,2002,13.76,3
2477,627,1720,8.75,3
2478,628,1611,29.22,3
2479,628,1764,15.33,3
2480,629,1416,24.48,3
2481,630,2036,28.82,3
2482,630,1913,8.46,1
2483,630,1398,5.72,3
2484,630,2121,25.63,1
2485,631,1858,14.06,2
2486,631,1501,27.34,3
2487,631,1391,9.81,2
2488,631,2159,17.96,2
2489,632,2239,5.28,1
2490,633,2278,5.57,1
2491,633,1692,26.81,2
2492,634,2067,25.91,2
2493,634,2255,13.08,2
2494,635,1395,14.47,1
2495,635,1572,16.27,3
2496,635,1705,25.95,3
2497,635,1732,10.1,1
2498,635,1916,19.95,2
2499,635,2163,14.87,3
2500,635,2165,9.6,2
2501,635,2186,14.79,2
2502,635,2223,11.62,2
2503,635,2240,9.74,3
2504,636,1762,15.71,2
2505,636,1829,8.99,2
2506,636,1859,7.47,2
2507,636,1865,17.36,2
2508,636,1890,26.7,3
2509,636,1948,8.58,3
2510,636,1991,17.53,3
2511,636,2164,15.03,2
2512,636,2196,7.54,1
2513,637,1416,24.48,1
2514,637,1524,15.65,2
2515,637,1551,14.91,2
2516,637,1562,10.52,3
2517,637,1830,5.77,3
2518,637,1860,19.44,2
2519,637,1970,22.3,3
2520,637,1982,18.18,1
2521,637,2003,7.34,3
2522,637,2027,15.65,3
2523,637,2136,15.48,1
2524,637,2222,9.43,2
2525,638,1825,20.49,1
2526,638,2355,10.29,1
2527,639,1750,24.56,2
2528,640,1692,26.81,1
2529,640,2126,11.12,1
2530,640,1408,21.49,3
2531,640,1590,15.32,1
2532,641,1863,20.21,3
2533,641,2057,6.17,2
2534,641,1495,10.88,2
2535,642,2345,22.75,3
2536,642,2267,28.96,2
2537,642,2116,15.01,2
2538,642,1500,7.78,3
2539,642,2095,5.38,2
2540,643,1839,9.55,2
2541,643,2065,24.63,1
2542,643,2169,23.08,2
2543,643,2223,11.62,1
2544,644,1546,18.34,3
2545,644,1593,26.09,1
2546,644,1669,20.77,1
2547,644,2086,7.95,3
2548,644,2182,29.94,3
2549,644,2366,16.5,1
2550,645,2044,24.48,2
2551,645,1748,29.44,1
2552,645,1892,11.24,2
2553,645,1733,12.76,3
2554,646,1525,16.76,1
2555,646,2332,15.44,2
2556,646,1461,17.65,3
2557,646,1444,17.53,1
2558,646,2078,29.05,2
2559,647,1568,27.16,2
2560,647,1587,7.44,1
2561,647,1591,28.76,1
2562,647,2047,9.38,1
2563,647,2158,15.57,1
2564,647,2201,28.47,2
2565,647,2337,6.93,3
2566,647,2377,25.36,2
2567,648,1540,24.7,2
2568,648,1595,8.35,3
2569,648,1639,25.82,3
2570,648,1659,15.39,2
2571,648,1786,7.07,1
2572,648,1945,25.7,1
2573,648,2013,18.44,2
2574,648,2027,15.65,1
2575,648,2100,28.76,2
2576,648,2315,12.61,1
2577,649,2059,7.52,2
2578,650,1460,10.42,1
2579,650,1626,29.38,3
2580,650,1709,7.38,2
2581,650,1735,13.97,3
2582,650,1963,24.75,3
2583,650,2080,20.64,3
2584,650,2114,7.46,3
2585,650,2164,15.03,3
2586,650,2186,14.79,2
2587,650,2274,23.69,2
2588,651,2256,23.07,2
2589,651,2315,12.61,2
2590,651,1770,20.34,3
2591,651,2123,6.17,1
2592,652,2341,28.95,1
2593,652,1890,26.7,3
2594,652,2336,12.1,2
2595,652,1902,11.85,2
2596,653,1456,7.23,3
2597,653,1662,9.39,3
2598,653,1727,11.9,3
2599,653,1742,25.54,3
2600,653,1790,25.18,3
2601,653,1833,14.33,3
2602,653,1915,13.49,1
2603,653,2094,10.06,3
2604,653,2126,11.12,1
2605,653,2213,13.61,1
2606,654,1434,18.96,2
2607,654,1436,25.17,2
2608,654,1516,26.06,2
2609,654,1855,9.72,1
2610,654,1880,28.8,3
2611,654,1894,29.11,1
2612,654,1902,11.85,2
2613,654,1997,20.85,3
2614,654,2041,18.42,1
2615,654,2185,23.69,3
2616,655,1416,24.48,1
2617,655,1524,15.65,2
2618,655,1551,14.91,2
2619,655,1562,10.52,3
2620,655,1830,5.77,3
2621,655,1860,19.44,2
2622,655,1970,22.3,3
2623,655,1982,18.18,1
2624,655,2003,7.34,3
2625,655,2027,15.65,3
2626,655,2136,15.48,1
2627,655,2222,9.43,2
2628,656,1451,6.59,3
2629,656,1745,21.49,1
2630,656,2166,9.14,2
2631,656,2173,9.41,1
2632,656,2338,18.28,1
2633,656,2348,21.12,2
2634,657,1494,27.57,3
2635,657,1500,7.78,3
2636,657,1501,27.34,2
2637,657,1572,16.27,2
2638,657,1760,19.15,1
2639,657,2145,8.8,1
2640,657,2235,21.4,2
2641,657,2293,8.79,1
2642,658,1839,9.55,2
2643,658,2065,24.63,1
2644,658,2169,23.08,2
2645,658,2223,11.62,1
2646,659,1724,27.29,3
2647,659,2033,5.83,2
2648,660,1414,8.87,1
2649,660,1488,24.64,3
2650,660,1577,17.48,2
2651,660,1767,17.6,2
2652,660,1952,27.01,3
2653,660,2023,22.97,2
2654,660,2149,14.46,2
2655,660,2158,15.57,1
2656,660,2382,21.71,3
2657,661,1691,23.67,1
2658,661,1880,28.8,1
2659,661,1810,16.81,3
2660,662,1446,27.41,1
2661,662,1683,12.59,1
2662,662,1732,10.1,3
2663,662,1798,8.82,2
2664,662,1894,29.11,2
2665,662,1917,25.89,1
2666,662,2113,25.1,2
2667,662,2133,21.99,1
2668,662,2191,22.91,2
2669,663,1626,29.38,2
2670,663,1895,13.51,3
2671,663,2126,11.12,3
2672,663,1413,25.59,1
2673,663,1883,29.83,3
2674,664,1401,25.34,2
2675,664,1469,26.16,2
2676,664,1578,26.56,1
2677,664,1688,12.87,1
2678,664,1756,25.62,3
2679,664,1908,24.92,2
2680,664,1947,14.65,3
2681,664,2108,6.77,3
2682,664,2310,13.53,3
2683,664,2336,12.1,1
2684,665,1650,22.05,2
2685,666,1530,11.83,3
2686,666,2272,28.27,2
2687,666,1696,11.29,1
2688,666,2101,20.8,3
2689,667,1592,20.85,2
2690,667,1808,20.32,2
2691,667,1837,23.73,1
2692,667,2018,18.86,3
2693,667,2055,18.79,3
2694,667,2130,28.19,2
2695,667,2209,7.83,1
2696,667,2293,8.79,1
2697,668,1526,18.33,3
2698,668,1821,13.93,1
2699,668,2275,25.07,3
2700,669,1642,29.72,3
2701,669,2196,7.54,3
2702,669,2027,15.65,1
2703,669,1398,5.72,3
2704,670,2292,23.53,2
2705,671,1402,18.85,1
2706,671,1446,27.41,2
2707,671,1995,29.96,2
2708,671,2036,28.82,2
2709,671,2123,6.17,1
2710,671,2150,10.08,1
2711,671,2167,22.77,1
2712,672,1875,26.12,1
2713,672,1978,26.84,1
2714,672,2101,20.8,1
2715,672,2155,8.35,1
2716,672,2226,17.93,2
2717,673,1409,15.78,3
2718,673,1509,22.77,2
2719,673,1519,25.24,2
2720,673,1893,18.36,1
2721,673,1919,24.65,1
2722,673,1923,12.29,2
2723,673,1947,14.65,1
2724,673,2128,26.33,2
2725,674,1628,18.56,2
2726,674,1671,28.62,3
2727,674,1717,18.14,1
2728,674,1793,23.06,2
2729,674,1813,23.62,3
2730,674,1819,28.57,2
2731,674,2056,28.73,1
2732,675,1416,24.48,1
2733,675,1500,7.78,1
2734,675,2023,22.97,1
2735,675,2231,21.67,2
2736,675,2321,14.07,2
2737,675,2325,12.11,2
2738,676,2289,29.56,3
2739,677,1413,25.59,1
2740,677,1766,14.22,3
2741,677,1854,18.64,2
2742,677,1862,7.5,1
2743,677,1882,18.08,3
2744,677,1958,22.69,3
2745,677,2133,21.99,3
2746,677,2155,8.35,3
2747,677,2156,6.12,2
2748,677,2312,25.98,2
2749,678,2150,10.08,2
2750,678,2087,19.91,3
2751,678,1968,27.41,2
2752,679,1396,25.56,1
2753,679,1483,12.6,2
2754,679,1589,24.56,1
2755,679,1624,8.82,3
2756,679,1681,11.8,1
2757,679,1700,27.46,3
2758,679,1767,17.6,2
2759,679,2017,10.18,3
2760,679,2097,13.2,2
2761,679,2122,6.6,3
2762,679,2312,25.98,3
2763,679,2383,25.62,3
2764,680,1421,13.36,2
2765,680,1469,26.16,1
2766,680,1514,6.86,3
2767,680,1629,25.99,3
2768,680,1631,16.42,2
2769,680,1798,8.82,2
2770,680,1847,7.92,3
2771,680,2006,27.61,1
2772,680,2278,5.57,2
2773,681,1561,14.23,1
2774,681,1846,6.53,1
2775,682,1983,10.82,3
2776,682,1396,25.56,3
2777,682,2145,8.8,3
2778,683,1559,17.0,2
2779,683,1714,6.33,1
2780,683,1897,22.87,1
2781,683,2287,27.82,3
2782,683,2329,18.52,3
2783,684,1551,14.91,1
2784,684,1721,20.77,2
2785,684,1736,16.02,3
2786,684,1750,24.56,2
2787,684,1838,24.85,1
2788,684,2012,5.02,3
2789,684,2137,17.23,1
2790,684,2185,23.69,1
2791,684,2253,19.33,1
2792,685,1673,20.95,2
2793,685,2124,21.72,1
2794,685,1623,8.14,3
2795,685,1424,9.54,3
2796,686,2008,28.03,2
2797,686,2128,26.33,2
2798,686,1717,18.14,1
2799,687,1415,22.85,3
2800,687,1630,26.61,2
2801,687,1534,28.28,1
2802,687,1457,22.97,2
2803,687,2113,25.1,1
2804,688,1413,25.59,2
2805,688,1614,11.47,1
2806,688,1721,20.77,3
2807,688,1794,25.26,2
2808,688,1954,9.17,3
2809,688,1960,28.34,1
2810,688,2261,18.81,2
2811,688,2360,7.65,1
2812,689,1395,14.47,3
2813,690,1820,24.57,1
2814,691,2234,16.93,1
2815,691,1883,29.83,2
2816,692,1394,6.99,2
2817,692,1427,21.81,1
2818,692,1457,22.97,2
2819,692,1643,21.31,1
2820,692,1720,8.75,2
2821,692,1764,15.33,1
2822,692,2321,14.07,1
2823,693,1765,23.65,1
2824,693,1724,27.29,3
2825,693,1558,9.06,2
2826,693,2119,26.97,1
2827,694,1404,24.5,2
2828,694,1482,8.91,1
2829,694,1544,7.35,1
2830,694,1677,28.36,2
2831,694,1779,6.97,2
2832,694,1859,7.47,1
2833,694,1895,13.51,1
2834,694,1986,27.3,2
2835,694,2117,8.73,3
2836,694,2127,21.95,1
2837,694,2197,25.42,3
2838,695,1390,10.81,1
2839,695,1481,9.46,2
2840,695,1504,18.3,3
2841,695,1641,23.3,1
2842,695,1766,14.22,2
2843,695,1892,11.24,2
2844,695,2353,18.13,2
2845,696,1860,19.44,3
2846,696,2309,7.58,3
2847,696,2321,14.07,2
2848,697,2050,6.76,1
2849,698,2351,5.31,3
2850,699,1743,9.78,1
2851,700,1471,28.53,2
2852,700,1572,16.27,1
2853,700,1656,25.2,1
2854,700,1819,28.57,1
2855,700,1969,13.33,2
2856,700,2037,9.24,2
2857,700,2187,14.62,1
2858,700,2261,18.81,3
2859,700,2361,21.91,1
2860,701,1839,9.55,2
2861,701,2065,24.63,1
2862,701,2169,23.08,2
2863,701,2223,11.62,1
2864,702,1589,24.56,1
2865,702,1649,20.37,3
2866,702,1698,27.99,3
2867,702,1735,13.97,2
2868,702,1912,5.99,1
2869,702,1924,13.82,1
2870,702,2143,7.23,2
2871,703,1503,19.21,1
2872,703,1530,11.83,1
2873,703,1733,12.76,1
2874,703,1791,10.79,2
2875,703,1960,28.34,1
2876,703,1981,20.87,3
2877,703,2196,7.54,2
2878,703,2233,23.61,1
2879,703,2249,15.93,1
2880,704,1971,13.63,3
2881,704,2129,5.57,1
2882,704,2115,9.82,3
2883,704,1815,22.2,3
2884,704,2216,19.93,1
2885,705,1398,5.72,1
2886,706,1820,24.57,3
2887,707,2097,13.2,3
2888,708,1399,22.85,3
2889,708,1477,11.45,3
2890,708,1487,27.39,1
2891,708,1736,16.02,2
2892,708,1892,11.24,3
2893,708,2058,5.72,2
2894,708,2323,29.26,2
2895,709,2078,29.05,2
2896,710,2339,23.31,2
2897,710,1440,21.37,3
2898,710,1397,28.53,1
2899,710,1728,24.58,3
2900,710,2238,17.61,2
2901,711,1413,25.59,2
2902,711,1614,11.47,1
2903,711,1721,20.77,3
2904,711,1794,25.26,2
2905,711,1954,9.17,3
2906,711,1960,28.34,1
2907,711,2261,18.81,2
2908,711,2360,7.65,1
2909,712,1427,21.81,1
2910,712,1510,10.96,3
2911,712,1801,7.24,1
2912,712,1998,11.92,2
2913,712,2114,7.46,1
2914,712,2140,9.1,2
2915,712,2264,14.66,3
2916,712,2292,23.53,1
2917,713,1434,18.96,1
2918,713,1645,9.99,2
2919,713,1673,20.95,1
2920,713,1841,21.97,3
2921,713,1873,27.38,2
2922,713,1931,23.59,3
2923,713,1950,11.35,1
2924,713,2046,17.07,2
2925,714,1478,11.44,3
2926,714,1828,5.5,1
2927,714,1836,10.13,3
2928,714,1851,27.18,1
2929,714,1908,24.92,3
2930,714,1910,16.42,2
2931,714,2000,29.45,2
2932,714,2248,27.72,2
2933,714,2288,27.19,2
2934,714,2331,13.98,2
2935,715,1967,5.11,1
2936,716,1398,5.72,3
2937,716,1414,8.87,2
2938,716,1498,13.84,3
2939,716,1506,6.23,2
2940,716,1587,7.44,3
2941,716,1626,29.38,2
2942,716,1639,25.82,1
2943,716,1714,6.33,3
2944,716,1833,14.33,2
2945,716,2123,6.17,3
2946,716,2139,24.8,3
2947,716,2197,25.42,2
2948,716,2379,22.78,2
2949,717,1395,14.47,2
2950,717,1428,24.51,3
2951,717,1541,21.39,1
2952,717,1558,9.06,2
2953,717,1600,29.97,3
2954,717,1661,13.24,1
2955,717,1674,18.62,3
2956,717,1709,7.38,3
2957,717,1720,8.75,3
2958,717,1862,7.5,1
2959,717,1942,21.06,1
2960,717,2124,21.72,1
2961,717,2280,15.64,2
2962,717,2340,5.89,3
2963,718,1825,20.49,1
2964,719,1784,24.46,3
2965,719,2096,6.81,1
2966,719,1658,26.2,3
2967,719,2359,14.58,3
2968,719,2062,19.69,1
2969,720,1410,16.91,3
2970,720,1558,9.06,3
2971,720,1720,8.75,3
2972,720,1721,20.77,2
2973,720,1780,5.9,1
2974,720,1790,25.18,2
2975,720,1825,20.49,1
2976,720,1923,12.29,1
2977,720,1991,17.53,2
2978,720,2084,20.21,2
2979,720,2125,17.14,1
2980,720,2179,18.79,1
2981,720,2271,18.4,2
2982,720,2361,21.91,2
2983,721,1528,25.34,1
2984,721,1550,5.87,1
2985,721,1675,19.23,3
2986,721,1688,12.87,3
2987,721,1935,16.86,2
2988,721,1945,25.7,2
2989,721,1977,21.25,3
2990,721,1998,11.92,2
2991,721,2165,9.6,2
2992,721,2280,15.64,2
2993,722,1783,26.25,1
2994,722,1451,6.59,3
2995,723,1592,20.85,2
2996,723,1808,20.32,2
2997,723,1837,23.73,1
2998,723,2018,18.86,3
2999,723,2055,18.79,3
3000,723,2130,28.19,2
3001,723,2209,7.83,1
3002,723,2293,8.79,1
3003,724,1628,18.56,2
3004,724,1671,28.62,3
3005,724,1717,18.14,1
3006,724,1793,23.06,2
3007,724,1813,23.62,3
3008,724,1819,28.57,2
3009,724,2056,28.73,1
3010,725,1433,17.91,1
3011,725,1439,24.46,1
3012,725,1465,24.88,2
3013,725,1580,20.35,1
3014,725,1642,29.72,1
3015,725,1995,29.96,2
3016,725,2093,8.13,1
3017,725,2216,19.93,1
3018,725,2290,25.04,3
3019,725,2310,13.53,3
3020,725,2341,28.95,1
3021,725,2352,12.31,3
3022,726,1524,15.65,3
3023,726,1701,23.23,3
3024,726,1811,19.16,2
3025,726,1945,25.7,2
3026,726,2147,17.73,2
3027,726,2204,15.73,2
3028,726,2234,16.93,3
3029,726,2253,19.33,3
3030,726,2307,18.26,2
3031,727,1530,11.83,2
3032,727,1636,13.22,1
3033,727,1652,9.44,1
3034,727,1715,24.9,2
3035,727,2123,6.17,2
3036,727,2248,27.72,3
3037,728,1390,10.81,1
3038,728,1481,9.46,2
3039,728,1504,18.3,3
3040,728,1641,23.3,1
3041,728,1766,14.22,2
3042,728,1892,11.24,2
3043,728,2353,18.13,2
3044,729,2377,25.36,2
3045,729,1546,18.34,2
3046,730,2161,20.82,2
3047,730,1436,25.17,2
3048,730,2242,26.99,2
3049,731,1431,27.06,1
3050,731,1820,24.57,1
3051,731,1839,9.55,3
3052,731,1886,16.71,3
3053,731,2050,6.76,3
3054,731,2085,23.79,3
3055,731,2215,19.88,1
3056,731,2216,19.93,2
3057,731,2280,15.64,3
3058,731,2305,15.56,3
3059,732,2113,25.1,2
3060,732,1529,24.89,2
3061,732,1449,27.9,2
3062,732,2283,8.1,1
3063,732,2331,13.98,3
3064,733,1404,24.5,3
3065,733,1548,16.74,3
3066,733,1708,13.78,2
3067,733,1860,19.44,3
3068,733,2085,23.79,1
3069,733,2139,24.8,1
3070,733,2142,19.46,3
3071,733,2160,14.62,2
3072,733,2351,5.31,2
3073,734,2211,17.49,2
3074,734,1880,28.8,3
3075,734,2083,16.96,3
3076,735,1404,24.5,2
3077,735,1482,8.91,1
3078,735,1544,7.35,1
3079,735,1677,28.36,2
3080,735,1779,6.97,2
3081,735,1859,7.47,1
3082,735,1895,13.51,1
3083,735,1986,27.3,2
3084,735,2117,8.73,3
3085,735,2127,21.95,1
3086,735,2197,25.42,3
3087,736,1490,6.93,3
3088,736,1568,27.16,3
3089,736,1663,17.43,3
3090,736,1685,13.51,1
3091,736,1857,17.75,2
3092,736,2101,20.8,3
3093,736,2126,11.12,2
3094,736,2220,26.09,1
3095,736,2280,15.64,2
3096,736,2318,21.16,3
3097,736,2379,22.78,1
3098,737,1411,26.88,3
3099,737,1426,8.98,3
3100,737,1546,18.34,3
3101,737,1629,25.99,1
3102,737,1694,9.5,2
3103,737,1697,13.99,3
3104,737,1768,6.73,2
3105,737,1870,14.56,1
3106,737,1892,11.24,3
3107,737,2105,7.09,3
3108,738,1456,7.23,3
3109,738,1662,9.39,3
3110,738,1727,11.9,3
3111,738,1742,25.54,3
3112,738,1790,25.18,3
3113,738,1833,14.33,3
3114,738,1915,13.49,1
3115,738,2094,10.06,3
3116,738,2126,11.12,1
3117,738,2213,13.61,1
3118,739,1527,22.06,1
3119,739,2222,9.43,3
3120,739,1563,26.75,1
3121,739,1732,10.1,1
3122,739,2058,5.72,2
3123,740,1420,8.29,2
3124,740,1652,9.44,3
3125,740,1731,18.03,3
3126,740,1786,7.07,1
3127,740,2236,19.17,2
3128,740,2260,8.82,3
3129,740,2296,16.57,1
3130,741,1612,10.4,1
3131,741,1682,19.72,1
3132,741,1782,11.29,3
3133,741,1801,7.24,3
3134,741,1901,10.13,2
3135,741,1991,17.53,3
3136,741,2002,13.76,2
3137,741,2006,27.61,1
3138,741,2033,5.83,3
3139,741,2070,7.22,2
3140,741,2098,24.36,3
3141,742,2328,8.36,3
3142,742,1905,21.96,2
3143,742,1814,26.49,1
3144,742,1454,20.38,2
3145,743,1440,21.37,2
3146,743,1548,16.74,1
3147,743,1555,17.31,1
3148,743,1574,16.19,1
3149,743,1621,19.55,3
3150,743,1729,18.87,1
3151,743,1805,26.45,3
3152,743,1880,28.8,1
3153,743,2142,19.46,2
3154,743,2258,24.72,3
3155,743,2259,14.59,1
3156,744,1719,19.5,2
3157,744,2074,28.85,3
3158,744,1650,22.05,2
3159,745,1398,5.72,3
3160,745,1414,8.87,2
3161,745,1498,13.84,3
3162,745,1506,6.23,2
3163,745,1587,7.44,3
3164,745,1626,29.38,2
3165,745,1639,25.82,1
3166,745,1714,6.33,3
3167,745,1833,14.33,2
3168,745,2123,6.17,3
3169,745,2139,24.8,3
3170,745,2197,25.42,2
3171,745,2379,22.78,2
3172,746,1452,19.08,1
3173,746,1611,29.22,1
3174,746,1619,27.44,2
3175,746,1826,17.75,3
3176,746,2040,29.87,3
3177,746,2106,18.47,1
3178,746,2156,6.12,1
3179,746,2182,29.94,2
3180,747,2013,18.44,1
3181,747,1770,20.34,1
3182,748,1920,25.28,2
3183,749,1459,18.86,3
3184,749,2371,9.07,1
3185,749,1466,20.59,2
3186,749,2149,14.46,1
3187,750,1807,22.88,3
3188,750,2277,14.74,2
3189,750,1431,27.06,1
3190,750,1689,16.94,3
3191,750,2087,19.91,1
3192,751,1394,6.99,2
3193,751,1427,21.81,1
3194,751,1457,22.97,2
3195,751,1643,21.31,1
3196,751,1720,8.75,2
3197,751,1764,15.33,1
3198,751,2321,14.07,1
3199,752,1401,25.34,2
3200,752,1469,26.16,2
3201,752,1578,26.56,1
3202,752,1688,12.87,1
3203,752,1756,25.62,3
3204,752,1908,24.92,2
3205,752,1947,14.65,3
3206,752,2108,6.77,3
3207,752,2310,13.53,3
3208,752,2336,12.1,1
3209,753,2315,12.61,1
3210,753,1898,22.4,2
3211,753,1663,17.43,1
3212,753,2152,26.89,3
3213,754,1410,16.91,3
3214,754,1558,9.06,3
3215,754,1720,8.75,3
3216,754,1721,20.77,2
3217,754,1780,5.9,1
3218,754,1790,25.18,2
3219,754,1825,20.49,1
3220,754,1923,12.29,1
3221,754,1991,17.53,2
3222,754,2084,20.21,2
3223,754,2125,17.14,1
3224,754,2179,18.79,1
3225,754,2271,18.4,2
3226,754,2361,21.91,2
3227,755,2347,7.96,2
3228,755,1799,9.05,2
3229,756,1411,26.88,3
3230,756,1426,8.98,3
3231,756,1546,18.34,3
3232,756,1629,25.99,1
3233,756,1694,9.5,2
3234,756,1697,13.99,3
3235,756,1768,6.73,2
3236,756,1870,14.56,1
3237,756,1892,11.24,3
3238,756,2105,7.09,3
3239,757,2217,23.75,3
3240,757,1828,5.5,1
3241,757,1791,10.79,3
3242,757,1636,13.22,1
3243,758,1494,27.57,3
3244,758,1500,7.78,3
3245,758,1501,27.34,2
3246,758,1572,16.27,2
3247,758,1760,19.15,1
3248,758,2145,8.8,1
3249,758,2235,21.4,2
3250,758,2293,8.79,1
3251,759,1589,24.56,1
3252,759,1649,20.37,3
3253,759,1698,27.99,3
3254,759,1735,13.97,2
3255,759,1912,5.99,1
3256,759,1924,13.82,1
3257,759,2143,7.23,2
3258,760,1952,27.01,3
3259,761,1412,25.31,3
3260,761,1430,7.1,3
3261,761,1501,27.34,1
3262,761,1526,18.33,2
3263,761,1557,8.52,3
3264,761,1587,7.44,3
3265,761,1618,6.45,2
3266,761,1727,11.9,3
3267,761,1778,22.97,3
3268,761,1815,22.2,3
3269,761,1913,8.46,2
3270,762,1452,19.08,1
3271,762,1611,29.22,1
3272,762,1619,27.44,2
3273,762,1826,17.75,3
3274,762,2040,29.87,3
3275,762,2106,18.47,1
3276,762,2156,6.12,1
3277,762,2182,29.94,2
3278,763,1472,25.69,2
3279,763,1481,9.46,3
3280,763,1539,5.89,3
3281,763,2027,15.65,2
3282,763,2126,11.12,1
3283,763,2236,19.17,1
3284,763,2302,16.1,2
3285,763,2347,7.96,2
3286,763,2376,12.52,2
3287,764,1392,25.76,2
3288,764,1540,24.7,3
3289,764,1563,26.75,1
3290,764,1688,12.87,1
3291,764,1953,10.19,1
3292,764,1957,5.67,1
3293,764,1969,13.33,1
3294,764,2018,18.86,1
3295,764,2320,19.4,2
3296,765,1950,11.35,3
3297,766,1742,25.54,3
3298,766,1753,26.03,2
3299,766,1882,18.08,2
3300,766,1911,29.26,2
3301,766,1927,11.68,3
3302,766,2212,25.35,1
3303,766,2265,28.14,1
3304,766,2375,20.59,2
3305,767,1990,21.68,2
3306,767,1791,10.79,3
3307,767,1538,12.25,2
3308,767,1607,6.4,1
3309,768,1421,13.36,2
3310,768,1469,26.16,1
3311,768,1514,6.86,3
3312,768,1629,25.99,3
3313,768,1631,16.42,2
3314,768,1798,8.82,2
3315,768,1847,7.92,3
3316,768,2006,27.61,1
3317,768,2278,5.57,2
3318,769,1395,14.47,1
3319,769,1572,16.27,3
3320,769,1705,25.95,3
3321,769,1732,10.1,1
3322,769,1916,19.95,2
3323,769,2163,14.87,3
3324,769,2165,9.6,2
3325,769,2186,14.79,2
3326,769,2223,11.62,2
3327,769,2240,9.74,3
3328,770,2160,14.62,3
3329,770,2093,8.13,3
3330,770,1447,15.71,1
3331,770,2085,23.79,3
3332,770,2297,26.98,3
3333,771,1439,24.46,2
3334,771,1758,5.59,3
3335,771,1446,27.41,2
3336,772,1478,11.44,3
3337,772,1828,5.5,1
3338,772,1836,10.13,3
3339,772,1851,27.18,1
3340,772,1908,24.92,3
3341,772,1910,16.42,2
3342,772,2000,29.45,2
3343,772,2248,27.72,2
3344,772,2288,27.19,2
3345,772,2331,13.98,2
3346,773,1414,8.87,3
3347,773,1458,10.13,2
3348,773,1495,10.88,2
3349,773,1596,18.88,1
3350,773,1663,17.43,1
3351,773,1822,22.54,3
3352,773,1920,25.28,2
3353,773,2057,6.17,2
3354,773,2157,17.63,3
3355,773,2232,15.92,3
3356,774,1745,21.49,3
3357,774,1777,26.62,2
3358,774,1858,14.06,3
3359,774,2291,13.51,1
3360,774,1813,23.62,2
3361,775,1391,9.81,2
3362,775,1406,20.72,1
3363,775,1408,21.49,2
3364,775,1558,9.06,2
3365,775,1572,16.27,1
3366,775,1601,11.63,1
3367,775,1715,24.9,3
3368,775,2039,16.79,3
3369,775,2093,8.13,3
3370,775,2150,10.08,3
3371,775,2355,10.29,1
3372,775,2356,27.67,3
3373,776,1394,6.99,2
3374,776,1427,21.81,1
3375,776,1457,22.97,2
3376,776,1643,21.31,1
3377,776,1720,8.75,2
3378,776,1764,15.33,1
3379,776,2321,14.07,1
3380,777,1654,21.96,3
3381,777,1535,14.29,2
3382,777,1553,28.73,2
3383,777,2058,5.72,3
3384,778,1541,21.39,3
3385,778,2009,21.42,3
3386,778,1586,24.98,1
3387,778,2256,23.07,3
3388,778,1934,16.67,3
3389,779,1412,25.31,3
3390,779,1430,7.1,3
3391,779,1501,27.34,1
3392,779,1526,18.33,2
3393,779,1557,8.52,3
3394,779,1587,7.44,3
3395,779,1618,6.45,2
3396,779,1727,11.9,3
3397,779,1778,22.97,3
3398,779,1815,22.2,3
3399,779,1913,8.46,2
3400,780,1618,6.45,2
3401,780,2262,21.58,3
3402,781,1568,27.16,2
3403,781,1587,7.44,1
3404,781,1591,28.76,1
3405,781,2047,9.38,1
3406,781,2158,15.57,1
3407,781,2201,28.47,2
3408,781,2337,6.93,3
3409,781,2377,25.36,2
3410,782,1643,21.31,2
3411,782,1688,12.87,1
3412,782,1780,5.9,1
3413,782,1789,15.08,3
3414,782,1852,18.49,1
3415,782,1882,18.08,2
3416,782,1933,12.73,1
3417,782,2015,9.75,1
3418,782,2356,27.67,3
3419,782,2365,10.64,2
3420,783,1781,20.32,1
3421,784,2248,27.72,3
3422,784,2047,9.38,2
3423,784,2129,5.57,1
3424,784,1698,27.99,2
3425,785,1728,24.58,2
3426,785,1640,26.15,1
3427,785,1985,25.7,2
3428,786,1664,23.33,1
3429,787,1808,20.32,2
3430,787,2091,28.03,3
3431,788,2054,21.28,2
3432,788,2316,27.93,3
3433,788,2169,23.08,1
3434,789,2276,6.98,2
3435,789,1811,19.16,1
3436,790,1471,28.53,1
3437,790,1775,12.74,1
3438,790,1871,29.49,1
3439,790,1912,5.99,3
3440,790,1971,13.63,3
3441,790,1976,8.56,2
3442,790,2012,5.02,1
3443,790,2149,14.46,3
3444,790,2334,27.18,1
3445,790,2361,21.91,2
3446,790,2385,11.97,2
3447,791,1524,15.65,3
3448,791,1701,23.23,3
3449,791,1811,19.16,2
3450,791,1945,25.7,2
3451,791,2147,17.73,2
3452,791,2204,15.73,2
3453,791,2234,16.93,3
3454,791,2253,19.33,3
3455,791,2307,18.26,2
3456,792,1761,26.4,2
3457,792,2330,30.0,1
3458,792,2280,15.64,3
3459,792,1571,15.28,2
3460,793,1516,26.06,1
3461,793,1647,13.95,2
3462,793,1810,16.81,3
3463,793,1828,5.5,3
3464,793,1857,17.75,3
3465,793,1921,13.54,1
3466,793,1995,29.96,1
3467,793,2052,29.51,1
3468,793,2228,24.33,3
3469,793,2234,16.93,1
3470,794,1567,7.36,3
3471,794,1572,16.27,3
3472,795,2156,6.12,2
3473,795,1643,21.31,3
3474,795,2259,14.59,2
3475,796,1485,26.58,1
3476,796,1682,19.72,2
3477,796,1884,17.57,2
3478,796,2274,23.69,3
3479,796,2378,22.63,3
3480,797,1421,13.36,2
3481,797,1469,26.16,1
3482,797,1514,6.86,3
3483,797,1629,25.99,3
3484,797,1631,16.42,2
3485,797,1798,8.82,2
3486,797,1847,7.92,3
3487,797,2006,27.61,1
3488,797,2278,5.57,2
3489,798,1391,9.81,2
3490,798,1406,20.72,1
3491,798,1408,21.49,2
3492,798,1558,9.06,2
3493,798,1572,16.27,1
3494,798,1601,11.63,1
3495,798,1715,24.9,3
3496,798,2039,16.79,3
3497,798,2093,8.13,3
3498,798,2150,10.08,3
3499,798,2355,10.29,1
3500,798,2356,27.67,3
3501,799,1440,21.37,2
3502,799,1548,16.74,1
3503,799,1555,17.31,1
3504,799,1574,16.19,1
3505,799,1621,19.55,3
3506,799,1729,18.87,1
3507,799,1805,26.45,3
3508,799,1880,28.8,1
3509,799,2142,19.46,2
3510,799,2258,24.72,3
3511,799,2259,14.59,1
3512,800,1414,8.87,1
3513,800,1488,24.64,3
3514,800,1577,17.48,2
3515,800,1767,17.6,2
3516,800,1952,27.01,3
3517,800,2023,22.97,2
3518,800,2149,14.46,2
3519,800,2158,15.57,1
3520,800,2382,21.71,3
3521,801,1417,20.72,3
3522,801,1510,10.96,1
3523,801,1513,28.52,2
3524,801,1550,5.87,2
3525,801,1739,13.93,1
3526,801,1827,5.57,3
3527,801,2039,16.79,1
3528,801,2138,23.47,2
3529,801,2258,24.72,1
3530,801,2357,19.32,1
3531,802,1431,27.06,1
3532,802,1820,24.57,1
3533,802,1839,9.55,3
3534,802,1886,16.71,3
3535,802,2050,6.76,3
3536,802,2085,23.79,3
3537,802,2215,19.88,1
3538,802,2216,19.93,2
3539,802,2280,15.64,3
3540,802,2305,15.56,3
3541,803,1750,24.56,3
3542,803,2094,10.06,1
3543,804,1767,17.6,2
3544,804,1799,9.05,2
3545,804,1896,23.03,1
3546,804,2087,19.91,2
3547,805,1417,20.72,1
3548,805,1693,22.63,3
3549,805,2024,13.39,2
3550,805,2081,21.38,1
3551,805,2164,15.03,1
3552,805,2237,7.9,3
3553,805,2363,11.31,3
3554,806,1444,17.53,3
3555,806,1883,29.83,1
3556,806,2149,14.46,3
3557,806,1425,23.7,3
3558,807,1908,24.92,1
3559,807,2106,18.47,1
3560,807,2198,13.6,2
3561,808,1417,20.72,1
3562,808,1693,22.63,3
3563,808,2024,13.39,2
3564,808,2081,21.38,1
3565,808,2164,15.03,1
3566,808,2237,7.9,3
3567,808,2363,11.31,3
3568,809,1412,25.31,3
3569,809,1430,7.1,3
3570,809,1501,27.34,1
3571,809,1526,18.33,2
3572,809,1557,8.52,3
3573,809,1587,7.44,3
3574,809,1618,6.45,2
3575,809,1727,11.9,3
3576,809,1778,22.97,3
3577,809,1815,22.2,3
3578,809,1913,8.46,2
3579,810,1503,19.21,1
3580,810,1530,11.83,1
3581,810,1733,12.76,1
3582,810,1791,10.79,2
3583,810,1960,28.34,1
3584,810,1981,20.87,3
3585,810,2196,7.54,2
3586,810,2233,23.61,1
3587,810,2249,15.93,1
3588,811,2042,27.12,2
3589,811,1584,28.18,3
3590,812,2103,24.63,3
3591,813,2153,19.76,2
3592,814,1968,27.41,2
3593,814,2083,16.96,1
3594,814,2250,24.74,2
3595,815,1599,20.92,1
3596,815,2322,8.43,1
3597,815,1743,9.78,2
3598,816,1875,26.12,1
3599,816,1978,26.84,1
3600,816,2101,20.8,1
3601,816,2155,8.35,1
3602,816,2226,17.93,2
3603,817,1411,26.88,3
3604,817,1426,8.98,3
3605,817,1546,18.34,3
3606,817,1629,25.99,1
3607,817,1694,9.5,2
3608,817,1697,13.99,3
3609,817,1768,6.73,2
3610,817,1870,14.56,1
3611,817,1892,11.24,3
3612,817,2105,7.09,3
3613,818,1664,23.33,2
3614,818,1885,10.33,2
3615,818,2179,18.79,3
3616,819,1528,25.34,1
3617,819,1550,5.87,1
3618,819,1675,19.23,3
3619,819,1688,12.87,3
3620,819,1935,16.86,2
3621,819,1945,25.7,2
3622,819,1977,21.25,3
3623,819,1998,11.92,2
3624,819,2165,9.6,2
3625,819,2280,15.64,2
3626,820,1433,17.91,1
3627,820,1439,24.46,1
3628,820,1465,24.88,2
3629,820,1580,20.35,1
3630,820,1642,29.72,1
3631,820,1995,29.96,2
3632,820,2093,8.13,1
3633,820,2216,19.93,1
3634,820,2290,25.04,3
3635,820,2310,13.53,3
3636,820,2341,28.95,1
3637,820,2352,12.31,3
3638,821,1983,10.82,2
3639,821,1511,21.2,3
3640,821,2216,19.93,3
3641,822,1584,28.18,2
3642,822,1655,21.18,2
3643,822,1794,25.26,1
3644,822,1816,28.8,3
3645,822,1866,28.33,1
3646,822,2065,24.63,3
3647,822,2066,27.83,1
3648,822,2182,29.94,3
3649,822,2347,7.96,3
3650,823,1446,27.41,1
3651,823,1683,12.59,1
3652,823,1732,10.1,3
3653,823,1798,8.82,2
3654,823,1894,29.11,2
3655,823,1917,25.89,1
3656,823,2113,25.1,2
3657,823,2133,21.99,1
3658,823,2191,22.91,2
3659,824,1744,23.69,1
3660,824,1896,23.03,3
3661,824,2151,20.83,1
3662,824,1599,20.92,3
3663,824,1555,17.31,2
3664,825,1432,22.57,3
3665,825,1640,26.15,3
3666,825,1645,9.99,2
3667,825,1689,16.94,1
3668,825,1767,17.6,2
3669,825,1949,10.68,2
3670,825,2036,28.82,2
3671,825,2097,13.2,1
3672,825,2169,23.08,2
3673,825,2175,7.46,3
3674,825,2272,28.27,3
3675,825,2316,27.93,3
3676,825,2373,15.78,1
3677,826,1856,29.44,1
3678,826,1706,14.98,3
3679,826,2212,25.35,2
3680,826,1881,11.42,2
3681,827,1412,25.31,3
3682,827,1430,7.1,3
3683,827,1501,27.34,1
3684,827,1526,18.33,2
3685,827,1557,8.52,3
3686,827,1587,7.44,3
3687,827,1618,6.45,2
3688,827,1727,11.9,3
3689,827,1778,22.97,3
3690,827,1815,22.2,3
3691,827,1913,8.46,2
3692,828,1391,9.81,2
3693,828,1406,20.72,1
3694,828,1408,21.49,2
3695,828,1558,9.06,2
3696,828,1572,16.27,1
3697,828,1601,11.63,1
3698,828,1715,24.9,3
3699,828,2039,16.79,3
3700,828,2093,8.13,3
3701,828,2150,10.08,3
3702,828,2355,10.29,1
3703,828,2356,27.67,3
3704,829,1839,9.55,2
3705,829,2065,24.63,1
3706,829,2169,23.08,2
3707,829,2223,11.62,1
3708,830,2173,9.41,2
3709,830,2067,25.91,1
3710,831,1530,11.83,3
3711,832,1530,11.83,2
3712,832,1636,13.22,1
3713,832,1652,9.44,1
3714,832,1715,24.9,2
3715,832,2123,6.17,2
3716,832,2248,27.72,3
3717,833,1390,10.81,1
3718,833,1488,24.64,2
3719,833,1621,19.55,1
3720,833,1762,15.71,3
3721,833,1764,15.33,1
3722,833,1814,26.49,3
3723,833,1858,14.06,3
3724,833,2087,19.91,2
3725,833,2201,28.47,3
3726,833,2386,29.7,1
3727,834,1420,8.29,2
3728,834,1652,9.44,3
3729,834,1731,18.03,3
3730,834,1786,7.07,1
3731,834,2236,19.17,2
3732,834,2260,8.82,3
3733,834,2296,16.57,1
3734,835,1404,24.5,3
3735,835,1548,16.74,3
3736,835,1708,13.78,2
3737,835,1860,19.44,3
3738,835,2085,23.79,1
3739,835,2139,24.8,1
3740,835,2142,19.46,3
3741,835,2160,14.62,2
3742,835,2351,5.31,2
3743,836,2191,22.91,3
3744,836,1999,8.9,3
3745,836,1661,13.24,1
3746,836,1899,17.93,3
3747,837,1668,5.52,1
3748,837,1788,23.81,1
3749,837,1909,11.57,1
3750,838,1644,24.37,3
3751,838,2083,16.96,1
3752,839,1440,21.37,2
3753,839,1670,29.77,1
3754,839,1719,19.5,1
3755,839,1809,5.56,2
3756,839,1826,17.75,1
3757,839,1855,9.72,1
3758,839,2073,5.62,3
3759,839,2156,6.12,3
3760,839,2277,14.74,2
3761,839,2310,13.53,2
3762,840,1509,22.77,2
3763,841,1915,13.49,3
3764,842,1926,26.67,2
3765,842,2002,13.76,1
3766,842,1575,15.25,1
3767,842,1695,28.1,1
3768,842,1755,24.57,1
3769,843,1394,6.99,2
3770,843,1427,21.81,1
3771,843,1457,22.97,2
3772,843,1643,21.31,1
3773,843,1720,8.75,2
3774,843,1764,15.33,1
3775,843,2321,14.07,1
3776,844,1475,12.32,3
3777,844,1524,15.65,3
3778,844,1807,22.88,2
3779,844,1813,23.62,3
3780,844,1886,16.71,3
3781,844,2110,11.94,2
3782,844,2143,7.23,2
3783,844,2149,14.46,3
3784,844,2244,14.78,1
3785,845,1412,25.31,3
3786,845,1430,7.1,3
3787,845,1501,27.34,1
3788,845,1526,18.33,2
3789,845,1557,8.52,3
3790,845,1587,7.44,3
3791,845,1618,6.45,2
3792,845,1727,11.9,3
3793,845,1778,22.97,3
3794,845,1815,22.2,3
3795,845,1913,8.46,2
3796,846,1581,26.45,2
3797,846,1631,16.42,2
3798,846,1799,9.05,3
3799,846,1871,29.49,2
3800,846,1960,28.34,2
3801,846,2109,11.48,3
3802,846,2178,27.73,3
3803,846,2243,17.69,1
3804,846,2297,26.98,1
3805,847,1745,21.49,2
3806,847,1389,13.11,2
3807,848,1770,20.34,1
3808,848,1868,18.83,1
3809,848,1671,28.62,3
3810,848,1462,6.09,2
3811,848,1915,13.49,2
3812,849,1945,25.7,2
3813,850,1421,13.36,2
3814,850,1469,26.16,1
3815,850,1514,6.86,3
3816,850,1629,25.99,3
3817,850,1631,16.42,2
3818,850,1798,8.82,2
3819,850,1847,7.92,3
3820,850,2006,27.61,1
3821,850,2278,5.57,2
3822,851,1733,12.76,2
3823,851,1763,23.98,1
3824,851,1888,11.89,3
3825,851,2093,8.13,3
3826,851,2206,25.89,3
3827,851,2277,14.74,2
3828,851,2290,25.04,1
3829,851,2315,12.61,2
3830,852,1813,23.62,2
3831,852,1616,14.18,2
3832,852,1970,22.3,1
3833,852,1470,9.65,1
3834,852,2158,15.57,3
3835,853,1414,8.87,3
3836,853,1458,10.13,2
3837,853,1495,10.88,2
3838,853,1596,18.88,1
3839,853,1663,17.43,1
3840,853,1822,22.54,3
3841,853,1920,25.28,2
3842,853,2057,6.17,2
3843,853,2157,17.63,3
3844,853,2232,15.92,3
3845,854,1410,16.91,3
3846,854,1558,9.06,3
3847,854,1720,8.75,3
3848,854,1721,20.77,2
3849,854,1780,5.9,1
3850,854,1790,25.18,2
3851,854,1825,20.49,1
3852,854,1923,12.29,1
3853,854,1991,17.53,2
3854,854,2084,20.21,2
3855,854,2125,17.14,1
3856,854,2179,18.79,1
3857,854,2271,18.4,2
3858,854,2361,21.91,2
3859,855,2007,9.75,3
3860,855,1705,25.95,1
3861,855,1454,20.38,2
3862,855,1651,15.6,1
3863,855,1611,29.22,1
3864,856,1429,16.93,2
3865,856,1515,9.18,2
3866,856,1517,21.04,1
3867,856,1564,12.41,1
3868,856,1618,6.45,3
3869,856,1662,9.39,2
3870,856,2067,25.91,3
3871,856,2305,15.56,1
3872,856,2312,25.98,3
3873,856,2318,21.16,3
3874,856,2345,22.75,3
3875,857,2374,6.11,3
3876,857,1995,29.96,3
3877,857,2121,25.63,1
3878,857,1599,20.92,1
3879,858,1421,13.36,2
3880,858,1469,26.16,1
3881,858,1514,6.86,3
3882,858,1629,25.99,3
3883,858,1631,16.42,2
3884,858,1798,8.82,2
3885,858,1847,7.92,3
3886,858,2006,27.61,1
3887,858,2278,5.57,2
3888,859,2372,14.03,3
3889,860,1456,7.23,3
3890,860,1662,9.39,3
3891,860,1727,11.9,3
3892,860,1742,25.54,3
3893,860,1790,25.18,3
3894,860,1833,14.33,3
3895,860,1915,13.49,1
3896,860,2094,10.06,3
3897,860,2126,11.12,1
3898,860,2213,13.61,1
3899,861,1559,17.0,2
3900,861,1714,6.33,1
3901,861,1897,22.87,1
3902,861,2287,27.82,3
3903,861,2329,18.52,3
3904,862,1676,25.03,3
3905,862,1595,8.35,2
3906,862,1399,22.85,1
3907,862,1883,29.83,3
3908,863,2087,19.91,2
3909,863,1963,24.75,3
3910,863,1392,25.76,1
3911,863,1482,8.91,1
3912,864,1471,28.53,2
3913,864,1572,16.27,1
3914,864,1656,25.2,1
3915,864,1819,28.57,1
3916,864,1969,13.33,2
3917,864,2037,9.24,2
3918,864,2187,14.62,1
3919,864,2261,18.81,3
3920,864,2361,21.91,1
3921,865,1475,12.32,3
3922,865,1524,15.65,3
3923,865,1807,22.88,2
3924,865,1813,23.62,3
3925,865,1886,16.71,3
3926,865,2110,11.94,2
3927,865,2143,7.23,2
3928,865,2149,14.46,3
3929,865,2244,14.78,1
3930,866,1412,25.31,3
3931,866,1430,7.1,3
3932,866,1501,27.34,1
3933,866,1526,18.33,2
3934,866,1557,8.52,3
3935,866,1587,7.44,3
3936,866,1618,6.45,2
3937,866,1727,11.9,3
3938,866,1778,22.97,3
3939,866,1815,22.2,3
3940,866,1913,8.46,2
3941,867,1410,16.91,1
3942,867,1527,22.06,2
3943,868,1948,8.58,3
3944,868,2128,26.33,2
3945,869,1404,24.5,2
3946,869,1482,8.91,1
3947,869,1544,7.35,1
3948,869,1677,28.36,2
3949,869,1779,6.97,2
3950,869,1859,7.47,1
3951,869,1895,13.51,1
3952,869,1986,27.3,2
3953,869,2117,8.73,3
3954,869,2127,21.95,1
3955,869,2197,25.42,3
3956,870,1490,6.93,3
3957,870,1568,27.16,3
3958,870,1663,17.43,3
3959,870,1685,13.51,1
3960,870,1857,17.75,2
3961,870,2101,20.8,3
3962,870,2126,11.12,2
3963,870,2220,26.09,1
3964,870,2280,15.64,2
3965,870,2318,21.16,3
3966,870,2379,22.78,1
3967,871,1456,7.23,3
3968,871,1662,9.39,3
3969,871,1727,11.9,3
3970,871,1742,25.54,3
3971,871,1790,25.18,3
3972,871,1833,14.33,3
3973,871,1915,13.49,1
3974,871,2094,10.06,3
3975,871,2126,11.12,1
3976,871,2213,13.61,1
3977,872,2136,15.48,1
3978,872,2221,21.43,3
3979,873,1391,9.81,2
3980,873,1406,20.72,1
3981,873,1408,21.49,2
3982,873,1558,9.06,2
3983,873,1572,16.27,1
3984,873,1601,11.63,1
3985,873,1715,24.9,3
3986,873,2039,16.79,3
3987,873,2093,8.13,3
3988,873,2150,10.08,3
3989,873,2355,10.29,1
3990,873,2356,27.67,3
3991,874,1603,27.18,1
3992,874,1948,8.58,3
3993,874,2132,11.62,1
3994,874,2085,23.79,2
3995,874,2371,9.07,3
3996,875,1414,8.87,3
3997,875,1458,10.13,2
3998,875,1495,10.88,2
3999,875,1596,18.88,1
4000,875,1663,17.43,1
4001,875,1822,22.54,3
4002,875,1920,25.28,2
4003,875,2057,6.17,2
4004,875,2157,17.63,3
4005,875,2232,15.92,3
4006,876,1968,27.41,3
4007,876,1836,10.13,1
4008,876,2064,19.42,3
4009,876,1389,13.11,3
4010,876,1585,29.84,3
4011,877,1704,26.19,3
4012,877,2327,23.41,2
4013,877,1977,21.25,1
4014,877,1943,16.19,2
4015,877,1763,23.98,3
4016,878,1965,5.7,2
4017,878,1656,25.2,1
4018,878,1765,23.65,2
4019,878,1616,14.18,3
4020,879,2171,7.61,3
4021,879,1598,26.16,1
4022,879,1479,25.87,1
4023,880,1956,13.27,2
4024,880,1598,26.16,1
4025,880,1411,26.88,2
4026,881,1401,25.34,2
4027,881,1435,15.82,1
4028,881,1783,26.25,2
4029,881,1863,20.21,1
4030,881,1882,18.08,2
4031,881,1895,13.51,1
4032,881,1967,5.11,1
4033,881,2174,27.02,2
4034,881,2198,13.6,1
4035,881,2339,23.31,3
4036,882,1830,5.77,1
4037,882,2280,15.64,1
4038,882,1965,5.7,2
4039,883,2272,28.27,2
4040,883,2363,11.31,2
4041,884,1444,17.53,3
4042,884,2238,17.61,3
4043,885,1551,14.91,1
4044,885,1721,20.77,2
4045,885,1736,16.02,3
4046,885,1750,24.56,2
4047,885,1838,24.85,1
4048,885,2012,5.02,3
4049,885,2137,17.23,1
4050,885,2185,23.69,1
4051,885,2253,19.33,1
4052,886,1801,7.24,2
4053,886,2239,5.28,2
4054,886,1938,22.38,1
4055,886,2225,19.79,1
4056,886,2103,24.63,3
4057,887,1413,25.59,2
4058,887,1614,11.47,1
4059,887,1721,20.77,3
4060,887,1794,25.26,2
4061,887,1954,9.17,3
4062,887,1960,28.34,1
4063,887,2261,18.81,2
4064,887,2360,7.65,1
4065,888,1416,24.48,1
4066,888,1524,15.65,2
4067,888,1551,14.91,2
4068,888,1562,10.52,3
4069,888,1830,5.77,3
4070,888,1860,19.44,2
4071,888,1970,22.3,3
4072,888,1982,18.18,1
4073,888,2003,7.34,3
4074,888,2027,15.65,3
4075,888,2136,15.48,1
4076,888,2222,9.43,2
4077,889,1893,18.36,2
4078,889,1962,26.8,2
4079,890,1416,24.48,1
4080,890,1500,7.78,1
4081,890,2023,22.97,1
4082,890,2231,21.67,2
4083,890,2321,14.07,2
4084,890,2325,12.11,2
4085,891,1503,19.21,1
4086,891,1530,11.83,1
4087,891,1733,12.76,1
4088,891,1791,10.79,2
4089,891,1960,28.34,1
4090,891,1981,20.87,3
4091,891,2196,7.54,2
4092,891,2233,23.61,1
4093,891,2249,15.93,1
4094,892,2229,19.55,2
4095,893,1433,17.91,2
4096,893,1513,28.52,2
4097,893,1615,24.07,2
4098,893,1931,23.59,3
4099,893,1952,27.01,3
4100,893,1983,10.82,3
4101,893,2157,17.63,3
4102,893,2257,21.62,1
4103,894,1472,25.69,2
4104,894,1481,9.46,3
4105,894,1539,5.89,3
4106,894,2027,15.65,2
4107,894,2126,11.12,1
4108,894,2236,19.17,1
4109,894,2302,16.1,2
4110,894,2347,7.96,2
4111,894,2376,12.52,2
4112,895,2331,13.98,3
4113,895,1653,10.41,2
4114,895,2180,6.33,1
4115,895,1737,17.56,3
4116,896,2252,16.71,2
4117,896,1852,18.49,1
4118,896,2164,15.03,3
4119,897,1548,16.74,2
4120,897,1560,11.35,2
4121,897,2129,5.57,3
4122,897,2236,19.17,1
4123,897,2264,14.66,1
4124,898,1685,13.51,3
4125,898,2144,28.55,2
4126,898,1406,20.72,3
4127,898,1559,17.0,2
4128,899,1939,11.01,3
4129,899,2040,29.87,3
4130,900,1882,18.08,2
4131,901,1441,22.03,2
4132,901,1975,25.13,1
4133,901,1759,8.08,1
4134,901,2161,20.82,1
4135,902,2376,12.52,3
4136,902,1689,16.94,2
4137,902,1945,25.7,2
4138,902,2230,6.62,2
4139,903,1453,20.67,2
4140,903,1536,9.26,3
4141,903,1813,23.62,2
4142,903,1539,5.89,3
4143,904,2182,29.94,2
4144,905,2088,24.26,1
4145,906,1452,19.08,1
4146,906,1611,29.22,1
4147,906,1619,27.44,2
4148,906,1810,16.81,2
4149,906,1826,17.75,3
4150,906,1930,7.46,3
4151,906,2040,29.87,3
4152,906,2106,18.47,1
4153,906,2156,6.12,1
4154,906,2182,29.94,2
4155,906,2269,8.43,1
4156,906,2300,17.38,1
4157,907,1472,25.69,2
4158,907,1481,9.46,3
4159,907,1539,5.89,3
4160,907,1659,15.39,2
4161,907,1726,22.17,3
4162,907,2009,21.42,1
4163,907,2027,15.65,2
4164,907,2072,22.05,1
4165,907,2126,11.12,1
4166,907,2236,19.17,1
4167,907,2302,16.1,2
4168,907,2307,18.26,3
4169,907,2347,7.96,2
4170,907,2376,12.52,2
4171,908,1414,8.87,1
4172,908,1488,24.64,3
4173,908,1577,17.48,2
4174,908,1767,17.6,2
4175,908,1906,17.51,2
4176,908,1952,27.01,3
4177,908,1971,13.63,2
4178,908,2023,22.97,2
4179,908,2149,14.46,2
4180,908,2158,15.57,1
4181,908,2382,21.71,3
4182,909,1501,27.34,2
4183,910,1607,6.4,3
4184,911,2308,8.95,2
4185,911,2354,25.17,3
4186,911,2171,7.61,3
4187,911,1751,24.68,2
4188,911,1932,9.09,3
4189,912,1789,15.08,2
4190,912,1861,29.37,2
4191,912,2014,25.44,2
4192,912,1502,28.71,3
4193,912,1491,15.92,1
4194,913,1926,26.67,2
4195,913,2261,18.81,3
4196,913,1851,27.18,2
4197,914,1410,16.91,2
4198,914,1525,16.76,3
4199,914,1538,12.25,1
4200,914,1584,28.18,1
4201,914,1597,18.99,1
4202,914,1619,27.44,2
4203,914,1658,26.2,2
4204,914,1744,23.69,1
4205,914,1752,26.92,2
4206,914,1764,15.33,1
4207,914,1787,16.21,1
4208,914,1825,20.49,2
4209,914,1961,16.62,3
4210,914,2198,13.6,2
4211,914,2275,25.07,2
4212,915,2268,9.39,1
4213,915,2353,18.13,3
4214,916,1777,26.62,2
4215,916,2126,11.12,3
4216,917,1869,18.9,1
4217,918,2143,7.23,1
4218,918,2342,17.04,1
4219,918,2023,22.97,1
4220,919,1399,22.85,3
4221,919,1477,11.45,3
4222,919,1487,27.39,1
4223,919,1736,16.02,2
4224,919,1892,11.24,3
4225,919,2058,5.72,2
4226,919,2166,9.14,1
4227,919,2323,29.26,2
4228,920,1398,5.72,3
4229,920,1414,8.87,2
4230,920,1498,13.84,3
4231,920,1506,6.23,2
4232,920,1587,7.44,3
4233,920,1626,29.38,2
4234,920,1639,25.82,1
4235,920,1714,6.33,3
4236,920,1833,14.33,2
4237,920,1945,25.7,3
4238,920,1951,28.0,3
4239,920,2079,10.46,1
4240,920,2123,6.17,3
4241,920,2139,24.8,3
4242,920,2197,25.42,2
4243,920,2219,12.72,1
4244,920,2248,27.72,2
4245,920,2379,22.78,2
4246,921,1390,10.81,1
4247,921,1488,24.64,2
4248,921,1621,19.55,1
4249,921,1762,15.71,3
4250,921,1764,15.33,1
4251,921,1814,26.49,3
4252,921,1858,14.06,3
4253,921,1896,23.03,1
4254,921,2086,7.95,3
4255,921,2087,19.91,2
4256,921,2201,28.47,3
4257,921,2386,29.7,1
4258,922,1503,19.21,1
4259,922,1530,11.83,1
4260,922,1639,25.82,1
4261,922,1733,12.76,1
4262,922,1791,10.79,2
4263,922,1960,28.34,1
4264,922,1981,20.87,3
4265,922,2196,7.54,2
4266,922,2233,23.61,1
4267,922,2249,15.93,1
4268,923,2233,23.61,2
4269,923,2301,21.28,2
4270,923,1963,24.75,2
4271,923,2075,19.15,1
4272,923,1967,5.11,1
4273,924,1434,18.96,1
4274,924,1498,13.84,1
4275,924,1573,13.76,3
4276,924,1615,24.07,1
4277,924,1737,17.56,3
4278,924,2250,24.74,2
4279,924,2286,19.36,2
4280,924,2301,21.28,1
4281,925,1570,21.27,1
4282,925,2355,10.29,2
4283,926,1392,25.76,2
4284,926,1540,24.7,3
4285,926,1563,26.75,1
4286,926,1688,12.87,1
4287,926,1953,10.19,1
4288,926,1957,5.67,1
4289,926,1969,13.33,1
4290,926,2018,18.86,1
4291,926,2209,7.83,2
4292,926,2214,18.19,3
4293,926,2320,19.4,2
4294,927,1414,8.87,3
4295,927,1458,10.13,2
4296,927,1495,10.88,2
4297,927,1550,5.87,3
4298,927,1574,16.19,3
4299,927,1596,18.88,1
4300,927,1619,27.44,3
4301,927,1663,17.43,1
4302,927,1769,23.61,2
4303,927,1822,22.54,3
4304,927,1920,25.28,2
4305,927,2057,6.17,2
4306,927,2157,17.63,3
4307,927,2203,14.36,2
4308,927,2232,15.92,3
4309,928,2198,13.6,3
4310,928,2085,23.79,3
4311,928,1396,25.56,1
4312,929,1629,25.99,3
4313,929,1776,14.83,1
4314,929,1779,6.97,2
4315,929,1959,14.92,2
4316,929,1967,5.11,3
4317,929,2086,7.95,1
4318,929,2130,28.19,1
4319,930,1493,7.03,1
4320,930,1502,28.71,1
4321,930,1567,7.36,3
4322,930,2164,15.03,2
4323,931,1606,13.36,1
4324,931,1791,10.79,1
4325,931,2063,29.67,3
4326,931,1982,18.18,2
4327,932,2032,20.83,2
4328,932,1467,10.92,3
4329,932,1685,13.51,3
4330,933,1513,28.52,2
4331,933,1504,18.3,2
4332,934,1417,20.72,1
4333,934,1624,8.82,2
4334,934,1631,16.42,1
4335,934,1634,19.77,3
4336,934,1693,22.63,3
4337,934,1887,12.6,3
4338,934,2024,13.39,2
4339,934,2081,21.38,1
4340,934,2164,15.03,1
4341,934,2237,7.9,3
4342,934,2363,11.31,3
4343,935,1390,10.81,1
4344,935,1481,9.46,2
4345,935,1504,18.3,3
4346,935,1641,23.3,1
4347,935,1766,14.22,2
4348,935,1892,11.24,2
4349,935,2295,21.6,3
4350,935,2353,18.13,2
4351,936,1455,5.39,3
4352,936,1511,21.2,1
4353,936,1574,16.19,1
4354,936,1669,20.77,2
4355,936,1757,28.13,3
4356,936,1787,16.21,1
4357,936,1832,25.7,3
4358,936,1872,28.29,2
4359,936,2009,21.42,2
4360,936,2042,27.12,1
4361,936,2087,19.91,2
4362,936,2131,11.78,3
4363,936,2234,16.93,2
4364,936,2323,29.26,1
4365,937,1413,25.59,1
4366,937,1643,21.31,2
4367,937,1766,14.22,3
4368,937,1832,25.7,3
4369,937,1854,18.64,2
4370,937,1862,7.5,1
4371,937,1882,18.08,3
4372,937,1958,22.69,3
4373,937,2133,21.99,3
4374,937,2155,8.35,3
4375,937,2156,6.12,2
4376,937,2312,25.98,2
4377,938,1455,5.39,1
4378,939,1485,26.58,1
4379,939,1682,19.72,2
4380,939,1884,17.57,2
4381,939,2124,21.72,3
4382,939,2274,23.69,3
4383,939,2378,22.63,3
4384,940,1562,10.52,1
4385,940,2076,23.82,1
4386,940,1447,15.71,1
4387,941,1390,10.81,1
4388,941,1481,9.46,2
4389,941,1504,18.3,3
4390,941,1641,23.3,1
4391,941,1766,14.22,2
4392,941,1892,11.24,2
4393,941,2295,21.6,3
4394,941,2353,18.13,2
4395,942,1876,16.87,1
4396,942,1955,17.32,1
4397,942,1521,14.98,1
4398,942,1773,27.22,1
4399,943,1415,22.85,2
4400,943,1590,15.32,2
4401,943,1605,10.07,3
4402,943,1628,18.56,2
4403,943,1671,28.62,3
4404,943,1717,18.14,1
4405,943,1793,23.06,2
4406,943,1813,23.62,3
4407,943,1819,28.57,2
4408,943,2056,28.73,1
4409,943,2124,21.72,1
4410,943,2153,19.76,2
4411,944,1388,19.57,3
4412,944,1922,21.7,2
4413,944,1990,21.68,3
4414,944,1735,13.97,2
4415,945,1799,9.05,3
4416,946,1436,25.17,2
4417,946,1531,20.16,1
4418,946,1544,7.35,2
4419,946,1561,14.23,3
4420,946,1668,5.52,1
4421,946,1929,27.52,3
4422,946,1998,11.92,3
4423,946,2135,27.72,3
4424,946,2206,25.89,2
4425,946,2257,21.62,3
4426,946,2264,14.66,2
4427,946,2268,9.39,1
4428,947,1420,8.29,2
4429,947,1652,9.44,3
4430,947,1720,8.75,3
4431,947,1731,18.03,3
4432,947,1786,7.07,1
4433,947,1943,16.19,2
4434,947,2236,19.17,2
4435,947,2260,8.82,3
4436,947,2296,16.57,1
4437,948,1494,27.57,3
4438,948,1500,7.78,3
4439,948,1501,27.34,2
4440,948,1572,16.27,2
4441,948,1760,19.15,1
4442,948,1896,23.03,2
4443,948,2130,28.19,1
4444,948,2145,8.8,1
4445,948,2235,21.4,2
4446,948,2293,8.79,1
4447,948,2352,12.31,3
4448,949,1433,17.91,1
4449,949,1448,8.31,2
4450,949,1470,9.65,2
4451,949,1539,5.89,1
4452,949,1654,21.96,3
4453,949,1867,8.25,3
4454,949,1888,11.89,2
4455,949,1908,24.92,1
4456,949,2168,15.24,1
4457,949,2312,25.98,1
4458,950,1543,8.54,2
4459,950,1635,26.69,2
4460,951,2043,14.67,3
4461,951,2063,29.67,2
4462,951,2359,14.58,3
4463,952,1424,9.54,3
4464,952,1437,26.76,2
4465,952,1594,19.12,3
4466,952,1673,20.95,3
4467,952,1712,12.52,1
4468,952,1714,6.33,2
4469,952,1778,22.97,2
4470,952,1844,11.25,2
4471,952,1902,11.85,3
4472,952,2096,6.81,3
4473,952,2114,7.46,1
4474,952,2249,15.93,1
4475,952,2363,11.31,3
4476,953,2217,23.75,3
4477,953,1935,16.86,1
4478,953,1512,7.32,1
4479,953,1902,11.85,2
4480,953,2020,17.3,1
4481,954,1905,21.96,3
4482,954,2052,29.51,2
4483,954,1638,14.29,1
4484,955,1449,27.9,3
4485,955,2310,13.53,1
4486,955,1853,8.0,1
4487,956,1774,6.17,1
4488,956,1869,18.9,1
4489,956,1885,10.33,3
4490,956,2052,29.51,1
4491,956,2069,20.29,2
4492,956,2124,21.72,3
4493,956,2190,7.45,1
4494,956,2191,22.91,3
4495,956,2202,13.56,3
4496,956,2230,6.62,1
4497,956,2232,15.92,1
4498,956,2270,9.96,1
4499,956,2314,29.85,2
4500,956,2339,23.31,3
4501,957,1410,16.91,2
4502,957,1525,16.76,3
4503,957,1538,12.25,1
4504,957,1584,28.18,1
4505,957,1597,18.99,1
4506,957,1619,27.44,2
4507,957,1658,26.2,2
4508,957,1744,23.69,1
4509,957,1752,26.92,2
4510,957,1764,15.33,1
4511,957,1787,16.21,1
4512,957,1825,20.49,2
4513,957,1961,16.62,3
4514,957,2198,13.6,2
4515,957,2275,25.07,2
4516,958,1820,24.57,3
4517,958,1967,5.11,2
4518,959,1461,17.65,3
4519,959,1464,17.41,2
4520,959,1471,28.53,1
4521,959,1677,28.36,1
4522,959,1687,27.71,1
4523,959,1775,12.74,1
4524,959,1871,29.49,1
4525,959,1912,5.99,3
4526,959,1971,13.63,3
4527,959,1976,8.56,2
4528,959,2012,5.02,1
4529,959,2149,14.46,3
4530,959,2334,27.18,1
4531,959,2361,21.91,2
4532,959,2385,11.97,2
4533,960,1395,14.47,1
4534,960,1572,16.27,3
4535,960,1705,25.95,3
4536,960,1732,10.1,1
4537,960,1916,19.95,2
4538,960,2001,13.12,3
4539,960,2163,14.87,3
4540,960,2165,9.6,2
4541,960,2186,14.79,2
4542,960,2223,11.62,2
4543,960,2240,9.74,3
4544,961,2122,6.6,3
4545,961,1765,23.65,1
4546,961,1739,13.93,2
4547,961,1507,25.01,3
4548,961,1950,11.35,2
4549,962,1549,5.97,2
4550,962,2054,21.28,2
4551,963,1415,22.85,2
4552,963,1590,15.32,2
4553,963,1605,10.07,3
4554,963,1628,18.56,2
4555,963,1671,28.62,3
4556,963,1717,18.14,1
4557,963,1793,23.06,2
4558,963,1813,23.62,3
4559,963,1819,28.57,2
4560,963,2056,28.73,1
4561,963,2124,21.72,1
4562,963,2153,19.76,2
4563,964,1440,21.37,2
4564,964,1670,29.77,1
4565,964,1719,19.5,1
4566,964,1809,5.56,2
4567,964,1826,17.75,1
4568,964,1851,27.18,1
4569,964,1855,9.72,1
4570,964,2073,5.62,3
4571,964,2156,6.12,3
4572,964,2277,14.74,2
4573,964,2310,13.53,2
4574,965,1409,15.78,1
4575,965,1523,17.02,2
4576,965,1559,17.0,1
4577,965,1563,26.75,1
4578,965,1674,18.62,1
4579,965,1729,18.87,1
4580,965,1765,23.65,2
4581,965,1954,9.17,2
4582,965,2056,28.73,3
4583,965,2126,11.12,1
4584,965,2270,9.96,2
4585,965,2345,22.75,1
4586,965,2382,21.71,2
4587,966,1564,12.41,1
4588,966,1875,26.12,1
4589,966,1978,26.84,1
4590,966,2101,20.8,1
4591,966,2155,8.35,1
4592,966,2226,17.93,2
4593,967,2113,25.1,1
4594,967,1854,18.64,3
4595,967,1399,22.85,2
4596,967,2176,20.85,2
4597,968,1643,21.31,2
4598,968,1688,12.87,1
4599,968,1780,5.9,1
4600,968,1789,15.08,1
4601,968,1831,25.09,3
4602,968,1852,18.49,1
4603,968,1882,18.08,2
4604,968,1933,12.73,1
4605,968,1940,5.81,1
4606,968,2015,9.75,1
4607,968,2017,10.18,1
4608,968,2234,16.93,1
4609,968,2356,27.67,3
4610,968,2365,10.64,2
4611,969,1416,24.48,1
4612,969,1500,7.78,1
4613,969,1599,20.92,1
4614,969,1694,9.5,2
4615,969,2011,21.05,3
4616,969,2023,22.97,1
4617,969,2169,23.08,1
4618,969,2231,21.67,2
4619,969,2321,14.07,2
4620,969,2325,12.11,2
4621,970,1512,7.32,1
4622,970,1530,11.83,2
4623,970,1636,13.22,1
4624,970,1652,9.44,1
4625,970,1715,24.9,2
4626,970,2123,6.17,2
4627,970,2138,23.47,1
4628,970,2206,25.89,1
4629,970,2248,27.72,3
4630,970,2361,21.91,1
4631,971,1523,17.02,3
4632,971,1549,5.97,2
4633,971,1607,6.4,3
4634,971,1677,28.36,3
4635,971,1696,11.29,2
4636,971,1743,9.78,1
4637,971,1753,26.03,3
4638,971,1882,18.08,3
4639,971,1890,26.7,1
4640,971,2042,27.12,2
4641,971,2100,28.76,2
4642,971,2107,28.61,3
4643,971,2195,14.11,1
4644,971,2271,18.4,3
4645,971,2315,12.61,2
4646,971,2373,15.78,1
4647,971,2379,22.78,2
4648,972,1414,8.87,1
4649,972,1488,24.64,3
4650,972,1577,17.48,2
4651,972,1767,17.6,2
4652,972,1906,17.51,2
4653,972,1952,27.01,3
4654,972,1971,13.63,2
4655,972,2023,22.97,2
4656,972,2149,14.46,2
4657,972,2158,15.57,1
4658,972,2382,21.71,3
4659,973,1410,16.91,2
4660,973,1525,16.76,3
4661,973,1538,12.25,1
4662,973,1584,28.18,1
4663,973,1597,18.99,1
4664,973,1619,27.44,2
4665,973,1658,26.2,2
4666,973,1744,23.69,1
4667,973,1752,26.92,2
4668,973,1764,15.33,1
4669,973,1787,16.21,1
4670,973,1825,20.49,2
4671,973,1961,16.62,3
4672,973,2198,13.6,2
4673,973,2275,25.07,2
4674,974,1512,7.32,1
4675,974,1530,11.83,2
4676,974,1636,13.22,1
4677,974,1652,9.44,1
4678,974,1715,24.9,2
4679,974,2123,6.17,2
4680,974,2138,23.47,1
4681,974,2206,25.89,1
4682,974,2248,27.72,3
4683,974,2361,21.91,1
4684,975,1452,19.08,1
4685,975,1611,29.22,1
4686,975,1619,27.44,2
4687,975,1810,16.81,2
4688,975,1826,17.75,3
4689,975,1930,7.46,3
4690,975,2040,29.87,3
4691,975,2106,18.47,1
4692,975,2156,6.12,1
4693,975,2182,29.94,2
4694,975,2269,8.43,1
4695,975,2300,17.38,1
4696,976,1394,6.99,2
4697,976,1397,28.53,1
4698,976,1405,10.78,2
4699,976,1475,12.32,3
4700,976,1539,5.89,3
4701,976,1771,11.32,1
4702,976,2073,5.62,3
4703,976,2084,20.21,3
4704,976,2133,21.99,2
4705,976,2305,15.56,1
4706,976,2320,19.4,2
4707,976,2330,30.0,2
4708,976,2336,12.1,2
4709,977,1416,24.48,1
4710,977,1524,15.65,2
4711,977,1551,14.91,2
4712,977,1562,10.52,3
4713,977,1686,12.89,1
4714,977,1830,5.77,3
4715,977,1860,19.44,2
4716,977,1970,22.3,3
4717,977,1982,18.18,1
4718,977,2003,7.34,3
4719,977,2027,15.65,3
4720,977,2136,15.48,1
4721,977,2222,9.43,2
4722,978,1427,21.81,1
4723,978,1449,27.9,2
4724,978,1476,10.69,3
4725,978,1601,11.63,3
4726,978,1612,10.4,1
4727,978,1718,10.14,3
4728,978,1767,17.6,2
4729,978,2024,13.39,1
4730,978,2133,21.99,2
4731,978,2135,27.72,1
4732,978,2176,20.85,1
4733,978,2247,29.52,3
4734,978,2296,16.57,1
4735,978,2337,6.93,2
4736,978,2343,27.0,1
4737,979,1394,6.99,2
4738,979,1427,21.81,1
4739,979,1457,22.97,2
4740,979,1554,19.94,3
4741,979,1565,20.21,2
4742,979,1643,21.31,1
4743,979,1720,8.75,2
4744,979,1764,15.33,1
4745,979,1847,7.92,3
4746,979,1853,8.0,1
4747,979,2220,26.09,1
4748,979,2321,14.07,1
4749,980,1439,24.46,3
4750,980,1595,8.35,2
4751,980,1654,21.96,3
4752,980,2113,25.1,2
4753,981,1394,6.99,2
4754,981,1397,28.53,1
4755,981,1405,10.78,2
4756,981,1475,12.32,3
4757,981,1539,5.89,3
4758,981,1771,11.32,1
4759,981,2073,5.62,3
4760,981,2084,20.21,3
4761,981,2133,21.99,2
4762,981,2305,15.56,1
4763,981,2320,19.4,2
4764,981,2330,30.0,2
4765,981,2336,12.1,2
4766,982,1411,26.88,3
4767,982,1426,8.98,3
4768,982,1451,6.59,3
4769,982,1546,18.34,3
4770,982,1554,19.94,3
4771,982,1629,25.99,1
4772,982,1694,9.5,2
4773,982,1697,13.99,3
4774,982,1768,6.73,2
4775,982,1810,16.81,3
4776,982,1870,14.56,1
4777,982,1892,11.24,3
4778,982,2105,7.09,3
4779,983,2116,15.01,3
4780,983,1925,7.03,3
4781,984,1559,17.0,2
4782,984,1570,21.27,3
4783,984,1714,6.33,1
4784,984,1897,22.87,1
4785,984,2287,27.82,3
4786,984,2329,18.52,3
4787,985,1395,14.47,3
4788,985,1435,15.82,2
4789,985,1517,21.04,2
4790,985,1551,14.91,2
4791,985,1670,29.77,1
4792,985,1717,18.14,2
4793,985,1720,8.75,1
4794,985,1819,28.57,1
4795,985,1871,29.49,3
4796,985,1878,8.75,3
4797,985,2019,11.74,3
4798,985,2320,19.4,2
4799,985,2379,22.78,2
4800,986,1423,18.35,2
4801,986,1451,6.59,3
4802,986,1548,16.74,2
4803,986,1642,29.72,3
4804,986,1667,14.87,2
4805,986,1717,18.14,1
4806,986,1758,5.59,1
4807,986,1915,13.49,3
4808,986,1930,7.46,2
4809,986,2126,11.12,2
4810,986,2188,24.99,3
4811,986,2233,23.61,2
4812,987,1432,22.57,3
4813,987,1640,26.15,3
4814,987,1645,9.99,2
4815,987,1689,16.94,1
4816,987,1767,17.6,2
4817,987,1844,11.25,2
4818,987,1949,10.68,2
4819,987,2036,28.82,2
4820,987,2077,17.9,3
4821,987,2097,13.2,1
4822,987,2169,23.08,2
4823,987,2175,7.46,3
4824,987,2272,28.27,3
4825,987,2316,27.93,3
4826,987,2373,15.78,1
4827,988,2102,8.18,3
4828,988,1623,8.14,1
4829,988,1805,26.45,3
4830,988,2338,18.28,2
4831,988,1793,23.06,1
4832,989,1429,16.93,2
4833,989,1508,23.91,2
4834,989,1515,9.18,2
4835,989,1517,21.04,1
4836,989,1564,12.41,1
4837,989,1616,14.18,3
4838,989,1618,6.45,3
4839,989,1662,9.39,2
4840,989,1788,23.81,1
4841,989,2067,25.91,3
4842,989,2137,17.23,1
4843,989,2305,15.56,1
4844,989,2312,25.98,3
4845,989,2318,21.16,3
4846,989,2324,12.31,2
4847,989,2345,22.75,3
4848,990,1835,12.78,2
4849,991,1786,7.07,2
4850,991,1631,16.42,3
4851,991,1499,8.43,3
4852,991,2366,16.5,2
4853,992,2004,28.14,2
4854,992,2092,10.62,2
4855,992,1838,24.85,1
4856,992,2346,26.5,2
4857,992,1812,14.09,2
4858,993,1592,20.85,2
4859,993,2153,19.76,1
4860,993,2306,29.9,1
4861,993,2300,17.38,1
4862,993,1410,16.91,3
4863,994,1918,22.68,2
4864,995,1394,6.99,2
4865,995,1427,21.81,1
4866,995,1457,22.97,2
4867,995,1554,19.94,3
4868,995,1565,20.21,2
4869,995,1643,21.31,1
4870,995,1720,8.75,2
4871,995,1764,15.33,1
4872,995,1847,7.92,3
4873,995,1853,8.0,1
4874,995,2220,26.09,1
4875,995,2321,14.07,1
4876,996,1969,13.33,1
4877,996,2168,15.24,3
4878,996,1943,16.19,1
4879,996,2009,21.42,2
4880,996,1453,20.67,1
4881,997,1410,16.91,2
4882,997,1525,16.76,3
4883,997,1538,12.25,1
4884,997,1584,28.18,1
4885,997,1597,18.99,1
4886,997,1619,27.44,2
4887,997,1658,26.2,2
4888,997,1744,23.69,1
4889,997,1752,26.92,2
4890,997,1764,15.33,1
4891,997,1787,16.21,1
4892,997,1825,20.49,2
4893,997,1961,16.62,3
4894,997,2198,13.6,2
4895,997,2275,25.07,2
4896,998,2282,13.96,2
4897,998,1417,20.72,1
4898,999,1417,20.72,3
4899,999,1449,27.9,1
4900,999,1474,24.83,2
4901,999,1510,10.96,1
4902,999,1513,28.52,2
4903,999,1550,5.87,2
4904,999,1739,13.93,1
4905,999,1827,5.57,3
4906,999,2039,16.79,1
4907,999,2138,23.47,2
4908,999,2258,24.72,1
4909,999,2357,19.32,1
4910,999,2387,8.32,1
4911,1000,1555,17.31,1
4912,1000,1892,11.24,3
4913,1000,2358,24.74,2
4914,1001,1472,25.69,1
4915,1001,1396,25.56,2
4916,1001,1823,12.06,1
4917,1001,1790,25.18,3
4918,1002,1401,25.34,3
4919,1002,1451,6.59,3
4920,1002,1745,21.49,1
4921,1002,1820,24.57,2
4922,1002,1888,11.89,1
4923,1002,2166,9.14,2
4924,1002,2173,9.41,1
4925,1002,2330,30.0,1
4926,1002,2338,18.28,1
4927,1002,2348,21.12,2
4928,1003,1842,15.82,1
4929,1003,1734,6.06,1
4930,1003,1910,16.42,2
4931,1003,1425,23.7,3
4932,1003,1546,18.34,3
4933,1004,2115,9.82,3
4934,1004,1675,19.23,2
4935,1005,1888,11.89,2
4936,1005,2374,6.11,2
4937,1005,1766,14.22,2
4938,1005,1447,15.71,2
4939,1005,1589,24.56,2
4940,1006,1512,7.32,3
4941,1006,1498,13.84,1
4942,1006,1964,22.09,3
4943,1006,2259,14.59,3
4944,1006,2363,11.31,1
4945,1007,1395,14.47,3
4946,1007,1435,15.82,2
4947,1007,1517,21.04,2
4948,1007,1551,14.91,2
4949,1007,1670,29.77,1
4950,1007,1717,18.14,2
4951,1007,1720,8.75,1
4952,1007,1819,28.57,1
4953,1007,1871,29.49,3
4954,1007,1878,8.75,3
4955,1007,2019,11.74,3
4956,1007,2320,19.4,2
4957,1007,2379,22.78,2
4958,1008,1411,26.88,2
4959,1008,1927,11.68,1
4960,1008,2347,7.96,3
4961,1008,2186,14.79,2
4962,1008,1641,23.3,1
4963,1009,1629,25.99,3
4964,1009,1693,22.63,1
4965,1009,2367,21.91,2
4966,1009,2111,15.4,3
4967,1009,1447,15.71,1
4968,1010,1415,22.85,1
4969,1010,1427,21.81,3
4970,1010,1526,18.33,3
4971,1010,1534,28.28,1
4972,1010,1543,8.54,2
4973,1010,1739,13.93,1
4974,1010,1948,8.58,3
4975,1010,2085,23.79,2
4976,1010,2138,23.47,1
4977,1010,2180,6.33,1
4978,1011,2164,15.03,2
4979,1011,2147,17.73,1
4980,1011,1736,16.02,1
4981,1011,1463,11.25,3
4982,1012,1957,5.67,2
4983,1012,1767,17.6,3
4984,1013,1546,18.34,3
4985,1013,1593,26.09,1
4986,1013,1611,29.22,1
4987,1013,1669,20.77,1
4988,1013,1816,28.8,3
4989,1013,2024,13.39,2
4990,1013,2086,7.95,3
4991,1013,2182,29.94,3
4992,1013,2366,16.5,1
4993,1014,1680,9.28,1
4994,1015,1412,25.31,3
4995,1015,1430,7.1,3
4996,1015,1443,5.79,1
4997,1015,1501,27.34,1
4998,1015,1526,18.33,2
4999,1015,1557,8.52,3
5000,1015,1587,7.44,3
5001,1015,1618,6.45,2
5002,1015,1727,11.9,3
5003,1015,1778,22.97,3
5004,1015,1815,22.2,3
5005,1015,1913,8.46,2
5006,1015,2060,26.35,1
5007,1015,2201,28.47,3
5008,1016,1504,18.3,1
5009,1016,1568,27.16,2
5010,1016,1583,18.98,3
5011,1016,1587,7.44,1
5012,1016,1591,28.76,1
5013,1016,1879,13.22,2
5014,1016,1881,11.42,2
5015,1016,2047,9.38,1
5016,1016,2158,15.57,1
5017,1016,2201,28.47,2
5018,1016,2337,6.93,3
5019,1016,2377,25.36,2
5020,1017,1548,16.74,2
5021,1017,1560,11.35,2
5022,1017,2046,17.07,3
5023,1017,2129,5.57,3
5024,1017,2236,19.17,1
5025,1017,2264,14.66,1
5026,1018,1429,16.93,3
5027,1018,1516,26.06,1
5028,1018,1647,13.95,2
5029,1018,1810,16.81,3
5030,1018,1828,5.5,3
5031,1018,1857,17.75,3
5032,1018,1921,13.54,1
5033,1018,1995,29.96,1
5034,1018,2052,29.51,1
5035,1018,2228,24.33,3
5036,1018,2234,16.93,1
5037,1019,1424,9.54,3
5038,1019,2117,8.73,2
5039,1019,2191,22.91,3
5040,1019,1650,22.05,3
5041,1019,1559,17.0,3
5042,1020,1415,22.85,2
5043,1020,2309,7.58,2
5044,1021,1467,10.92,3
5045,1021,1488,24.64,3
5046,1021,1840,27.3,1
5047,1022,2009,21.42,1
5048,1023,2327,23.41,3
5049,1023,2107,28.61,2
5050,1023,1729,18.87,1
5051,1023,2187,14.62,1
5052,1024,1436,25.17,2
5053,1024,1531,20.16,1
5054,1024,1544,7.35,2
5055,1024,1561,14.23,3
5056,1024,1668,5.52,1
5057,1024,1929,27.52,3
5058,1024,1998,11.92,3
5059,1024,2135,27.72,3
5060,1024,2206,25.89,2
5061,1024,2257,21.62,3
5062,1024,2264,14.66,2
5063,1024,2268,9.39,1
5064,1025,1440,21.37,2
5065,1025,1670,29.77,1
5066,1025,1719,19.5,1
5067,1025,1809,5.56,2
5068,1025,1826,17.75,1
5069,1025,1851,27.18,1
5070,1025,1855,9.72,1
5071,1025,2073,5.62,3
5072,1025,2156,6.12,3
5073,1025,2277,14.74,2
5074,1025,2310,13.53,2
5075,1026,1750,24.56,2
5076,1027,1971,13.63,3
5077,1027,1701,23.23,2
5078,1027,1408,21.49,2
5079,1027,2081,21.38,2
5080,1027,2355,10.29,2
5081,1028,1440,21.37,2
5082,1028,1548,16.74,1
5083,1028,1555,17.31,1
5084,1028,1574,16.19,1
5085,1028,1621,19.55,3
5086,1028,1729,18.87,1
5087,1028,1773,27.22,1
5088,1028,1805,26.45,3
5089,1028,1880,28.8,1
5090,1028,2142,19.46,2
5091,1028,2258,24.72,3
5092,1028,2259,14.59,1
5093,1029,1512,7.32,1
5094,1029,1530,11.83,2
5095,1029,1636,13.22,1
5096,1029,1652,9.44,1
5097,1029,1715,24.9,2
5098,1029,2123,6.17,2
5099,1029,2138,23.47,1
5100,1029,2206,25.89,1
5101,1029,2248,27.72,3
5102,1029,2361,21.91,1
5103,1030,1732,10.1,2
5104,1030,2202,13.56,2
5105,1030,2328,8.36,2
5106,1030,2093,8.13,3
5107,1031,1412,25.31,3
5108,1031,1430,7.1,3
5109,1031,1443,5.79,1
5110,1031,1501,27.34,1
5111,1031,1526,18.33,2
5112,1031,1557,8.52,3
5113,1031,1587,7.44,3
5114,1031,1618,6.45,2
5115,1031,1727,11.9,3
5116,1031,1778,22.97,3
5117,1031,1815,22.2,3
5118,1031,1913,8.46,2
5119,1031,2060,26.35,1
5120,1031,2201,28.47,3
5121,1032,1395,14.47,2
5122,1032,1420,8.29,2
5123,1032,1428,24.51,3
5124,1032,1541,21.39,1
5125,1032,1558,9.06,2
5126,1032,1582,25.65,2
5127,1032,1600,29.97,3
5128,1032,1661,13.24,1
5129,1032,1674,18.62,3
5130,1032,1709,7.38,3
5131,1032,1720,8.75,3
5132,1032,1862,7.5,1
5133,1032,1884,17.57,1
5134,1032,1942,21.06,1
5135,1032,1975,25.13,3
5136,1032,2070,7.22,2
5137,1032,2124,21.72,1
5138,1032,2280,15.64,2
5139,1032,2340,5.89,3
5140,1033,1434,18.96,1
5141,1033,1601,11.63,1
5142,1033,1645,9.99,2
5143,1033,1673,20.95,1
5144,1033,1841,21.97,3
5145,1033,1873,27.38,2
5146,1033,1931,23.59,3
5147,1033,1950,11.35,1
5148,1033,1970,22.3,2
5149,1033,2046,17.07,2
5150,1033,2070,7.22,1
5151,1033,2144,28.55,1
5152,1034,2337,6.93,1
5153,1035,1893,18.36,1
5154,1035,2282,13.96,3
5155,1035,1913,8.46,2
5156,1035,2262,21.58,3
5157,1035,1915,13.49,1
5158,1036,1810,16.81,2
5159,1036,1706,14.98,1
5160,1036,1475,12.32,3
5161,1036,1878,8.75,2
5162,1037,1742,25.54,3
5163,1037,1753,26.03,2
5164,1037,1882,18.08,2
5165,1037,1911,29.26,2
5166,1037,1927,11.68,3
5167,1037,2113,25.1,3
5168,1037,2212,25.35,1
5169,1037,2263,20.34,1
5170,1037,2265,28.14,1
5171,1037,2375,20.59,2
5172,1038,1881,11.42,1
5173,1038,2062,19.69,2
5174,1039,2128,26.33,2
5175,1039,2374,6.11,1
5176,1040,1668,5.52,1
5177,1040,1614,11.47,3
5178,1040,1817,17.54,2
5179,1040,2312,25.98,2
5180,1041,1433,17.91,2
5181,1041,1513,28.52,2
5182,1041,1615,24.07,2
5183,1041,1637,16.28,2
5184,1041,1698,27.99,1
5185,1041,1931,23.59,3
5186,1041,1952,27.01,3
5187,1041,1983,10.82,3
5188,1041,2157,17.63,3
5189,1041,2257,21.62,1
5190,1042,1564,12.41,1
5191,1042,1875,26.12,1
5192,1042,1978,26.84,1
5193,1042,2101,20.8,1
5194,1042,2155,8.35,1
5195,1042,2226,17.93,2
5196,1043,2364,28.64,2
5197,1043,1897,22.87,1
5198,1043,1574,16.19,3
5199,1044,2079,10.46,3
5200,1045,1432,22.57,3
5201,1045,1640,26.15,3
5202,1045,1645,9.99,2
5203,1045,1689,16.94,1
5204,1045,1767,17.6,2
5205,1045,1844,11.25,2
5206,1045,1949,10.68,2
5207,1045,2036,28.82,2
5208,1045,2077,17.9,3
5209,1045,2097,13.2,1
5210,1045,2169,23.08,2
5211,1045,2175,7.46,3
5212,1045,2272,28.27,3
5213,1045,2316,27.93,3
5214,1045,2373,15.78,1
5215,1046,1423,18.35,2
5216,1046,1451,6.59,3
5217,1046,1548,16.74,2
5218,1046,1642,29.72,3
5219,1046,1667,14.87,2
5220,1046,1717,18.14,1
5221,1046,1758,5.59,1
5222,1046,1915,13.49,3
5223,1046,1930,7.46,2
5224,1046,2126,11.12,2
5225,1046,2188,24.99,3
5226,1046,2233,23.61,2
5227,1047,1774,6.17,1
5228,1047,1869,18.9,1
5229,1047,1885,10.33,3
5230,1047,2052,29.51,1
5231,1047,2069,20.29,2
5232,1047,2124,21.72,3
5233,1047,2190,7.45,1
5234,1047,2191,22.91,3
5235,1047,2202,13.56,3
5236,1047,2230,6.62,1
5237,1047,2232,15.92,1
5238,1047,2270,9.96,1
5239,1047,2314,29.85,2
5240,1047,2339,23.31,3
5241,1048,1461,17.65,3
5242,1048,1464,17.41,2
5243,1048,1471,28.53,1
5244,1048,1677,28.36,1
5245,1048,1687,27.71,1
5246,1048,1775,12.74,1
5247,1048,1871,29.49,1
5248,1048,1912,5.99,3
5249,1048,1971,13.63,3
5250,1048,1976,8.56,2
5251,1048,2012,5.02,1
5252,1048,2149,14.46,3
5253,1048,2334,27.18,1
5254,1048,2361,21.91,2
5255,1048,2385,11.97,2
5256,1049,1722,16.44,2
5257,1049,1920,25.28,3
5258,1049,2200,27.96,3
5259,1049,1427,21.81,2
5260,1050,1438,23.87,3
5261,1050,1504,18.3,3
5262,1050,1572,16.27,1
5263,1050,1584,28.18,2
5264,1050,1723,6.21,2
5265,1050,1847,7.92,2
5266,1050,1852,18.49,3
5267,1050,2118,26.14,2
5268,1050,2139,24.8,2
5269,1050,2242,26.99,1
5270,1050,2321,14.07,3
5271,1050,2357,19.32,2
5272,1051,1436,25.17,2
5273,1051,1531,20.16,1
5274,1051,1544,7.35,2
5275,1051,1561,14.23,3
5276,1051,1668,5.52,1
5277,1051,1929,27.52,3
5278,1051,1998,11.92,3
5279,1051,2135,27.72,3
5280,1051,2206,25.89,2
5281,1051,2257,21.62,3
5282,1051,2264,14.66,2
5283,1051,2268,9.39,1
5284,1052,2029,19.44,3
5285,1052,2076,23.82,1
5286,1052,1601,11.63,2
5287,1053,1413,25.59,2
5288,1053,1614,11.47,1
5289,1053,1721,20.77,3
5290,1053,1794,25.26,2
5291,1053,1954,9.17,3
5292,1053,1960,28.34,1
5293,1053,2039,16.79,2
5294,1053,2261,18.81,2
5295,1053,2360,7.65,1
5296,1054,1438,23.87,3
5297,1054,1504,18.3,3
5298,1054,1572,16.27,1
5299,1054,1584,28.18,2
5300,1054,1723,6.21,2
5301,1054,1847,7.92,2
5302,1054,1852,18.49,3
5303,1054,2118,26.14,2
5304,1054,2139,24.8,2
5305,1054,2242,26.99,1
5306,1054,2321,14.07,3
5307,1054,2357,19.32,2
5308,1055,1410,16.91,2
5309,1055,1525,16.76,3
5310,1055,1538,12.25,1
5311,1055,1584,28.18,1
5312,1055,1597,18.99,1
5313,1055,1619,27.44,2
5314,1055,1658,26.2,2
5315,1055,1744,23.69,1
5316,1055,1752,26.92,2
5317,1055,1764,15.33,1
5318,1055,1787,16.21,1
5319,1055,1825,20.49,2
5320,1055,1961,16.62,3
5321,1055,2198,13.6,2
5322,1055,2275,25.07,2
5323,1056,1956,13.27,1
5324,1057,1667,14.87,3
5325,1057,1731,18.03,3
5326,1057,1481,9.46,3
5327,1057,1849,29.95,3
5328,1057,1595,8.35,3
5329,1058,1559,17.0,2
5330,1058,1570,21.27,3
5331,1058,1714,6.33,1
5332,1058,1897,22.87,1
5333,1058,2287,27.82,3
5334,1058,2329,18.52,3
5335,1059,1733,12.76,2
5336,1059,1763,23.98,1
5337,1059,1888,11.89,3
5338,1059,2068,7.89,1
5339,1059,2087,19.91,1
5340,1059,2093,8.13,3
5341,1059,2206,25.89,3
5342,1059,2277,14.74,2
5343,1059,2290,25.04,1
5344,1059,2315,12.61,2
5345,1060,1480,18.38,3
5346,1060,1390,10.81,2
5347,1061,2309,7.58,3
5348,1061,1432,22.57,1
5349,1061,1728,24.58,1
5350,1062,1429,16.93,3
5351,1062,1516,26.06,1
5352,1062,1647,13.95,2
5353,1062,1810,16.81,3
5354,1062,1828,5.5,3
5355,1062,1857,17.75,3
5356,1062,1921,13.54,1
5357,1062,1995,29.96,1
5358,1062,2052,29.51,1
5359,1062,2228,24.33,3
5360,1062,2234,16.93,1
5361,1063,2275,25.07,1
5362,1063,1538,12.25,1
5363,1063,1674,18.62,3
5364,1064,2170,19.64,1
5365,1064,1486,25.83,2
5366,1064,1995,29.96,2
5367,1064,2168,15.24,2
5368,1064,2273,16.95,2
5369,1065,1891,7.47,2
5370,1065,1825,20.49,3
5371,1065,1612,10.4,1
5372,1066,1415,22.85,1
5373,1066,1427,21.81,3
5374,1066,1526,18.33,3
5375,1066,1534,28.28,1
5376,1066,1543,8.54,2
5377,1066,1739,13.93,1
5378,1066,1948,8.58,3
5379,1066,2085,23.79,2
5380,1066,2138,23.47,1
5381,1066,2180,6.33,1
5382,1067,1481,9.46,2
5383,1067,1941,7.56,2
5384,1067,1515,9.18,2
5385,1067,2260,8.82,1
5386,1068,1392,25.76,2
5387,1068,1419,24.11,1
5388,1068,1569,9.72,2
5389,1068,1576,6.94,2
5390,1068,1621,19.55,2
5391,1068,1626,29.38,3
5392,1068,1734,6.06,3
5393,1068,1810,16.81,1
5394,1068,1860,19.44,1
5395,1068,2014,25.44,1
5396,1068,2141,28.57,3
5397,1068,2180,6.33,3
5398,1068,2310,13.53,2
5399,1068,2337,6.93,3
5400,1068,2370,26.07,2
5401,1068,2381,28.99,2
5402,1069,1433,17.91,1
5403,1069,1448,8.31,2
5404,1069,1470,9.65,2
5405,1069,1539,5.89,1
5406,1069,1654,21.96,3
5407,1069,1867,8.25,3
5408,1069,1888,11.89,2
5409,1069,1908,24.92,1
5410,1069,2168,15.24,1
5411,1069,2312,25.98,1
5412,1070,1542,13.72,2
5413,1070,1853,8.0,3
5414,1070,1868,18.83,3
5415,1070,1998,11.92,2
5416,1071,2058,5.72,1
5417,1071,1490,6.93,1
5418,1071,1535,14.29,1
5419,1071,1495,10.88,3
5420,1072,1468,29.0,3
5421,1072,1535,14.29,3
5422,1072,1637,16.28,1
5423,1072,1712,12.52,2
5424,1072,1803,12.55,3
5425,1072,1835,12.78,1
5426,1072,2024,13.39,1
5427,1072,2035,10.35,3
5428,1072,2046,17.07,2
5429,1072,2133,21.99,1
5430,1072,2200,27.96,3
5431,1072,2214,18.19,3
5432,1072,2237,7.9,2
5433,1073,1395,14.47,1
5434,1073,1572,16.27,3
5435,1073,1705,25.95,3
5436,1073,1732,10.1,1
5437,1073,1916,19.95,2
5438,1073,2001,13.12,3
5439,1073,2163,14.87,3
5440,1073,2165,9.6,2
5441,1073,2186,14.79,2
5442,1073,2223,11.62,2
5443,1073,2240,9.74,3
5444,1074,1675,19.23,3
5445,1074,1850,17.95,1
5446,1074,2121,25.63,1
5447,1074,1482,8.91,3
5448,1075,1596,18.88,3
5449,1075,2195,14.11,2
5450,1075,1699,27.7,2
5451,1076,1407,21.37,1
5452,1077,2065,24.63,3
5453,1077,1845,29.11,2
5454,1077,2304,13.28,3
5455,1077,1952,27.01,1
5456,1077,2172,15.66,3
5457,1078,1401,25.34,3
5458,1078,1451,6.59,3
5459,1078,1745,21.49,1
5460,1078,1820,24.57,2
5461,1078,1888,11.89,1
5462,1078,2166,9.14,2
5463,1078,2173,9.41,1
5464,1078,2330,30.0,1
5465,1078,2338,18.28,1
5466,1078,2348,21.12,2
5467,1079,1409,15.78,2
5468,1079,1475,12.32,1
5469,1079,1770,20.34,1
5470,1079,1607,6.4,1
5471,1080,2107,28.61,1
5472,1080,2372,14.03,2
5473,1081,2387,8.32,1
5474,1081,2321,14.07,3
5475,1081,1585,29.84,2
5476,1081,2010,24.82,2
5477,1081,1856,29.44,1
5478,1082,1926,26.67,3
5479,1082,1703,12.32,3
5480,1082,1461,17.65,3
5481,1082,2357,19.32,3
5482,1083,1402,18.85,1
5483,1083,1446,27.41,2
5484,1083,1995,29.96,2
5485,1083,2036,28.82,2
5486,1083,2040,29.87,2
5487,1083,2123,6.17,1
5488,1083,2150,10.08,1
5489,1083,2167,22.77,1
5490,1084,1581,26.45,2
5491,1084,1631,16.42,2
5492,1084,1653,10.41,3
5493,1084,1799,9.05,3
5494,1084,1871,29.49,2
5495,1084,1935,16.86,1
5496,1084,1960,28.34,2
5497,1084,2109,11.48,3
5498,1084,2178,27.73,3
5499,1084,2243,17.69,1
5500,1084,2297,26.98,1
5501,1085,1927,11.68,2
5502,1085,2221,21.43,3
5503,1086,1612,10.4,1
5504,1086,1682,19.72,1
5505,1086,1782,11.29,3
5506,1086,1801,7.24,3
5507,1086,1888,11.89,1
5508,1086,1901,10.13,2
5509,1086,1991,17.53,3
5510,1086,2002,13.76,2
5511,1086,2006,27.61,1
5512,1086,2033,5.83,3
5513,1086,2070,7.22,2
5514,1086,2098,24.36,3
5515,1086,2357,19.32,2
5516,1087,1432,22.57,2
5517,1087,1443,5.79,3
5518,1087,1550,5.87,1
5519,1087,1609,25.56,2
5520,1087,1635,26.69,1
5521,1087,1719,19.5,1
5522,1087,1992,24.49,3
5523,1087,2193,26.67,1
5524,1087,2215,19.88,2
5525,1087,2356,27.67,1
5526,1088,1689,16.94,3
5527,1088,1528,25.34,2
5528,1088,2295,21.6,1
5529,1088,2254,18.99,1
5530,1089,1472,25.69,1
5531,1089,1492,25.34,2
5532,1089,1516,26.06,2
5533,1089,1648,26.81,1
5534,1089,1815,22.2,3
5535,1089,1862,7.5,1
5536,1089,1985,25.7,2
5537,1089,2297,26.98,3
5538,1089,2378,22.63,2
5539,1089,2382,21.71,1
5540,1090,1658,26.2,2
5541,1090,1743,9.78,1
5542,1090,1462,6.09,1
5543,1090,1841,21.97,2
5544,1090,1789,15.08,1
5545,1091,1429,16.93,1
5546,1091,1435,15.82,3
5547,1091,1510,10.96,2
5548,1091,1546,18.34,3
5549,1091,1597,18.99,2
5550,1091,1618,6.45,2
5551,1091,1644,24.37,3
5552,1091,1647,13.95,2
5553,1091,1698,27.99,1
5554,1091,1699,27.7,1
5555,1091,1721,20.77,3
5556,1091,1782,11.29,2
5557,1091,1803,12.55,3
5558,1091,1920,25.28,1
5559,1091,2013,18.44,2
5560,1091,2098,24.36,2
5561,1091,2236,19.17,1
5562,1092,1612,10.4,1
5563,1092,1682,19.72,1
5564,1092,1782,11.29,3
5565,1092,1801,7.24,3
5566,1092,1888,11.89,1
5567,1092,1901,10.13,2
5568,1092,1991,17.53,3
5569,1092,2002,13.76,2
5570,1092,2006,27.61,1
5571,1092,2033,5.83,3
5572,1092,2070,7.22,2
5573,1092,2098,24.36,3
5574,1092,2357,19.32,2
5575,1093,1392,25.76,2
5576,1093,1419,24.11,1
5577,1093,1569,9.72,2
5578,1093,1576,6.94,2
5579,1093,1621,19.55,2
5580,1093,1626,29.38,3
5581,1093,1734,6.06,3
5582,1093,1810,16.81,1
5583,1093,1860,19.44,1
5584,1093,2014,25.44,1
5585,1093,2141,28.57,3
5586,1093,2180,6.33,3
5587,1093,2310,13.53,2
5588,1093,2337,6.93,3
5589,1093,2370,26.07,2
5590,1093,2381,28.99,2
5591,1094,1514,6.86,1
5592,1094,1822,22.54,3
5593,1094,1726,22.17,2
5594,1094,1496,20.34,1
5595,1095,2174,27.02,1
5596,1095,2147,17.73,3
5597,1096,1432,22.57,2
5598,1096,1443,5.79,3
5599,1096,1550,5.87,1
5600,1096,1609,25.56,2
5601,1096,1635,26.69,1
5602,1096,1719,19.5,1
5603,1096,1992,24.49,3
5604,1096,2193,26.67,1
5605,1096,2215,19.88,2
5606,1096,2356,27.67,1
5607,1097,1395,14.47,1
5608,1097,1572,16.27,3
5609,1097,1705,25.95,3
5610,1097,1732,10.1,1
5611,1097,1916,19.95,2
5612,1097,2001,13.12,3
5613,1097,2163,14.87,3
5614,1097,2165,9.6,2
5615,1097,2186,14.79,2
5616,1097,2223,11.62,2
5617,1097,2240,9.74,3
5618,1098,1402,18.85,1
5619,1098,1446,27.41,2
5620,1098,1995,29.96,2
5621,1098,2036,28.82,2
5622,1098,2040,29.87,2
5623,1098,2123,6.17,1
5624,1098,2150,10.08,1
5625,1098,2167,22.77,1
5626,1099,1399,22.85,3
5627,1099,1627,10.72,2
5628,1099,1647,13.95,1
5629,1099,1693,22.63,2
5630,1099,1777,26.62,1
5631,1099,1951,28.0,2
5632,1099,2008,28.03,3
5633,1099,2107,28.61,2
5634,1099,2149,14.46,3
5635,1099,2194,29.6,1
5636,1099,2262,21.58,3
5637,1099,2371,9.07,3
5638,1100,1742,25.54,3
5639,1100,1753,26.03,2
5640,1100,1882,18.08,2
5641,1100,1911,29.26,2
5642,1100,1927,11.68,3
5643,1100,2113,25.1,3
5644,1100,2212,25.35,1
5645,1100,2263,20.34,1
5646,1100,2265,28.14,1
5647,1100,2375,20.59,2
5648,1101,1415,22.85,3
5649,1101,2058,5.72,3
5650,1101,2086,7.95,3
5651,1102,1395,14.47,3
5652,1102,1435,15.82,2
5653,1102,1517,21.04,2
5654,1102,1551,14.91,2
5655,1102,1670,29.77,1
5656,1102,1717,18.14,2
5657,1102,1720,8.75,1
5658,1102,1819,28.57,1
5659,1102,1871,29.49,3
5660,1102,1878,8.75,3
5661,1102,2019,11.74,3
5662,1102,2320,19.4,2
5663,1102,2379,22.78,2
5664,1103,1889,11.53,2
5665,1103,2115,9.82,3
5666,1103,2218,17.85,2
5667,1103,1773,27.22,2
5668,1103,1743,9.78,3
5669,1104,2015,9.75,3
5670,1104,1694,9.5,3
5671,1105,1485,26.58,1
5672,1105,1682,19.72,2
5673,1105,1884,17.57,2
5674,1105,2124,21.72,3
5675,1105,2274,23.69,3
5676,1105,2378,22.63,3
5677,1106,2227,10.71,1
5678,1107,2131,11.78,3
5679,1107,2057,6.17,1
5680,1108,1680,9.28,2
5681,1108,2196,7.54,1
5682,1109,1548,16.74,1
5683,1109,1753,26.03,1
5684,1110,2266,25.68,1
5685,1110,2348,21.12,3
5686,1110,1412,25.31,1
5687,1110,2310,13.53,1
5688,1111,1394,6.99,2
5689,1111,1427,21.81,1
5690,1111,1457,22.97,2
5691,1111,1554,19.94,3
5692,1111,1565,20.21,2
5693,1111,1643,21.31,1
5694,1111,1720,8.75,2
5695,1111,1764,15.33,1
5696,1111,1847,7.92,3
5697,1111,1853,8.0,1
5698,1111,2220,26.09,1
5699,1111,2321,14.07,1
5700,1112,1566,22.09,1
5701,1112,1814,26.49,2
5702,1112,1465,24.88,2
5703,1112,1903,20.71,1
5704,1113,1423,18.35,2
5705,1113,1451,6.59,3
5706,1113,1548,16.74,2
5707,1113,1642,29.72,3
5708,1113,1667,14.87,2
5709,1113,1717,18.14,1
5710,1113,1758,5.59,1
5711,1113,1915,13.49,3
5712,1113,1930,7.46,2
5713,1113,2126,11.12,2
5714,1113,2188,24.99,3
5715,1113,2233,23.61,2
5716,1114,1824,10.97,2
5717,1114,1807,22.88,1
5718,1114,1433,17.91,2
5719,1115,1701,23.23,1
5720,1115,1883,29.83,3
5721,1116,1581,26.45,2
5722,1116,1631,16.42,2
5723,1116,1653,10.41,3
5724,1116,1799,9.05,3
5725,1116,1871,29.49,2
5726,1116,1935,16.86,1
5727,1116,1960,28.34,2
5728,1116,2109,11.48,3
5729,1116,2178,27.73,3
5730,1116,2243,17.69,1
5731,1116,2297,26.98,1
5732,1117,1416,24.48,1
5733,1117,1500,7.78,1
5734,1117,1599,20.92,1
5735,1117,1694,9.5,2
5736,1117,2011,21.05,3
5737,1117,2023,22.97,1
5738,1117,2169,23.08,1
5739,1117,2231,21.67,2
5740,1117,2321,14.07,2
5741,1117,2325,12.11,2
5742,1118,1546,18.34,3
5743,1118,1593,26.09,1
5744,1118,1611,29.22,1
5745,1118,1669,20.77,1
5746,1118,1816,28.8,3
5747,1118,2024,13.39,2
5748,1118,2086,7.95,3
5749,1118,2182,29.94,3
5750,1118,2366,16.5,1
5751,1119,1395,14.47,3
5752,1119,1396,25.56,1
5753,1119,1425,23.7,2
5754,1119,1440,21.37,2
5755,1119,1591,28.76,2
5756,1119,1613,12.44,1
5757,1119,1703,12.32,1
5758,1119,1713,19.93,3
5759,1119,1749,13.32,2
5760,1119,1756,25.62,2
5761,1119,1785,28.6,2
5762,1119,2107,28.61,2
5763,1119,2245,21.06,1
5764,1119,2350,13.72,1
5765,1120,2219,12.72,2
5766,1120,2278,5.57,3
5767,1120,1694,9.5,1
5768,1120,1545,15.18,3
5769,1121,1434,18.96,1
5770,1121,1498,13.84,1
5771,1121,1573,13.76,3
5772,1121,1615,24.07,1
5773,1121,1737,17.56,3
5774,1121,2250,24.74,2
5775,1121,2286,19.36,2
5776,1121,2301,21.28,1
5777,1122,1610,10.16,3
5778,1122,1801,7.24,2
5779,1122,1993,12.72,2
5780,1122,2049,12.84,3
5781,1123,1471,28.53,2
5782,1123,1572,16.27,1
5783,1123,1656,25.2,1
5784,1123,1669,20.77,3
5785,1123,1819,28.57,1
5786,1123,1969,13.33,2
5787,1123,2037,9.24,2
5788,1123,2055,18.79,1
5789,1123,2066,27.83,3
5790,1123,2187,14.62,1
5791,1123,2261,18.81,3
5792,1123,2361,21.91,1
5793,1124,1794,25.26,2
5794,1124,2254,18.99,1
5795,1124,1487,27.39,3
5796,1124,2045,14.79,1
5797,1124,2064,19.42,1
5798,1125,1930,7.46,2
5799,1125,1849,29.95,2
5800,1125,1687,27.71,2
5801,1126,1781,20.32,3
5802,1126,2118,26.14,2
5803,1127,1545,15.18,2
5804,1128,1736,16.02,2
5805,1129,1471,28.53,2
5806,1129,1572,16.27,1
5807,1129,1656,25.2,1
5808,1129,1669,20.77,3
5809,1129,1819,28.57,1
5810,1129,1969,13.33,2
5811,1129,2037,9.24,2
5812,1129,2055,18.79,1
5813,1129,2066,27.83,3
5814,1129,2187,14.62,1
5815,1129,2261,18.81,3
5816,1129,2361,21.91,1
5817,1130,1424,9.54,2
5818,1130,1490,6.93,3
5819,1130,1568,27.16,3
5820,1130,1663,17.43,3
5821,1130,1685,13.51,1
5822,1130,1780,5.9,1
5823,1130,1795,7.86,3
5824,1130,1840,27.3,3
5825,1130,1857,17.75,2
5826,1130,2070,7.22,1
5827,1130,2101,20.8,3
5828,1130,2126,11.12,2
5829,1130,2220,26.09,1
5830,1130,2280,15.64,2
5831,1130,2318,21.16,3
5832,1130,2379,22.78,1
5833,1131,1429,16.93,2
5834,1131,1508,23.91,2
5835,1131,1515,9.18,2
5836,1131,1517,21.04,1
5837,1131,1564,12.41,1
5838,1131,1616,14.18,3
5839,1131,1618,6.45,3
5840,1131,1662,9.39,2
5841,1131,1788,23.81,1
5842,1131,2067,25.91,3
5843,1131,2137,17.23,1
5844,1131,2305,15.56,1
5845,1131,2312,25.98,3
5846,1131,2318,21.16,3
5847,1131,2324,12.31,2
5848,1131,2345,22.75,3
5849,1132,1409,15.78,3
5850,1132,1509,22.77,2
5851,1132,1519,25.24,2
5852,1132,1893,18.36,1
5853,1132,1919,24.65,1
5854,1132,1923,12.29,2
5855,1132,1947,14.65,1
5856,1132,2063,29.67,1
5857,1132,2128,26.33,2
5858,1132,2131,11.78,3
5859,1132,2135,27.72,3
5860,1132,2276,6.98,1
5861,1133,2205,9.69,3
5862,1133,1588,14.86,2
5863,1134,2045,14.79,3
5864,1134,1949,10.68,1
5865,1134,2333,6.12,3
5866,1134,1756,25.62,2
5867,1134,2161,20.82,2
5868,1135,1614,11.47,2
5869,1135,1502,28.71,3
5870,1135,1570,21.27,2
5871,1136,2302,16.1,3
5872,1136,1909,11.57,1
5873,1136,1468,29.0,3
5874,1137,2129,5.57,2
5875,1137,2277,14.74,1
5876,1138,1423,18.35,2
5877,1138,1451,6.59,3
5878,1138,1548,16.74,2
5879,1138,1642,29.72,3
5880,1138,1667,14.87,2
5881,1138,1717,18.14,1
5882,1138,1758,5.59,1
5883,1138,1915,13.49,3
5884,1138,1930,7.46,2
5885,1138,2126,11.12,2
5886,1138,2188,24.99,3
5887,1138,2233,23.61,2
5888,1139,1414,8.87,1
5889,1139,1488,24.64,3
5890,1139,1577,17.48,2
5891,1139,1767,17.6,2
5892,1139,1906,17.51,2
5893,1139,1952,27.01,3
5894,1139,1971,13.63,2
5895,1139,2023,22.97,2
5896,1139,2149,14.46,2
5897,1139,2158,15.57,1
5898,1139,2382,21.71,3
5899,1140,1847,7.92,1
5900,1140,1513,28.52,2
5901,1140,1836,10.13,2
5902,1141,1936,21.88,3
5903,1142,2287,27.82,3
5904,1142,1478,11.44,3
5905,1142,2368,10.73,2
5906,1143,1390,10.81,1
5907,1143,1481,9.46,2
5908,1143,1504,18.3,3
5909,1143,1641,23.3,1
5910,1143,1766,14.22,2
5911,1143,1892,11.24,2
5912,1143,2295,21.6,3
5913,1143,2353,18.13,2
5914,1144,1401,25.34,2
5915,1144,1469,26.16,2
5916,1144,1578,26.56,1
5917,1144,1688,12.87,1
5918,1144,1756,25.62,3
5919,1144,1908,24.92,2
5920,1144,1947,14.65,3
5921,1144,2108,6.77,3
5922,1144,2164,15.03,1
5923,1144,2310,13.53,3
5924,1144,2336,12.1,1
5925,1145,1450,20.15,2
5926,1146,1391,9.81,2
5927,1146,1406,20.72,1
5928,1146,1408,21.49,2
5929,1146,1558,9.06,2
5930,1146,1572,16.27,1
5931,1146,1601,11.63,1
5932,1146,1715,24.9,3
5933,1146,2039,16.79,3
5934,1146,2093,8.13,3
5935,1146,2150,10.08,3
5936,1146,2201,28.47,3
5937,1146,2355,10.29,1
5938,1146,2356,27.67,3
5939,1147,2356,27.67,2
5940,1147,1830,5.77,1
5941,1147,1922,21.7,3
5942,1147,1734,6.06,1
5943,1148,1756,25.62,3
5944,1148,2171,7.61,1
5945,1148,1852,18.49,2
5946,1148,2175,7.46,3
5947,1149,1410,16.91,3
5948,1149,1554,19.94,1
5949,1149,1831,25.09,3
5950,1149,1920,25.28,2
5951,1149,1998,11.92,1
5952,1149,2057,6.17,2
5953,1149,2127,21.95,1
5954,1149,2180,6.33,2
5955,1149,2212,25.35,2
5956,1150,1414,8.87,1
5957,1150,1488,24.64,3
5958,1150,1577,17.48,2
5959,1150,1767,17.6,2
5960,1150,1906,17.51,2
5961,1150,1952,27.01,3
5962,1150,1971,13.63,2
5963,1150,2023,22.97,2
5964,1150,2149,14.46,2
5965,1150,2158,15.57,1
5966,1150,2382,21.71,3
5967,1151,1430,7.1,2
5968,1151,2088,24.26,2
5969,1151,1923,12.29,3
5970,1151,1425,23.7,1
5971,1152,2284,8.12,2
5972,1153,1434,18.96,1
5973,1153,1498,13.84,1
5974,1153,1573,13.76,3
5975,1153,1615,24.07,1
5976,1153,1737,17.56,3
5977,1153,2250,24.74,2
5978,1153,2286,19.36,2
5979,1153,2301,21.28,1
5980,1154,1733,12.76,2
5981,1154,1763,23.98,1
5982,1154,1888,11.89,3
5983,1154,2068,7.89,1
5984,1154,2087,19.91,1
5985,1154,2093,8.13,3
5986,1154,2206,25.89,3
5987,1154,2277,14.74,2
5988,1154,2290,25.04,1
5989,1154,2315,12.61,2
5990,1155,1415,22.85,1
5991,1155,1427,21.81,3
5992,1155,1526,18.33,3
5993,1155,1534,28.28,1
5994,1155,1543,8.54,2
5995,1155,1739,13.93,1
5996,1155,1948,8.58,3
5997,1155,2085,23.79,2
5998,1155,2138,23.47,1
5999,1155,2180,6.33,1
6000,1156,1424,9.54,2
6001,1156,1490,6.93,3
6002,1156,1568,27.16,3
6003,1156,1663,17.43,3
6004,1156,1685,13.51,1
6005,1156,1780,5.9,1
6006,1156,1795,7.86,3
6007,1156,1840,27.3,3
6008,1156,1857,17.75,2
6009,1156,2070,7.22,1
6010,1156,2101,20.8,3
6011,1156,2126,11.12,2
6012,1156,2220,26.09,1
6013,1156,2280,15.64,2
6014,1156,2318,21.16,3
6015,1156,2379,22.78,1
6016,1157,2328,8.36,2
6017,1157,2186,14.79,3
6018,1157,1932,9.09,3
6019,1157,1855,9.72,3
6020,1157,1724,27.29,3
6021,1158,1548,16.74,2
6022,1158,1560,11.35,2
6023,1158,2046,17.07,3
6024,1158,2129,5.57,3
6025,1158,2236,19.17,1
6026,1158,2264,14.66,1
6027,1159,2195,14.11,2
6028,1159,2214,18.19,2
6029,1159,1516,26.06,1
6030,1159,1399,22.85,3
6031,1159,1968,27.41,3
6032,1160,1410,16.91,3
6033,1160,1558,9.06,3
6034,1160,1636,13.22,3
6035,1160,1720,8.75,3
6036,1160,1721,20.77,2
6037,1160,1780,5.9,1
6038,1160,1790,25.18,2
6039,1160,1825,20.49,1
6040,1160,1897,22.87,1
6041,1160,1923,12.29,1
6042,1160,1991,17.53,2
6043,1160,2084,20.21,2
6044,1160,2125,17.14,1
6045,1160,2179,18.79,1
6046,1160,2271,18.4,2
6047,1160,2304,13.28,3
6048,1160,2361,21.91,2
6049,1161,1805,26.45,3
6050,1161,1404,24.5,2
6051,1161,1646,22.52,3
6052,1161,2122,6.6,1
6053,1162,2191,22.91,3
6054,1163,1415,22.85,1
6055,1163,1846,6.53,3
6056,1163,1953,10.19,1
6057,1163,1539,5.89,3
6058,1163,2366,16.5,1
6059,1164,2052,29.51,3
6060,1164,2278,5.57,1
6061,1164,2103,24.63,3
6062,1165,1521,14.98,3
6063,1165,1589,24.56,1
6064,1165,1649,20.37,3
6065,1165,1686,12.89,2
6066,1165,1698,27.99,3
6067,1165,1735,13.97,2
6068,1165,1786,7.07,2
6069,1165,1912,5.99,1
6070,1165,1924,13.82,1
6071,1165,2005,10.98,2
6072,1165,2143,7.23,2
6073,1165,2365,10.64,1
6074,1166,1446,27.41,1
6075,1166,1666,28.01,1
6076,1166,1683,12.59,1
6077,1166,1732,10.1,3
6078,1166,1798,8.82,2
6079,1166,1894,29.11,2
6080,1166,1917,25.89,1
6081,1166,2113,25.1,2
6082,1166,2133,21.99,1
6083,1166,2191,22.91,2
6084,1167,1409,15.78,1
6085,1167,1523,17.02,2
6086,1167,1559,17.0,1
6087,1167,1563,26.75,1
6088,1167,1674,18.62,1
6089,1167,1729,18.87,1
6090,1167,1765,23.65,2
6091,1167,1954,9.17,2
6092,1167,2056,28.73,3
6093,1167,2126,11.12,1
6094,1167,2270,9.96,2
6095,1167,2345,22.75,1
6096,1167,2382,21.71,2
6097,1168,1769,23.61,2
6098,1169,1877,21.53,2
6099,1169,1514,6.86,2
6100,1170,1438,23.87,3
6101,1170,1504,18.3,3
6102,1170,1572,16.27,1
6103,1170,1584,28.18,2
6104,1170,1723,6.21,2
6105,1170,1847,7.92,2
6106,1170,1852,18.49,3
6107,1170,2118,26.14,2
6108,1170,2139,24.8,2
6109,1170,2242,26.99,1
6110,1170,2321,14.07,3
6111,1170,2357,19.32,2
6112,1171,1429,16.93,2
6113,1171,1508,23.91,2
6114,1171,1515,9.18,2
6115,1171,1517,21.04,1
6116,1171,1564,12.41,1
6117,1171,1616,14.18,3
6118,1171,1618,6.45,3
6119,1171,1662,9.39,2
6120,1171,1788,23.81,1
6121,1171,2067,25.91,3
6122,1171,2137,17.23,1
6123,1171,2305,15.56,1
6124,1171,2312,25.98,3
6125,1171,2318,21.16,3
6126,1171,2324,12.31,2
6127,1171,2345,22.75,3
6128,1172,1528,25.34,1
6129,1172,1550,5.87,1
6130,1172,1554,19.94,3
6131,1172,1675,19.23,3
6132,1172,1688,12.87,3
6133,1172,1722,16.44,2
6134,1172,1935,16.86,2
6135,1172,1945,25.7,2
6136,1172,1977,21.25,3
6137,1172,1998,11.92,2
6138,1172,2165,9.6,2
6139,1172,2198,13.6,2
6140,1172,2280,15.64,2
6141,1172,2365,10.64,3
6142,1173,1554,19.94,1
6143,1173,2181,24.9,1
6144,1173,1395,14.47,3
6145,1174,1396,25.56,1
6146,1174,1483,12.6,2
6147,1174,1484,15.54,2
6148,1174,1589,24.56,1
6149,1174,1624,8.82,3
6150,1174,1681,11.8,1
6151,1174,1700,27.46,3
6152,1174,1767,17.6,2
6153,1174,1891,7.47,1
6154,1174,2017,10.18,3
6155,1174,2097,13.2,2
6156,1174,2122,6.6,3
6157,1174,2312,25.98,3
6158,1174,2383,25.62,3
6159,1175,2346,26.5,2
6160,1175,2316,27.93,1
6161,1175,1879,13.22,2
6162,1175,1997,20.85,3
6163,1176,1401,25.34,2
6164,1176,1435,15.82,1
6165,1176,1783,26.25,2
6166,1176,1863,20.21,1
6167,1176,1882,18.08,2
6168,1176,1895,13.51,1
6169,1176,1967,5.11,1
6170,1176,2158,15.57,1
6171,1176,2174,27.02,2
6172,1176,2198,13.6,1
6173,1176,2339,23.31,3
6174,1177,1512,7.32,1
6175,1177,1530,11.83,2
6176,1177,1636,13.22,1
6177,1177,1652,9.44,1
6178,1177,1715,24.9,2
6179,1177,2123,6.17,2
6180,1177,2138,23.47,1
6181,1177,2206,25.89,1
6182,1177,2248,27.72,3
6183,1177,2361,21.91,1
6184,1178,1398,5.72,3
6185,1178,1414,8.87,2
6186,1178,1498,13.84,3
6187,1178,1506,6.23,2
6188,1178,1587,7.44,3
6189,1178,1626,29.38,2
6190,1178,1639,25.82,1
6191,1178,1714,6.33,3
6192,1178,1833,14.33,2
6193,1178,1945,25.7,3
6194,1178,1951,28.0,3
6195,1178,2079,10.46,1
6196,1178,2123,6.17,3
6197,1178,2139,24.8,3
6198,1178,2197,25.42,2
6199,1178,2219,12.72,1
6200,1178,2248,27.72,2
6201,1178,2379,22.78,2
6202,1179,1485,26.58,1
6203,1179,1682,19.72,2
6204,1179,1884,17.57,2
6205,1179,2124,21.72,3
6206,1179,2274,23.69,3
6207,1179,2378,22.63,3
6208,1180,1581,26.45,2
6209,1180,1631,16.42,2
6210,1180,1653,10.41,3
6211,1180,1799,9.05,3
6212,1180,1871,29.49,2
6213,1180,1935,16.86,1
6214,1180,1960,28.34,2
6215,1180,2109,11.48,3
6216,1180,2178,27.73,3
6217,1180,2243,17.69,1
6218,1180,2297,26.98,1
6219,1181,1455,5.39,3
6220,1181,1511,21.2,1
6221,1181,1574,16.19,1
6222,1181,1669,20.77,2
6223,1181,1757,28.13,3
6224,1181,1787,16.21,1
6225,1181,1832,25.7,3
6226,1181,1872,28.29,2
6227,1181,2009,21.42,2
6228,1181,2042,27.12,1
6229,1181,2087,19.91,2
6230,1181,2131,11.78,3
6231,1181,2234,16.93,2
6232,1181,2323,29.26,1
6233,1182,1461,17.65,3
6234,1182,1464,17.41,2
6235,1182,1471,28.53,1
6236,1182,1677,28.36,1
6237,1182,1687,27.71,1
6238,1182,1775,12.74,1
6239,1182,1871,29.49,1
6240,1182,1912,5.99,3
6241,1182,1971,13.63,3
6242,1182,1976,8.56,2
6243,1182,2012,5.02,1
6244,1182,2149,14.46,3
6245,1182,2334,27.18,1
6246,1182,2361,21.91,2
6247,1182,2385,11.97,2
6248,1183,1436,25.17,2
6249,1183,1762,15.71,2
6250,1183,1829,8.99,2
6251,1183,1859,7.47,2
6252,1183,1865,17.36,2
6253,1183,1890,26.7,3
6254,1183,1948,8.58,3
6255,1183,1959,14.92,3
6256,1183,1991,17.53,3
6257,1183,2164,15.03,2
6258,1183,2196,7.54,1
6259,1184,1524,15.65,3
6260,1184,1689,16.94,2
6261,1184,1701,23.23,3
6262,1184,1811,19.16,2
6263,1184,1945,25.7,2
6264,1184,2147,17.73,2
6265,1184,2204,15.73,2
6266,1184,2234,16.93,3
6267,1184,2253,19.33,3
6268,1184,2307,18.26,2
6269,1185,1455,5.39,1
6270,1185,2060,26.35,2
6271,1185,1460,10.42,2
6272,1185,2224,11.36,1
6273,1185,1972,5.02,3
6274,1186,1880,28.8,1
6275,1186,1983,10.82,2
6276,1186,1649,20.37,3
6277,1186,2043,14.67,3
6278,1187,1433,17.91,1
6279,1187,1448,8.31,2
6280,1187,1470,9.65,2
6281,1187,1539,5.89,1
6282,1187,1654,21.96,3
6283,1187,1867,8.25,3
6284,1187,1888,11.89,2
6285,1187,1908,24.92,1
6286,1187,2168,15.24,1
6287,1187,2312,25.98,1
6288,1188,1389,13.11,1
6289,1188,1782,11.29,2
6290,1188,1829,8.99,3
6291,1188,1396,25.56,1
6292,1188,1408,21.49,3
6293,1189,1597,18.99,2
6294,1189,1794,25.26,2
6295,1189,2383,25.62,3
6296,1189,2227,10.71,1
6297,1190,1413,25.59,2
6298,1190,1614,11.47,1
6299,1190,1721,20.77,3
6300,1190,1794,25.26,2
6301,1190,1954,9.17,3
6302,1190,1960,28.34,1
6303,1190,2039,16.79,2
6304,1190,2261,18.81,2
6305,1190,2360,7.65,1
6306,1191,1394,6.99,2
6307,1191,1427,21.81,1
6308,1191,1457,22.97,2
6309,1191,1554,19.94,3
6310,1191,1565,20.21,2
6311,1191,1643,21.31,1
6312,1191,1720,8.75,2
6313,1191,1764,15.33,1
6314,1191,1847,7.92,3
6315,1191,1853,8.0,1
6316,1191,2220,26.09,1
6317,1191,2321,14.07,1
6318,1192,1414,8.87,3
6319,1192,1458,10.13,2
6320,1192,1495,10.88,2
6321,1192,1550,5.87,3
6322,1192,1574,16.19,3
6323,1192,1596,18.88,1
6324,1192,1619,27.44,3
6325,1192,1663,17.43,1
6326,1192,1769,23.61,2
6327,1192,1822,22.54,3
6328,1192,1920,25.28,2
6329,1192,2057,6.17,2
6330,1192,2157,17.63,3
6331,1192,2203,14.36,2
6332,1192,2232,15.92,3
6333,1193,1484,15.54,1
6334,1193,1602,15.75,2
6335,1193,1710,13.65,3
6336,1193,2373,15.78,3
6337,1194,1472,25.69,1
6338,1194,1492,25.34,2
6339,1194,1516,26.06,2
6340,1194,1648,26.81,1
6341,1194,1815,22.2,3
6342,1194,1862,7.5,1
6343,1194,1985,25.7,2
6344,1194,2297,26.98,3
6345,1194,2378,22.63,2
6346,1194,2382,21.71,1
6347,1195,1478,11.44,3
6348,1195,1573,13.76,2
6349,1195,1828,5.5,1
6350,1195,1836,10.13,3
6351,1195,1851,27.18,1
6352,1195,1908,24.92,3
6353,1195,1910,16.42,2
6354,1195,1982,18.18,3
6355,1195,2000,29.45,2
6356,1195,2008,28.03,1
6357,1195,2248,27.72,2
6358,1195,2288,27.19,2
6359,1195,2331,13.98,2
6360,1196,1472,25.69,1
6361,1196,1492,25.34,2
6362,1196,1516,26.06,2
6363,1196,1648,26.81,1
6364,1196,1815,22.2,3
6365,1196,1862,7.5,1
6366,1196,1985,25.7,2
6367,1196,2297,26.98,3
6368,1196,2378,22.63,2
6369,1196,2382,21.71,1
6370,1197,2164,15.03,3
6371,1198,1483,12.6,3
6372,1198,1466,20.59,2
6373,1198,2269,8.43,2
6374,1198,1982,18.18,3
6375,1199,2012,5.02,3
6376,1199,2166,9.14,2
6377,1199,2098,24.36,2
6378,1200,2328,8.36,2
6379,1201,1659,15.39,2
6380,1202,1488,24.64,1
6381,1202,1548,16.74,3
6382,1202,2310,13.53,3
6383,1202,1534,28.28,2
6384,1202,1520,5.77,1
6385,1203,1826,17.75,3
6386,1204,1391,9.81,2
6387,1204,1406,20.72,1
6388,1204,1408,21.49,2
6389,1204,1558,9.06,2
6390,1204,1572,16.27,1
6391,1204,1601,11.63,1
6392,1204,1715,24.9,3
6393,1204,2039,16.79,3
6394,1204,2093,8.13,3
6395,1204,2150,10.08,3
6396,1204,2201,28.47,3
6397,1204,2355,10.29,1
6398,1204,2356,27.67,3
6399,1205,2208,12.18,2
6400,1205,2243,17.69,1
6401,1205,1572,16.27,2
6402,1205,2178,27.73,2
