antecedents,consequents,support,confidence,lift
{np.str_('Salad')},{np.str_('IceCream')},0.107,0.21,1.26
{np.str_('Ketchup')},{np.str_('Sandwich')},0.012,0.12,1.17
{np.str_('Fries')},{np.str_('Pasta')},0.059,0.15,1.46
"{np.str_('Burger'), np.str_('Salad')}",{np.str_('IceCream')},0.187,0.77,0.92
{np.str_('Pizza')},{np.str_('Fries')},0.235,0.85,1.43
"{np.str_('Pizza'), np.str_('Fries')}",{np.str_('IceCream')},0.25,0.39,1.0
"{np.str_('Fries'), np.str_('Ketchup')}",{np.str_('Coke')},0.215,0.68,1.34
{np.str_('Pizza')},{np.str_('Pasta')},0.1,0.36,1.31
"{np.str_('Fries'), np.str_('Soup')}",{np.str_('Pasta')},0.234,0.5,1.17
{np.str_('IceCream')},{np.str_('Sandwich')},0.185,0.53,0.94
{np.str_('IceCream')},{np.str_('Ketchup')},0.263,0.74,0.93
"{np.str_('Fries'), np.str_('Pizza')}",{np.str_('Pasta')},0.01,0.38,1.01
"{np.str_('Coke'), np.str_('Soup')}",{np.str_('Sandwich')},0.073,0.55,1.08
"{np.str_('Ketchup'), np.str_('Sandwich')}",{np.str_('Soup')},0.021,0.59,1.15
"{np.str_('IceCream'), np.str_('Salad')}",{np.str_('Coke')},0.14,0.54,1.21
{np.str_('IceCream')},{np.str_('Burger')},0.054,0.51,1.29
{np.str_('Burger')},{np.str_('Soup')},0.21,0.41,1.46
{np.str_('Burger')},{np.str_('Soup')},0.16,0.31,1.5
"{np.str_('Fries'), np.str_('IceCream')}",{np.str_('Soup')},0.27,0.81,1.35
"{np.str_('Ketchup'), np.str_('IceCream')}",{np.str_('Sandwich')},0.283,0.88,1.0
"{np.str_('IceCream'), np.str_('Sandwich')}",{np.str_('Burger')},0.153,0.24,1.06
"{np.str_('Soup'), np.str_('Salad')}",{np.str_('Sandwich')},0.081,0.88,1.08
"{np.str_('Soup'), np.str_('IceCream')}",{np.str_('Coke')},0.22,0.32,0.82
{np.str_('Fries')},{np.str_('Salad')},0.176,0.88,0.85
{np.str_('Soup')},{np.str_('Pizza')},0.175,0.18,1.23
"{np.str_('Coke'), np.str_('Pasta')}",{np.str_('Burger')},0.05,0.67,1.19
"{np.str_('Soup'), np.str_('Salad')}",{np.str_('Coke')},0.242,0.62,1.29
"{np.str_('Ketchup'), np.str_('Burger')}",{np.str_('Pasta')},0.105,0.22,1.49
"{np.str_('Ketchup'), np.str_('IceCream')}",{np.str_('Soup')},0.233,0.27,1.24
"{np.str_('Fries'), np.str_('Pasta')}",{np.str_('Ketchup')},0.217,0.13,1.08
{np.str_('Coke')},{np.str_('Soup')},0.21,0.15,1.44
{np.str_('Soup')},{np.str_('Ketchup')},0.187,0.44,0.97
"{np.str_('Fries'), np.str_('Pasta')}",{np.str_('Sandwich')},0.258,0.66,1.13
"{np.str_('Pasta'), np.str_('Salad')}",{np.str_('Sandwich')},0.194,0.14,1.06
"{np.str_('Fries'), np.str_('IceCream')}",{np.str_('Burger')},0.261,0.61,1.36
"{np.str_('Soup'), np.str_('Salad')}",{np.str_('Coke')},0.122,0.87,1.43
"{np.str_('Ketchup'), np.str_('Sandwich')}",{np.str_('Fries')},0.017,0.75,1.0
"{np.str_('Pasta'), np.str_('Salad')}",{np.str_('Ketchup')},0.092,0.24,1.33
"{np.str_('Ketchup'), np.str_('Salad')}",{np.str_('Soup')},0.259,0.44,1.33
{np.str_('Soup')},{np.str_('Pizza')},0.123,0.11,1.43
"{np.str_('Burger'), np.str_('Soup')}",{np.str_('Salad')},0.037,0.58,1.19
{np.str_('Pizza')},{np.str_('Salad')},0.224,0.54,1.29
{np.str_('Pizza')},{np.str_('Fries')},0.269,0.22,1.16
"{np.str_('Fries'), np.str_('Sandwich')}",{np.str_('Burger')},0.182,0.38,1.3
{np.str_('Coke')},{np.str_('Fries')},0.146,0.15,0.88
{np.str_('Salad')},{np.str_('Burger')},0.034,0.52,1.11
"{np.str_('Fries'), np.str_('Burger')}",{np.str_('Salad')},0.032,0.23,0.95
{np.str_('IceCream')},{np.str_('Pasta')},0.124,0.19,1.03
"{np.str_('Pizza'), np.str_('Salad')}",{np.str_('Ketchup')},0.296,0.66,1.18
{np.str_('Sandwich')},{np.str_('Salad')},0.285,0.68,1.23
"{np.str_('Coke'), np.str_('Sandwich')}",{np.str_('Burger')},0.236,0.48,1.49
{np.str_('Pasta')},{np.str_('Soup')},0.13,0.32,0.84
"{np.str_('Fries'), np.str_('Coke')}",{np.str_('Sandwich')},0.284,0.78,0.97
"{np.str_('Pasta'), np.str_('Salad')}",{np.str_('Soup')},0.189,0.39,0.88
"{np.str_('Ketchup'), np.str_('Coke')}",{np.str_('Salad')},0.173,0.8,1.08
"{np.str_('Burger'), np.str_('Soup')}",{np.str_('IceCream')},0.014,0.38,1.21
"{np.str_('Ketchup'), np.str_('IceCream')}",{np.str_('Sandwich')},0.19,0.79,1.46
"{np.str_('Pizza'), np.str_('Sandwich')}",{np.str_('Pasta')},0.153,0.36,1.24
"{np.str_('Fries'), np.str_('Salad')}",{np.str_('Soup')},0.147,0.63,0.92
"{np.str_('IceCream'), np.str_('Sandwich')}",{np.str_('Ketchup')},0.169,0.53,1.05
"{np.str_('Coke'), np.str_('Pasta')}",{np.str_('IceCream')},0.192,0.17,1.41
{np.str_('Fries')},{np.str_('IceCream')},0.151,0.59,1.06
"{np.str_('Coke'), np.str_('Soup')}",{np.str_('Fries')},0.113,0.42,0.87
{np.str_('Coke')},{np.str_('Ketchup')},0.147,0.38,1.25
"{np.str_('Ketchup'), np.str_('IceCream')}",{np.str_('Salad')},0.115,0.62,1.2
"{np.str_('Pizza'), np.str_('Sandwich')}",{np.str_('Soup')},0.057,0.25,1.0
{np.str_('Coke')},{np.str_('IceCream')},0.042,0.42,1.48
"{np.str_('Ketchup'), np.str_('Coke')}",{np.str_('IceCream')},0.165,0.48,1.39
{np.str_('Sandwich')},{np.str_('Burger')},0.187,0.33,1.21
{np.str_('Soup')},{np.str_('Fries')},0.103,0.75,0.98
{np.str_('Coke')},{np.str_('Salad')},0.251,0.87,0.89
"{np.str_('Ketchup'), np.str_('Salad')}",{np.str_('Soup')},0.237,0.76,1.33
"{np.str_('Burger'), np.str_('Sandwich')}",{np.str_('Ketchup')},0.102,0.57,1.28
"{np.str_('Fries'), np.str_('IceCream')}",{np.str_('Burger')},0.077,0.82,1.07
"{np.str_('Fries'), np.str_('Burger')}",{np.str_('Coke')},0.05,0.74,1.23
"{np.str_('Fries'), np.str_('Pizza')}",{np.str_('IceCream')},0.052,0.26,1.3
{np.str_('Fries')},{np.str_('IceCream')},0.053,0.28,1.31
"{np.str_('Sandwich'), np.str_('Salad')}",{np.str_('Pizza')},0.288,0.37,0.96
{np.str_('Ketchup')},{np.str_('Coke')},0.276,0.73,0.82
{np.str_('Pasta')},{np.str_('IceCream')},0.254,0.83,0.89
{np.str_('IceCream')},{np.str_('Pizza')},0.181,0.42,0.84
{np.str_('Sandwich')},{np.str_('Soup')},0.26,0.84,1.13
{np.str_('IceCream')},{np.str_('Pasta')},0.178,0.23,0.82
{np.str_('IceCream')},{np.str_('Coke')},0.143,0.55,1.4
{np.str_('Soup')},{np.str_('Burger')},0.021,0.48,1.2
"{np.str_('Ketchup'), np.str_('IceCream')}",{np.str_('Sandwich')},0.232,0.18,1.03
{np.str_('Burger')},{np.str_('Fries')},0.017,0.22,1.3
{np.str_('Coke')},{np.str_('Sandwich')},0.108,0.56,1.42
"{np.str_('Ketchup'), np.str_('IceCream')}",{np.str_('Salad')},0.128,0.36,0.86
"{np.str_('Fries'), np.str_('Coke')}",{np.str_('Pizza')},0.269,0.75,1.04
"{np.str_('Soup'), np.str_('IceCream')}",{np.str_('Pasta')},0.17,0.45,1.01
"{np.str_('Pasta'), np.str_('Sandwich')}",{np.str_('Soup')},0.133,0.12,0.99
"{np.str_('Ketchup'), np.str_('Pasta')}",{np.str_('Salad')},0.06,0.32,0.81
"{np.str_('Pizza'), np.str_('Sandwich')}",{np.str_('Fries')},0.219,0.19,0.9
{np.str_('Sandwich')},{np.str_('Burger')},0.131,0.41,1.16
"{np.str_('Soup'), np.str_('Sandwich')}",{np.str_('Ketchup')},0.123,0.33,1.05
{np.str_('IceCream')},{np.str_('Coke')},0.167,0.23,1.39
{np.str_('Sandwich')},{np.str_('Soup')},0.214,0.58,1.12
{np.str_('Burger')},{np.str_('Coke')},0.101,0.75,1.47
{np.str_('Fries')},{np.str_('Burger')},0.201,0.65,1.39
{np.str_('Salad')},{np.str_('Pasta')},0.3,0.54,1.13
{np.str_('Coke')},{np.str_('Ketchup')},0.255,0.36,1.38
{np.str_('Salad')},{np.str_('IceCream')},0.138,0.42,1.2
"{np.str_('Pizza'), np.str_('IceCream')}",{np.str_('Salad')},0.189,0.29,0.82
"{np.str_('Burger'), np.str_('Salad')}",{np.str_('Ketchup')},0.025,0.17,0.83
"{np.str_('Pizza'), np.str_('Soup')}",{np.str_('Pasta')},0.162,0.69,0.8
{np.str_('Sandwich')},{np.str_('Soup')},0.042,0.41,0.89
{np.str_('Burger')},{np.str_('IceCream')},0.146,0.59,0.92
"{np.str_('Fries'), np.str_('IceCream')}",{np.str_('Pizza')},0.024,0.41,0.83
"{np.str_('Fries'), np.str_('Coke')}",{np.str_('Pizza')},0.162,0.31,1.16
"{np.str_('Fries'), np.str_('Sandwich')}",{np.str_('Burger')},0.182,0.56,0.86
{np.str_('Sandwich')},{np.str_('Soup')},0.105,0.85,1.31
"{np.str_('Burger'), np.str_('Sandwich')}",{np.str_('Ketchup')},0.042,0.82,1.49
"{np.str_('Ketchup'), np.str_('Salad')}",{np.str_('Pasta')},0.161,0.79,0.97
{np.str_('Salad')},{np.str_('Soup')},0.018,0.76,0.89
{np.str_('Salad')},{np.str_('Pasta')},0.066,0.17,1.03
{np.str_('Salad')},{np.str_('Pasta')},0.167,0.87,1.04
"{np.str_('Burger'), np.str_('Soup')}",{np.str_('Fries')},0.234,0.67,1.13
"{np.str_('Burger'), np.str_('Salad')}",{np.str_('Ketchup')},0.23,0.12,0.82
"{np.str_('Ketchup'), np.str_('Soup')}",{np.str_('Salad')},0.258,0.52,1.38
{np.str_('IceCream')},{np.str_('Pasta')},0.135,0.85,1.09
{np.str_('Soup')},{np.str_('Salad')},0.077,0.27,0.82
{np.str_('Ketchup')},{np.str_('Salad')},0.055,0.46,1.17
{np.str_('IceCream')},{np.str_('Soup')},0.01,0.58,1.23
"{np.str_('Pizza'), np.str_('Pasta')}",{np.str_('Soup')},0.1,0.46,0.81
"{np.str_('Coke'), np.str_('Sandwich')}",{np.str_('Soup')},0.22,0.7,0.9
"{np.str_('Pizza'), np.str_('Ketchup')}",{np.str_('Burger')},0.16,0.17,1.05
{np.str_('Burger')},{np.str_('Pizza')},0.022,0.64,1.47
{np.str_('Ketchup')},{np.str_('Coke')},0.108,0.75,0.86
"{np.str_('Soup'), np.str_('Sandwich')}",{np.str_('Fries')},0.137,0.68,1.22
"{np.str_('Pasta'), np.str_('Sandwich')}",{np.str_('Ketchup')},0.201,0.5,1.19
"{np.str_('Pasta'), np.str_('Sandwich')}",{np.str_('Pizza')},0.074,0.43,0.94
{np.str_('Salad')},{np.str_('IceCream')},0.168,0.51,1.21
"{np.str_('Pizza'), np.str_('Burger')}",{np.str_('Coke')},0.298,0.33,1.05
{np.str_('IceCream')},{np.str_('Fries')},0.062,0.78,1.14
"{np.str_('IceCream'), np.str_('Soup')}",{np.str_('Pizza')},0.101,0.42,1.4
{np.str_('Soup')},{np.str_('IceCream')},0.135,0.3,1.23
{np.str_('Fries')},{np.str_('Salad')},0.237,0.66,1.11
{np.str_('IceCream')},{np.str_('Burger')},0.045,0.46,1.45
{np.str_('Pasta')},{np.str_('IceCream')},0.209,0.11,1.03
{np.str_('Burger')},{np.str_('Pasta')},0.019,0.35,1.29
"{np.str_('Pizza'), np.str_('Salad')}",{np.str_('IceCream')},0.061,0.65,1.39
"{np.str_('Ketchup'), np.str_('Salad')}",{np.str_('Burger')},0.21,0.64,0.95
"{np.str_('Pizza'), np.str_('Pasta')}",{np.str_('Sandwich')},0.102,0.79,1.5
{np.str_('Pasta')},{np.str_('Salad')},0.105,0.63,1.37
"{np.str_('Soup'), np.str_('Salad')}",{np.str_('Pasta')},0.012,0.36,1.06
{np.str_('Fries')},{np.str_('Sandwich')},0.031,0.58,1.27
"{np.str_('Coke'), np.str_('Pasta')}",{np.str_('Fries')},0.042,0.22,1.17
{np.str_('IceCream')},{np.str_('Ketchup')},0.067,0.11,1.25
"{np.str_('Sandwich'), np.str_('Salad')}",{np.str_('Fries')},0.058,0.59,1.17
"{np.str_('Soup'), np.str_('Salad')}",{np.str_('Coke')},0.249,0.52,0.89
"{np.str_('Pizza'), np.str_('Coke')}",{np.str_('Salad')},0.133,0.17,1.37
"{np.str_('Pizza'), np.str_('IceCream')}",{np.str_('Pasta')},0.187,0.43,1.39
"{np.str_('IceCream'), np.str_('Salad')}",{np.str_('Coke')},0.205,0.75,1.34
"{np.str_('IceCream'), np.str_('Salad')}",{np.str_('Pasta')},0.165,0.24,1.02
{np.str_('Pizza')},{np.str_('Coke')},0.183,0.64,1.11
{np.str_('Pasta')},{np.str_('Sandwich')},0.234,0.31,1.25
"{np.str_('Fries'), np.str_('Coke')}",{np.str_('Salad')},0.03,0.74,0.96
{np.str_('IceCream')},{np.str_('Salad')},0.204,0.9,1.26
{np.str_('Ketchup')},{np.str_('Soup')},0.059,0.43,1.1
{np.str_('Soup')},{np.str_('Salad')},0.298,0.84,1.18
{np.str_('IceCream')},{np.str_('Fries')},0.028,0.19,0.96
{np.str_('Sandwich')},{np.str_('Pizza')},0.125,0.46,1.22
{np.str_('Ketchup')},{np.str_('Burger')},0.044,0.75,1.07
"{np.str_('Fries'), np.str_('IceCream')}",{np.str_('Pizza')},0.055,0.28,1.47
"{np.str_('Pasta'), np.str_('Salad')}",{np.str_('Burger')},0.186,0.71,0.92
{np.str_('Soup')},{np.str_('Coke')},0.049,0.87,1.18
"{np.str_('Burger'), np.str_('Sandwich')}",{np.str_('Ketchup')},0.116,0.41,1.2
"{np.str_('Ketchup'), np.str_('Coke')}",{np.str_('IceCream')},0.295,0.29,0.9
{np.str_('Salad')},{np.str_('Burger')},0.077,0.28,0.92
"{np.str_('Burger'), np.str_('Soup')}",{np.str_('Salad')},0.113,0.52,1.14
{np.str_('Coke')},{np.str_('Salad')},0.23,0.21,1.17
{np.str_('Pizza')},{np.str_('Ketchup')},0.118,0.31,1.25
{np.str_('Burger')},{np.str_('Coke')},0.119,0.42,1.12
{np.str_('Coke')},{np.str_('Burger')},0.254,0.13,1.43
{np.str_('Coke')},{np.str_('Pasta')},0.16,0.22,1.32
{np.str_('Fries')},{np.str_('IceCream')},0.041,0.13,1.16
"{np.str_('Fries'), np.str_('Burger')}",{np.str_('Coke')},0.039,0.63,1.34
"{np.str_('Pizza'), np.str_('Pasta')}",{np.str_('Fries')},0.013,0.3,0.98
{np.str_('Pizza')},{np.str_('IceCream')},0.043,0.49,1.44
"{np.str_('Ketchup'), np.str_('Sandwich')}",{np.str_('Coke')},0.123,0.23,0.99
"{np.str_('Pasta'), np.str_('Sandwich')}",{np.str_('IceCream')},0.255,0.84,0.98
{np.str_('Burger')},{np.str_('Soup')},0.282,0.13,0.92
{np.str_('Salad')},{np.str_('Ketchup')},0.181,0.51,1.01
{np.str_('Salad')},{np.str_('IceCream')},0.082,0.68,1.49
"{np.str_('Pasta'), np.str_('Sandwich')}",{np.str_('Pizza')},0.065,0.38,1.35
"{np.str_('Pizza'), np.str_('Ketchup')}",{np.str_('Burger')},0.288,0.39,1.03
{np.str_('IceCream')},{np.str_('Coke')},0.219,0.81,1.22
{np.str_('Burger')},{np.str_('Soup')},0.122,0.42,1.41
{np.str_('Burger')},{np.str_('Pizza')},0.184,0.58,0.82
{np.str_('Pasta')},{np.str_('Coke')},0.16,0.45,0.9
{np.str_('IceCream')},{np.str_('Soup')},0.281,0.61,1.09
"{np.str_('Fries'), np.str_('Pasta')}",{np.str_('Soup')},0.069,0.55,1.49
{np.str_('Fries')},{np.str_('Coke')},0.085,0.44,1.41
{np.str_('Pasta')},{np.str_('Coke')},0.024,0.82,1.44
"{np.str_('Fries'), np.str_('Pizza')}",{np.str_('Salad')},0.201,0.87,0.85
"{np.str_('Burger'), np.str_('IceCream')}",{np.str_('Soup')},0.23,0.46,1.34
"{np.str_('Burger'), np.str_('Salad')}",{np.str_('Sandwich')},0.164,0.43,1.04
{np.str_('IceCream')},{np.str_('Ketchup')},0.295,0.31,1.26
"{np.str_('Fries'), np.str_('Salad')}",{np.str_('Burger')},0.016,0.68,1.09
{np.str_('Coke')},{np.str_('Soup')},0.24,0.54,1.23
"{np.str_('Pizza'), np.str_('Pasta')}",{np.str_('Burger')},0.204,0.47,1.09
{np.str_('Ketchup')},{np.str_('Pizza')},0.238,0.26,0.98
"{np.str_('Burger'), np.str_('Sandwich')}",{np.str_('Ketchup')},0.084,0.86,1.19
"{np.str_('Ketchup'), np.str_('Pasta')}",{np.str_('Coke')},0.242,0.4,1.12
{np.str_('Salad')},{np.str_('Ketchup')},0.194,0.74,1.08
"{np.str_('Ketchup'), np.str_('Burger')}",{np.str_('Coke')},0.115,0.82,0.92
"{np.str_('Pasta'), np.str_('Salad')}",{np.str_('Sandwich')},0.034,0.81,1.36
"{np.str_('Pizza'), np.str_('Coke')}",{np.str_('Salad')},0.299,0.88,1.26
"{np.str_('Pasta'), np.str_('Soup')}",{np.str_('Salad')},0.12,0.88,1.04
{np.str_('Pasta')},{np.str_('Fries')},0.248,0.47,1.05
"{np.str_('Ketchup'), np.str_('IceCream')}",{np.str_('Soup')},0.035,0.68,1.09
"{np.str_('Coke'), np.str_('Salad')}",{np.str_('Soup')},0.112,0.77,1.13
{np.str_('Sandwich')},{np.str_('Salad')},0.258,0.28,1.39
{np.str_('Pasta')},{np.str_('Ketchup')},0.199,0.85,1.41
{np.str_('Sandwich')},{np.str_('Pasta')},0.059,0.41,1.07
"{np.str_('Burger'), np.str_('Soup')}",{np.str_('Coke')},0.133,0.13,1.32
"{np.str_('Coke'), np.str_('IceCream')}",{np.str_('Burger')},0.253,0.89,1.23
{np.str_('Soup')},{np.str_('IceCream')},0.014,0.48,1.01
{np.str_('Soup')},{np.str_('Pasta')},0.264,0.36,1.04
"{np.str_('Soup'), np.str_('IceCream')}",{np.str_('Ketchup')},0.161,0.15,1.38
{np.str_('Fries')},{np.str_('Pizza')},0.265,0.56,1.16
{np.str_('Ketchup')},{np.str_('IceCream')},0.285,0.46,1.35
{np.str_('Ketchup')},{np.str_('Sandwich')},0.086,0.32,1.13
{np.str_('Coke')},{np.str_('Sandwich')},0.023,0.21,0.99
{np.str_('Fries')},{np.str_('Sandwich')},0.258,0.14,1.38
"{np.str_('Coke'), np.str_('Salad')}",{np.str_('Burger')},0.125,0.17,1.23
"{np.str_('Fries'), np.str_('Salad')}",{np.str_('Coke')},0.141,0.84,0.92
"{np.str_('Fries'), np.str_('Soup')}",{np.str_('Burger')},0.249,0.86,1.37
"{np.str_('Pizza'), np.str_('Pasta')}",{np.str_('Ketchup')},0.121,0.46,1.06
{np.str_('Ketchup')},{np.str_('Pasta')},0.13,0.62,1.25
{np.str_('Ketchup')},{np.str_('Sandwich')},0.045,0.82,0.85
"{np.str_('IceCream'), np.str_('Sandwich')}",{np.str_('Pasta')},0.177,0.13,0.89
{np.str_('Pizza')},{np.str_('Fries')},0.127,0.16,1.18
"{np.str_('Burger'), np.str_('IceCream')}",{np.str_('Pasta')},0.039,0.81,0.81
{np.str_('Ketchup')},{np.str_('Coke')},0.023,0.71,1.46
{np.str_('Pasta')},{np.str_('Burger')},0.206,0.58,1.06
"{np.str_('Pizza'), np.str_('IceCream')}",{np.str_('Sandwich')},0.018,0.5,1.47
"{np.str_('Ketchup'), np.str_('Burger')}",{np.str_('Sandwich')},0.143,0.33,1.43
{np.str_('IceCream')},{np.str_('Coke')},0.019,0.88,1.34
{np.str_('Coke')},{np.str_('Pasta')},0.138,0.34,0.98
{np.str_('Fries')},{np.str_('Ketchup')},0.111,0.56,0.9
{np.str_('Salad')},{np.str_('Sandwich')},0.175,0.6,0.94
{np.str_('Fries')},{np.str_('Pizza')},0.219,0.53,1.41
{np.str_('IceCream')},{np.str_('Salad')},0.053,0.47,1.49
"{np.str_('Ketchup'), np.str_('Burger')}",{np.str_('Pasta')},0.231,0.41,1.16
{np.str_('Coke')},{np.str_('Ketchup')},0.244,0.48,1.5
"{np.str_('Soup'), np.str_('Salad')}",{np.str_('Pizza')},0.019,0.88,0.95
{np.str_('Burger')},{np.str_('Salad')},0.114,0.74,1.0
"{np.str_('Ketchup'), np.str_('Salad')}",{np.str_('IceCream')},0.023,0.37,1.24
{np.str_('Salad')},{np.str_('Pizza')},0.188,0.17,1.14
"{np.str_('Fries'), np.str_('IceCream')}",{np.str_('Pizza')},0.012,0.18,1.41
"{np.str_('Pizza'), np.str_('IceCream')}",{np.str_('Fries')},0.031,0.42,1.01
"{np.str_('Ketchup'), np.str_('Coke')}",{np.str_('Sandwich')},0.254,0.54,0.95
{np.str_('Coke')},{np.str_('Pasta')},0.156,0.46,1.21
"{np.str_('Pizza'), np.str_('Burger')}",{np.str_('Sandwich')},0.243,0.54,1.16
{np.str_('Pizza')},{np.str_('Soup')},0.227,0.35,0.8
"{np.str_('Ketchup'), np.str_('Coke')}",{np.str_('Burger')},0.109,0.85,0.86
"{np.str_('Ketchup'), np.str_('Salad')}",{np.str_('Pizza')},0.136,0.83,1.06
"{np.str_('Coke'), np.str_('Salad')}",{np.str_('Soup')},0.206,0.21,0.98
{np.str_('Fries')},{np.str_('Soup')},0.041,0.73,1.25
"{np.str_('Fries'), np.str_('IceCream')}",{np.str_('Pizza')},0.194,0.72,0.8
{np.str_('Sandwich')},{np.str_('Salad')},0.147,0.8,0.95
{np.str_('Pasta')},{np.str_('Ketchup')},0.208,0.47,1.21
{np.str_('Ketchup')},{np.str_('Salad')},0.274,0.77,1.3
"{np.str_('Ketchup'), np.str_('Sandwich')}",{np.str_('Soup')},0.22,0.8,0.83
"{np.str_('Pizza'), np.str_('Ketchup')}",{np.str_('Coke')},0.177,0.16,1.07
{np.str_('Coke')},{np.str_('Pasta')},0.111,0.4,0.8
{np.str_('Salad')},{np.str_('Burger')},0.186,0.33,0.94
{np.str_('Salad')},{np.str_('Pasta')},0.205,0.57,1.49
{np.str_('Sandwich')},{np.str_('Burger')},0.075,0.26,0.9
"{np.str_('Fries'), np.str_('Burger')}",{np.str_('Ketchup')},0.085,0.38,1.44
"{np.str_('Pizza'), np.str_('Coke')}",{np.str_('Sandwich')},0.154,0.28,0.83
{np.str_('Pasta')},{np.str_('Salad')},0.09,0.75,1.12
"{np.str_('Fries'), np.str_('IceCream')}",{np.str_('Soup')},0.299,0.52,1.07
"{np.str_('Fries'), np.str_('Burger')}",{np.str_('Pasta')},0.175,0.31,1.11
{np.str_('Coke')},{np.str_('Fries')},0.213,0.42,1.47
"{np.str_('Burger'), np.str_('IceCream')}",{np.str_('Coke')},0.203,0.23,1.2
"{np.str_('Pizza'), np.str_('Burger')}",{np.str_('Ketchup')},0.023,0.75,0.92
{np.str_('Fries')},{np.str_('Ketchup')},0.094,0.42,1.44
{np.str_('Pasta')},{np.str_('Pizza')},0.027,0.46,0.99
{np.str_('Salad')},{np.str_('Burger')},0.066,0.83,0.87
"{np.str_('Pizza'), np.str_('Pasta')}",{np.str_('Salad')},0.075,0.45,1.3
"{np.str_('Sandwich'), np.str_('Salad')}",{np.str_('IceCream')},0.269,0.86,1.42
{np.str_('Pizza')},{np.str_('Soup')},0.096,0.58,0.82
"{np.str_('Pasta'), np.str_('Soup')}",{np.str_('IceCream')},0.25,0.14,1.31
{np.str_('Ketchup')},{np.str_('Salad')},0.092,0.44,0.83
"{np.str_('Pizza'), np.str_('Salad')}",{np.str_('Burger')},0.292,0.28,1.01
{np.str_('Sandwich')},{np.str_('Coke')},0.225,0.78,1.1
"{np.str_('Coke'), np.str_('Soup')}",{np.str_('Sandwich')},0.128,0.28,1.33
"{np.str_('Soup'), np.str_('IceCream')}",{np.str_('Sandwich')},0.16,0.32,1.24
"{np.str_('Fries'), np.str_('Ketchup')}",{np.str_('Burger')},0.159,0.51,1.06
{np.str_('Ketchup')},{np.str_('Pasta')},0.257,0.38,0.82
{np.str_('Fries')},{np.str_('Burger')},0.221,0.55,1.46
{np.str_('Ketchup')},{np.str_('Coke')},0.046,0.74,1.23
"{np.str_('IceCream'), np.str_('Salad')}",{np.str_('Burger')},0.167,0.44,1.02
"{np.str_('Fries'), np.str_('Burger')}",{np.str_('Coke')},0.245,0.64,1.24
"{np.str_('Coke'), np.str_('Sandwich')}",{np.str_('Pizza')},0.014,0.64,0.84
{np.str_('Pasta')},{np.str_('Ketchup')},0.03,0.73,1.0
"{np.str_('Coke'), np.str_('Burger')}",{np.str_('Salad')},0.295,0.73,1.31
{np.str_('IceCream')},{np.str_('Soup')},0.294,0.15,1.16
{np.str_('IceCream')},{np.str_('Coke')},0.133,0.38,1.08
{np.str_('Pasta')},{np.str_('Salad')},0.052,0.58,0.92
{np.str_('Sandwich')},{np.str_('Pizza')},0.198,0.31,0.81
{np.str_('Sandwich')},{np.str_('Fries')},0.261,0.86,0.87
"{np.str_('Burger'), np.str_('IceCream')}",{np.str_('Salad')},0.128,0.11,1.21
{np.str_('Pasta')},{np.str_('Salad')},0.293,0.18,0.81
"{np.str_('Soup'), np.str_('Salad')}",{np.str_('Coke')},0.136,0.68,0.81
"{np.str_('Ketchup'), np.str_('Salad')}",{np.str_('Sandwich')},0.264,0.69,0.81
{np.str_('Sandwich')},{np.str_('Fries')},0.222,0.59,1.27
"{np.str_('Burger'), np.str_('IceCream')}",{np.str_('Soup')},0.068,0.59,1.32
"{np.str_('Coke'), np.str_('IceCream')}",{np.str_('Burger')},0.107,0.79,1.44
{np.str_('Sandwich')},{np.str_('Salad')},0.134,0.45,1.25
{np.str_('Pasta')},{np.str_('Salad')},0.156,0.14,1.14
"{np.str_('Ketchup'), np.str_('Pasta')}",{np.str_('Sandwich')},0.042,0.51,1.35
"{np.str_('Burger'), np.str_('IceCream')}",{np.str_('Salad')},0.012,0.84,1.11
"{np.str_('Pizza'), np.str_('Salad')}",{np.str_('IceCream')},0.073,0.75,1.35
"{np.str_('Pizza'), np.str_('Sandwich')}",{np.str_('Pasta')},0.17,0.5,0.94
"{np.str_('Soup'), np.str_('IceCream')}",{np.str_('Ketchup')},0.143,0.43,1.31
"{np.str_('Pizza'), np.str_('IceCream')}",{np.str_('Sandwich')},0.167,0.38,1.09
"{np.str_('Ketchup'), np.str_('Burger')}",{np.str_('Pizza')},0.186,0.3,0.84
"{np.str_('Fries'), np.str_('Ketchup')}",{np.str_('Burger')},0.134,0.53,1.29
{np.str_('Pasta')},{np.str_('Fries')},0.016,0.86,1.29
{np.str_('Coke')},{np.str_('Pasta')},0.234,0.86,1.34
"{np.str_('Fries'), np.str_('Coke')}",{np.str_('Pizza')},0.083,0.11,1.31
"{np.str_('Fries'), np.str_('Soup')}",{np.str_('Burger')},0.164,0.51,1.37
{np.str_('Sandwich')},{np.str_('IceCream')},0.264,0.41,1.18
"{np.str_('Pizza'), np.str_('Sandwich')}",{np.str_('IceCream')},0.077,0.85,0.83
{np.str_('Burger')},{np.str_('Pizza')},0.202,0.49,0.8
"{np.str_('Pizza'), np.str_('Ketchup')}",{np.str_('Soup')},0.228,0.74,1.16
{np.str_('Fries')},{np.str_('Sandwich')},0.227,0.83,1.33
{np.str_('Pizza')},{np.str_('Sandwich')},0.122,0.57,0.93
{np.str_('Ketchup')},{np.str_('Fries')},0.288,0.44,1.18
{np.str_('Pasta')},{np.str_('Ketchup')},0.211,0.27,1.22
"{np.str_('Pizza'), np.str_('Pasta')}",{np.str_('Ketchup')},0.054,0.27,1.12
"{np.str_('Burger'), np.str_('Sandwich')}",{np.str_('Soup')},0.104,0.82,1.42
"{np.str_('Burger'), np.str_('IceCream')}",{np.str_('Sandwich')},0.215,0.87,1.38
"{np.str_('Fries'), np.str_('Salad')}",{np.str_('Ketchup')},0.269,0.78,1.08
"{np.str_('Coke'), np.str_('Soup')}",{np.str_('IceCream')},0.19,0.55,1.24
{np.str_('Fries')},{np.str_('Pizza')},0.215,0.41,0.96
{np.str_('Soup')},{np.str_('Ketchup')},0.299,0.88,1.25
{np.str_('Fries')},{np.str_('Pizza')},0.115,0.79,0.88
{np.str_('Coke')},{np.str_('Sandwich')},0.055,0.61,1.22
{np.str_('Soup')},{np.str_('Coke')},0.209,0.12,0.92
{np.str_('Burger')},{np.str_('Pizza')},0.176,0.32,1.44
"{np.str_('Burger'), np.str_('IceCream')}",{np.str_('Fries')},0.186,0.8,1.42
"{np.str_('Fries'), np.str_('Salad')}",{np.str_('Sandwich')},0.27,0.6,1.48
"{np.str_('Pizza'), np.str_('Fries')}",{np.str_('Coke')},0.282,0.17,1.07
"{np.str_('Ketchup'), np.str_('Burger')}",{np.str_('Salad')},0.292,0.71,1.48
"{np.str_('Burger'), np.str_('IceCream')}",{np.str_('Ketchup')},0.113,0.64,0.84
{np.str_('Ketchup')},{np.str_('Salad')},0.149,0.72,1.01
"{np.str_('Ketchup'), np.str_('Coke')}",{np.str_('Soup')},0.116,0.25,1.04
"{np.str_('Soup'), np.str_('Salad')}",{np.str_('Coke')},0.015,0.52,1.13
{np.str_('Soup')},{np.str_('Sandwich')},0.213,0.43,1.16
"{np.str_('Coke'), np.str_('Sandwich')}",{np.str_('IceCream')},0.127,0.88,1.45
{np.str_('Fries')},{np.str_('Sandwich')},0.249,0.33,1.45
"{np.str_('Coke'), np.str_('Soup')}",{np.str_('Pizza')},0.108,0.68,1.2
{np.str_('Soup')},{np.str_('Salad')},0.228,0.6,1.22
{np.str_('Fries')},{np.str_('Burger')},0.095,0.29,1.46
{np.str_('Sandwich')},{np.str_('Soup')},0.214,0.59,1.33
{np.str_('Salad')},{np.str_('Ketchup')},0.023,0.62,0.96
{np.str_('Salad')},{np.str_('Coke')},0.279,0.9,1.36
{np.str_('Pizza')},{np.str_('Soup')},0.065,0.84,1.29
{np.str_('Salad')},{np.str_('Ketchup')},0.174,0.84,1.07
"{np.str_('Fries'), np.str_('Coke')}",{np.str_('Ketchup')},0.095,0.37,1.01
"{np.str_('Ketchup'), np.str_('Salad')}",{np.str_('Fries')},0.19,0.58,1.15
"{np.str_('Pasta'), np.str_('IceCream')}",{np.str_('Burger')},0.215,0.6,1.49
"{np.str_('Ketchup'), np.str_('Sandwich')}",{np.str_('Soup')},0.167,0.89,1.46
"{np.str_('Fries'), np.str_('IceCream')}",{np.str_('Salad')},0.14,0.5,0.97
"{np.str_('Soup'), np.str_('Sandwich')}",{np.str_('Fries')},0.283,0.73,1.12
{np.str_('Burger')},{np.str_('Pasta')},0.097,0.19,1.11
"{np.str_('IceCream'), np.str_('Soup')}",{np.str_('Ketchup')},0.164,0.33,1.14
"{np.str_('Pizza'), np.str_('Soup')}",{np.str_('IceCream')},0.073,0.11,1.21
{np.str_('IceCream')},{np.str_('Burger')},0.034,0.3,1.35
"{np.str_('Fries'), np.str_('IceCream')}",{np.str_('Soup')},0.237,0.66,1.23
{np.str_('Pizza')},{np.str_('Pasta')},0.291,0.44,1.04
{np.str_('Fries')},{np.str_('Soup')},0.178,0.39,1.38
{np.str_('Coke')},{np.str_('Burger')},0.252,0.39,1.44
{np.str_('Coke')},{np.str_('Pizza')},0.015,0.64,0.85
{np.str_('Burger')},{np.str_('Pizza')},0.292,0.55,1.3
{np.str_('Fries')},{np.str_('Coke')},0.077,0.65,1.46
"{np.str_('Coke'), np.str_('Sandwich')}",{np.str_('Soup')},0.228,0.53,1.18
{np.str_('Ketchup')},{np.str_('Fries')},0.172,0.29,1.15
{np.str_('Salad')},{np.str_('Soup')},0.093,0.17,1.02
"{np.str_('Burger'), np.str_('Salad')}",{np.str_('IceCream')},0.252,0.53,1.39
"{np.str_('Pizza'), np.str_('Ketchup')}",{np.str_('Fries')},0.176,0.36,0.83
{np.str_('Fries')},{np.str_('Sandwich')},0.248,0.45,0.89
"{np.str_('IceCream'), np.str_('Salad')}",{np.str_('Burger')},0.067,0.15,1.42
{np.str_('Ketchup')},{np.str_('Soup')},0.21,0.37,1.36
{np.str_('Salad')},{np.str_('Ketchup')},0.285,0.34,0.99
"{np.str_('Coke'), np.str_('Sandwich')}",{np.str_('Fries')},0.259,0.68,1.46
{np.str_('Ketchup')},{np.str_('IceCream')},0.272,0.4,1.18
"{np.str_('Pizza'), np.str_('IceCream')}",{np.str_('Pasta')},0.262,0.17,0.95
"{np.str_('Fries'), np.str_('Burger')}",{np.str_('IceCream')},0.164,0.23,1.2
"{np.str_('IceCream'), np.str_('Salad')}",{np.str_('Fries')},0.128,0.64,0.84
"{np.str_('Burger'), np.str_('Salad')}",{np.str_('Ketchup')},0.1,0.2,0.88
"{np.str_('Pizza'), np.str_('Ketchup')}",{np.str_('Sandwich')},0.055,0.69,1.05
"{np.str_('Pasta'), np.str_('Salad')}",{np.str_('Pizza')},0.059,0.38,1.33
{np.str_('Burger')},{np.str_('IceCream')},0.174,0.78,0.94
{np.str_('Salad')},{np.str_('Fries')},0.084,0.48,1.14
"{np.str_('IceCream'), np.str_('Soup')}",{np.str_('Pizza')},0.294,0.64,1.39
"{np.str_('Pasta'), np.str_('Soup')}",{np.str_('Coke')},0.09,0.71,0.96
"{np.str_('Coke'), np.str_('Sandwich')}",{np.str_('Soup')},0.072,0.2,1.29
{np.str_('Pizza')},{np.str_('Soup')},0.191,0.75,1.39
{np.str_('Salad')},{np.str_('Fries')},0.025,0.81,1.2
{np.str_('Burger')},{np.str_('Sandwich')},0.052,0.67,1.01
"{np.str_('Pizza'), np.str_('Sandwich')}",{np.str_('Coke')},0.084,0.71,0.86
{np.str_('Fries')},{np.str_('Pasta')},0.171,0.37,0.89
"{np.str_('Pizza'), np.str_('Ketchup')}",{np.str_('Salad')},0.197,0.33,1.01
{np.str_('Salad')},{np.str_('Pasta')},0.246,0.82,1.38
{np.str_('Pizza')},{np.str_('Soup')},0.123,0.48,0.9
"{np.str_('Burger'), np.str_('IceCream')}",{np.str_('Sandwich')},0.145,0.36,1.13
{np.str_('IceCream')},{np.str_('Pizza')},0.224,0.63,0.88
"{np.str_('Burger'), np.str_('Pasta')}",{np.str_('Coke')},0.064,0.12,1.0
"{np.str_('Burger'), np.str_('IceCream')}",{np.str_('Pasta')},0.18,0.53,0.86
{np.str_('Ketchup')},{np.str_('Sandwich')},0.162,0.32,1.08
"{np.str_('Pasta'), np.str_('Soup')}",{np.str_('Salad')},0.269,0.16,1.44
"{np.str_('Fries'), np.str_('Ketchup')}",{np.str_('Sandwich')},0.102,0.15,1.34
"{np.str_('Fries'), np.str_('Ketchup')}",{np.str_('Pasta')},0.099,0.4,1.19
{np.str_('Soup')},{np.str_('Pizza')},0.032,0.23,0.84
"{np.str_('Fries'), np.str_('IceCream')}",{np.str_('Sandwich')},0.266,0.43,1.07
{np.str_('Soup')},{np.str_('Burger')},0.287,0.22,1.13
{np.str_('Pasta')},{np.str_('Fries')},0.021,0.6,1.29
"{np.str_('Coke'), np.str_('IceCream')}",{np.str_('Pizza')},0.096,0.52,1.27
"{np.str_('Burger'), np.str_('Soup')}",{np.str_('Pasta')},0.183,0.16,1.46
"{np.str_('Ketchup'), np.str_('Burger')}",{np.str_('Pizza')},0.099,0.26,1.27
{np.str_('Pizza')},{np.str_('Salad')},0.133,0.9,0.81
"{np.str_('Fries'), np.str_('Pasta')}",{np.str_('Salad')},0.014,0.28,1.2
{np.str_('Pasta')},{np.str_('Fries')},0.121,0.27,1.11
{np.str_('Pasta')},{np.str_('Salad')},0.073,0.85,1.13
{np.str_('Fries')},{np.str_('Burger')},0.176,0.25,0.84
{np.str_('Coke')},{np.str_('Pasta')},0.138,0.23,0.93
"{np.str_('Fries'), np.str_('Pasta')}",{np.str_('Soup')},0.088,0.26,1.13
{np.str_('Salad')},{np.str_('Ketchup')},0.024,0.18,0.83
{np.str_('Sandwich')},{np.str_('IceCream')},0.096,0.16,0.92
{np.str_('Pasta')},{np.str_('Fries')},0.205,0.24,0.84
"{np.str_('Pizza'), np.str_('Ketchup')}",{np.str_('Fries')},0.022,0.87,1.18
"{np.str_('Pasta'), np.str_('Soup')}",{np.str_('Fries')},0.169,0.48,1.45
{np.str_('Coke')},{np.str_('Sandwich')},0.222,0.49,1.24
{np.str_('Burger')},{np.str_('Fries')},0.251,0.74,1.41
{np.str_('Burger')},{np.str_('Sandwich')},0.027,0.61,1.34
{np.str_('Soup')},{np.str_('IceCream')},0.07,0.38,1.27
{np.str_('IceCream')},{np.str_('Fries')},0.03,0.76,0.98
{np.str_('Soup')},{np.str_('Ketchup')},0.223,0.59,1.14
{np.str_('Pizza')},{np.str_('Soup')},0.103,0.43,1.44
{np.str_('Pasta')},{np.str_('Ketchup')},0.147,0.17,1.24
{np.str_('Fries')},{np.str_('Burger')},0.26,0.56,1.42
"{np.str_('Fries'), np.str_('Ketchup')}",{np.str_('Coke')},0.058,0.24,1.35
"{np.str_('Pizza'), np.str_('Burger')}",{np.str_('Fries')},0.034,0.17,0.92
"{np.str_('Pasta'), np.str_('Salad')}",{np.str_('Coke')},0.198,0.64,1.36
"{np.str_('Fries'), np.str_('Pasta')}",{np.str_('IceCream')},0.207,0.85,1.5
"{np.str_('Coke'), np.str_('Soup')}",{np.str_('Pizza')},0.272,0.12,0.95
{np.str_('IceCream')},{np.str_('Sandwich')},0.034,0.41,1.06
{np.str_('Pasta')},{np.str_('Fries')},0.29,0.44,1.24
{np.str_('Coke')},{np.str_('Sandwich')},0.128,0.32,0.94
"{np.str_('Fries'), np.str_('Salad')}",{np.str_('Pasta')},0.063,0.87,1.06
{np.str_('Soup')},{np.str_('Coke')},0.151,0.54,1.45
{np.str_('Pasta')},{np.str_('Soup')},0.026,0.64,0.96
{np.str_('Burger')},{np.str_('Salad')},0.208,0.29,1.46
{np.str_('Fries')},{np.str_('IceCream')},0.207,0.3,1.41
"{np.str_('Fries'), np.str_('Ketchup')}",{np.str_('Coke')},0.206,0.61,1.08
{np.str_('Sandwich')},{np.str_('Coke')},0.146,0.66,1.45
{np.str_('Soup')},{np.str_('Salad')},0.111,0.79,0.96
{np.str_('Pasta')},{np.str_('Fries')},0.117,0.39,1.04
"{np.str_('Pizza'), np.str_('IceCream')}",{np.str_('Coke')},0.082,0.16,1.26
"{np.str_('Soup'), np.str_('Sandwich')}",{np.str_('IceCream')},0.132,0.47,0.98
"{np.str_('Pasta'), np.str_('Soup')}",{np.str_('Ketchup')},0.277,0.38,0.84
"{np.str_('Coke'), np.str_('Soup')}",{np.str_('Sandwich')},0.225,0.23,0.88
"{np.str_('Pizza'), np.str_('IceCream')}",{np.str_('Coke')},0.119,0.6,1.3
{np.str_('Burger')},{np.str_('IceCream')},0.021,0.41,1.36
{np.str_('Coke')},{np.str_('Pasta')},0.205,0.13,1.17
"{np.str_('Coke'), np.str_('Soup')}",{np.str_('Ketchup')},0.26,0.31,1.17
{np.str_('Burger')},{np.str_('IceCream')},0.099,0.29,0.96
{np.str_('Pasta')},{np.str_('Salad')},0.293,0.75,1.32
"{np.str_('Pizza'), np.str_('Coke')}",{np.str_('IceCream')},0.058,0.73,0.89
"{np.str_('Ketchup'), np.str_('Soup')}",{np.str_('Coke')},0.261,0.19,0.92
{np.str_('Burger')},{np.str_('Fries')},0.253,0.5,0.81
{np.str_('Pizza')},{np.str_('Pasta')},0.182,0.66,0.94
{np.str_('Pasta')},{np.str_('Salad')},0.24,0.28,0.93
{np.str_('Pasta')},{np.str_('Sandwich')},0.124,0.86,0.9
{np.str_('Coke')},{np.str_('Pizza')},0.066,0.22,1.46
{np.str_('Salad')},{np.str_('Coke')},0.194,0.38,0.9
"{np.str_('IceCream'), np.str_('Sandwich')}",{np.str_('Pasta')},0.097,0.61,1.22
{np.str_('Ketchup')},{np.str_('Soup')},0.208,0.12,1.28
{np.str_('Coke')},{np.str_('Burger')},0.036,0.83,0.8
{np.str_('Salad')},{np.str_('Ketchup')},0.169,0.81,1.19
{np.str_('Sandwich')},{np.str_('Burger')},0.043,0.1,1.15
"{np.str_('Fries'), np.str_('Soup')}",{np.str_('Pizza')},0.277,0.44,1.04
"{np.str_('Coke'), np.str_('Salad')}",{np.str_('Burger')},0.097,0.44,1.02
{np.str_('IceCream')},{np.str_('Coke')},0.243,0.78,1.08
{np.str_('Soup')},{np.str_('Sandwich')},0.151,0.12,1.07
{np.str_('Salad')},{np.str_('Burger')},0.215,0.3,1.11
"{np.str_('Soup'), np.str_('Salad')}",{np.str_('Pasta')},0.122,0.21,1.32
"{np.str_('Ketchup'), np.str_('Salad')}",{np.str_('Pasta')},0.154,0.24,0.88
"{np.str_('Fries'), np.str_('IceCream')}",{np.str_('Salad')},0.235,0.78,0.93
"{np.str_('Fries'), np.str_('Salad')}",{np.str_('Pasta')},0.071,0.13,1.03
{np.str_('Burger')},{np.str_('Pasta')},0.085,0.14,1.31
{np.str_('Salad')},{np.str_('Ketchup')},0.189,0.88,1.31
"{np.str_('Coke'), np.str_('IceCream')}",{np.str_('Ketchup')},0.152,0.52,1.03
{np.str_('Pizza')},{np.str_('Sandwich')},0.227,0.74,0.9
"{np.str_('Pizza'), np.str_('Ketchup')}",{np.str_('Pasta')},0.26,0.35,1.4
"{np.str_('Ketchup'), np.str_('Coke')}",{np.str_('Pasta')},0.188,0.29,1.14
{np.str_('Pizza')},{np.str_('Soup')},0.233,0.15,1.2
{np.str_('Pasta')},{np.str_('Burger')},0.255,0.31,1.1
"{np.str_('Burger'), np.str_('Pasta')}",{np.str_('Soup')},0.041,0.39,0.87
"{np.str_('Sandwich'), np.str_('Salad')}",{np.str_('Burger')},0.093,0.6,1.12
{np.str_('Pasta')},{np.str_('Soup')},0.151,0.83,1.23
"{np.str_('Burger'), np.str_('Pasta')}",{np.str_('Ketchup')},0.273,0.69,1.17
{np.str_('Burger')},{np.str_('Soup')},0.128,0.8,1.25
"{np.str_('Burger'), np.str_('Pasta')}",{np.str_('Soup')},0.127,0.34,1.24
"{np.str_('IceCream'), np.str_('Soup')}",{np.str_('Sandwich')},0.105,0.47,0.9
{np.str_('Fries')},{np.str_('Soup')},0.013,0.41,1.01
{np.str_('Fries')},{np.str_('Pizza')},0.281,0.7,1.46
"{np.str_('Pizza'), np.str_('Fries')}",{np.str_('Ketchup')},0.069,0.74,1.32
{np.str_('Burger')},{np.str_('IceCream')},0.108,0.42,0.97
{np.str_('Coke')},{np.str_('Soup')},0.105,0.7,1.08
{np.str_('IceCream')},{np.str_('Pasta')},0.179,0.81,0.91
{np.str_('Fries')},{np.str_('Pizza')},0.281,0.2,1.36
{np.str_('Ketchup')},{np.str_('Coke')},0.282,0.34,1.13
{np.str_('Coke')},{np.str_('Pasta')},0.019,0.68,1.41
"{np.str_('Fries'), np.str_('IceCream')}",{np.str_('Pizza')},0.253,0.62,1.23
"{np.str_('Fries'), np.str_('Burger')}",{np.str_('Salad')},0.032,0.4,1.37
{np.str_('Burger')},{np.str_('Coke')},0.161,0.2,1.47
"{np.str_('Pizza'), np.str_('Coke')}",{np.str_('IceCream')},0.13,0.85,1.12
{np.str_('Soup')},{np.str_('Burger')},0.296,0.3,1.16
{np.str_('Salad')},{np.str_('Coke')},0.141,0.32,1.47
"{np.str_('Coke'), np.str_('IceCream')}",{np.str_('Salad')},0.026,0.56,0.86
{np.str_('Pizza')},{np.str_('Salad')},0.147,0.67,1.08
{np.str_('IceCream')},{np.str_('Sandwich')},0.175,0.59,1.46
{np.str_('IceCream')},{np.str_('Fries')},0.093,0.53,1.17
"{np.str_('Fries'), np.str_('Pizza')}",{np.str_('Salad')},0.168,0.66,1.16
{np.str_('IceCream')},{np.str_('Soup')},0.237,0.49,1.36
"{np.str_('IceCream'), np.str_('Soup')}",{np.str_('Pizza')},0.013,0.62,1.16
"{np.str_('Pizza'), np.str_('Pasta')}",{np.str_('Sandwich')},0.201,0.41,0.89
{np.str_('Ketchup')},{np.str_('Coke')},0.253,0.36,1.42
"{np.str_('Fries'), np.str_('Soup')}",{np.str_('Pasta')},0.102,0.49,1.02
"{np.str_('Burger'), np.str_('Sandwich')}",{np.str_('Ketchup')},0.295,0.29,1.28
{np.str_('Soup')},{np.str_('Pizza')},0.071,0.77,0.82
"{np.str_('Burger'), np.str_('Soup')}",{np.str_('Ketchup')},0.15,0.28,0.98
"{np.str_('Ketchup'), np.str_('Salad')}",{np.str_('Pizza')},0.158,0.21,1.41
"{np.str_('Fries'), np.str_('Pasta')}",{np.str_('Salad')},0.259,0.78,1.05
{np.str_('Soup')},{np.str_('Coke')},0.075,0.24,1.41
"{np.str_('Pasta'), np.str_('Salad')}",{np.str_('IceCream')},0.296,0.28,1.26
"{np.str_('Fries'), np.str_('Coke')}",{np.str_('Ketchup')},0.219,0.24,1.18
"{np.str_('Coke'), np.str_('Soup')}",{np.str_('Sandwich')},0.063,0.5,1.03
"{np.str_('Coke'), np.str_('Salad')}",{np.str_('Pizza')},0.19,0.34,1.43
"{np.str_('Pizza'), np.str_('Sandwich')}",{np.str_('IceCream')},0.083,0.76,0.86
{np.str_('Pasta')},{np.str_('Soup')},0.087,0.83,1.1
{np.str_('Soup')},{np.str_('Sandwich')},0.049,0.31,1.07
{np.str_('Salad')},{np.str_('Pizza')},0.137,0.47,1.35
{np.str_('Sandwich')},{np.str_('Salad')},0.293,0.15,1.38
"{np.str_('Fries'), np.str_('Salad')}",{np.str_('Ketchup')},0.022,0.39,1.38
"{np.str_('Pizza'), np.str_('IceCream')}",{np.str_('Fries')},0.09,0.42,1.45
{np.str_('Soup')},{np.str_('Salad')},0.099,0.15,1.04
{np.str_('Sandwich')},{np.str_('Salad')},0.155,0.56,0.9
{np.str_('IceCream')},{np.str_('Ketchup')},0.23,0.14,1.39
{np.str_('Pizza')},{np.str_('Ketchup')},0.065,0.25,0.84
{np.str_('Fries')},{np.str_('Soup')},0.183,0.32,0.82
{np.str_('Soup')},{np.str_('IceCream')},0.047,0.2,1.27
{np.str_('Salad')},{np.str_('Sandwich')},0.178,0.59,1.35
"{np.str_('Burger'), np.str_('Pasta')}",{np.str_('Soup')},0.097,0.12,1.1
{np.str_('Burger')},{np.str_('Fries')},0.014,0.84,1.48
"{np.str_('Ketchup'), np.str_('Coke')}",{np.str_('Fries')},0.1,0.46,1.08
"{np.str_('Ketchup'), np.str_('Pasta')}",{np.str_('IceCream')},0.275,0.31,1.43
{np.str_('Pizza')},{np.str_('Burger')},0.146,0.16,1.37
"{np.str_('Coke'), np.str_('Soup')}",{np.str_('IceCream')},0.197,0.26,0.87
"{np.str_('Pizza'), np.str_('Sandwich')}",{np.str_('Pasta')},0.077,0.27,0.84
{np.str_('Pasta')},{np.str_('Burger')},0.057,0.65,1.27
{np.str_('Ketchup')},{np.str_('Soup')},0.236,0.83,1.07
"{np.str_('IceCream'), np.str_('Salad')}",{np.str_('Fries')},0.283,0.86,0.97
{np.str_('Pizza')},{np.str_('Soup')},0.085,0.68,0.82
{np.str_('Salad')},{np.str_('Pizza')},0.128,0.58,0.88
{np.str_('Ketchup')},{np.str_('Sandwich')},0.032,0.43,1.28
"{np.str_('Pizza'), np.str_('Salad')}",{np.str_('Sandwich')},0.29,0.23,1.01
"{np.str_('IceCream'), np.str_('Salad')}",{np.str_('Pizza')},0.193,0.43,0.92
"{np.str_('Coke'), np.str_('Soup')}",{np.str_('IceCream')},0.221,0.73,0.97
{np.str_('IceCream')},{np.str_('Salad')},0.179,0.34,0.82
{np.str_('Soup')},{np.str_('Burger')},0.217,0.3,1.44
"{np.str_('Pizza'), np.str_('Soup')}",{np.str_('Sandwich')},0.071,0.69,1.02
"{np.str_('Soup'), np.str_('Salad')}",{np.str_('Ketchup')},0.11,0.12,1.28
{np.str_('Salad')},{np.str_('Pizza')},0.265,0.32,1.49
{np.str_('Pizza')},{np.str_('Salad')},0.085,0.79,1.27
{np.str_('Sandwich')},{np.str_('Burger')},0.149,0.49,1.2
{np.str_('Ketchup')},{np.str_('Pasta')},0.073,0.3,1.38
"{np.str_('Fries'), np.str_('Burger')}",{np.str_('Coke')},0.28,0.47,0.93
{np.str_('Sandwich')},{np.str_('Pizza')},0.16,0.17,1.49
"{np.str_('Soup'), np.str_('Salad')}",{np.str_('Pizza')},0.094,0.48,1.48
"{np.str_('Coke'), np.str_('Burger')}",{np.str_('Pizza')},0.072,0.29,1.0
"{np.str_('Coke'), np.str_('Salad')}",{np.str_('Pasta')},0.259,0.43,1.49
"{np.str_('Coke'), np.str_('Sandwich')}",{np.str_('IceCream')},0.049,0.19,1.39
{np.str_('Fries')},{np.str_('IceCream')},0.109,0.27,1.37
"{np.str_('Fries'), np.str_('Coke')}",{np.str_('Ketchup')},0.175,0.4,1.48
{np.str_('Sandwich')},{np.str_('Pizza')},0.024,0.58,1.04
"{np.str_('Pizza'), np.str_('Pasta')}",{np.str_('Burger')},0.232,0.49,0.9
{np.str_('Fries')},{np.str_('Coke')},0.196,0.71,1.21
{np.str_('Soup')},{np.str_('Pasta')},0.229,0.21,1.18
"{np.str_('Pasta'), np.str_('Salad')}",{np.str_('Soup')},0.036,0.31,1.41
{np.str_('Salad')},{np.str_('Coke')},0.038,0.32,1.02
"{np.str_('Ketchup'), np.str_('Salad')}",{np.str_('Pizza')},0.057,0.66,1.33
"{np.str_('Fries'), np.str_('Coke')}",{np.str_('Pasta')},0.163,0.57,1.36
"{np.str_('Pizza'), np.str_('Ketchup')}",{np.str_('Sandwich')},0.221,0.83,1.44
"{np.str_('Pizza'), np.str_('Salad')}",{np.str_('Coke')},0.236,0.24,1.11
{np.str_('Ketchup')},{np.str_('Coke')},0.091,0.25,1.15
{np.str_('Pizza')},{np.str_('Ketchup')},0.235,0.37,1.19
"{np.str_('Ketchup'), np.str_('Burger')}",{np.str_('Sandwich')},0.047,0.24,1.15
"{np.str_('Fries'), np.str_('Coke')}",{np.str_('Salad')},0.168,0.32,1.29
"{np.str_('Ketchup'), np.str_('IceCream')}",{np.str_('Pizza')},0.121,0.77,1.41
{np.str_('Fries')},{np.str_('Pizza')},0.067,0.35,1.23
"{np.str_('Ketchup'), np.str_('Burger')}",{np.str_('Soup')},0.295,0.69,0.88
"{np.str_('Coke'), np.str_('Soup')}",{np.str_('Pasta')},0.205,0.24,1.31
"{np.str_('Burger'), np.str_('Pasta')}",{np.str_('Ketchup')},0.278,0.11,1.31
{np.str_('Ketchup')},{np.str_('Fries')},0.025,0.6,0.84
{np.str_('Sandwich')},{np.str_('Fries')},0.22,0.51,1.15
"{np.str_('Ketchup'), np.str_('Sandwich')}",{np.str_('Soup')},0.068,0.9,0.8
"{np.str_('Ketchup'), np.str_('Sandwich')}",{np.str_('Soup')},0.214,0.42,1.44
"{np.str_('Burger'), np.str_('Sandwich')}",{np.str_('Pizza')},0.239,0.65,1.42
{np.str_('Sandwich')},{np.str_('IceCream')},0.116,0.4,0.91
"{np.str_('Ketchup'), np.str_('Burger')}",{np.str_('Pizza')},0.287,0.16,1.05
{np.str_('Burger')},{np.str_('Ketchup')},0.056,0.38,1.09
{np.str_('Burger')},{np.str_('Soup')},0.23,0.59,0.92
"{np.str_('Fries'), np.str_('Pasta')}",{np.str_('Soup')},0.105,0.19,1.07
{np.str_('Soup')},{np.str_('Fries')},0.025,0.79,1.04
"{np.str_('Pizza'), np.str_('Salad')}",{np.str_('IceCream')},0.235,0.6,1.22
"{np.str_('Fries'), np.str_('Ketchup')}",{np.str_('Soup')},0.051,0.18,1.17
"{np.str_('Ketchup'), np.str_('Burger')}",{np.str_('Pasta')},0.262,0.81,1.05
{np.str_('Coke')},{np.str_('Sandwich')},0.174,0.5,0.81
"{np.str_('Pizza'), np.str_('Fries')}",{np.str_('Burger')},0.22,0.56,1.25
"{np.str_('Fries'), np.str_('IceCream')}",{np.str_('Sandwich')},0.138,0.63,1.02
{np.str_('Salad')},{np.str_('Pasta')},0.132,0.18,0.89
{np.str_('Fries')},{np.str_('Ketchup')},0.199,0.76,1.09
"{np.str_('Coke'), np.str_('Pasta')}",{np.str_('Ketchup')},0.013,0.22,1.34
"{np.str_('Coke'), np.str_('Salad')}",{np.str_('Ketchup')},0.256,0.82,1.18
{np.str_('Ketchup')},{np.str_('Pasta')},0.281,0.83,0.95
{np.str_('Coke')},{np.str_('Soup')},0.197,0.81,1.31
"{np.str_('Pasta'), np.str_('Salad')}",{np.str_('Sandwich')},0.051,0.45,1.19
{np.str_('Salad')},{np.str_('Fries')},0.263,0.15,1.42
"{np.str_('Pizza'), np.str_('Soup')}",{np.str_('Ketchup')},0.07,0.25,0.89
{np.str_('Burger')},{np.str_('Coke')},0.108,0.57,0.87
{np.str_('Ketchup')},{np.str_('IceCream')},0.152,0.16,1.23
"{np.str_('Pasta'), np.str_('Salad')}",{np.str_('Sandwich')},0.016,0.68,0.82
{np.str_('Soup')},{np.str_('Fries')},0.024,0.18,0.82
{np.str_('IceCream')},{np.str_('Fries')},0.295,0.65,1.42
{np.str_('Burger')},{np.str_('Fries')},0.232,0.63,1.38
"{np.str_('Pizza'), np.str_('Pasta')}",{np.str_('Soup')},0.163,0.2,1.21
"{np.str_('Burger'), np.str_('Soup')}",{np.str_('IceCream')},0.217,0.58,1.01
"{np.str_('Fries'), np.str_('Pasta')}",{np.str_('IceCream')},0.074,0.72,0.94
{np.str_('Fries')},{np.str_('Pasta')},0.111,0.84,0.94
{np.str_('Coke')},{np.str_('Soup')},0.055,0.28,0.95
"{np.str_('Fries'), np.str_('Pasta')}",{np.str_('Soup')},0.254,0.54,1.43
"{np.str_('Fries'), np.str_('Coke')}",{np.str_('Pizza')},0.186,0.25,1.36
{np.str_('Salad')},{np.str_('Burger')},0.102,0.49,1.01
{np.str_('Coke')},{np.str_('Ketchup')},0.287,0.29,1.03
{np.str_('IceCream')},{np.str_('Salad')},0.122,0.44,1.19
"{np.str_('Fries'), np.str_('Salad')}",{np.str_('Coke')},0.283,0.69,0.86
"{np.str_('Coke'), np.str_('Pasta')}",{np.str_('Burger')},0.142,0.34,1.07
{np.str_('Fries')},{np.str_('Burger')},0.139,0.54,1.46
"{np.str_('Ketchup'), np.str_('Burger')}",{np.str_('Soup')},0.237,0.26,0.86
{np.str_('Sandwich')},{np.str_('IceCream')},0.22,0.19,1.08
"{np.str_('IceCream'), np.str_('Soup')}",{np.str_('Coke')},0.171,0.66,1.09
"{np.str_('Pizza'), np.str_('Coke')}",{np.str_('Fries')},0.229,0.74,1.15
{np.str_('Pizza')},{np.str_('Fries')},0.137,0.43,1.1
"{np.str_('Coke'), np.str_('IceCream')}",{np.str_('Soup')},0.138,0.38,1.32
{np.str_('Pizza')},{np.str_('Burger')},0.197,0.8,0.83
"{np.str_('Pizza'), np.str_('Burger')}",{np.str_('Fries')},0.078,0.79,1.02
{np.str_('Soup')},{np.str_('Pizza')},0.114,0.59,1.07
{np.str_('Ketchup')},{np.str_('Burger')},0.242,0.31,0.97
"{np.str_('Pizza'), np.str_('Sandwich')}",{np.str_('IceCream')},0.13,0.17,1.11
{np.str_('Salad')},{np.str_('Sandwich')},0.108,0.17,1.47
"{np.str_('Pasta'), np.str_('Salad')}",{np.str_('Ketchup')},0.011,0.29,1.46
{np.str_('Sandwich')},{np.str_('Burger')},0.266,0.45,1.32
{np.str_('Soup')},{np.str_('Sandwich')},0.289,0.24,0.92
"{np.str_('Pasta'), np.str_('Salad')}",{np.str_('Sandwich')},0.273,0.88,0.96
{np.str_('Burger')},{np.str_('Coke')},0.093,0.69,1.12
"{np.str_('Coke'), np.str_('Pasta')}",{np.str_('Fries')},0.236,0.85,1.4
{np.str_('IceCream')},{np.str_('Ketchup')},0.146,0.33,1.47
"{np.str_('IceCream'), np.str_('Sandwich')}",{np.str_('Pizza')},0.165,0.73,1.37
{np.str_('Coke')},{np.str_('Burger')},0.203,0.75,1.16
{np.str_('Ketchup')},{np.str_('Fries')},0.293,0.87,0.95
"{np.str_('Pizza'), np.str_('IceCream')}",{np.str_('Salad')},0.055,0.39,1.23
{np.str_('Salad')},{np.str_('Soup')},0.106,0.77,1.02
{np.str_('Pasta')},{np.str_('Salad')},0.105,0.6,0.99
"{np.str_('Coke'), np.str_('IceCream')}",{np.str_('Pasta')},0.217,0.35,1.01
{np.str_('Salad')},{np.str_('Fries')},0.062,0.49,1.29
{np.str_('Ketchup')},{np.str_('Sandwich')},0.041,0.77,1.14
{np.str_('Soup')},{np.str_('Pasta')},0.011,0.36,1.1
{np.str_('Burger')},{np.str_('Fries')},0.089,0.74,1.06
"{np.str_('Fries'), np.str_('Salad')}",{np.str_('Coke')},0.229,0.64,1.17
"{np.str_('Fries'), np.str_('Soup')}",{np.str_('Ketchup')},0.198,0.66,1.25
"{np.str_('Ketchup'), np.str_('IceCream')}",{np.str_('Fries')},0.175,0.41,1.33
{np.str_('Fries')},{np.str_('IceCream')},0.05,0.28,1.42
"{np.str_('Ketchup'), np.str_('Salad')}",{np.str_('Pizza')},0.206,0.66,1.47
{np.str_('Pasta')},{np.str_('Burger')},0.257,0.43,0.88
"{np.str_('Fries'), np.str_('Sandwich')}",{np.str_('Burger')},0.113,0.21,1.27
"{np.str_('Pizza'), np.str_('Soup')}",{np.str_('Salad')},0.135,0.48,0.91
"{np.str_('Ketchup'), np.str_('IceCream')}",{np.str_('Fries')},0.274,0.38,1.24
{np.str_('Fries')},{np.str_('Coke')},0.252,0.18,1.27
{np.str_('Ketchup')},{np.str_('Salad')},0.021,0.82,0.85
"{np.str_('Ketchup'), np.str_('Pasta')}",{np.str_('Salad')},0.185,0.49,0.83
"{np.str_('Ketchup'), np.str_('Salad')}",{np.str_('Sandwich')},0.139,0.77,0.99
"{np.str_('Fries'), np.str_('Sandwich')}",{np.str_('Pizza')},0.28,0.41,1.31
{np.str_('Fries')},{np.str_('Pasta')},0.089,0.47,1.42
"{np.str_('Pizza'), np.str_('Soup')}",{np.str_('IceCream')},0.141,0.37,1.07
"{np.str_('Ketchup'), np.str_('Pasta')}",{np.str_('Fries')},0.244,0.15,1.44
{np.str_('IceCream')},{np.str_('Pizza')},0.015,0.62,1.23
{np.str_('Fries')},{np.str_('Salad')},0.252,0.13,0.97
{np.str_('Burger')},{np.str_('Ketchup')},0.101,0.49,1.26
"{np.str_('Coke'), np.str_('Salad')}",{np.str_('Sandwich')},0.273,0.74,0.85
"{np.str_('Burger'), np.str_('Soup')}",{np.str_('IceCream')},0.03,0.48,0.92
"{np.str_('Ketchup'), np.str_('Coke')}",{np.str_('Burger')},0.295,0.69,1.34
{np.str_('IceCream')},{np.str_('Pasta')},0.268,0.5,0.85
"{np.str_('Pasta'), np.str_('Salad')}",{np.str_('Pizza')},0.16,0.47,1.02
{np.str_('Pasta')},{np.str_('Soup')},0.187,0.6,0.89
"{np.str_('Fries'), np.str_('Burger')}",{np.str_('Ketchup')},0.113,0.18,1.47
"{np.str_('Pizza'), np.str_('Salad')}",{np.str_('Coke')},0.234,0.28,1.45
{np.str_('Ketchup')},{np.str_('Soup')},0.23,0.71,1.37
{np.str_('Pasta')},{np.str_('Sandwich')},0.16,0.19,1.45
"{np.str_('Burger'), np.str_('Soup')}",{np.str_('Pizza')},0.06,0.31,1.16
"{np.str_('Fries'), np.str_('Soup')}",{np.str_('Pasta')},0.284,0.3,0.89
{np.str_('Pizza')},{np.str_('IceCream')},0.133,0.11,1.11
"{np.str_('Fries'), np.str_('Ketchup')}",{np.str_('IceCream')},0.058,0.7,1.48
"{np.str_('Burger'), np.str_('Pasta')}",{np.str_('Pizza')},0.059,0.36,1.11
{np.str_('Ketchup')},{np.str_('Salad')},0.139,0.31,0.93
"{np.str_('Fries'), np.str_('Burger')}",{np.str_('Salad')},0.151,0.38,1.02
"{np.str_('Pizza'), np.str_('Coke')}",{np.str_('Sandwich')},0.23,0.58,1.2
"{np.str_('Fries'), np.str_('Pizza')}",{np.str_('Soup')},0.254,0.68,0.85
{np.str_('Coke')},{np.str_('Fries')},0.195,0.2,1.1
"{np.str_('Ketchup'), np.str_('IceCream')}",{np.str_('Fries')},0.239,0.12,1.48
{np.str_('Pizza')},{np.str_('Burger')},0.186,0.42,0.95
{np.str_('Soup')},{np.str_('Sandwich')},0.277,0.26,1.47
{np.str_('IceCream')},{np.str_('Soup')},0.19,0.64,1.34
{np.str_('Sandwich')},{np.str_('Burger')},0.284,0.26,1.41
"{np.str_('Pasta'), np.str_('Sandwich')}",{np.str_('Ketchup')},0.258,0.51,0.87
{np.str_('Sandwich')},{np.str_('IceCream')},0.163,0.42,1.21
{np.str_('Burger')},{np.str_('Pizza')},0.104,0.18,1.48
{np.str_('IceCream')},{np.str_('Burger')},0.097,0.6,0.91
"{np.str_('Burger'), np.str_('IceCream')}",{np.str_('Pasta')},0.031,0.17,1.1
{np.str_('Sandwich')},{np.str_('Burger')},0.035,0.67,0.94
{np.str_('Salad')},{np.str_('Pizza')},0.026,0.81,1.29
{np.str_('Pasta')},{np.str_('Ketchup')},0.26,0.1,0.82
{np.str_('IceCream')},{np.str_('Pizza')},0.254,0.71,0.92
{np.str_('Pasta')},{np.str_('Sandwich')},0.186,0.42,0.96
{np.str_('Coke')},{np.str_('Sandwich')},0.253,0.62,1.23
{np.str_('Coke')},{np.str_('Soup')},0.263,0.46,1.04
"{np.str_('Coke'), np.str_('IceCream')}",{np.str_('Salad')},0.288,0.81,1.45
{np.str_('Pasta')},{np.str_('Burger')},0.072,0.64,1.18
"{np.str_('Pizza'), np.str_('Pasta')}",{np.str_('Ketchup')},0.084,0.81,1.19
"{np.str_('Burger'), np.str_('Soup')}",{np.str_('Pizza')},0.079,0.73,0.84
{np.str_('Coke')},{np.str_('Fries')},0.169,0.61,0.98
{np.str_('Fries')},{np.str_('Ketchup')},0.25,0.76,1.0
{np.str_('IceCream')},{np.str_('Burger')},0.236,0.3,1.38
{np.str_('Soup')},{np.str_('IceCream')},0.065,0.51,1.17
"{np.str_('Fries'), np.str_('Salad')}",{np.str_('Soup')},0.026,0.76,0.83
{np.str_('Sandwich')},{np.str_('Coke')},0.223,0.4,1.3
{np.str_('Salad')},{np.str_('Burger')},0.139,0.86,0.83
"{np.str_('Pasta'), np.str_('Sandwich')}",{np.str_('Burger')},0.223,0.34,0.92
"{np.str_('Pasta'), np.str_('Salad')}",{np.str_('IceCream')},0.108,0.27,1.02
{np.str_('Fries')},{np.str_('Soup')},0.065,0.64,0.86
{np.str_('Soup')},{np.str_('Fries')},0.043,0.56,0.83
"{np.str_('Pasta'), np.str_('Sandwich')}",{np.str_('Pizza')},0.017,0.46,1.03
"{np.str_('Pizza'), np.str_('Fries')}",{np.str_('Coke')},0.236,0.12,1.42
{np.str_('Fries')},{np.str_('Soup')},0.196,0.13,1.24
{np.str_('Coke')},{np.str_('Salad')},0.109,0.72,1.19
"{np.str_('Ketchup'), np.str_('Sandwich')}",{np.str_('Salad')},0.031,0.14,1.46
{np.str_('Salad')},{np.str_('Sandwich')},0.219,0.56,1.32
{np.str_('Fries')},{np.str_('Ketchup')},0.087,0.67,0.87
"{np.str_('Burger'), np.str_('Salad')}",{np.str_('Pasta')},0.166,0.77,0.82
"{np.str_('Burger'), np.str_('IceCream')}",{np.str_('Salad')},0.196,0.14,1.09
{np.str_('IceCream')},{np.str_('Pasta')},0.062,0.87,1.07
"{np.str_('Burger'), np.str_('Pasta')}",{np.str_('Soup')},0.206,0.21,1.36
{np.str_('Ketchup')},{np.str_('Burger')},0.047,0.46,1.37
{np.str_('Coke')},{np.str_('Fries')},0.067,0.59,0.86
{np.str_('Soup')},{np.str_('Sandwich')},0.156,0.67,0.97
"{np.str_('Coke'), np.str_('Burger')}",{np.str_('Sandwich')},0.16,0.46,0.82
{np.str_('Fries')},{np.str_('Coke')},0.086,0.86,1.22
{np.str_('Ketchup')},{np.str_('Burger')},0.021,0.2,1.49
{np.str_('IceCream')},{np.str_('Soup')},0.13,0.59,1.14
{np.str_('Salad')},{np.str_('Fries')},0.121,0.43,1.31
{np.str_('Pasta')},{np.str_('Coke')},0.13,0.26,1.41
{np.str_('IceCream')},{np.str_('Pizza')},0.137,0.15,1.13
{np.str_('IceCream')},{np.str_('Soup')},0.083,0.77,1.16
{np.str_('Coke')},{np.str_('IceCream')},0.192,0.35,1.48
"{np.str_('Ketchup'), np.str_('Salad')}",{np.str_('Burger')},0.105,0.59,1.41
{np.str_('Pasta')},{np.str_('Burger')},0.159,0.55,1.15
{np.str_('Soup')},{np.str_('Coke')},0.215,0.49,1.43
"{np.str_('Soup'), np.str_('Salad')}",{np.str_('Pasta')},0.243,0.14,1.49
"{np.str_('Fries'), np.str_('Burger')}",{np.str_('IceCream')},0.011,0.3,1.28
{np.str_('Fries')},{np.str_('Ketchup')},0.194,0.18,1.24
"{np.str_('Fries'), np.str_('Soup')}",{np.str_('Burger')},0.045,0.51,1.21
"{np.str_('Pizza'), np.str_('IceCream')}",{np.str_('Burger')},0.272,0.88,1.49
"{np.str_('Burger'), np.str_('Salad')}",{np.str_('IceCream')},0.027,0.82,1.17
"{np.str_('Pizza'), np.str_('Fries')}",{np.str_('Sandwich')},0.018,0.65,1.22
{np.str_('Coke')},{np.str_('Pasta')},0.055,0.84,1.33
"{np.str_('Burger'), np.str_('Pasta')}",{np.str_('IceCream')},0.253,0.34,1.26
{np.str_('Soup')},{np.str_('Fries')},0.192,0.31,1.0
"{np.str_('Ketchup'), np.str_('Pasta')}",{np.str_('Soup')},0.175,0.39,1.33
{np.str_('Coke')},{np.str_('Ketchup')},0.074,0.64,1.34
"{np.str_('Burger'), np.str_('Sandwich')}",{np.str_('Soup')},0.242,0.43,0.96
"{np.str_('Burger'), np.str_('Salad')}",{np.str_('Pizza')},0.24,0.8,1.4
{np.str_('IceCream')},{np.str_('Burger')},0.088,0.13,1.29
"{np.str_('Fries'), np.str_('IceCream')}",{np.str_('Burger')},0.043,0.66,1.44
{np.str_('Sandwich')},{np.str_('Coke')},0.085,0.86,0.92
{np.str_('Sandwich')},{np.str_('Fries')},0.048,0.67,0.85
{np.str_('Ketchup')},{np.str_('Soup')},0.101,0.21,0.95
"{np.str_('Sandwich'), np.str_('Salad')}",{np.str_('Ketchup')},0.139,0.57,1.48
{np.str_('Salad')},{np.str_('Coke')},0.247,0.89,1.07
"{np.str_('IceCream'), np.str_('Salad')}",{np.str_('Ketchup')},0.209,0.2,1.35
"{np.str_('Ketchup'), np.str_('IceCream')}",{np.str_('Sandwich')},0.164,0.33,1.24
{np.str_('Pasta')},{np.str_('Coke')},0.078,0.72,1.23
{np.str_('Fries')},{np.str_('Sandwich')},0.127,0.8,1.09
{np.str_('Coke')},{np.str_('IceCream')},0.237,0.39,0.97
"{np.str_('Ketchup'), np.str_('Burger')}",{np.str_('Pasta')},0.127,0.73,1.47
"{np.str_('Coke'), np.str_('Sandwich')}",{np.str_('Pizza')},0.19,0.62,0.94
{np.str_('Fries')},{np.str_('Salad')},0.026,0.79,1.01
{np.str_('Soup')},{np.str_('Salad')},0.125,0.37,0.95
{np.str_('Soup')},{np.str_('Pizza')},0.28,0.19,1.08
"{np.str_('Ketchup'), np.str_('Pasta')}",{np.str_('Soup')},0.015,0.55,1.07
"{np.str_('IceCream'), np.str_('Salad')}",{np.str_('Ketchup')},0.066,0.18,1.43
{np.str_('Coke')},{np.str_('Sandwich')},0.011,0.35,1.17
{np.str_('Sandwich')},{np.str_('Fries')},0.202,0.68,1.12
{np.str_('Burger')},{np.str_('Pasta')},0.277,0.88,0.81
"{np.str_('Pizza'), np.str_('Sandwich')}",{np.str_('Pasta')},0.063,0.71,0.82
"{np.str_('IceCream'), np.str_('Salad')}",{np.str_('Sandwich')},0.153,0.21,1.42
"{np.str_('Fries'), np.str_('IceCream')}",{np.str_('Salad')},0.075,0.12,1.31
"{np.str_('Burger'), np.str_('Pasta')}",{np.str_('Ketchup')},0.158,0.88,1.29
"{np.str_('Burger'), np.str_('Sandwich')}",{np.str_('Soup')},0.212,0.27,0.81
"{np.str_('Pizza'), np.str_('Pasta')}",{np.str_('Coke')},0.108,0.43,1.16
"{np.str_('Sandwich'), np.str_('Salad')}",{np.str_('Fries')},0.259,0.5,0.89
"{np.str_('Fries'), np.str_('Coke')}",{np.str_('Soup')},0.272,0.79,1.13
"{np.str_('Pizza'), np.str_('Coke')}",{np.str_('Salad')},0.283,0.49,1.12
{np.str_('Salad')},{np.str_('Ketchup')},0.251,0.14,1.4
"{np.str_('Coke'), np.str_('Sandwich')}",{np.str_('Burger')},0.3,0.77,1.05
"{np.str_('Pizza'), np.str_('Pasta')}",{np.str_('Burger')},0.189,0.19,0.91
"{np.str_('Coke'), np.str_('Burger')}",{np.str_('Soup')},0.177,0.44,1.16
{np.str_('Ketchup')},{np.str_('Pizza')},0.287,0.71,1.48
{np.str_('Fries')},{np.str_('Salad')},0.102,0.78,1.39
"{np.str_('Burger'), np.str_('IceCream')}",{np.str_('Sandwich')},0.162,0.38,1.5
{np.str_('Pasta')},{np.str_('Salad')},0.048,0.35,0.88
{np.str_('Sandwich')},{np.str_('Coke')},0.016,0.61,1.09
"{np.str_('Pizza'), np.str_('Sandwich')}",{np.str_('Pasta')},0.296,0.35,0.97
"{np.str_('Fries'), np.str_('Coke')}",{np.str_('Pizza')},0.121,0.87,1.03
{np.str_('Ketchup')},{np.str_('Pasta')},0.1,0.59,1.47
{np.str_('IceCream')},{np.str_('Salad')},0.199,0.62,1.47
"{np.str_('Fries'), np.str_('Salad')}",{np.str_('Soup')},0.159,0.29,0.93
"{np.str_('Coke'), np.str_('Salad')}",{np.str_('Soup')},0.171,0.24,1.02
"{np.str_('Burger'), np.str_('Sandwich')}",{np.str_('Salad')},0.044,0.39,1.48
{np.str_('Salad')},{np.str_('Ketchup')},0.278,0.47,1.39
{np.str_('Pasta')},{np.str_('Coke')},0.124,0.6,1.48
{np.str_('Sandwich')},{np.str_('Coke')},0.287,0.69,1.26
"{np.str_('Burger'), np.str_('Soup')}",{np.str_('Ketchup')},0.044,0.88,1.47
{np.str_('Soup')},{np.str_('Coke')},0.234,0.76,0.92
{np.str_('Sandwich')},{np.str_('Coke')},0.271,0.46,0.99
"{np.str_('Ketchup'), np.str_('Sandwich')}",{np.str_('Pizza')},0.105,0.63,1.01
"{np.str_('IceCream'), np.str_('Salad')}",{np.str_('Burger')},0.146,0.8,1.33
{np.str_('Fries')},{np.str_('Salad')},0.029,0.39,1.08
{np.str_('Pizza')},{np.str_('Sandwich')},0.209,0.3,1.25
"{np.str_('Coke'), np.str_('Salad')}",{np.str_('Pasta')},0.286,0.87,0.87
{np.str_('Soup')},{np.str_('Coke')},0.252,0.74,1.04
"{np.str_('Coke'), np.str_('IceCream')}",{np.str_('Salad')},0.094,0.75,1.36
"{np.str_('Fries'), np.str_('Pizza')}",{np.str_('Coke')},0.099,0.84,1.21
"{np.str_('IceCream'), np.str_('Salad')}",{np.str_('Coke')},0.166,0.26,0.91
{np.str_('Coke')},{np.str_('Pizza')},0.215,0.24,0.98
"{np.str_('Ketchup'), np.str_('IceCream')}",{np.str_('Pizza')},0.052,0.11,1.37
{np.str_('IceCream')},{np.str_('Ketchup')},0.186,0.52,0.82
{np.str_('Sandwich')},{np.str_('Soup')},0.25,0.36,0.97
"{np.str_('Burger'), np.str_('Sandwich')}",{np.str_('Soup')},0.134,0.81,1.39
{np.str_('Pasta')},{np.str_('Pizza')},0.127,0.27,1.05
"{np.str_('Pizza'), np.str_('Ketchup')}",{np.str_('Soup')},0.134,0.33,0.91
"{np.str_('Ketchup'), np.str_('Soup')}",{np.str_('Burger')},0.039,0.59,0.94
"{np.str_('Ketchup'), np.str_('IceCream')}",{np.str_('Sandwich')},0.205,0.52,1.43
"{np.str_('Pizza'), np.str_('Coke')}",{np.str_('IceCream')},0.084,0.31,1.19
"{np.str_('Pizza'), np.str_('IceCream')}",{np.str_('Pasta')},0.051,0.79,1.02
{np.str_('Salad')},{np.str_('Ketchup')},0.29,0.51,1.24
"{np.str_('Pizza'), np.str_('Salad')}",{np.str_('Sandwich')},0.231,0.31,1.14
"{np.str_('Pizza'), np.str_('Sandwich')}",{np.str_('Soup')},0.069,0.42,1.39
"{np.str_('Fries'), np.str_('IceCream')}",{np.str_('Salad')},0.192,0.34,1.48
{np.str_('Coke')},{np.str_('Pizza')},0.129,0.68,1.16
{np.str_('Pizza')},{np.str_('Fries')},0.172,0.11,0.86
"{np.str_('Pasta'), np.str_('Salad')}",{np.str_('Ketchup')},0.162,0.5,0.9
"{np.str_('Soup'), np.str_('Salad')}",{np.str_('Fries')},0.252,0.73,1.38
{np.str_('Sandwich')},{np.str_('Fries')},0.011,0.84,0.88
{np.str_('Pizza')},{np.str_('IceCream')},0.22,0.66,1.02
"{np.str_('Ketchup'), np.str_('IceCream')}",{np.str_('Soup')},0.178,0.16,1.46
{np.str_('Ketchup')},{np.str_('IceCream')},0.042,0.22,1.1
{np.str_('Pizza')},{np.str_('Burger')},0.223,0.19,1.4
{np.str_('Soup')},{np.str_('Salad')},0.256,0.39,0.88
{np.str_('Pizza')},{np.str_('IceCream')},0.116,0.7,1.48
{np.str_('Coke')},{np.str_('Ketchup')},0.091,0.42,0.92
"{np.str_('Pizza'), np.str_('Burger')}",{np.str_('Soup')},0.187,0.78,0.99
{np.str_('Fries')},{np.str_('Sandwich')},0.133,0.54,1.27
{np.str_('Pizza')},{np.str_('Pasta')},0.118,0.31,1.33
"{np.str_('Pasta'), np.str_('Sandwich')}",{np.str_('Pizza')},0.207,0.55,1.24
{np.str_('Pizza')},{np.str_('Burger')},0.136,0.6,1.04
{np.str_('Sandwich')},{np.str_('Soup')},0.201,0.83,0.86
"{np.str_('Ketchup'), np.str_('IceCream')}",{np.str_('Coke')},0.151,0.34,1.16
{np.str_('Burger')},{np.str_('Sandwich')},0.173,0.12,1.16
"{np.str_('Pizza'), np.str_('Pasta')}",{np.str_('Salad')},0.293,0.31,1.12
{np.str_('Burger')},{np.str_('Pasta')},0.042,0.77,1.5
{np.str_('Pasta')},{np.str_('IceCream')},0.235,0.41,1.15
{np.str_('Pasta')},{np.str_('Burger')},0.228,0.44,1.16
"{np.str_('Soup'), np.str_('IceCream')}",{np.str_('Pasta')},0.24,0.7,1.11
{np.str_('Fries')},{np.str_('IceCream')},0.136,0.16,1.14
"{np.str_('Fries'), np.str_('IceCream')}",{np.str_('Ketchup')},0.234,0.52,0.91
{np.str_('Pizza')},{np.str_('Soup')},0.218,0.85,1.17
{np.str_('IceCream')},{np.str_('Fries')},0.125,0.44,1.42
"{np.str_('Coke'), np.str_('Soup')}",{np.str_('Burger')},0.081,0.7,1.16
"{np.str_('Coke'), np.str_('IceCream')}",{np.str_('Ketchup')},0.165,0.58,0.82
{np.str_('Soup')},{np.str_('Fries')},0.238,0.25,1.24
"{np.str_('Soup'), np.str_('Sandwich')}",{np.str_('Burger')},0.201,0.42,1.44
"{np.str_('Sandwich'), np.str_('Salad')}",{np.str_('Pizza')},0.111,0.21,0.99
"{np.str_('Fries'), np.str_('IceCream')}",{np.str_('Pizza')},0.181,0.85,0.81
{np.str_('Pizza')},{np.str_('IceCream')},0.221,0.1,1.47
{np.str_('Ketchup')},{np.str_('IceCream')},0.224,0.87,1.27
{np.str_('Ketchup')},{np.str_('Fries')},0.213,0.84,1.06
"{np.str_('Fries'), np.str_('Pasta')}",{np.str_('Sandwich')},0.166,0.83,1.39
{np.str_('Salad')},{np.str_('Sandwich')},0.14,0.3,0.88
{np.str_('Burger')},{np.str_('Sandwich')},0.191,0.37,0.89
"{np.str_('Ketchup'), np.str_('Pasta')}",{np.str_('IceCream')},0.152,0.46,0.94
{np.str_('Salad')},{np.str_('Coke')},0.114,0.89,0.98
"{np.str_('Coke'), np.str_('Pasta')}",{np.str_('Soup')},0.102,0.28,1.27
{np.str_('Fries')},{np.str_('Ketchup')},0.033,0.43,1.46
"{np.str_('Pizza'), np.str_('Burger')}",{np.str_('Salad')},0.241,0.88,1.13
{np.str_('IceCream')},{np.str_('Burger')},0.154,0.78,1.15
{np.str_('Ketchup')},{np.str_('Burger')},0.117,0.54,0.87
"{np.str_('Soup'), np.str_('Sandwich')}",{np.str_('IceCream')},0.189,0.44,0.93
{np.str_('Pasta')},{np.str_('Soup')},0.117,0.68,0.92
"{np.str_('Pasta'), np.str_('Soup')}",{np.str_('IceCream')},0.121,0.3,1.22
"{np.str_('Coke'), np.str_('Soup')}",{np.str_('Burger')},0.096,0.66,1.16
{np.str_('Soup')},{np.str_('Salad')},0.216,0.14,0.85
"{np.str_('IceCream'), np.str_('Salad')}",{np.str_('Soup')},0.153,0.55,1.26
{np.str_('Soup')},{np.str_('Burger')},0.188,0.14,1.42
"{np.str_('Burger'), np.str_('IceCream')}",{np.str_('Coke')},0.194,0.33,1.33
"{np.str_('Ketchup'), np.str_('Soup')}",{np.str_('Coke')},0.013,0.35,0.81
"{np.str_('Pizza'), np.str_('Sandwich')}",{np.str_('Ketchup')},0.229,0.19,1.13
{np.str_('Coke')},{np.str_('Pasta')},0.189,0.4,1.49
{np.str_('Salad')},{np.str_('Pasta')},0.113,0.63,1.5
"{np.str_('Burger'), np.str_('Sandwich')}",{np.str_('IceCream')},0.292,0.11,1.22
"{np.str_('Pizza'), np.str_('Pasta')}",{np.str_('Soup')},0.065,0.79,0.98
{np.str_('Pizza')},{np.str_('Burger')},0.14,0.47,0.98
"{np.str_('Burger'), np.str_('Soup')}",{np.str_('Pasta')},0.102,0.58,1.25
{np.str_('Pasta')},{np.str_('Soup')},0.243,0.82,1.24
{np.str_('Fries')},{np.str_('Sandwich')},0.251,0.56,1.21
"{np.str_('Burger'), np.str_('Pasta')}",{np.str_('Sandwich')},0.279,0.4,1.12
{np.str_('Soup')},{np.str_('Fries')},0.212,0.6,0.93
"{np.str_('Ketchup'), np.str_('Sandwich')}",{np.str_('Soup')},0.205,0.16,1.12
"{np.str_('Pizza'), np.str_('Coke')}",{np.str_('Ketchup')},0.075,0.12,1.22
"{np.str_('Fries'), np.str_('Burger')}",{np.str_('Salad')},0.146,0.37,0.88
{np.str_('Soup')},{np.str_('Fries')},0.1,0.85,0.97
{np.str_('Pizza')},{np.str_('Ketchup')},0.031,0.65,1.17
"{np.str_('Ketchup'), np.str_('Sandwich')}",{np.str_('Burger')},0.04,0.15,0.84
"{np.str_('Coke'), np.str_('IceCream')}",{np.str_('Salad')},0.128,0.37,0.81
{np.str_('Sandwich')},{np.str_('Fries')},0.047,0.69,1.08
{np.str_('Pasta')},{np.str_('Sandwich')},0.239,0.28,1.14
{np.str_('Burger')},{np.str_('Fries')},0.146,0.42,1.11
{np.str_('Coke')},{np.str_('Salad')},0.091,0.48,1.44
{np.str_('Coke')},{np.str_('Pizza')},0.255,0.65,1.01
{np.str_('Burger')},{np.str_('Pizza')},0.24,0.25,1.27
"{np.str_('Coke'), np.str_('Pasta')}",{np.str_('Salad')},0.164,0.51,1.47
"{np.str_('Burger'), np.str_('Salad')}",{np.str_('Coke')},0.247,0.55,0.98
{np.str_('Ketchup')},{np.str_('Sandwich')},0.237,0.46,1.29
{np.str_('Pasta')},{np.str_('Coke')},0.105,0.51,0.82
{np.str_('Soup')},{np.str_('Burger')},0.042,0.63,1.02
"{np.str_('Fries'), np.str_('Salad')}",{np.str_('IceCream')},0.236,0.27,1.3
{np.str_('Coke')},{np.str_('Sandwich')},0.132,0.22,1.14
"{np.str_('Soup'), np.str_('Salad')}",{np.str_('Ketchup')},0.16,0.72,0.98
{np.str_('Salad')},{np.str_('Ketchup')},0.226,0.58,1.28
{np.str_('Fries')},{np.str_('Salad')},0.087,0.65,1.35
{np.str_('Burger')},{np.str_('Coke')},0.074,0.32,0.97
{np.str_('Coke')},{np.str_('Pasta')},0.285,0.81,0.95
{np.str_('Pasta')},{np.str_('Soup')},0.064,0.65,1.17
"{np.str_('Fries'), np.str_('IceCream')}",{np.str_('Ketchup')},0.022,0.45,0.84
"{np.str_('Fries'), np.str_('Salad')}",{np.str_('Ketchup')},0.16,0.11,0.99
"{np.str_('Fries'), np.str_('IceCream')}",{np.str_('Ketchup')},0.079,0.72,1.48
"{np.str_('Soup'), np.str_('Salad')}",{np.str_('Burger')},0.043,0.76,0.98
{np.str_('IceCream')},{np.str_('Coke')},0.198,0.68,1.4
"{np.str_('Pasta'), np.str_('Salad')}",{np.str_('Fries')},0.129,0.82,0.91
"{np.str_('Fries'), np.str_('Sandwich')}",{np.str_('Pasta')},0.044,0.9,1.35
"{np.str_('Fries'), np.str_('Pizza')}",{np.str_('Soup')},0.191,0.11,0.83
{np.str_('Burger')},{np.str_('Pasta')},0.055,0.78,1.17
{np.str_('Pizza')},{np.str_('Pasta')},0.274,0.24,1.0
"{np.str_('Ketchup'), np.str_('Sandwich')}",{np.str_('Coke')},0.118,0.68,1.19
{np.str_('Burger')},{np.str_('Ketchup')},0.062,0.54,0.95
"{np.str_('Soup'), np.str_('Salad')}",{np.str_('Ketchup')},0.207,0.76,0.83
"{np.str_('Soup'), np.str_('Sandwich')}",{np.str_('Fries')},0.274,0.6,1.21
"{np.str_('Ketchup'), np.str_('IceCream')}",{np.str_('Sandwich')},0.285,0.39,1.44
"{np.str_('Coke'), np.str_('Salad')}",{np.str_('Soup')},0.139,0.9,1.38
{np.str_('Salad')},{np.str_('Soup')},0.206,0.8,1.32
{np.str_('Burger')},{np.str_('Pizza')},0.138,0.51,1.27
{np.str_('Ketchup')},{np.str_('Pasta')},0.203,0.29,1.21
{np.str_('Pizza')},{np.str_('Pasta')},0.061,0.34,1.04
"{np.str_('Pasta'), np.str_('Salad')}",{np.str_('Sandwich')},0.286,0.61,1.05
"{np.str_('Fries'), np.str_('Pasta')}",{np.str_('IceCream')},0.02,0.75,1.12
"{np.str_('Pizza'), np.str_('Pasta')}",{np.str_('Salad')},0.073,0.4,1.03
{np.str_('Fries')},{np.str_('Sandwich')},0.221,0.84,1.03
{np.str_('Burger')},{np.str_('IceCream')},0.282,0.57,0.81
{np.str_('Fries')},{np.str_('Pizza')},0.27,0.63,1.04
{np.str_('Fries')},{np.str_('IceCream')},0.146,0.19,1.06
{np.str_('Fries')},{np.str_('Ketchup')},0.162,0.48,1.11
"{np.str_('Coke'), np.str_('Soup')}",{np.str_('Fries')},0.077,0.22,1.26
"{np.str_('IceCream'), np.str_('Salad')}",{np.str_('Sandwich')},0.098,0.89,0.99
"{np.str_('Coke'), np.str_('Pasta')}",{np.str_('IceCream')},0.219,0.71,1.09
"{np.str_('Ketchup'), np.str_('IceCream')}",{np.str_('Soup')},0.118,0.78,1.38
{np.str_('Ketchup')},{np.str_('IceCream')},0.295,0.37,1.29
"{np.str_('Soup'), np.str_('Salad')}",{np.str_('Ketchup')},0.02,0.66,1.14
"{np.str_('Ketchup'), np.str_('IceCream')}",{np.str_('Coke')},0.016,0.3,1.42
"{np.str_('IceCream'), np.str_('Sandwich')}",{np.str_('Soup')},0.041,0.45,0.89
"{np.str_('Pizza'), np.str_('Sandwich')}",{np.str_('IceCream')},0.262,0.4,0.85
"{np.str_('IceCream'), np.str_('Salad')}",{np.str_('Ketchup')},0.091,0.14,1.36
{np.str_('Fries')},{np.str_('Pizza')},0.148,0.41,1.44
{np.str_('IceCream')},{np.str_('Soup')},0.148,0.44,1.4
{np.str_('Burger')},{np.str_('Fries')},0.119,0.61,1.15
{np.str_('Pizza')},{np.str_('Fries')},0.268,0.28,1.45
{np.str_('IceCream')},{np.str_('Pasta')},0.099,0.36,0.91
{np.str_('Salad')},{np.str_('IceCream')},0.27,0.81,1.48
{np.str_('Sandwich')},{np.str_('Pizza')},0.079,0.8,1.41
{np.str_('Salad')},{np.str_('IceCream')},0.26,0.48,1.36
{np.str_('Coke')},{np.str_('Ketchup')},0.221,0.51,0.89
"{np.str_('Pizza'), np.str_('Salad')}",{np.str_('Fries')},0.278,0.63,0.96
"{np.str_('Fries'), np.str_('Soup')}",{np.str_('Burger')},0.279,0.17,1.47
{np.str_('Coke')},{np.str_('Ketchup')},0.024,0.58,1.36
"{np.str_('Pizza'), np.str_('IceCream')}",{np.str_('Soup')},0.134,0.18,1.23
"{np.str_('IceCream'), np.str_('Soup')}",{np.str_('Coke')},0.168,0.22,0.98
{np.str_('IceCream')},{np.str_('Fries')},0.023,0.1,1.25
"{np.str_('Soup'), np.str_('Salad')}",{np.str_('Fries')},0.171,0.16,1.35
{np.str_('IceCream')},{np.str_('Sandwich')},0.027,0.75,1.01
"{np.str_('Pizza'), np.str_('Burger')}",{np.str_('Ketchup')},0.058,0.73,0.98
"{np.str_('Pizza'), np.str_('Soup')}",{np.str_('Burger')},0.214,0.82,1.1
"{np.str_('Ketchup'), np.str_('IceCream')}",{np.str_('Pizza')},0.232,0.48,1.02
{np.str_('Burger')},{np.str_('IceCream')},0.027,0.72,1.07
"{np.str_('Fries'), np.str_('Ketchup')}",{np.str_('Pasta')},0.156,0.47,1.5
{np.str_('Pasta')},{np.str_('Pizza')},0.215,0.3,1.4
{np.str_('Fries')},{np.str_('Pasta')},0.167,0.62,1.18
"{np.str_('Ketchup'), np.str_('Soup')}",{np.str_('Burger')},0.292,0.22,0.99
"{np.str_('Pizza'), np.str_('Soup')}",{np.str_('Ketchup')},0.282,0.76,1.29
"{np.str_('Ketchup'), np.str_('Burger')}",{np.str_('Sandwich')},0.236,0.77,1.03
{np.str_('Soup')},{np.str_('IceCream')},0.204,0.89,1.26
"{np.str_('Burger'), np.str_('IceCream')}",{np.str_('Coke')},0.257,0.88,0.99
{np.str_('Ketchup')},{np.str_('Pasta')},0.092,0.8,1.03
"{np.str_('Coke'), np.str_('Soup')}",{np.str_('Salad')},0.162,0.88,1.44
"{np.str_('Ketchup'), np.str_('Salad')}",{np.str_('Pasta')},0.257,0.74,0.89
{np.str_('Fries')},{np.str_('Burger')},0.211,0.72,0.97
"{np.str_('Pizza'), np.str_('Salad')}",{np.str_('Fries')},0.017,0.74,1.22
{np.str_('Pasta')},{np.str_('Soup')},0.164,0.15,1.34
{np.str_('Pasta')},{np.str_('Soup')},0.236,0.36,1.03
{np.str_('Ketchup')},{np.str_('Fries')},0.261,0.46,1.3
"{np.str_('Pizza'), np.str_('Pasta')}",{np.str_('Sandwich')},0.134,0.36,0.86
{np.str_('IceCream')},{np.str_('Soup')},0.273,0.43,1.47
{np.str_('Sandwich')},{np.str_('Pasta')},0.031,0.4,1.3
{np.str_('Sandwich')},{np.str_('Soup')},0.168,0.41,1.02
"{np.str_('Burger'), np.str_('IceCream')}",{np.str_('Soup')},0.093,0.25,1.07
"{np.str_('Pizza'), np.str_('Sandwich')}",{np.str_('Pasta')},0.075,0.8,1.14
"{np.str_('Coke'), np.str_('Pasta')}",{np.str_('Sandwich')},0.169,0.59,0.86
"{np.str_('Coke'), np.str_('Sandwich')}",{np.str_('Fries')},0.131,0.87,0.82
"{np.str_('Fries'), np.str_('Coke')}",{np.str_('Salad')},0.264,0.21,0.92
"{np.str_('Pizza'), np.str_('Ketchup')}",{np.str_('Pasta')},0.07,0.52,1.19
"{np.str_('Pizza'), np.str_('Salad')}",{np.str_('IceCream')},0.228,0.31,1.2
{np.str_('Pizza')},{np.str_('Coke')},0.143,0.89,1.07
{np.str_('Burger')},{np.str_('IceCream')},0.139,0.55,1.13
"{np.str_('Coke'), np.str_('Sandwich')}",{np.str_('Fries')},0.081,0.66,0.87
"{np.str_('Fries'), np.str_('Sandwich')}",{np.str_('Coke')},0.215,0.55,1.47
"{np.str_('Coke'), np.str_('Pasta')}",{np.str_('Sandwich')},0.076,0.78,1.02
"{np.str_('Coke'), np.str_('Pasta')}",{np.str_('Sandwich')},0.118,0.25,1.11
{np.str_('Soup')},{np.str_('Pizza')},0.202,0.19,1.19
{np.str_('Soup')},{np.str_('IceCream')},0.067,0.11,0.97
"{np.str_('IceCream'), np.str_('Salad')}",{np.str_('Fries')},0.058,0.69,1.17
{np.str_('Pasta')},{np.str_('Soup')},0.258,0.49,1.35
"{np.str_('Fries'), np.str_('Sandwich')}",{np.str_('Soup')},0.163,0.46,1.21
"{np.str_('Pizza'), np.str_('Soup')}",{np.str_('Ketchup')},0.199,0.22,1.25
{np.str_('Soup')},{np.str_('Burger')},0.241,0.6,1.21
{np.str_('Coke')},{np.str_('Pizza')},0.072,0.1,1.01
"{np.str_('IceCream'), np.str_('Sandwich')}",{np.str_('Salad')},0.035,0.28,0.81
{np.str_('Pizza')},{np.str_('Burger')},0.06,0.37,1.09
{np.str_('Coke')},{np.str_('Pasta')},0.036,0.33,1.06
"{np.str_('Pasta'), np.str_('Sandwich')}",{np.str_('Salad')},0.084,0.86,1.24
{np.str_('Pizza')},{np.str_('Ketchup')},0.041,0.75,1.26
{np.str_('Soup')},{np.str_('Ketchup')},0.027,0.87,1.18
"{np.str_('Pizza'), np.str_('Burger')}",{np.str_('Fries')},0.242,0.52,1.19
"{np.str_('Burger'), np.str_('Soup')}",{np.str_('Pizza')},0.153,0.79,0.87
{np.str_('Pasta')},{np.str_('Soup')},0.205,0.45,1.37
"{np.str_('Coke'), np.str_('Burger')}",{np.str_('IceCream')},0.091,0.83,1.01
{np.str_('Sandwich')},{np.str_('Coke')},0.127,0.27,1.22
{np.str_('Soup')},{np.str_('Fries')},0.252,0.39,1.23
{np.str_('Sandwich')},{np.str_('Pasta')},0.24,0.5,1.01
{np.str_('Fries')},{np.str_('IceCream')},0.095,0.3,1.23
"{np.str_('Pizza'), np.str_('Burger')}",{np.str_('IceCream')},0.017,0.7,0.95
{np.str_('Fries')},{np.str_('IceCream')},0.18,0.44,1.48
"{np.str_('Pizza'), np.str_('IceCream')}",{np.str_('Burger')},0.1,0.36,1.04
{np.str_('Burger')},{np.str_('Soup')},0.064,0.13,1.46
{np.str_('Pasta')},{np.str_('Fries')},0.113,0.81,0.92
"{np.str_('Ketchup'), np.str_('Pasta')}",{np.str_('Burger')},0.204,0.69,1.11
"{np.str_('Pizza'), np.str_('Burger')}",{np.str_('Sandwich')},0.265,0.39,1.01
"{np.str_('Soup'), np.str_('Salad')}",{np.str_('Ketchup')},0.03,0.65,0.92
{np.str_('Burger')},{np.str_('Coke')},0.276,0.54,1.15
{np.str_('Coke')},{np.str_('Sandwich')},0.288,0.3,1.41
{np.str_('Pasta')},{np.str_('Ketchup')},0.174,0.22,1.13
"{np.str_('Ketchup'), np.str_('Pasta')}",{np.str_('Coke')},0.242,0.86,1.23
"{np.str_('Pasta'), np.str_('Sandwich')}",{np.str_('IceCream')},0.217,0.13,1.07
{np.str_('Coke')},{np.str_('Ketchup')},0.132,0.3,1.06
{np.str_('IceCream')},{np.str_('Soup')},0.034,0.34,0.96
{np.str_('Sandwich')},{np.str_('Coke')},0.014,0.54,1.32
{np.str_('Sandwich')},{np.str_('Pizza')},0.141,0.62,1.47
{np.str_('Sandwich')},{np.str_('Coke')},0.089,0.8,1.34
{np.str_('Burger')},{np.str_('Fries')},0.161,0.47,1.4
{np.str_('Fries')},{np.str_('IceCream')},0.226,0.26,1.06
"{np.str_('Coke'), np.str_('Pasta')}",{np.str_('Sandwich')},0.129,0.79,1.32
"{np.str_('Burger'), np.str_('Pasta')}",{np.str_('Soup')},0.116,0.73,0.89
"{np.str_('IceCream'), np.str_('Salad')}",{np.str_('Pasta')},0.258,0.12,1.23
"{np.str_('Coke'), np.str_('Soup')}",{np.str_('Salad')},0.288,0.16,1.21
"{np.str_('Fries'), np.str_('Coke')}",{np.str_('IceCream')},0.035,0.77,1.3
{np.str_('IceCream')},{np.str_('Pizza')},0.068,0.61,1.2
"{np.str_('Coke'), np.str_('Burger')}",{np.str_('Pizza')},0.186,0.22,0.94
{np.str_('Sandwich')},{np.str_('IceCream')},0.283,0.28,1.07
"{np.str_('Pasta'), np.str_('Sandwich')}",{np.str_('IceCream')},0.274,0.9,0.93
"{np.str_('Soup'), np.str_('Salad')}",{np.str_('Ketchup')},0.134,0.85,1.0
{np.str_('IceCream')},{np.str_('Sandwich')},0.138,0.74,1.23
{np.str_('Burger')},{np.str_('Coke')},0.156,0.57,1.04
"{np.str_('Fries'), np.str_('Pasta')}",{np.str_('Salad')},0.178,0.1,1.43
{np.str_('Salad')},{np.str_('Burger')},0.168,0.37,0.98
"{np.str_('Burger'), np.str_('Soup')}",{np.str_('Pasta')},0.05,0.34,1.0
{np.str_('Burger')},{np.str_('Sandwich')},0.194,0.28,0.84
"{np.str_('Ketchup'), np.str_('Pasta')}",{np.str_('Fries')},0.171,0.68,0.83
"{np.str_('Pizza'), np.str_('Ketchup')}",{np.str_('Salad')},0.169,0.19,0.82
"{np.str_('Fries'), np.str_('Soup')}",{np.str_('IceCream')},0.027,0.21,1.39
{np.str_('Salad')},{np.str_('Fries')},0.014,0.65,0.81
"{np.str_('Ketchup'), np.str_('Salad')}",{np.str_('Pasta')},0.252,0.21,1.42
{np.str_('Pasta')},{np.str_('IceCream')},0.158,0.68,1.36
{np.str_('IceCream')},{np.str_('Burger')},0.064,0.87,1.08
{np.str_('Burger')},{np.str_('Ketchup')},0.23,0.4,0.97
{np.str_('Pasta')},{np.str_('Salad')},0.029,0.45,0.89
"{np.str_('IceCream'), np.str_('Soup')}",{np.str_('Pizza')},0.229,0.58,1.28
{np.str_('IceCream')},{np.str_('Fries')},0.013,0.24,1.26
{np.str_('Soup')},{np.str_('Pasta')},0.053,0.46,1.42
"{np.str_('Pasta'), np.str_('Soup')}",{np.str_('Fries')},0.045,0.43,0.85
{np.str_('Salad')},{np.str_('Ketchup')},0.087,0.71,0.98
{np.str_('IceCream')},{np.str_('Ketchup')},0.14,0.36,1.37
{np.str_('Pizza')},{np.str_('Sandwich')},0.168,0.28,1.11
"{np.str_('Fries'), np.str_('Coke')}",{np.str_('Sandwich')},0.088,0.32,1.17
"{np.str_('Pizza'), np.str_('Ketchup')}",{np.str_('Burger')},0.079,0.16,1.24
{np.str_('IceCream')},{np.str_('Coke')},0.072,0.9,1.1
{np.str_('Pizza')},{np.str_('Burger')},0.185,0.41,1.19
{np.str_('Ketchup')},{np.str_('Coke')},0.15,0.85,1.01
"{np.str_('Pasta'), np.str_('Sandwich')}",{np.str_('Salad')},0.3,0.35,1.42
"{np.str_('Pizza'), np.str_('Soup')}",{np.str_('Pasta')},0.19,0.1,1.45
{np.str_('Fries')},{np.str_('Burger')},0.127,0.67,1.16
{np.str_('Pasta')},{np.str_('Burger')},0.068,0.18,0.88
{np.str_('Burger')},{np.str_('IceCream')},0.215,0.77,0.89
"{np.str_('Pasta'), np.str_('Salad')}",{np.str_('Burger')},0.174,0.67,1.39
"{np.str_('Burger'), np.str_('Salad')}",{np.str_('Fries')},0.108,0.2,0.86
"{np.str_('Pasta'), np.str_('Salad')}",{np.str_('Soup')},0.116,0.13,1.43
"{np.str_('Ketchup'), np.str_('Burger')}",{np.str_('Pizza')},0.269,0.67,1.25
{np.str_('IceCream')},{np.str_('Ketchup')},0.263,0.74,1.16
{np.str_('Coke')},{np.str_('Ketchup')},0.239,0.38,0.92
{np.str_('IceCream')},{np.str_('Pizza')},0.073,0.84,1.01
{np.str_('Salad')},{np.str_('Pasta')},0.176,0.47,0.99
{np.str_('Soup')},{np.str_('IceCream')},0.191,0.49,1.08
"{np.str_('Ketchup'), np.str_('Burger')}",{np.str_('Pizza')},0.127,0.11,1.37
"{np.str_('Sandwich'), np.str_('Salad')}",{np.str_('Fries')},0.142,0.75,1.07
{np.str_('Burger')},{np.str_('Ketchup')},0.286,0.16,0.82
{np.str_('Pizza')},{np.str_('Burger')},0.178,0.39,0.86
"{np.str_('Fries'), np.str_('Sandwich')}",{np.str_('Pizza')},0.229,0.18,1.11
"{np.str_('Pizza'), np.str_('Sandwich')}",{np.str_('IceCream')},0.059,0.19,0.93
{np.str_('Soup')},{np.str_('Fries')},0.121,0.58,0.85
{np.str_('Salad')},{np.str_('Soup')},0.088,0.62,0.89
{np.str_('Burger')},{np.str_('Ketchup')},0.175,0.43,0.93
{np.str_('Pasta')},{np.str_('Ketchup')},0.272,0.74,0.99
"{np.str_('Fries'), np.str_('Soup')}",{np.str_('Sandwich')},0.296,0.75,0.92
"{np.str_('Pizza'), np.str_('Soup')}",{np.str_('Ketchup')},0.229,0.57,1.46
"{np.str_('Pizza'), np.str_('Ketchup')}",{np.str_('Pasta')},0.247,0.79,1.25
{np.str_('Pasta')},{np.str_('Fries')},0.074,0.89,1.01
{np.str_('Pizza')},{np.str_('Soup')},0.037,0.69,1.32
"{np.str_('Fries'), np.str_('Pasta')}",{np.str_('Burger')},0.263,0.28,1.13
"{np.str_('Pizza'), np.str_('Pasta')}",{np.str_('Salad')},0.221,0.14,0.82
"{np.str_('Fries'), np.str_('Burger')}",{np.str_('Sandwich')},0.175,0.28,1.33
"{np.str_('Fries'), np.str_('Sandwich')}",{np.str_('Soup')},0.281,0.23,0.83
"{np.str_('Ketchup'), np.str_('Burger')}",{np.str_('Fries')},0.255,0.31,0.87
"{np.str_('Fries'), np.str_('IceCream')}",{np.str_('Sandwich')},0.101,0.88,1.0
"{np.str_('Burger'), np.str_('Salad')}",{np.str_('Soup')},0.192,0.76,1.3
"{np.str_('Sandwich'), np.str_('Salad')}",{np.str_('Fries')},0.296,0.42,1.03
"{np.str_('Fries'), np.str_('Pasta')}",{np.str_('Burger')},0.045,0.66,0.8
"{np.str_('Pizza'), np.str_('Fries')}",{np.str_('Coke')},0.125,0.64,0.84
"{np.str_('Fries'), np.str_('Salad')}",{np.str_('Ketchup')},0.173,0.75,1.28
{np.str_('Sandwich')},{np.str_('Pizza')},0.236,0.48,1.1
"{np.str_('Burger'), np.str_('IceCream')}",{np.str_('Salad')},0.299,0.3,1.39
{np.str_('Pizza')},{np.str_('Burger')},0.104,0.79,1.22
"{np.str_('Fries'), np.str_('Salad')}",{np.str_('Pizza')},0.131,0.17,1.14
"{np.str_('Fries'), np.str_('IceCream')}",{np.str_('Sandwich')},0.169,0.68,1.5
{np.str_('Sandwich')},{np.str_('Fries')},0.023,0.23,0.9
{np.str_('Pizza')},{np.str_('Burger')},0.207,0.8,1.06
{np.str_('IceCream')},{np.str_('Sandwich')},0.011,0.53,0.88
{np.str_('Fries')},{np.str_('Pizza')},0.021,0.88,0.8
"{np.str_('Ketchup'), np.str_('Soup')}",{np.str_('Salad')},0.219,0.17,0.87
{np.str_('Pasta')},{np.str_('Fries')},0.264,0.31,0.94
{np.str_('Coke')},{np.str_('Pizza')},0.204,0.12,1.06
"{np.str_('Ketchup'), np.str_('IceCream')}",{np.str_('Pizza')},0.024,0.33,1.35
"{np.str_('Coke'), np.str_('Burger')}",{np.str_('Pasta')},0.038,0.42,1.49
{np.str_('Burger')},{np.str_('Ketchup')},0.227,0.51,1.37
{np.str_('Soup')},{np.str_('IceCream')},0.065,0.13,1.27
{np.str_('Coke')},{np.str_('Pizza')},0.081,0.48,1.44
"{np.str_('Coke'), np.str_('Salad')}",{np.str_('IceCream')},0.111,0.26,1.37
"{np.str_('Coke'), np.str_('Soup')}",{np.str_('Sandwich')},0.081,0.21,1.39
"{np.str_('Coke'), np.str_('Salad')}",{np.str_('Soup')},0.128,0.31,1.49
"{np.str_('Ketchup'), np.str_('IceCream')}",{np.str_('Salad')},0.291,0.86,1.34
"{np.str_('Coke'), np.str_('IceCream')}",{np.str_('Sandwich')},0.253,0.8,1.01
{np.str_('Ketchup')},{np.str_('Pizza')},0.204,0.47,1.23
"{np.str_('Coke'), np.str_('Sandwich')}",{np.str_('Fries')},0.243,0.59,0.87
"{np.str_('Coke'), np.str_('Pasta')}",{np.str_('Fries')},0.288,0.72,1.32
"{np.str_('Fries'), np.str_('IceCream')}",{np.str_('Pasta')},0.161,0.73,1.39
"{np.str_('Ketchup'), np.str_('Soup')}",{np.str_('Salad')},0.119,0.1,1.11
"{np.str_('Ketchup'), np.str_('Coke')}",{np.str_('Salad')},0.021,0.58,1.14
"{np.str_('Soup'), np.str_('Sandwich')}",{np.str_('Pizza')},0.217,0.66,1.23
"{np.str_('Pizza'), np.str_('Coke')}",{np.str_('Burger')},0.29,0.78,1.44
{np.str_('Pizza')},{np.str_('Burger')},0.014,0.82,1.21
"{np.str_('Ketchup'), np.str_('Pasta')}",{np.str_('Soup')},0.194,0.45,1.14
{np.str_('Pizza')},{np.str_('IceCream')},0.238,0.49,1.03
{np.str_('Fries')},{np.str_('Ketchup')},0.104,0.15,0.82
"{np.str_('Pizza'), np.str_('IceCream')}",{np.str_('Burger')},0.049,0.8,1.16
{np.str_('Fries')},{np.str_('Salad')},0.165,0.74,1.22
"{np.str_('Fries'), np.str_('Pizza')}",{np.str_('IceCream')},0.231,0.18,1.34
"{np.str_('Pizza'), np.str_('Ketchup')}",{np.str_('Fries')},0.033,0.84,1.29
{np.str_('IceCream')},{np.str_('Pizza')},0.073,0.68,1.25
"{np.str_('Pizza'), np.str_('Ketchup')}",{np.str_('Coke')},0.267,0.42,1.24
"{np.str_('Coke'), np.str_('Salad')}",{np.str_('Ketchup')},0.121,0.86,1.21
{np.str_('Pasta')},{np.str_('IceCream')},0.248,0.8,1.4
"{np.str_('Coke'), np.str_('Salad')}",{np.str_('Fries')},0.135,0.88,0.9
"{np.str_('Soup'), np.str_('IceCream')}",{np.str_('Sandwich')},0.04,0.2,0.86
{np.str_('Salad')},{np.str_('IceCream')},0.104,0.37,1.26
{np.str_('Sandwich')},{np.str_('Pasta')},0.273,0.28,1.18
"{np.str_('Soup'), np.str_('IceCream')}",{np.str_('Pizza')},0.108,0.61,0.84
"{np.str_('Soup'), np.str_('Salad')}",{np.str_('Ketchup')},0.125,0.4,1.0
"{np.str_('Fries'), np.str_('Sandwich')}",{np.str_('Pizza')},0.177,0.5,1.14
"{np.str_('Pizza'), np.str_('Fries')}",{np.str_('Ketchup')},0.283,0.63,1.41
{np.str_('Soup')},{np.str_('Pizza')},0.195,0.34,1.18
{np.str_('Coke')},{np.str_('Pizza')},0.265,0.27,1.48
"{np.str_('Coke'), np.str_('Sandwich')}",{np.str_('Salad')},0.294,0.45,0.91
{np.str_('Sandwich')},{np.str_('IceCream')},0.296,0.14,1.42
"{np.str_('Pizza'), np.str_('Burger')}",{np.str_('Coke')},0.048,0.51,0.91
{np.str_('Soup')},{np.str_('Salad')},0.014,0.75,1.01
"{np.str_('Pasta'), np.str_('Soup')}",{np.str_('Ketchup')},0.241,0.61,1.35
{np.str_('Fries')},{np.str_('Pizza')},0.207,0.54,1.08
{np.str_('Burger')},{np.str_('Ketchup')},0.224,0.27,1.08
{np.str_('Burger')},{np.str_('Pizza')},0.049,0.16,1.49
"{np.str_('Burger'), np.str_('Pasta')}",{np.str_('Ketchup')},0.064,0.62,1.06
{np.str_('Pasta')},{np.str_('Sandwich')},0.297,0.73,0.85
{np.str_('Pasta')},{np.str_('Ketchup')},0.089,0.83,1.38
{np.str_('Pizza')},{np.str_('Ketchup')},0.178,0.63,1.3
{np.str_('Burger')},{np.str_('Sandwich')},0.084,0.18,1.22
{np.str_('Fries')},{np.str_('Ketchup')},0.188,0.52,1.28
{np.str_('Pasta')},{np.str_('Coke')},0.271,0.33,1.43
"{np.str_('Fries'), np.str_('Coke')}",{np.str_('Ketchup')},0.176,0.18,0.91
"{np.str_('Burger'), np.str_('Pasta')}",{np.str_('Coke')},0.285,0.67,1.42
"{np.str_('Ketchup'), np.str_('Sandwich')}",{np.str_('Pizza')},0.147,0.41,1.37
"{np.str_('Fries'), np.str_('Sandwich')}",{np.str_('Soup')},0.039,0.69,1.29
{np.str_('IceCream')},{np.str_('Soup')},0.283,0.26,1.02
"{np.str_('Coke'), np.str_('Soup')}",{np.str_('Fries')},0.018,0.15,1.18
"{np.str_('Pizza'), np.str_('Coke')}",{np.str_('Fries')},0.089,0.23,0.84
{np.str_('Salad')},{np.str_('IceCream')},0.028,0.85,1.39
"{np.str_('Burger'), np.str_('Pasta')}",{np.str_('Sandwich')},0.264,0.45,1.17
"{np.str_('Soup'), np.str_('Sandwich')}",{np.str_('Ketchup')},0.185,0.55,1.07
"{np.str_('Burger'), np.str_('IceCream')}",{np.str_('Coke')},0.227,0.42,0.95
{np.str_('Soup')},{np.str_('Pizza')},0.076,0.89,1.19
{np.str_('Pasta')},{np.str_('Pizza')},0.223,0.19,1.33
{np.str_('Ketchup')},{np.str_('Sandwich')},0.102,0.61,1.11
{np.str_('Coke')},{np.str_('Soup')},0.188,0.24,0.81
{np.str_('Coke')},{np.str_('IceCream')},0.073,0.36,1.24
"{np.str_('Ketchup'), np.str_('Sandwich')}",{np.str_('Salad')},0.227,0.63,1.21
{np.str_('Sandwich')},{np.str_('Soup')},0.05,0.24,0.84
{np.str_('Sandwich')},{np.str_('Burger')},0.054,0.6,1.09
{np.str_('Fries')},{np.str_('Pizza')},0.249,0.57,1.23
"{np.str_('Burger'), np.str_('Pasta')}",{np.str_('Sandwich')},0.231,0.49,1.28
{np.str_('Fries')},{np.str_('Coke')},0.212,0.44,1.28
"{np.str_('Fries'), np.str_('Coke')}",{np.str_('Ketchup')},0.227,0.32,1.07
"{np.str_('Soup'), np.str_('Sandwich')}",{np.str_('Pizza')},0.079,0.36,1.14
"{np.str_('Pizza'), np.str_('Sandwich')}",{np.str_('Ketchup')},0.062,0.89,1.06
"{np.str_('Fries'), np.str_('Pizza')}",{np.str_('Salad')},0.102,0.22,1.36
"{np.str_('Fries'), np.str_('Burger')}",{np.str_('Ketchup')},0.21,0.87,1.12
"{np.str_('Fries'), np.str_('Salad')}",{np.str_('Soup')},0.091,0.85,1.42
"{np.str_('Pasta'), np.str_('IceCream')}",{np.str_('Salad')},0.242,0.6,1.13
{np.str_('Burger')},{np.str_('IceCream')},0.236,0.37,0.93
{np.str_('Ketchup')},{np.str_('Salad')},0.191,0.63,1.18
"{np.str_('Pizza'), np.str_('Ketchup')}",{np.str_('Fries')},0.088,0.16,1.33
"{np.str_('Coke'), np.str_('Sandwich')}",{np.str_('Ketchup')},0.133,0.44,1.41
{np.str_('Pizza')},{np.str_('Pasta')},0.183,0.56,1.37
"{np.str_('Pizza'), np.str_('Ketchup')}",{np.str_('Pasta')},0.081,0.77,1.06
{np.str_('Pizza')},{np.str_('Pasta')},0.188,0.42,0.81
{np.str_('Sandwich')},{np.str_('Salad')},0.116,0.6,0.85
"{np.str_('Ketchup'), np.str_('Pasta')}",{np.str_('Burger')},0.251,0.66,1.2
"{np.str_('Fries'), np.str_('Sandwich')}",{np.str_('Pizza')},0.045,0.68,1.2
"{np.str_('Pizza'), np.str_('Burger')}",{np.str_('IceCream')},0.134,0.68,1.24
{np.str_('Pizza')},{np.str_('Sandwich')},0.057,0.61,0.84
{np.str_('Ketchup')},{np.str_('Sandwich')},0.113,0.82,0.88
"{np.str_('Fries'), np.str_('Sandwich')}",{np.str_('Coke')},0.211,0.79,1.06
"{np.str_('Burger'), np.str_('Salad')}",{np.str_('Pizza')},0.079,0.8,1.37
{np.str_('Salad')},{np.str_('Ketchup')},0.103,0.71,1.47
"{np.str_('Burger'), np.str_('IceCream')}",{np.str_('Ketchup')},0.169,0.1,0.83
"{np.str_('Pizza'), np.str_('Coke')}",{np.str_('Burger')},0.104,0.31,1.33
{np.str_('Salad')},{np.str_('Soup')},0.287,0.77,1.1
{np.str_('Coke')},{np.str_('IceCream')},0.3,0.56,0.83
"{np.str_('Pasta'), np.str_('IceCream')}",{np.str_('Soup')},0.292,0.39,1.22
{np.str_('Coke')},{np.str_('Fries')},0.286,0.6,1.37
"{np.str_('Burger'), np.str_('Salad')}",{np.str_('Pasta')},0.214,0.28,0.8
{np.str_('Ketchup')},{np.str_('Pizza')},0.273,0.9,0.91
"{np.str_('Burger'), np.str_('IceCream')}",{np.str_('Pasta')},0.119,0.55,1.38
"{np.str_('Coke'), np.str_('IceCream')}",{np.str_('Fries')},0.036,0.45,1.21
{np.str_('Pasta')},{np.str_('Pizza')},0.029,0.54,0.87
{np.str_('Burger')},{np.str_('Pizza')},0.129,0.62,1.5
"{np.str_('Coke'), np.str_('Soup')}",{np.str_('IceCream')},0.037,0.19,1.31
"{np.str_('Fries'), np.str_('Ketchup')}",{np.str_('IceCream')},0.034,0.18,1.13
"{np.str_('Pizza'), np.str_('Ketchup')}",{np.str_('Soup')},0.168,0.18,1.02
{np.str_('Pasta')},{np.str_('Pizza')},0.22,0.73,1.0
"{np.str_('Burger'), np.str_('Pasta')}",{np.str_('Sandwich')},0.023,0.19,0.93
{np.str_('Pasta')},{np.str_('Soup')},0.116,0.42,1.38
{np.str_('Pasta')},{np.str_('Sandwich')},0.179,0.18,1.01
{np.str_('IceCream')},{np.str_('Coke')},0.206,0.24,0.93
"{np.str_('Ketchup'), np.str_('Sandwich')}",{np.str_('Fries')},0.231,0.66,0.97
"{np.str_('Pasta'), np.str_('Salad')}",{np.str_('Coke')},0.1,0.78,1.22
"{np.str_('Pasta'), np.str_('Salad')}",{np.str_('Fries')},0.223,0.85,1.17
"{np.str_('IceCream'), np.str_('Salad')}",{np.str_('Pizza')},0.157,0.35,1.49
{np.str_('Burger')},{np.str_('Soup')},0.227,0.36,1.27
{np.str_('Soup')},{np.str_('Fries')},0.105,0.24,1.22
"{np.str_('Pasta'), np.str_('Salad')}",{np.str_('Ketchup')},0.061,0.38,1.06
"{np.str_('Fries'), np.str_('Burger')}",{np.str_('Pizza')},0.078,0.53,0.88
"{np.str_('Pizza'), np.str_('Coke')}",{np.str_('Soup')},0.207,0.81,0.96
"{np.str_('Pasta'), np.str_('IceCream')}",{np.str_('Coke')},0.143,0.25,1.25
"{np.str_('Coke'), np.str_('IceCream')}",{np.str_('Soup')},0.208,0.37,1.2
{np.str_('Pasta')},{np.str_('Fries')},0.251,0.47,1.28
{np.str_('Salad')},{np.str_('Sandwich')},0.113,0.77,0.83
{np.str_('Burger')},{np.str_('Fries')},0.135,0.5,1.43
{np.str_('Soup')},{np.str_('Pasta')},0.181,0.28,1.14
{np.str_('Burger')},{np.str_('IceCream')},0.192,0.57,1.18
"{np.str_('Ketchup'), np.str_('Coke')}",{np.str_('Sandwich')},0.283,0.37,1.17
"{np.str_('Ketchup'), np.str_('Sandwich')}",{np.str_('Soup')},0.06,0.15,1.03
"{np.str_('Ketchup'), np.str_('Salad')}",{np.str_('Fries')},0.129,0.32,1.23
"{np.str_('Ketchup'), np.str_('Soup')}",{np.str_('Sandwich')},0.063,0.77,0.89
"{np.str_('Pizza'), np.str_('Soup')}",{np.str_('Coke')},0.288,0.8,1.33
{np.str_('Soup')},{np.str_('Fries')},0.069,0.65,1.19
"{np.str_('Fries'), np.str_('Coke')}",{np.str_('Pizza')},0.096,0.72,1.08
"{np.str_('Pasta'), np.str_('Sandwich')}",{np.str_('Fries')},0.242,0.62,0.8
"{np.str_('Ketchup'), np.str_('IceCream')}",{np.str_('Salad')},0.029,0.69,1.03
"{np.str_('Pizza'), np.str_('Ketchup')}",{np.str_('Sandwich')},0.3,0.41,1.07
{np.str_('Burger')},{np.str_('Coke')},0.189,0.17,1.35
"{np.str_('Coke'), np.str_('IceCream')}",{np.str_('Salad')},0.263,0.13,1.08
"{np.str_('Burger'), np.str_('IceCream')}",{np.str_('Soup')},0.019,0.62,1.19
"{np.str_('Ketchup'), np.str_('Burger')}",{np.str_('Sandwich')},0.057,0.27,1.16
{np.str_('Sandwich')},{np.str_('Pizza')},0.299,0.85,1.27
{np.str_('Ketchup')},{np.str_('Soup')},0.127,0.41,1.01
{np.str_('Sandwich')},{np.str_('Fries')},0.026,0.84,1.26
"{np.str_('Soup'), np.str_('Salad')}",{np.str_('IceCream')},0.042,0.66,1.31
"{np.str_('Burger'), np.str_('Salad')}",{np.str_('Fries')},0.113,0.58,1.19
{np.str_('Pasta')},{np.str_('Pizza')},0.188,0.33,1.26
"{np.str_('IceCream'), np.str_('Soup')}",{np.str_('Salad')},0.069,0.71,1.01
{np.str_('Sandwich')},{np.str_('Pizza')},0.132,0.84,1.42
{np.str_('Ketchup')},{np.str_('Pizza')},0.196,0.56,0.88
"{np.str_('Coke'), np.str_('Pasta')}",{np.str_('Pizza')},0.133,0.55,1.42
{np.str_('Soup')},{np.str_('Coke')},0.02,0.49,1.01
"{np.str_('Ketchup'), np.str_('Burger')}",{np.str_('Pasta')},0.172,0.12,1.46
{np.str_('Soup')},{np.str_('Salad')},0.197,0.55,1.25
"{np.str_('Pasta'), np.str_('IceCream')}",{np.str_('Burger')},0.172,0.57,1.48
{np.str_('Salad')},{np.str_('Fries')},0.084,0.16,1.32
{np.str_('Ketchup')},{np.str_('Soup')},0.267,0.49,1.29
"{np.str_('Burger'), np.str_('Coke')}",{np.str_('Soup')},0.295,0.33,1.36
{np.str_('Coke')},{np.str_('Sandwich')},0.245,0.37,1.07
{np.str_('Sandwich')},{np.str_('Fries')},0.172,0.3,1.48
"{np.str_('Pasta'), np.str_('Soup')}",{np.str_('Fries')},0.04,0.21,1.4
{np.str_('Burger')},{np.str_('Soup')},0.109,0.35,1.47
{np.str_('Pasta')},{np.str_('Ketchup')},0.207,0.85,1.25
"{np.str_('Burger'), np.str_('Sandwich')}",{np.str_('Pasta')},0.078,0.25,1.2
"{np.str_('Coke'), np.str_('Sandwich')}",{np.str_('Fries')},0.294,0.73,1.14
{np.str_('Pizza')},{np.str_('Fries')},0.233,0.74,1.42
"{np.str_('Ketchup'), np.str_('Sandwich')}",{np.str_('Pasta')},0.014,0.38,1.0
"{np.str_('Fries'), np.str_('Coke')}",{np.str_('Ketchup')},0.025,0.77,1.46
{np.str_('Burger')},{np.str_('Pizza')},0.244,0.82,0.81
"{np.str_('Burger'), np.str_('Soup')}",{np.str_('IceCream')},0.133,0.78,1.02
"{np.str_('IceCream'), np.str_('Sandwich')}",{np.str_('Coke')},0.071,0.15,1.18
{np.str_('Fries')},{np.str_('Burger')},0.135,0.19,0.87
"{np.str_('Fries'), np.str_('IceCream')}",{np.str_('Pizza')},0.057,0.44,0.89
"{np.str_('Fries'), np.str_('Salad')}",{np.str_('Burger')},0.038,0.33,1.41
{np.str_('Soup')},{np.str_('Pasta')},0.252,0.3,1.03
{np.str_('Pizza')},{np.str_('Salad')},0.068,0.83,0.98
"{np.str_('Fries'), np.str_('Burger')}",{np.str_('Sandwich')},0.216,0.22,1.12
{np.str_('Pizza')},{np.str_('Soup')},0.28,0.54,1.29
{np.str_('Salad')},{np.str_('IceCream')},0.253,0.51,1.06
"{np.str_('Ketchup'), np.str_('Coke')}",{np.str_('Sandwich')},0.178,0.81,1.13
{np.str_('IceCream')},{np.str_('Salad')},0.024,0.3,0.9
"{np.str_('Fries'), np.str_('Burger')}",{np.str_('Pasta')},0.114,0.82,0.85
"{np.str_('Pasta'), np.str_('Salad')}",{np.str_('Ketchup')},0.054,0.32,0.87
{np.str_('Pasta')},{np.str_('Pizza')},0.035,0.19,1.3
"{np.str_('Coke'), np.str_('Pasta')}",{np.str_('IceCream')},0.115,0.73,1.48
"{np.str_('Fries'), np.str_('Ketchup')}",{np.str_('Salad')},0.271,0.37,1.32
"{np.str_('Coke'), np.str_('Sandwich')}",{np.str_('IceCream')},0.039,0.42,0.87
"{np.str_('Soup'), np.str_('Salad')}",{np.str_('Ketchup')},0.182,0.25,1.05
{np.str_('Pasta')},{np.str_('Pizza')},0.199,0.49,1.35
"{np.str_('Pasta'), np.str_('Soup')}",{np.str_('Ketchup')},0.274,0.3,1.34
"{np.str_('Burger'), np.str_('Soup')}",{np.str_('Salad')},0.112,0.27,1.21
{np.str_('Ketchup')},{np.str_('Pizza')},0.152,0.16,0.93
{np.str_('Pasta')},{np.str_('Ketchup')},0.14,0.45,1.19
"{np.str_('Fries'), np.str_('Salad')}",{np.str_('Pasta')},0.207,0.31,1.03
{np.str_('Coke')},{np.str_('IceCream')},0.296,0.72,1.48
{np.str_('Pasta')},{np.str_('Sandwich')},0.242,0.27,1.18
"{np.str_('Pizza'), np.str_('Sandwich')}",{np.str_('Ketchup')},0.105,0.55,0.93
"{np.str_('Burger'), np.str_('IceCream')}",{np.str_('Salad')},0.092,0.12,1.18
"{np.str_('Soup'), np.str_('Salad')}",{np.str_('IceCream')},0.21,0.82,1.29
"{np.str_('Ketchup'), np.str_('Burger')}",{np.str_('Pizza')},0.082,0.75,0.88
"{np.str_('Soup'), np.str_('IceCream')}",{np.str_('Salad')},0.031,0.47,0.92
{np.str_('Burger')},{np.str_('Soup')},0.043,0.63,1.0
{np.str_('Pizza')},{np.str_('Sandwich')},0.101,0.15,1.28
"{np.str_('Ketchup'), np.str_('Pasta')}",{np.str_('Pizza')},0.161,0.57,0.84
{np.str_('Coke')},{np.str_('Pasta')},0.229,0.77,1.42
{np.str_('Salad')},{np.str_('Fries')},0.154,0.48,1.02
"{np.str_('Fries'), np.str_('Burger')}",{np.str_('Ketchup')},0.293,0.27,0.9
{np.str_('Soup')},{np.str_('Sandwich')},0.136,0.47,1.48
{np.str_('Salad')},{np.str_('Pizza')},0.036,0.62,1.23
{np.str_('IceCream')},{np.str_('Pizza')},0.279,0.12,0.84
{np.str_('Ketchup')},{np.str_('Pizza')},0.192,0.79,1.19
{np.str_('Ketchup')},{np.str_('Burger')},0.011,0.18,0.87
{np.str_('Soup')},{np.str_('Pasta')},0.266,0.47,0.95
"{np.str_('Ketchup'), np.str_('Soup')}",{np.str_('Pasta')},0.159,0.44,1.42
"{np.str_('Burger'), np.str_('Sandwich')}",{np.str_('Soup')},0.034,0.45,1.38
{np.str_('Fries')},{np.str_('Coke')},0.142,0.12,1.07
{np.str_('Pasta')},{np.str_('Soup')},0.077,0.86,0.82
{np.str_('Soup')},{np.str_('Pizza')},0.022,0.29,1.06
{np.str_('Coke')},{np.str_('Pizza')},0.198,0.17,0.93
{np.str_('Sandwich')},{np.str_('Fries')},0.137,0.72,1.3
"{np.str_('Pasta'), np.str_('Soup')}",{np.str_('Fries')},0.117,0.77,1.4
{np.str_('Ketchup')},{np.str_('Pasta')},0.138,0.81,1.37
"{np.str_('Pasta'), np.str_('Soup')}",{np.str_('Coke')},0.295,0.75,1.3
"{np.str_('Burger'), np.str_('Sandwich')}",{np.str_('IceCream')},0.24,0.17,0.84
"{np.str_('Pasta'), np.str_('Sandwich')}",{np.str_('Pizza')},0.286,0.73,1.26
"{np.str_('Fries'), np.str_('Coke')}",{np.str_('Soup')},0.264,0.67,1.33
{np.str_('Soup')},{np.str_('Burger')},0.202,0.54,0.94
"{np.str_('Coke'), np.str_('Soup')}",{np.str_('Sandwich')},0.235,0.75,1.2
"{np.str_('Fries'), np.str_('Salad')}",{np.str_('Soup')},0.08,0.62,1.01
"{np.str_('Pasta'), np.str_('Sandwich')}",{np.str_('Soup')},0.188,0.74,1.11
"{np.str_('Fries'), np.str_('Soup')}",{np.str_('Pizza')},0.25,0.61,1.19
{np.str_('Pasta')},{np.str_('IceCream')},0.036,0.9,1.43
"{np.str_('Ketchup'), np.str_('Soup')}",{np.str_('Pizza')},0.2,0.37,1.03
{np.str_('Burger')},{np.str_('Fries')},0.059,0.48,1.48
{np.str_('Pizza')},{np.str_('Sandwich')},0.116,0.15,1.4
"{np.str_('Burger'), np.str_('Salad')}",{np.str_('Fries')},0.205,0.14,1.18
"{np.str_('Coke'), np.str_('Sandwich')}",{np.str_('Ketchup')},0.072,0.16,1.19
"{np.str_('Fries'), np.str_('Salad')}",{np.str_('Burger')},0.071,0.36,1.41
"{np.str_('Soup'), np.str_('IceCream')}",{np.str_('Fries')},0.285,0.61,1.33
"{np.str_('Coke'), np.str_('IceCream')}",{np.str_('Soup')},0.273,0.87,0.82
{np.str_('Sandwich')},{np.str_('Fries')},0.074,0.22,1.44
"{np.str_('Burger'), np.str_('Sandwich')}",{np.str_('Salad')},0.134,0.51,1.21
"{np.str_('Fries'), np.str_('Pasta')}",{np.str_('Pizza')},0.077,0.62,1.03
{np.str_('Soup')},{np.str_('Coke')},0.184,0.55,1.26
"{np.str_('Pizza'), np.str_('Sandwich')}",{np.str_('Pasta')},0.17,0.19,1.08
"{np.str_('Pizza'), np.str_('Soup')}",{np.str_('Fries')},0.111,0.64,0.98
{np.str_('IceCream')},{np.str_('Salad')},0.052,0.23,0.92
{np.str_('Coke')},{np.str_('Sandwich')},0.265,0.14,1.1
{np.str_('Soup')},{np.str_('Pizza')},0.201,0.27,0.88
{np.str_('Fries')},{np.str_('Burger')},0.233,0.78,1.35
"{np.str_('Ketchup'), np.str_('Coke')}",{np.str_('Pizza')},0.293,0.15,1.43
{np.str_('Coke')},{np.str_('Salad')},0.045,0.8,1.35
{np.str_('Burger')},{np.str_('Fries')},0.164,0.71,1.33
"{np.str_('Pizza'), np.str_('Coke')}",{np.str_('Sandwich')},0.073,0.53,1.06
{np.str_('IceCream')},{np.str_('Burger')},0.296,0.32,1.14
"{np.str_('IceCream'), np.str_('Sandwich')}",{np.str_('Fries')},0.264,0.19,1.35
"{np.str_('Sandwich'), np.str_('Salad')}",{np.str_('Burger')},0.099,0.55,1.45
{np.str_('Burger')},{np.str_('Coke')},0.244,0.6,0.99
"{np.str_('Ketchup'), np.str_('Burger')}",{np.str_('Fries')},0.176,0.83,1.15
"{np.str_('Ketchup'), np.str_('IceCream')}",{np.str_('Salad')},0.237,0.53,1.24
"{np.str_('Pizza'), np.str_('Soup')}",{np.str_('IceCream')},0.187,0.32,1.29
{np.str_('Coke')},{np.str_('Salad')},0.057,0.64,1.18
"{np.str_('Pizza'), np.str_('Burger')}",{np.str_('Fries')},0.108,0.62,1.45
"{np.str_('Coke'), np.str_('IceCream')}",{np.str_('Burger')},0.263,0.34,0.91
"{np.str_('Pizza'), np.str_('Coke')}",{np.str_('Ketchup')},0.128,0.84,1.05
{np.str_('IceCream')},{np.str_('Soup')},0.224,0.31,0.81
{np.str_('Sandwich')},{np.str_('IceCream')},0.049,0.41,1.46
{np.str_('Fries')},{np.str_('Ketchup')},0.205,0.27,1.39
{np.str_('Pizza')},{np.str_('Burger')},0.236,0.55,0.96
{np.str_('Pizza')},{np.str_('Coke')},0.028,0.9,1.07
"{np.str_('IceCream'), np.str_('Soup')}",{np.str_('Burger')},0.124,0.21,1.16
"{np.str_('Pizza'), np.str_('Sandwich')}",{np.str_('IceCream')},0.088,0.43,1.3
"{np.str_('Ketchup'), np.str_('Sandwich')}",{np.str_('Salad')},0.241,0.73,1.06
{np.str_('Pasta')},{np.str_('Salad')},0.197,0.27,1.09
"{np.str_('Coke'), np.str_('IceCream')}",{np.str_('Pizza')},0.022,0.64,1.09
{np.str_('Salad')},{np.str_('Burger')},0.068,0.76,1.09
"{np.str_('Fries'), np.str_('Pizza')}",{np.str_('Soup')},0.153,0.17,1.41
"{np.str_('Fries'), np.str_('Soup')}",{np.str_('Coke')},0.065,0.36,1.08
{np.str_('IceCream')},{np.str_('Sandwich')},0.217,0.75,1.12
"{np.str_('Burger'), np.str_('IceCream')}",{np.str_('Pizza')},0.185,0.41,0.88
{np.str_('Pizza')},{np.str_('IceCream')},0.277,0.53,1.16
{np.str_('Sandwich')},{np.str_('Fries')},0.279,0.62,1.44
"{np.str_('Fries'), np.str_('Burger')}",{np.str_('Pizza')},0.288,0.68,1.42
{np.str_('Pizza')},{np.str_('Ketchup')},0.237,0.37,1.21
"{np.str_('Burger'), np.str_('Soup')}",{np.str_('Ketchup')},0.186,0.23,1.15
{np.str_('Sandwich')},{np.str_('Burger')},0.07,0.23,0.83
"{np.str_('Coke'), np.str_('Sandwich')}",{np.str_('Pizza')},0.168,0.77,0.92
{np.str_('Fries')},{np.str_('Burger')},0.23,0.62,0.92
"{np.str_('Pizza'), np.str_('Pasta')}",{np.str_('Ketchup')},0.138,0.69,1.18
{np.str_('Fries')},{np.str_('Ketchup')},0.295,0.47,1.41
{np.str_('Ketchup')},{np.str_('Burger')},0.278,0.18,1.18
{np.str_('Sandwich')},{np.str_('Pizza')},0.221,0.65,1.43
"{np.str_('Fries'), np.str_('Ketchup')}",{np.str_('IceCream')},0.016,0.23,1.25
"{np.str_('IceCream'), np.str_('Salad')}",{np.str_('Sandwich')},0.262,0.72,0.86
"{np.str_('Burger'), np.str_('Sandwich')}",{np.str_('Soup')},0.054,0.11,0.88
{np.str_('Soup')},{np.str_('IceCream')},0.051,0.86,1.45
{np.str_('Burger')},{np.str_('Soup')},0.124,0.64,1.13
"{np.str_('Ketchup'), np.str_('Burger')}",{np.str_('IceCream')},0.109,0.28,1.25
"{np.str_('Fries'), np.str_('Salad')}",{np.str_('IceCream')},0.018,0.47,0.84
{np.str_('Burger')},{np.str_('Fries')},0.053,0.71,1.32
{np.str_('Sandwich')},{np.str_('Ketchup')},0.102,0.24,1.09
{np.str_('Salad')},{np.str_('IceCream')},0.225,0.5,1.43
"{np.str_('Burger'), np.str_('Soup')}",{np.str_('Sandwich')},0.248,0.67,1.49
{np.str_('Sandwich')},{np.str_('Ketchup')},0.214,0.78,1.47
"{np.str_('Fries'), np.str_('Coke')}",{np.str_('Sandwich')},0.107,0.45,1.17
{np.str_('Burger')},{np.str_('Soup')},0.238,0.24,0.88
"{np.str_('Ketchup'), np.str_('Salad')}",{np.str_('IceCream')},0.033,0.19,0.92
{np.str_('Salad')},{np.str_('Pizza')},0.294,0.16,1.0
"{np.str_('Burger'), np.str_('Sandwich')}",{np.str_('Soup')},0.013,0.11,1.09
{np.str_('Fries')},{np.str_('Ketchup')},0.259,0.15,1.17
"{np.str_('Pizza'), np.str_('Burger')}",{np.str_('IceCream')},0.292,0.47,1.48
"{np.str_('Fries'), np.str_('Burger')}",{np.str_('Salad')},0.144,0.18,1.12
"{np.str_('Burger'), np.str_('Coke')}",{np.str_('Ketchup')},0.274,0.67,1.1
{np.str_('Sandwich')},{np.str_('Ketchup')},0.067,0.71,1.25
"{np.str_('Ketchup'), np.str_('Sandwich')}",{np.str_('Coke')},0.176,0.47,1.25
"{np.str_('Ketchup'), np.str_('Burger')}",{np.str_('Coke')},0.287,0.83,0.96
"{np.str_('Pizza'), np.str_('Soup')}",{np.str_('Fries')},0.256,0.84,1.11
"{np.str_('Fries'), np.str_('Pizza')}",{np.str_('Pasta')},0.124,0.82,1.39
{np.str_('Fries')},{np.str_('Soup')},0.102,0.61,1.49
{np.str_('Burger')},{np.str_('Fries')},0.213,0.23,0.81
{np.str_('Pasta')},{np.str_('Sandwich')},0.204,0.4,0.95
{np.str_('Pizza')},{np.str_('Fries')},0.195,0.25,1.44
"{np.str_('Soup'), np.str_('IceCream')}",{np.str_('Fries')},0.124,0.32,0.8
"{np.str_('Coke'), np.str_('Burger')}",{np.str_('Fries')},0.033,0.64,0.9
"{np.str_('Ketchup'), np.str_('Sandwich')}",{np.str_('IceCream')},0.024,0.21,0.86
"{np.str_('Coke'), np.str_('IceCream')}",{np.str_('Soup')},0.064,0.6,1.28
{np.str_('Pasta')},{np.str_('Coke')},0.211,0.67,1.45
{np.str_('Sandwich')},{np.str_('Ketchup')},0.193,0.52,1.02
"{np.str_('Burger'), np.str_('Salad')}",{np.str_('Fries')},0.164,0.65,1.24
{np.str_('Salad')},{np.str_('Sandwich')},0.1,0.7,1.19
{np.str_('Ketchup')},{np.str_('Fries')},0.239,0.6,1.11
{np.str_('Burger')},{np.str_('Fries')},0.022,0.8,0.85
{np.str_('Ketchup')},{np.str_('Coke')},0.212,0.56,1.29
{np.str_('Pasta')},{np.str_('IceCream')},0.079,0.89,1.15
"{np.str_('Pizza'), np.str_('Salad')}",{np.str_('IceCream')},0.274,0.73,1.33
"{np.str_('Pizza'), np.str_('Salad')}",{np.str_('Pasta')},0.199,0.52,0.93
{np.str_('Sandwich')},{np.str_('Soup')},0.122,0.18,0.93
"{np.str_('Ketchup'), np.str_('Sandwich')}",{np.str_('IceCream')},0.17,0.43,1.07
"{np.str_('Coke'), np.str_('Pasta')}",{np.str_('Fries')},0.116,0.62,0.96
{np.str_('Fries')},{np.str_('Sandwich')},0.163,0.33,1.37
{np.str_('Salad')},{np.str_('Burger')},0.048,0.74,1.3
{np.str_('Fries')},{np.str_('Pizza')},0.07,0.22,1.18
{np.str_('Burger')},{np.str_('Pasta')},0.226,0.64,1.25
"{np.str_('IceCream'), np.str_('Sandwich')}",{np.str_('Fries')},0.111,0.74,1.44
"{np.str_('Pizza'), np.str_('Burger')}",{np.str_('IceCream')},0.072,0.31,0.96
"{np.str_('Coke'), np.str_('Burger')}",{np.str_('Soup')},0.265,0.26,0.92
{np.str_('Soup')},{np.str_('IceCream')},0.125,0.27,1.19
"{np.str_('Pizza'), np.str_('Soup')}",{np.str_('Ketchup')},0.2,0.59,1.3
{np.str_('Salad')},{np.str_('Fries')},0.144,0.74,0.88
"{np.str_('Sandwich'), np.str_('Salad')}",{np.str_('Ketchup')},0.218,0.63,1.2
{np.str_('Sandwich')},{np.str_('Pizza')},0.164,0.32,1.45
{np.str_('Sandwich')},{np.str_('Salad')},0.041,0.44,1.13
{np.str_('Soup')},{np.str_('Burger')},0.228,0.47,1.1
{np.str_('Coke')},{np.str_('Soup')},0.018,0.29,1.34
{np.str_('Pizza')},{np.str_('IceCream')},0.097,0.19,1.14
"{np.str_('Pizza'), np.str_('Pasta')}",{np.str_('Coke')},0.281,0.41,1.08
"{np.str_('Sandwich'), np.str_('Salad')}",{np.str_('Ketchup')},0.011,0.26,1.21
{np.str_('Coke')},{np.str_('Pizza')},0.169,0.73,0.99
"{np.str_('Coke'), np.str_('IceCream')}",{np.str_('Fries')},0.031,0.85,1.12
"{np.str_('Fries'), np.str_('IceCream')}",{np.str_('Salad')},0.077,0.13,1.36
"{np.str_('Pizza'), np.str_('Salad')}",{np.str_('Coke')},0.127,0.16,1.34
{np.str_('Salad')},{np.str_('Coke')},0.23,0.73,1.45
{np.str_('Burger')},{np.str_('Ketchup')},0.214,0.64,1.23
{np.str_('Salad')},{np.str_('IceCream')},0.121,0.83,1.39
{np.str_('Ketchup')},{np.str_('Burger')},0.029,0.21,0.93
{np.str_('Sandwich')},{np.str_('Soup')},0.27,0.88,1.25
"{np.str_('Pizza'), np.str_('Burger')}",{np.str_('IceCream')},0.124,0.62,1.11
{np.str_('IceCream')},{np.str_('Soup')},0.056,0.27,1.06
{np.str_('Soup')},{np.str_('Salad')},0.141,0.45,0.88
"{np.str_('Soup'), np.str_('Sandwich')}",{np.str_('Coke')},0.271,0.68,1.3
"{np.str_('IceCream'), np.str_('Sandwich')}",{np.str_('Salad')},0.048,0.75,1.37
"{np.str_('Pizza'), np.str_('Pasta')}",{np.str_('Burger')},0.081,0.65,1.42
{np.str_('Pasta')},{np.str_('IceCream')},0.108,0.34,0.83
{np.str_('Pizza')},{np.str_('Fries')},0.056,0.82,0.96
{np.str_('Sandwich')},{np.str_('IceCream')},0.084,0.55,0.85
"{np.str_('Burger'), np.str_('Pasta')}",{np.str_('Sandwich')},0.199,0.53,1.12
"{np.str_('Pizza'), np.str_('Pasta')}",{np.str_('Burger')},0.121,0.33,1.0
"{np.str_('Pasta'), np.str_('IceCream')}",{np.str_('Pizza')},0.155,0.78,1.21
{np.str_('Sandwich')},{np.str_('Fries')},0.087,0.28,0.94
"{np.str_('Ketchup'), np.str_('Salad')}",{np.str_('Sandwich')},0.239,0.18,1.39
{np.str_('Soup')},{np.str_('Pizza')},0.079,0.44,0.81
{np.str_('Pasta')},{np.str_('Coke')},0.268,0.12,1.08
{np.str_('Pasta')},{np.str_('Pizza')},0.089,0.57,0.9
"{np.str_('Pizza'), np.str_('Ketchup')}",{np.str_('IceCream')},0.06,0.21,1.0
"{np.str_('Burger'), np.str_('Soup')}",{np.str_('Ketchup')},0.276,0.67,1.1
"{np.str_('IceCream'), np.str_('Salad')}",{np.str_('Pizza')},0.079,0.57,1.07
"{np.str_('Pizza'), np.str_('Burger')}",{np.str_('Soup')},0.256,0.38,0.97
{np.str_('Pizza')},{np.str_('Coke')},0.031,0.51,1.38
"{np.str_('Fries'), np.str_('Coke')}",{np.str_('Salad')},0.011,0.1,1.13
"{np.str_('Burger'), np.str_('Salad')}",{np.str_('Coke')},0.107,0.41,1.49
"{np.str_('Fries'), np.str_('Coke')}",{np.str_('IceCream')},0.041,0.42,1.2
"{np.str_('Coke'), np.str_('Sandwich')}",{np.str_('Pasta')},0.288,0.15,1.1
"{np.str_('Ketchup'), np.str_('Soup')}",{np.str_('Pizza')},0.27,0.13,1.4
{np.str_('Burger')},{np.str_('Pizza')},0.23,0.52,1.24
{np.str_('Fries')},{np.str_('Pizza')},0.017,0.39,0.89
"{np.str_('Coke'), np.str_('Salad')}",{np.str_('IceCream')},0.037,0.15,0.99
{np.str_('Burger')},{np.str_('Sandwich')},0.13,0.82,1.05
"{np.str_('Pizza'), np.str_('Coke')}",{np.str_('Pasta')},0.197,0.86,1.0
{np.str_('Sandwich')},{np.str_('Coke')},0.163,0.58,1.2
"{np.str_('Coke'), np.str_('IceCream')}",{np.str_('Sandwich')},0.242,0.14,0.91
"{np.str_('Fries'), np.str_('Pasta')}",{np.str_('Ketchup')},0.279,0.3,1.02
"{np.str_('Fries'), np.str_('Soup')}",{np.str_('IceCream')},0.268,0.4,1.44
"{np.str_('Pasta'), np.str_('IceCream')}",{np.str_('Sandwich')},0.209,0.34,0.9
{np.str_('Pasta')},{np.str_('Soup')},0.056,0.53,1.48
"{np.str_('Burger'), np.str_('IceCream')}",{np.str_('Coke')},0.098,0.15,0.98
"{np.str_('Burger'), np.str_('Salad')}",{np.str_('Coke')},0.148,0.89,1.11
"{np.str_('Pizza'), np.str_('IceCream')}",{np.str_('Sandwich')},0.216,0.79,1.49
{np.str_('Burger')},{np.str_('Soup')},0.209,0.31,0.89
"{np.str_('Pasta'), np.str_('Sandwich')}",{np.str_('Burger')},0.216,0.14,1.24
{np.str_('Ketchup')},{np.str_('Pizza')},0.077,0.42,1.22
"{np.str_('Ketchup'), np.str_('Burger')}",{np.str_('Soup')},0.218,0.88,1.36
{np.str_('Coke')},{np.str_('Pizza')},0.147,0.85,1.35
"{np.str_('Fries'), np.str_('Ketchup')}",{np.str_('Pizza')},0.195,0.8,1.47
"{np.str_('Fries'), np.str_('Sandwich')}",{np.str_('Salad')},0.102,0.58,1.07
{np.str_('Pasta')},{np.str_('Ketchup')},0.035,0.12,1.3
{np.str_('IceCream')},{np.str_('Pasta')},0.264,0.76,1.04
"{np.str_('Coke'), np.str_('Soup')}",{np.str_('Pizza')},0.061,0.61,1.0
"{np.str_('Pasta'), np.str_('Soup')}",{np.str_('Burger')},0.294,0.74,1.3
"{np.str_('Pizza'), np.str_('Soup')}",{np.str_('Burger')},0.038,0.3,1.26
{np.str_('IceCream')},{np.str_('Soup')},0.194,0.57,1.01
"{np.str_('Pizza'), np.str_('Salad')}",{np.str_('Burger')},0.157,0.62,1.03
"{np.str_('Burger'), np.str_('Salad')}",{np.str_('Coke')},0.288,0.72,1.43
{np.str_('Pasta')},{np.str_('Soup')},0.172,0.84,0.87
{np.str_('IceCream')},{np.str_('Pasta')},0.227,0.38,1.17
"{np.str_('Pizza'), np.str_('IceCream')}",{np.str_('Salad')},0.268,0.45,1.02
"{np.str_('Pizza'), np.str_('Ketchup')}",{np.str_('Burger')},0.119,0.11,1.07
{np.str_('IceCream')},{np.str_('Burger')},0.132,0.17,0.94
{np.str_('Pizza')},{np.str_('Salad')},0.16,0.8,0.94
"{np.str_('Burger'), np.str_('Soup')}",{np.str_('Sandwich')},0.06,0.43,1.14
"{np.str_('Pizza'), np.str_('Soup')}",{np.str_('Ketchup')},0.098,0.79,1.17
{np.str_('Soup')},{np.str_('Fries')},0.236,0.55,1.08
{np.str_('IceCream')},{np.str_('Coke')},0.208,0.32,1.22
{np.str_('Pizza')},{np.str_('Sandwich')},0.214,0.65,1.07
"{np.str_('Pizza'), np.str_('Salad')}",{np.str_('Ketchup')},0.14,0.23,1.04
{np.str_('IceCream')},{np.str_('Burger')},0.206,0.7,0.97
{np.str_('Sandwich')},{np.str_('IceCream')},0.15,0.24,1.31
{np.str_('Ketchup')},{np.str_('Burger')},0.105,0.44,1.18
"{np.str_('Burger'), np.str_('Pasta')}",{np.str_('Coke')},0.29,0.51,1.49
{np.str_('Salad')},{np.str_('Burger')},0.287,0.62,1.27
"{np.str_('Ketchup'), np.str_('Salad')}",{np.str_('Sandwich')},0.273,0.54,1.45
{np.str_('Ketchup')},{np.str_('Pizza')},0.191,0.31,1.21
"{np.str_('Pasta'), np.str_('IceCream')}",{np.str_('Coke')},0.289,0.52,1.19
"{np.str_('Pasta'), np.str_('IceCream')}",{np.str_('Salad')},0.194,0.41,1.23
{np.str_('IceCream')},{np.str_('Soup')},0.163,0.36,1.17
{np.str_('Coke')},{np.str_('Sandwich')},0.066,0.79,0.87
"{np.str_('Ketchup'), np.str_('IceCream')}",{np.str_('Soup')},0.222,0.86,0.91
{np.str_('Pasta')},{np.str_('Salad')},0.25,0.11,0.96
{np.str_('Sandwich')},{np.str_('Burger')},0.196,0.86,1.49
{np.str_('Fries')},{np.str_('Burger')},0.127,0.68,1.28
{np.str_('Salad')},{np.str_('IceCream')},0.11,0.52,0.96
"{np.str_('IceCream'), np.str_('Soup')}",{np.str_('Coke')},0.084,0.72,0.98
{np.str_('Soup')},{np.str_('Coke')},0.095,0.46,0.96
"{np.str_('Pasta'), np.str_('IceCream')}",{np.str_('Fries')},0.246,0.79,1.3
"{np.str_('Coke'), np.str_('Soup')}",{np.str_('Ketchup')},0.073,0.24,0.98
{np.str_('Coke')},{np.str_('Ketchup')},0.141,0.51,0.82
{np.str_('Ketchup')},{np.str_('Fries')},0.271,0.67,1.04
"{np.str_('IceCream'), np.str_('Sandwich')}",{np.str_('Fries')},0.109,0.12,1.08
{np.str_('Pasta')},{np.str_('Coke')},0.222,0.4,1.26
"{np.str_('Ketchup'), np.str_('Sandwich')}",{np.str_('Pasta')},0.094,0.33,0.94
"{np.str_('Coke'), np.str_('Pasta')}",{np.str_('Sandwich')},0.292,0.58,1.14
{np.str_('Pasta')},{np.str_('Salad')},0.128,0.65,1.39
"{np.str_('Pasta'), np.str_('Salad')}",{np.str_('Sandwich')},0.019,0.14,1.35
"{np.str_('Burger'), np.str_('Sandwich')}",{np.str_('Fries')},0.276,0.5,1.18
{np.str_('Burger')},{np.str_('Pasta')},0.252,0.45,0.8
{np.str_('Fries')},{np.str_('Pasta')},0.208,0.61,1.1
"{np.str_('Coke'), np.str_('Soup')}",{np.str_('Burger')},0.072,0.52,0.97
{np.str_('Sandwich')},{np.str_('Fries')},0.294,0.2,0.87
"{np.str_('Ketchup'), np.str_('IceCream')}",{np.str_('Fries')},0.153,0.57,1.05
{np.str_('IceCream')},{np.str_('Sandwich')},0.052,0.23,0.83
{np.str_('Ketchup')},{np.str_('Soup')},0.291,0.45,1.47
{np.str_('Sandwich')},{np.str_('Ketchup')},0.16,0.62,1.08
"{np.str_('Soup'), np.str_('IceCream')}",{np.str_('Pasta')},0.134,0.16,0.89
"{np.str_('Burger'), np.str_('Salad')}",{np.str_('Fries')},0.048,0.57,1.27
"{np.str_('Pasta'), np.str_('Sandwich')}",{np.str_('Coke')},0.119,0.16,1.34
"{np.str_('Fries'), np.str_('Coke')}",{np.str_('Pizza')},0.213,0.86,1.29
"{np.str_('Coke'), np.str_('Salad')}",{np.str_('IceCream')},0.122,0.8,1.49
"{np.str_('IceCream'), np.str_('Salad')}",{np.str_('Pizza')},0.03,0.31,1.2
{np.str_('Ketchup')},{np.str_('Burger')},0.084,0.5,1.37
"{np.str_('Soup'), np.str_('Salad')}",{np.str_('Fries')},0.291,0.37,1.36
"{np.str_('Fries'), np.str_('Pasta')}",{np.str_('Burger')},0.19,0.78,0.92
{np.str_('Soup')},{np.str_('Ketchup')},0.248,0.56,0.82
"{np.str_('Burger'), np.str_('Coke')}",{np.str_('Ketchup')},0.057,0.69,1.31
"{np.str_('Burger'), np.str_('Sandwich')}",{np.str_('Pizza')},0.058,0.33,1.32
{np.str_('IceCream')},{np.str_('Fries')},0.159,0.68,0.82
"{np.str_('Fries'), np.str_('Soup')}",{np.str_('Pasta')},0.238,0.8,1.3
"{np.str_('Ketchup'), np.str_('Pasta')}",{np.str_('IceCream')},0.179,0.46,0.96
"{np.str_('Fries'), np.str_('Soup')}",{np.str_('Sandwich')},0.212,0.85,0.92
{np.str_('Burger')},{np.str_('Soup')},0.191,0.75,1.03
"{np.str_('Coke'), np.str_('Salad')}",{np.str_('Sandwich')},0.036,0.78,1.26
"{np.str_('IceCream'), np.str_('Salad')}",{np.str_('Pasta')},0.269,0.79,1.11
{np.str_('Sandwich')},{np.str_('Burger')},0.294,0.51,1.24
{np.str_('Ketchup')},{np.str_('Fries')},0.065,0.37,0.88
"{np.str_('Burger'), np.str_('IceCream')}",{np.str_('Ketchup')},0.256,0.49,1.38
"{np.str_('Coke'), np.str_('Soup')}",{np.str_('Sandwich')},0.072,0.67,0.86
{np.str_('Pizza')},{np.str_('Soup')},0.152,0.45,1.2
{np.str_('Pizza')},{np.str_('Soup')},0.173,0.54,1.47
"{np.str_('Pasta'), np.str_('Sandwich')}",{np.str_('Burger')},0.253,0.68,1.05
"{np.str_('Soup'), np.str_('Sandwich')}",{np.str_('Ketchup')},0.222,0.64,1.27
"{np.str_('Fries'), np.str_('Sandwich')}",{np.str_('Coke')},0.097,0.79,1.45
"{np.str_('Soup'), np.str_('Salad')}",{np.str_('Ketchup')},0.193,0.38,0.85
"{np.str_('Burger'), np.str_('IceCream')}",{np.str_('Soup')},0.134,0.82,1.26
"{np.str_('Pasta'), np.str_('Salad')}",{np.str_('Pizza')},0.053,0.36,1.09
{np.str_('Coke')},{np.str_('Soup')},0.095,0.14,1.38
"{np.str_('Fries'), np.str_('Burger')}",{np.str_('Ketchup')},0.078,0.4,0.9
"{np.str_('Ketchup'), np.str_('Salad')}",{np.str_('Pizza')},0.188,0.66,1.01
"{np.str_('Soup'), np.str_('Sandwich')}",{np.str_('Fries')},0.175,0.39,1.34
{np.str_('Pasta')},{np.str_('Pizza')},0.192,0.66,1.06
"{np.str_('Burger'), np.str_('Pasta')}",{np.str_('Fries')},0.298,0.1,0.94
"{np.str_('Sandwich'), np.str_('Salad')}",{np.str_('Pasta')},0.092,0.12,1.42
"{np.str_('Pasta'), np.str_('Sandwich')}",{np.str_('Burger')},0.159,0.47,1.32
"{np.str_('Ketchup'), np.str_('IceCream')}",{np.str_('Coke')},0.139,0.29,0.98
"{np.str_('Coke'), np.str_('Soup')}",{np.str_('Sandwich')},0.241,0.52,0.86
"{np.str_('Fries'), np.str_('Coke')}",{np.str_('IceCream')},0.22,0.55,1.17
"{np.str_('Coke'), np.str_('Salad')}",{np.str_('Pizza')},0.267,0.29,1.12
"{np.str_('Coke'), np.str_('IceCream')}",{np.str_('Pizza')},0.228,0.71,1.07
"{np.str_('Coke'), np.str_('Pasta')}",{np.str_('Soup')},0.153,0.79,1.17
"{np.str_('Burger'), np.str_('Soup')}",{np.str_('Fries')},0.074,0.4,1.05
"{np.str_('Fries'), np.str_('Burger')}",{np.str_('Soup')},0.296,0.34,1.23
"{np.str_('IceCream'), np.str_('Salad')}",{np.str_('Pasta')},0.247,0.58,1.33
"{np.str_('Coke'), np.str_('Pasta')}",{np.str_('Sandwich')},0.235,0.5,1.16
"{np.str_('Ketchup'), np.str_('Soup')}",{np.str_('Pizza')},0.191,0.19,1.34
"{np.str_('Ketchup'), np.str_('Soup')}",{np.str_('Coke')},0.111,0.67,0.95
{np.str_('Coke')},{np.str_('Salad')},0.211,0.73,0.98
"{np.str_('Soup'), np.str_('Sandwich')}",{np.str_('Fries')},0.237,0.68,1.26
"{np.str_('IceCream'), np.str_('Sandwich')}",{np.str_('Ketchup')},0.174,0.28,1.44
"{np.str_('Pasta'), np.str_('IceCream')}",{np.str_('Fries')},0.082,0.39,1.38
"{np.str_('Pizza'), np.str_('Soup')}",{np.str_('Ketchup')},0.219,0.7,0.95
"{np.str_('IceCream'), np.str_('Salad')}",{np.str_('Soup')},0.219,0.37,1.21
"{np.str_('Pasta'), np.str_('Sandwich')}",{np.str_('Soup')},0.057,0.88,1.29
{np.str_('Sandwich')},{np.str_('Soup')},0.042,0.48,0.97
{np.str_('Salad')},{np.str_('Ketchup')},0.125,0.53,1.24
"{np.str_('Ketchup'), np.str_('Sandwich')}",{np.str_('Salad')},0.091,0.84,1.5
{np.str_('Ketchup')},{np.str_('IceCream')},0.27,0.22,0.96
"{np.str_('Fries'), np.str_('Soup')}",{np.str_('Burger')},0.131,0.74,1.18
{np.str_('Salad')},{np.str_('Soup')},0.03,0.47,1.23
{np.str_('Burger')},{np.str_('Soup')},0.049,0.26,1.02
"{np.str_('Soup'), np.str_('IceCream')}",{np.str_('Fries')},0.262,0.34,1.12
"{np.str_('Ketchup'), np.str_('Pasta')}",{np.str_('Sandwich')},0.013,0.4,1.37
{np.str_('IceCream')},{np.str_('Soup')},0.187,0.65,1.15
"{np.str_('Pizza'), np.str_('Coke')}",{np.str_('Fries')},0.128,0.45,0.84
{np.str_('Ketchup')},{np.str_('Fries')},0.287,0.83,1.35
{np.str_('Fries')},{np.str_('Burger')},0.286,0.34,0.97
"{np.str_('Pizza'), np.str_('Pasta')}",{np.str_('Coke')},0.168,0.43,0.88
"{np.str_('Burger'), np.str_('Sandwich')}",{np.str_('Ketchup')},0.196,0.59,1.19
"{np.str_('Fries'), np.str_('Ketchup')}",{np.str_('Pizza')},0.272,0.82,0.84
{np.str_('Burger')},{np.str_('Pizza')},0.029,0.68,1.15
{np.str_('Coke')},{np.str_('Pasta')},0.172,0.39,1.25
{np.str_('Salad')},{np.str_('Coke')},0.019,0.39,1.37
"{np.str_('Pasta'), np.str_('Soup')}",{np.str_('Burger')},0.124,0.16,1.13
"{np.str_('Coke'), np.str_('Sandwich')}",{np.str_('IceCream')},0.117,0.44,1.19
"{np.str_('Pizza'), np.str_('Sandwich')}",{np.str_('IceCream')},0.086,0.66,1.47
{np.str_('Fries')},{np.str_('Salad')},0.142,0.47,0.81
"{np.str_('Coke'), np.str_('Burger')}",{np.str_('Sandwich')},0.288,0.78,0.85
"{np.str_('Pizza'), np.str_('IceCream')}",{np.str_('Fries')},0.297,0.16,1.08
"{np.str_('Ketchup'), np.str_('Coke')}",{np.str_('Soup')},0.166,0.8,0.91
{np.str_('Pizza')},{np.str_('Coke')},0.072,0.49,1.47
{np.str_('Salad')},{np.str_('IceCream')},0.234,0.33,1.0
{np.str_('Ketchup')},{np.str_('IceCream')},0.238,0.19,1.07
{np.str_('IceCream')},{np.str_('Fries')},0.051,0.69,1.41
"{np.str_('Fries'), np.str_('Sandwich')}",{np.str_('Soup')},0.187,0.82,1.01
"{np.str_('Pizza'), np.str_('Burger')}",{np.str_('Fries')},0.167,0.59,1.14
{np.str_('Salad')},{np.str_('IceCream')},0.175,0.74,1.24
{np.str_('Sandwich')},{np.str_('Burger')},0.047,0.4,1.32
"{np.str_('Fries'), np.str_('Coke')}",{np.str_('Pasta')},0.192,0.11,1.33
{np.str_('Ketchup')},{np.str_('Salad')},0.04,0.45,1.23
"{np.str_('Coke'), np.str_('Soup')}",{np.str_('Salad')},0.164,0.63,1.05
{np.str_('Fries')},{np.str_('Ketchup')},0.075,0.49,1.4
"{np.str_('Fries'), np.str_('IceCream')}",{np.str_('Coke')},0.102,0.72,1.48
"{np.str_('Pizza'), np.str_('Coke')}",{np.str_('Pasta')},0.215,0.33,0.99
"{np.str_('Fries'), np.str_('Coke')}",{np.str_('Burger')},0.192,0.78,0.96
{np.str_('IceCream')},{np.str_('Coke')},0.061,0.39,1.26
"{np.str_('Coke'), np.str_('Burger')}",{np.str_('Pasta')},0.073,0.26,1.18
{np.str_('Burger')},{np.str_('Ketchup')},0.192,0.8,1.24
{np.str_('Burger')},{np.str_('Soup')},0.128,0.54,1.46
"{np.str_('Burger'), np.str_('Salad')}",{np.str_('Sandwich')},0.097,0.51,1.08
{np.str_('Ketchup')},{np.str_('Soup')},0.016,0.22,1.35
"{np.str_('Ketchup'), np.str_('IceCream')}",{np.str_('Coke')},0.235,0.36,0.86
"{np.str_('Pizza'), np.str_('IceCream')}",{np.str_('Pasta')},0.122,0.15,1.07
"{np.str_('Coke'), np.str_('IceCream')}",{np.str_('Fries')},0.178,0.47,0.92
{np.str_('Pizza')},{np.str_('Ketchup')},0.276,0.19,0.85
{np.str_('Fries')},{np.str_('Pizza')},0.024,0.42,1.4
"{np.str_('IceCream'), np.str_('Sandwich')}",{np.str_('Pasta')},0.216,0.69,0.87
{np.str_('Sandwich')},{np.str_('Pasta')},0.176,0.44,0.98
"{np.str_('Pizza'), np.str_('Pasta')}",{np.str_('IceCream')},0.278,0.19,1.02
"{np.str_('Pizza'), np.str_('Salad')}",{np.str_('Burger')},0.086,0.86,0.88
"{np.str_('Fries'), np.str_('Coke')}",{np.str_('Soup')},0.208,0.7,0.93
"{np.str_('IceCream'), np.str_('Salad')}",{np.str_('Sandwich')},0.059,0.1,1.02
{np.str_('Burger')},{np.str_('Salad')},0.19,0.71,1.31
{np.str_('Soup')},{np.str_('Pasta')},0.291,0.39,0.9
{np.str_('IceCream')},{np.str_('Burger')},0.096,0.82,1.01
"{np.str_('Burger'), np.str_('Pasta')}",{np.str_('IceCream')},0.252,0.56,1.27
"{np.str_('Ketchup'), np.str_('Salad')}",{np.str_('Pasta')},0.259,0.49,1.19
"{np.str_('Ketchup'), np.str_('IceCream')}",{np.str_('Fries')},0.205,0.78,0.9
"{np.str_('Burger'), np.str_('Soup')}",{np.str_('Pasta')},0.226,0.15,0.95
"{np.str_('Soup'), np.str_('Salad')}",{np.str_('Sandwich')},0.18,0.7,0.94
"{np.str_('Fries'), np.str_('Pasta')}",{np.str_('Burger')},0.028,0.78,1.23
{np.str_('Sandwich')},{np.str_('Salad')},0.053,0.44,1.44
{np.str_('Fries')},{np.str_('Burger')},0.02,0.86,0.99
{np.str_('Burger')},{np.str_('Salad')},0.042,0.35,1.09
"{np.str_('Coke'), np.str_('Soup')}",{np.str_('Pasta')},0.275,0.68,1.37
"{np.str_('IceCream'), np.str_('Sandwich')}",{np.str_('Coke')},0.16,0.26,1.23
{np.str_('Coke')},{np.str_('Pasta')},0.022,0.15,1.46
"{np.str_('Pasta'), np.str_('IceCream')}",{np.str_('Burger')},0.19,0.53,1.3
"{np.str_('Soup'), np.str_('IceCream')}",{np.str_('Burger')},0.014,0.35,1.35
"{np.str_('Pasta'), np.str_('IceCream')}",{np.str_('Ketchup')},0.175,0.26,1.0
"{np.str_('Pizza'), np.str_('Soup')}",{np.str_('Burger')},0.119,0.63,1.03
"{np.str_('Fries'), np.str_('Soup')}",{np.str_('Ketchup')},0.058,0.83,1.06
{np.str_('Fries')},{np.str_('Coke')},0.204,0.46,1.42
"{np.str_('Fries'), np.str_('Coke')}",{np.str_('Sandwich')},0.219,0.54,1.35
{np.str_('Sandwich')},{np.str_('Soup')},0.076,0.12,1.04
{np.str_('Fries')},{np.str_('Pizza')},0.116,0.22,1.04
{np.str_('Ketchup')},{np.str_('Coke')},0.058,0.22,1.02
"{np.str_('Coke'), np.str_('Pasta')}",{np.str_('Pizza')},0.107,0.15,0.94
{np.str_('Soup')},{np.str_('Fries')},0.26,0.48,1.1
{np.str_('Pizza')},{np.str_('IceCream')},0.159,0.17,1.25
{np.str_('Fries')},{np.str_('Coke')},0.11,0.13,1.3
"{np.str_('IceCream'), np.str_('Sandwich')}",{np.str_('Pizza')},0.127,0.76,1.2
{np.str_('Salad')},{np.str_('Pasta')},0.204,0.11,1.24
{np.str_('Ketchup')},{np.str_('Soup')},0.165,0.81,1.16
"{np.str_('Ketchup'), np.str_('Coke')}",{np.str_('Salad')},0.281,0.74,0.84
{np.str_('Fries')},{np.str_('Burger')},0.224,0.81,0.96
"{np.str_('Fries'), np.str_('Salad')}",{np.str_('Soup')},0.128,0.9,1.01
{np.str_('Soup')},{np.str_('IceCream')},0.156,0.78,1.33
{np.str_('Soup')},{np.str_('Salad')},0.209,0.62,1.46
{np.str_('Pizza')},{np.str_('Soup')},0.059,0.85,1.02
"{np.str_('Soup'), np.str_('Salad')}",{np.str_('Coke')},0.07,0.89,1.38
"{np.str_('Pizza'), np.str_('IceCream')}",{np.str_('Fries')},0.174,0.11,0.94
"{np.str_('Pasta'), np.str_('IceCream')}",{np.str_('Coke')},0.212,0.17,0.83
"{np.str_('Soup'), np.str_('Salad')}",{np.str_('Burger')},0.181,0.14,0.84
{np.str_('Pasta')},{np.str_('Burger')},0.073,0.76,1.3
"{np.str_('Pasta'), np.str_('Soup')}",{np.str_('Ketchup')},0.136,0.18,1.31
{np.str_('Pasta')},{np.str_('Sandwich')},0.115,0.17,1.13
"{np.str_('Pizza'), np.str_('Ketchup')}",{np.str_('Coke')},0.271,0.5,1.02
"{np.str_('Burger'), np.str_('Pasta')}",{np.str_('Sandwich')},0.033,0.86,1.29
{np.str_('Soup')},{np.str_('Ketchup')},0.175,0.19,1.06
{np.str_('Sandwich')},{np.str_('Soup')},0.174,0.31,1.23
{np.str_('Salad')},{np.str_('Pizza')},0.018,0.75,1.01
{np.str_('Pizza')},{np.str_('Ketchup')},0.198,0.51,1.42
"{np.str_('IceCream'), np.str_('Salad')}",{np.str_('Coke')},0.192,0.72,1.18
"{np.str_('Sandwich'), np.str_('Salad')}",{np.str_('Pasta')},0.136,0.22,1.08
"{np.str_('Fries'), np.str_('Ketchup')}",{np.str_('Salad')},0.272,0.28,0.93
"{np.str_('Coke'), np.str_('Pasta')}",{np.str_('Ketchup')},0.247,0.89,1.0
"{np.str_('Pizza'), np.str_('Ketchup')}",{np.str_('IceCream')},0.203,0.14,0.9
"{np.str_('Ketchup'), np.str_('Soup')}",{np.str_('Coke')},0.087,0.87,0.97
"{np.str_('Fries'), np.str_('IceCream')}",{np.str_('Salad')},0.115,0.42,1.42
{np.str_('Soup')},{np.str_('Ketchup')},0.156,0.57,1.24
{np.str_('Coke')},{np.str_('Sandwich')},0.149,0.31,1.07
"{np.str_('Fries'), np.str_('Pasta')}",{np.str_('Ketchup')},0.237,0.32,0.9
"{np.str_('IceCream'), np.str_('Soup')}",{np.str_('Burger')},0.013,0.42,1.21
{np.str_('Soup')},{np.str_('Ketchup')},0.153,0.83,1.06
"{np.str_('IceCream'), np.str_('Soup')}",{np.str_('Burger')},0.241,0.22,1.05
"{np.str_('Ketchup'), np.str_('Coke')}",{np.str_('Pizza')},0.227,0.51,1.26
"{np.str_('Burger'), np.str_('Sandwich')}",{np.str_('Soup')},0.157,0.21,1.28
"{np.str_('Fries'), np.str_('Soup')}",{np.str_('Pasta')},0.055,0.53,1.39
"{np.str_('Pasta'), np.str_('Salad')}",{np.str_('Fries')},0.299,0.88,1.48
{np.str_('Sandwich')},{np.str_('Pasta')},0.285,0.65,1.36
{np.str_('Fries')},{np.str_('Ketchup')},0.026,0.32,1.32
"{np.str_('Burger'), np.str_('Soup')}",{np.str_('Fries')},0.109,0.1,1.19
{np.str_('Pizza')},{np.str_('Coke')},0.122,0.37,1.37
{np.str_('Coke')},{np.str_('Salad')},0.032,0.67,1.17
{np.str_('Coke')},{np.str_('Fries')},0.093,0.12,0.87
{np.str_('Pasta')},{np.str_('Coke')},0.268,0.46,0.99
{np.str_('Pizza')},{np.str_('Salad')},0.173,0.83,1.11
"{np.str_('Ketchup'), np.str_('Soup')}",{np.str_('Coke')},0.04,0.79,1.17
{np.str_('Soup')},{np.str_('Burger')},0.285,0.25,1.29
{np.str_('IceCream')},{np.str_('Pasta')},0.141,0.79,0.86
"{np.str_('Fries'), np.str_('Salad')}",{np.str_('Pasta')},0.199,0.22,1.45
{np.str_('Salad')},{np.str_('Coke')},0.178,0.65,1.42
"{np.str_('Burger'), np.str_('Coke')}",{np.str_('IceCream')},0.247,0.89,0.98
"{np.str_('Sandwich'), np.str_('Salad')}",{np.str_('Coke')},0.266,0.44,1.1
"{np.str_('Ketchup'), np.str_('Pasta')}",{np.str_('Sandwich')},0.202,0.47,1.06
{np.str_('Salad')},{np.str_('Soup')},0.106,0.64,0.98
{np.str_('Fries')},{np.str_('Soup')},0.013,0.71,1.19
{np.str_('Soup')},{np.str_('Burger')},0.24,0.13,1.3
"{np.str_('Pizza'), np.str_('Burger')}",{np.str_('Coke')},0.053,0.7,0.93
{np.str_('Soup')},{np.str_('Pizza')},0.268,0.83,0.87
"{np.str_('Burger'), np.str_('Coke')}",{np.str_('Soup')},0.218,0.38,1.31
{np.str_('Coke')},{np.str_('Burger')},0.118,0.64,1.1
"{np.str_('Burger'), np.str_('IceCream')}",{np.str_('Salad')},0.042,0.19,1.46
{np.str_('Pasta')},{np.str_('Salad')},0.211,0.49,1.05
{np.str_('Ketchup')},{np.str_('Soup')},0.024,0.3,1.05
"{np.str_('Pasta'), np.str_('Salad')}",{np.str_('Soup')},0.161,0.42,1.01
{np.str_('Ketchup')},{np.str_('Sandwich')},0.038,0.43,1.46
"{np.str_('Ketchup'), np.str_('Burger')}",{np.str_('Pizza')},0.292,0.2,1.43
{np.str_('Pasta')},{np.str_('IceCream')},0.051,0.62,0.93
"{np.str_('Fries'), np.str_('Pasta')}",{np.str_('IceCream')},0.201,0.32,0.97
"{np.str_('Ketchup'), np.str_('Burger')}",{np.str_('Soup')},0.046,0.4,1.26
{np.str_('Pasta')},{np.str_('Fries')},0.245,0.66,1.41
{np.str_('Sandwich')},{np.str_('Burger')},0.259,0.23,1.41
"{np.str_('Fries'), np.str_('IceCream')}",{np.str_('Ketchup')},0.032,0.11,1.0
"{np.str_('Soup'), np.str_('Sandwich')}",{np.str_('Coke')},0.014,0.51,1.16
{np.str_('Pizza')},{np.str_('Salad')},0.278,0.12,1.3
{np.str_('Sandwich')},{np.str_('Ketchup')},0.102,0.22,0.8
{np.str_('Sandwich')},{np.str_('Pasta')},0.276,0.6,1.39
{np.str_('IceCream')},{np.str_('Salad')},0.201,0.39,1.29
"{np.str_('IceCream'), np.str_('Salad')}",{np.str_('Pizza')},0.058,0.89,1.12
"{np.str_('Burger'), np.str_('Pasta')}",{np.str_('Salad')},0.03,0.82,0.94
"{np.str_('Burger'), np.str_('Salad')}",{np.str_('Ketchup')},0.183,0.37,1.12
"{np.str_('Burger'), np.str_('Soup')}",{np.str_('Coke')},0.166,0.4,1.05
"{np.str_('Burger'), np.str_('Salad')}",{np.str_('Pizza')},0.207,0.77,1.3
{np.str_('Soup')},{np.str_('Pasta')},0.12,0.6,1.01
{np.str_('Sandwich')},{np.str_('Pasta')},0.172,0.2,0.93
"{np.str_('IceCream'), np.str_('Sandwich')}",{np.str_('Coke')},0.063,0.59,0.84
{np.str_('Ketchup')},{np.str_('Pasta')},0.048,0.3,1.37
"{np.str_('Ketchup'), np.str_('Sandwich')}",{np.str_('IceCream')},0.142,0.25,1.06
{np.str_('Soup')},{np.str_('Fries')},0.186,0.7,1.31
{np.str_('IceCream')},{np.str_('Salad')},0.174,0.4,0.9
{np.str_('Pasta')},{np.str_('Salad')},0.134,0.71,1.47
{np.str_('Burger')},{np.str_('Coke')},0.048,0.8,1.05
"{np.str_('Coke'), np.str_('Sandwich')}",{np.str_('Soup')},0.231,0.28,1.09
{np.str_('Ketchup')},{np.str_('Sandwich')},0.019,0.88,1.41
"{np.str_('Coke'), np.str_('Pasta')}",{np.str_('Sandwich')},0.299,0.79,0.84
{np.str_('Pizza')},{np.str_('Sandwich')},0.135,0.81,1.02
{np.str_('Pasta')},{np.str_('Sandwich')},0.275,0.81,0.82
"{np.str_('IceCream'), np.str_('Salad')}",{np.str_('Pizza')},0.078,0.42,1.11
{np.str_('Soup')},{np.str_('Sandwich')},0.063,0.56,1.04
{np.str_('Soup')},{np.str_('Sandwich')},0.22,0.17,1.24
{np.str_('Coke')},{np.str_('Pasta')},0.223,0.54,1.02
"{np.str_('Fries'), np.str_('Coke')}",{np.str_('Pasta')},0.121,0.88,0.8
"{np.str_('Burger'), np.str_('Sandwich')}",{np.str_('Pizza')},0.195,0.33,1.41
{np.str_('Salad')},{np.str_('Burger')},0.195,0.56,1.14
{np.str_('Burger')},{np.str_('Salad')},0.019,0.17,0.85
{np.str_('Pizza')},{np.str_('Pasta')},0.029,0.33,1.21
{np.str_('Salad')},{np.str_('Ketchup')},0.074,0.22,0.9
{np.str_('Salad')},{np.str_('Sandwich')},0.181,0.11,1.43
"{np.str_('Pizza'), np.str_('Sandwich')}",{np.str_('Fries')},0.103,0.79,1.43
"{np.str_('Ketchup'), np.str_('Pasta')}",{np.str_('Coke')},0.118,0.68,1.15
{np.str_('Fries')},{np.str_('Pizza')},0.109,0.55,0.84
{np.str_('Pasta')},{np.str_('Burger')},0.278,0.53,1.41
{np.str_('IceCream')},{np.str_('Pasta')},0.299,0.86,1.22
{np.str_('Salad')},{np.str_('Soup')},0.156,0.62,1.07
"{np.str_('Ketchup'), np.str_('Burger')}",{np.str_('Pasta')},0.191,0.45,1.07
{np.str_('Pasta')},{np.str_('IceCream')},0.234,0.67,1.23
"{np.str_('Coke'), np.str_('Sandwich')}",{np.str_('Burger')},0.19,0.87,1.06
"{np.str_('Soup'), np.str_('Sandwich')}",{np.str_('Fries')},0.261,0.37,0.89
"{np.str_('Pasta'), np.str_('Sandwich')}",{np.str_('Coke')},0.2,0.74,1.1
"{np.str_('IceCream'), np.str_('Soup')}",{np.str_('Fries')},0.131,0.63,0.92
"{np.str_('IceCream'), np.str_('Sandwich')}",{np.str_('Fries')},0.219,0.54,0.99
"{np.str_('IceCream'), np.str_('Soup')}",{np.str_('Coke')},0.203,0.82,1.28
"{np.str_('Fries'), np.str_('Burger')}",{np.str_('Sandwich')},0.17,0.73,0.95
"{np.str_('Coke'), np.str_('Soup')}",{np.str_('Ketchup')},0.139,0.55,0.8
{np.str_('Ketchup')},{np.str_('Pizza')},0.013,0.8,1.11
"{np.str_('Fries'), np.str_('Burger')}",{np.str_('IceCream')},0.189,0.81,1.38
"{np.str_('Ketchup'), np.str_('Burger')}",{np.str_('Pasta')},0.181,0.49,1.48
{np.str_('Burger')},{np.str_('Soup')},0.076,0.68,1.14
"{np.str_('Ketchup'), np.str_('Burger')}",{np.str_('Pasta')},0.224,0.3,1.43
{np.str_('Salad')},{np.str_('Pasta')},0.027,0.54,1.29
"{np.str_('Fries'), np.str_('IceCream')}",{np.str_('Coke')},0.025,0.16,0.81
{np.str_('Pizza')},{np.str_('Soup')},0.057,0.47,1.36
"{np.str_('Burger'), np.str_('Salad')}",{np.str_('Fries')},0.299,0.47,1.1
{np.str_('Sandwich')},{np.str_('Pasta')},0.118,0.56,1.43
"{np.str_('IceCream'), np.str_('Salad')}",{np.str_('Pizza')},0.297,0.59,1.06
{np.str_('Soup')},{np.str_('Sandwich')},0.236,0.49,1.42
"{np.str_('Soup'), np.str_('IceCream')}",{np.str_('Coke')},0.203,0.58,0.94
{np.str_('Soup')},{np.str_('Burger')},0.252,0.65,1.14
"{np.str_('Burger'), np.str_('Soup')}",{np.str_('Salad')},0.284,0.24,1.48
{np.str_('Burger')},{np.str_('Pasta')},0.19,0.88,1.1
"{np.str_('Burger'), np.str_('IceCream')}",{np.str_('Pasta')},0.297,0.7,1.1
{np.str_('Pizza')},{np.str_('Sandwich')},0.129,0.79,1.03
"{np.str_('Fries'), np.str_('Salad')}",{np.str_('IceCream')},0.124,0.5,1.17
"{np.str_('Fries'), np.str_('Coke')}",{np.str_('Soup')},0.163,0.77,0.88
"{np.str_('Fries'), np.str_('Coke')}",{np.str_('Pizza')},0.025,0.56,1.49
"{np.str_('Pasta'), np.str_('Sandwich')}",{np.str_('Ketchup')},0.206,0.34,1.05
{np.str_('Burger')},{np.str_('Pasta')},0.279,0.12,1.49
"{np.str_('Coke'), np.str_('Burger')}",{np.str_('Fries')},0.141,0.56,0.94
{np.str_('Fries')},{np.str_('Burger')},0.158,0.5,0.84
{np.str_('Fries')},{np.str_('Salad')},0.284,0.16,1.14
{np.str_('Salad')},{np.str_('Ketchup')},0.153,0.26,1.5
"{np.str_('Burger'), np.str_('Salad')}",{np.str_('Sandwich')},0.155,0.42,1.46
{np.str_('Pasta')},{np.str_('Coke')},0.207,0.76,0.99
"{np.str_('Fries'), np.str_('Burger')}",{np.str_('IceCream')},0.297,0.55,1.34
"{np.str_('Ketchup'), np.str_('Soup')}",{np.str_('Fries')},0.179,0.14,0.86
{np.str_('Pasta')},{np.str_('Coke')},0.184,0.43,1.43
{np.str_('Sandwich')},{np.str_('Pasta')},0.034,0.38,1.1
{np.str_('Soup')},{np.str_('IceCream')},0.04,0.23,1.15
"{np.str_('Coke'), np.str_('Pasta')}",{np.str_('Fries')},0.257,0.22,0.81
"{np.str_('Pasta'), np.str_('Soup')}",{np.str_('Ketchup')},0.089,0.59,1.16
{np.str_('IceCream')},{np.str_('Pizza')},0.062,0.36,1.49
{np.str_('Sandwich')},{np.str_('Fries')},0.272,0.37,1.05
"{np.str_('Soup'), np.str_('IceCream')}",{np.str_('Salad')},0.275,0.24,1.42
{np.str_('Sandwich')},{np.str_('Salad')},0.059,0.17,1.2
{np.str_('Fries')},{np.str_('Pizza')},0.161,0.86,1.22
{np.str_('Pasta')},{np.str_('Salad')},0.066,0.65,1.43
{np.str_('Pasta')},{np.str_('Fries')},0.259,0.58,0.92
{np.str_('Soup')},{np.str_('IceCream')},0.146,0.78,1.03
"{np.str_('Fries'), np.str_('Sandwich')}",{np.str_('Ketchup')},0.066,0.78,0.84
{np.str_('Burger')},{np.str_('Sandwich')},0.226,0.77,0.95
{np.str_('Fries')},{np.str_('Pizza')},0.02,0.21,1.02
"{np.str_('Ketchup'), np.str_('Coke')}",{np.str_('Soup')},0.208,0.87,1.4
{np.str_('Ketchup')},{np.str_('Pasta')},0.158,0.34,1.2
{np.str_('Burger')},{np.str_('Ketchup')},0.069,0.7,1.3
"{np.str_('Ketchup'), np.str_('IceCream')}",{np.str_('Pasta')},0.232,0.56,1.1
"{np.str_('Fries'), np.str_('Pasta')}",{np.str_('Pizza')},0.102,0.19,1.46
"{np.str_('Fries'), np.str_('Sandwich')}",{np.str_('Coke')},0.054,0.48,1.28
{np.str_('IceCream')},{np.str_('Burger')},0.29,0.73,1.03
{np.str_('Burger')},{np.str_('Pizza')},0.221,0.43,1.24
{np.str_('Salad')},{np.str_('Pizza')},0.194,0.5,1.22
"{np.str_('Ketchup'), np.str_('Salad')}",{np.str_('Sandwich')},0.044,0.69,1.49
"{np.str_('Ketchup'), np.str_('Salad')}",{np.str_('Fries')},0.289,0.54,1.22
{np.str_('Fries')},{np.str_('Salad')},0.1,0.15,0.85
"{np.str_('Fries'), np.str_('Pizza')}",{np.str_('Pasta')},0.201,0.78,0.86
"{np.str_('Ketchup'), np.str_('Coke')}",{np.str_('Soup')},0.026,0.29,1.24
{np.str_('Burger')},{np.str_('Coke')},0.197,0.41,1.17
{np.str_('Coke')},{np.str_('Burger')},0.294,0.15,1.21
{np.str_('Coke')},{np.str_('Ketchup')},0.292,0.5,0.96
{np.str_('Fries')},{np.str_('Burger')},0.018,0.49,0.96
{np.str_('Coke')},{np.str_('Pizza')},0.123,0.49,0.9
"{np.str_('Fries'), np.str_('Sandwich')}",{np.str_('Coke')},0.074,0.14,0.97
{np.str_('Ketchup')},{np.str_('IceCream')},0.26,0.6,1.37
"{np.str_('Fries'), np.str_('Ketchup')}",{np.str_('Burger')},0.25,0.72,1.0
"{np.str_('Pizza'), np.str_('Sandwich')}",{np.str_('Pasta')},0.204,0.43,0.91
{np.str_('Fries')},{np.str_('Sandwich')},0.249,0.37,1.11
{np.str_('Burger')},{np.str_('Pizza')},0.261,0.52,1.45
"{np.str_('Coke'), np.str_('Sandwich')}",{np.str_('Pasta')},0.077,0.71,1.26
{np.str_('IceCream')},{np.str_('Pizza')},0.018,0.28,1.43
{np.str_('Soup')},{np.str_('Ketchup')},0.132,0.77,1.34
{np.str_('Soup')},{np.str_('Pasta')},0.098,0.32,0.82
{np.str_('Sandwich')},{np.str_('Pasta')},0.276,0.71,1.03
{np.str_('Fries')},{np.str_('Burger')},0.296,0.59,1.15
"{np.str_('Fries'), np.str_('Pasta')}",{np.str_('Sandwich')},0.105,0.45,1.42
{np.str_('IceCream')},{np.str_('Soup')},0.069,0.83,1.45
{np.str_('Coke')},{np.str_('Fries')},0.011,0.85,1.38
{np.str_('Sandwich')},{np.str_('Coke')},0.133,0.3,1.49
{np.str_('Pasta')},{np.str_('Salad')},0.107,0.2,1.04
{np.str_('Pizza')},{np.str_('Sandwich')},0.174,0.34,1.01
"{np.str_('Ketchup'), np.str_('Pasta')}",{np.str_('Salad')},0.178,0.68,1.08
"{np.str_('Fries'), np.str_('Ketchup')}",{np.str_('Sandwich')},0.23,0.27,1.47
"{np.str_('Soup'), np.str_('Sandwich')}",{np.str_('Burger')},0.22,0.59,1.15
"{np.str_('Burger'), np.str_('Soup')}",{np.str_('Pizza')},0.183,0.54,1.45
"{np.str_('Soup'), np.str_('Sandwich')}",{np.str_('Ketchup')},0.128,0.47,1.39
{np.str_('Burger')},{np.str_('Pasta')},0.066,0.31,1.0
{np.str_('Salad')},{np.str_('Burger')},0.259,0.88,1.26
"{np.str_('Pasta'), np.str_('Sandwich')}",{np.str_('Fries')},0.138,0.52,0.89
{np.str_('Sandwich')},{np.str_('Ketchup')},0.049,0.41,0.88
"{np.str_('Soup'), np.str_('Sandwich')}",{np.str_('Pasta')},0.068,0.38,1.39
"{np.str_('Pizza'), np.str_('Ketchup')}",{np.str_('Soup')},0.258,0.76,0.85
"{np.str_('Pizza'), np.str_('Fries')}",{np.str_('Salad')},0.212,0.86,0.87
"{np.str_('Coke'), np.str_('Soup')}",{np.str_('Burger')},0.018,0.52,1.13
"{np.str_('Ketchup'), np.str_('Pasta')}",{np.str_('Coke')},0.06,0.9,1.17
{np.str_('IceCream')},{np.str_('Ketchup')},0.113,0.67,0.93
{np.str_('Soup')},{np.str_('Salad')},0.116,0.1,1.21
"{np.str_('Ketchup'), np.str_('Coke')}",{np.str_('Salad')},0.173,0.43,1.34
{np.str_('Soup')},{np.str_('Pizza')},0.273,0.45,1.0
{np.str_('Fries')},{np.str_('Soup')},0.237,0.64,1.15
"{np.str_('Soup'), np.str_('Sandwich')}",{np.str_('Burger')},0.119,0.79,1.16
{np.str_('Pasta')},{np.str_('Sandwich')},0.127,0.5,1.48
"{np.str_('Coke'), np.str_('Sandwich')}",{np.str_('Pizza')},0.054,0.3,1.07
"{np.str_('Burger'), np.str_('Coke')}",{np.str_('Fries')},0.095,0.56,1.03
"{np.str_('Ketchup'), np.str_('Soup')}",{np.str_('Salad')},0.018,0.84,1.46
{np.str_('Coke')},{np.str_('Soup')},0.087,0.34,1.19
"{np.str_('Pasta'), np.str_('Sandwich')}",{np.str_('Salad')},0.222,0.52,1.09
{np.str_('Soup')},{np.str_('Fries')},0.082,0.23,1.31
"{np.str_('Fries'), np.str_('Sandwich')}",{np.str_('Burger')},0.162,0.64,0.85
"{np.str_('Sandwich'), np.str_('Salad')}",{np.str_('Pizza')},0.127,0.13,0.99
"{np.str_('Burger'), np.str_('Sandwich')}",{np.str_('Ketchup')},0.102,0.76,1.18
"{np.str_('Fries'), np.str_('Ketchup')}",{np.str_('Salad')},0.174,0.84,1.0
{np.str_('Soup')},{np.str_('Pizza')},0.02,0.44,1.2
{np.str_('IceCream')},{np.str_('Coke')},0.146,0.77,1.04
{np.str_('Burger')},{np.str_('Pasta')},0.286,0.5,1.13
"{np.str_('Fries'), np.str_('Pizza')}",{np.str_('IceCream')},0.103,0.11,1.31
{np.str_('Coke')},{np.str_('Pasta')},0.127,0.48,1.43
{np.str_('Sandwich')},{np.str_('Burger')},0.022,0.32,1.01
"{np.str_('IceCream'), np.str_('Salad')}",{np.str_('Pasta')},0.248,0.61,0.9
{np.str_('Pasta')},{np.str_('Soup')},0.096,0.82,1.08
"{np.str_('Fries'), np.str_('Salad')}",{np.str_('IceCream')},0.263,0.14,1.35
{np.str_('Soup')},{np.str_('Ketchup')},0.162,0.81,0.8
"{np.str_('Pizza'), np.str_('Soup')}",{np.str_('Coke')},0.141,0.55,0.8
"{np.str_('Pizza'), np.str_('Sandwich')}",{np.str_('Soup')},0.092,0.11,0.88
"{np.str_('IceCream'), np.str_('Sandwich')}",{np.str_('Burger')},0.02,0.59,1.04
"{np.str_('Pizza'), np.str_('Pasta')}",{np.str_('IceCream')},0.275,0.62,1.24
{np.str_('Ketchup')},{np.str_('Pizza')},0.291,0.83,1.07
"{np.str_('Pizza'), np.str_('Soup')}",{np.str_('IceCream')},0.286,0.62,1.27
"{np.str_('Fries'), np.str_('Coke')}",{np.str_('Pizza')},0.03,0.58,0.81
{np.str_('Salad')},{np.str_('Burger')},0.266,0.13,1.45
{np.str_('Fries')},{np.str_('Burger')},0.081,0.75,0.87
{np.str_('Pizza')},{np.str_('IceCream')},0.136,0.19,1.3
{np.str_('Salad')},{np.str_('Coke')},0.075,0.85,1.29
"{np.str_('Ketchup'), np.str_('Salad')}",{np.str_('Coke')},0.024,0.33,1.24
{np.str_('Pasta')},{np.str_('Sandwich')},0.295,0.87,1.2
{np.str_('Burger')},{np.str_('IceCream')},0.072,0.33,1.48
{np.str_('Ketchup')},{np.str_('Burger')},0.04,0.33,0.86
"{np.str_('Ketchup'), np.str_('IceCream')}",{np.str_('Pasta')},0.055,0.18,1.41
{np.str_('Sandwich')},{np.str_('Ketchup')},0.131,0.15,1.02
{np.str_('Pizza')},{np.str_('Fries')},0.02,0.71,0.82
"{np.str_('Pasta'), np.str_('Soup')}",{np.str_('Coke')},0.119,0.67,1.37
"{np.str_('Fries'), np.str_('Coke')}",{np.str_('Sandwich')},0.055,0.61,1.08
"{np.str_('Fries'), np.str_('Pasta')}",{np.str_('Sandwich')},0.292,0.14,0.83
{np.str_('Fries')},{np.str_('Salad')},0.255,0.27,0.81
{np.str_('Coke')},{np.str_('Burger')},0.293,0.39,1.04
"{np.str_('Fries'), np.str_('Coke')}",{np.str_('Soup')},0.19,0.6,1.41
"{np.str_('Pasta'), np.str_('Sandwich')}",{np.str_('Coke')},0.014,0.66,1.08
"{np.str_('Coke'), np.str_('IceCream')}",{np.str_('Soup')},0.081,0.12,0.97
{np.str_('Coke')},{np.str_('IceCream')},0.278,0.36,0.85
"{np.str_('Pizza'), np.str_('Pasta')}",{np.str_('Soup')},0.068,0.48,1.44
{np.str_('Ketchup')},{np.str_('IceCream')},0.143,0.6,1.47
{np.str_('Soup')},{np.str_('IceCream')},0.179,0.24,1.0
{np.str_('Coke')},{np.str_('Fries')},0.24,0.27,1.32
{np.str_('Fries')},{np.str_('Pizza')},0.188,0.23,0.81
{np.str_('Pasta')},{np.str_('Soup')},0.218,0.14,1.15
{np.str_('Fries')},{np.str_('Ketchup')},0.205,0.11,0.92
{np.str_('Pasta')},{np.str_('Fries')},0.143,0.27,1.41
"{np.str_('Pizza'), np.str_('Salad')}",{np.str_('Ketchup')},0.22,0.14,1.29
{np.str_('Sandwich')},{np.str_('Fries')},0.273,0.61,1.11
{np.str_('IceCream')},{np.str_('Pizza')},0.065,0.8,1.33
{np.str_('Coke')},{np.str_('Pizza')},0.036,0.66,1.31
"{np.str_('Burger'), np.str_('IceCream')}",{np.str_('Sandwich')},0.116,0.27,1.47
"{np.str_('Pizza'), np.str_('Ketchup')}",{np.str_('Soup')},0.287,0.46,0.89
{np.str_('Burger')},{np.str_('Pizza')},0.21,0.11,1.01
{np.str_('Soup')},{np.str_('Sandwich')},0.105,0.28,1.12
"{np.str_('Fries'), np.str_('Ketchup')}",{np.str_('Burger')},0.082,0.17,1.05
"{np.str_('Fries'), np.str_('Ketchup')}",{np.str_('Sandwich')},0.264,0.42,1.29
"{np.str_('Burger'), np.str_('Pasta')}",{np.str_('Salad')},0.112,0.14,1.13
"{np.str_('Coke'), np.str_('Sandwich')}",{np.str_('Soup')},0.236,0.39,1.42
{np.str_('Salad')},{np.str_('Pizza')},0.09,0.36,1.09
"{np.str_('Pasta'), np.str_('IceCream')}",{np.str_('Pizza')},0.041,0.76,0.83
{np.str_('Ketchup')},{np.str_('Salad')},0.229,0.29,0.92
{np.str_('Pasta')},{np.str_('Coke')},0.201,0.75,1.08
"{np.str_('Pizza'), np.str_('Burger')}",{np.str_('Sandwich')},0.155,0.63,1.28
{np.str_('Burger')},{np.str_('Salad')},0.272,0.65,0.84
"{np.str_('Pizza'), np.str_('Ketchup')}",{np.str_('Burger')},0.185,0.55,0.9
{np.str_('Burger')},{np.str_('Pasta')},0.104,0.81,1.27
"{np.str_('Pasta'), np.str_('Sandwich')}",{np.str_('Pizza')},0.26,0.33,1.44
"{np.str_('Ketchup'), np.str_('Soup')}",{np.str_('Pasta')},0.234,0.56,1.4
{np.str_('Pasta')},{np.str_('Ketchup')},0.287,0.52,1.44
"{np.str_('Burger'), np.str_('Soup')}",{np.str_('Coke')},0.163,0.33,1.48
{np.str_('Burger')},{np.str_('Fries')},0.223,0.69,0.81
{np.str_('Sandwich')},{np.str_('Burger')},0.031,0.27,0.9
"{np.str_('Burger'), np.str_('Pasta')}",{np.str_('Sandwich')},0.183,0.83,1.21
{np.str_('Soup')},{np.str_('Salad')},0.097,0.82,0.86
{np.str_('Coke')},{np.str_('Pizza')},0.194,0.63,1.32
{np.str_('Coke')},{np.str_('Soup')},0.015,0.39,1.31
"{np.str_('Burger'), np.str_('Soup')}",{np.str_('Coke')},0.26,0.14,1.2
"{np.str_('Pasta'), np.str_('Sandwich')}",{np.str_('Soup')},0.189,0.14,1.32
"{np.str_('Ketchup'), np.str_('Pasta')}",{np.str_('Coke')},0.134,0.81,0.81
{np.str_('Coke')},{np.str_('IceCream')},0.086,0.81,1.28
{np.str_('IceCream')},{np.str_('Sandwich')},0.068,0.21,0.89
{np.str_('Pizza')},{np.str_('Sandwich')},0.033,0.58,1.4
{np.str_('IceCream')},{np.str_('Pasta')},0.042,0.79,1.18
{np.str_('Ketchup')},{np.str_('Coke')},0.242,0.81,1.03
"{np.str_('Pizza'), np.str_('Fries')}",{np.str_('Coke')},0.292,0.9,0.97
{np.str_('Salad')},{np.str_('Soup')},0.186,0.27,1.13
{np.str_('Sandwich')},{np.str_('Ketchup')},0.146,0.44,1.2
"{np.str_('Coke'), np.str_('Sandwich')}",{np.str_('Pizza')},0.193,0.62,1.21
"{np.str_('Ketchup'), np.str_('Soup')}",{np.str_('IceCream')},0.263,0.54,1.09
{np.str_('Coke')},{np.str_('Sandwich')},0.152,0.75,1.02
{np.str_('Salad')},{np.str_('Pizza')},0.113,0.14,0.81
{np.str_('Ketchup')},{np.str_('Soup')},0.25,0.79,1.17
"{np.str_('Fries'), np.str_('Burger')}",{np.str_('Pizza')},0.029,0.11,0.91
"{np.str_('Pizza'), np.str_('Coke')}",{np.str_('Fries')},0.055,0.59,1.22
{np.str_('Pizza')},{np.str_('IceCream')},0.013,0.87,1.33
"{np.str_('IceCream'), np.str_('Sandwich')}",{np.str_('Burger')},0.283,0.64,0.95
{np.str_('Sandwich')},{np.str_('Coke')},0.04,0.31,1.18
{np.str_('Pizza')},{np.str_('IceCream')},0.059,0.61,0.88
{np.str_('Fries')},{np.str_('Pasta')},0.292,0.51,1.43
{np.str_('Soup')},{np.str_('Coke')},0.231,0.27,1.14
"{np.str_('Pasta'), np.str_('IceCream')}",{np.str_('Sandwich')},0.266,0.25,1.31
{np.str_('Fries')},{np.str_('Pasta')},0.296,0.33,1.35
"{np.str_('Fries'), np.str_('Coke')}",{np.str_('Burger')},0.169,0.47,1.03
"{np.str_('Pizza'), np.str_('Sandwich')}",{np.str_('IceCream')},0.095,0.89,1.0
"{np.str_('Pasta'), np.str_('IceCream')}",{np.str_('Ketchup')},0.067,0.39,0.81
{np.str_('Sandwich')},{np.str_('Ketchup')},0.211,0.5,1.13
{np.str_('Sandwich')},{np.str_('Ketchup')},0.14,0.11,1.16
{np.str_('Sandwich')},{np.str_('Coke')},0.076,0.66,0.98
"{np.str_('Ketchup'), np.str_('Salad')}",{np.str_('Burger')},0.146,0.23,0.81
"{np.str_('Coke'), np.str_('Soup')}",{np.str_('Salad')},0.145,0.81,0.91
{np.str_('Soup')},{np.str_('Coke')},0.118,0.58,1.25
"{np.str_('Pizza'), np.str_('Salad')}",{np.str_('Soup')},0.113,0.15,1.01
{np.str_('Soup')},{np.str_('Pizza')},0.025,0.34,1.2
{np.str_('Ketchup')},{np.str_('Sandwich')},0.096,0.72,1.4
{np.str_('Pizza')},{np.str_('Ketchup')},0.263,0.78,1.43
"{np.str_('IceCream'), np.str_('Sandwich')}",{np.str_('Coke')},0.185,0.82,0.89
"{np.str_('Sandwich'), np.str_('Salad')}",{np.str_('Ketchup')},0.23,0.76,1.04
{np.str_('Pizza')},{np.str_('Burger')},0.137,0.62,1.29
{np.str_('Sandwich')},{np.str_('Fries')},0.287,0.1,1.39
"{np.str_('Burger'), np.str_('Coke')}",{np.str_('Fries')},0.08,0.54,1.45
{np.str_('Soup')},{np.str_('IceCream')},0.228,0.45,0.91
{np.str_('Salad')},{np.str_('Pizza')},0.293,0.27,0.92
"{np.str_('Fries'), np.str_('Coke')}",{np.str_('Salad')},0.124,0.38,0.95
{np.str_('Sandwich')},{np.str_('Pizza')},0.187,0.83,1.21
{np.str_('Coke')},{np.str_('Fries')},0.134,0.29,1.24
{np.str_('Soup')},{np.str_('Pasta')},0.08,0.59,1.48
"{np.str_('Fries'), np.str_('Burger')}",{np.str_('IceCream')},0.151,0.55,0.98
{np.str_('Salad')},{np.str_('Pizza')},0.13,0.38,0.96
"{np.str_('Burger'), np.str_('IceCream')}",{np.str_('Pizza')},0.148,0.74,1.24
{np.str_('Fries')},{np.str_('Coke')},0.176,0.13,1.06
"{np.str_('Coke'), np.str_('Soup')}",{np.str_('Sandwich')},0.243,0.34,0.87
{np.str_('Ketchup')},{np.str_('Salad')},0.147,0.55,1.5
"{np.str_('Pasta'), np.str_('Sandwich')}",{np.str_('Coke')},0.243,0.39,1.26
{np.str_('Pasta')},{np.str_('Salad')},0.071,0.33,1.44
{np.str_('Soup')},{np.str_('Ketchup')},0.239,0.78,1.44
"{np.str_('Ketchup'), np.str_('Pasta')}",{np.str_('Salad')},0.105,0.43,1.11
{np.str_('Ketchup')},{np.str_('Soup')},0.057,0.36,1.37
{np.str_('Pizza')},{np.str_('Ketchup')},0.183,0.57,1.23
{np.str_('Fries')},{np.str_('Pasta')},0.102,0.79,1.43
"{np.str_('Pizza'), np.str_('Soup')}",{np.str_('IceCream')},0.275,0.5,0.89
{np.str_('Pasta')},{np.str_('Soup')},0.172,0.23,0.93
{np.str_('Sandwich')},{np.str_('Pizza')},0.098,0.79,1.09
{np.str_('Salad')},{np.str_('Soup')},0.111,0.33,1.22
"{np.str_('Pizza'), np.str_('Soup')}",{np.str_('Salad')},0.088,0.33,0.83
{np.str_('IceCream')},{np.str_('Salad')},0.069,0.85,0.96
{np.str_('Sandwich')},{np.str_('Fries')},0.109,0.14,1.41
"{np.str_('Ketchup'), np.str_('IceCream')}",{np.str_('Pasta')},0.128,0.45,1.45
"{np.str_('Soup'), np.str_('Sandwich')}",{np.str_('Pizza')},0.126,0.43,1.11
{np.str_('Soup')},{np.str_('Pizza')},0.141,0.86,1.13
{np.str_('Burger')},{np.str_('Soup')},0.279,0.14,0.94
{np.str_('Fries')},{np.str_('Sandwich')},0.233,0.79,1.06
{np.str_('Soup')},{np.str_('Pasta')},0.268,0.83,1.36
"{np.str_('Pizza'), np.str_('Coke')}",{np.str_('Sandwich')},0.179,0.76,1.4
"{np.str_('Fries'), np.str_('IceCream')}",{np.str_('Soup')},0.037,0.52,0.83
{np.str_('Soup')},{np.str_('Burger')},0.17,0.62,1.37
"{np.str_('Burger'), np.str_('Salad')}",{np.str_('Ketchup')},0.28,0.56,1.01
{np.str_('Soup')},{np.str_('Salad')},0.249,0.77,1.38
"{np.str_('Fries'), np.str_('Sandwich')}",{np.str_('Soup')},0.056,0.7,1.3
"{np.str_('Coke'), np.str_('Soup')}",{np.str_('Ketchup')},0.191,0.29,1.36
{np.str_('Fries')},{np.str_('Ketchup')},0.219,0.45,1.26
{np.str_('Sandwich')},{np.str_('Coke')},0.226,0.77,0.81
{np.str_('Sandwich')},{np.str_('Fries')},0.022,0.41,1.25
{np.str_('Ketchup')},{np.str_('Pizza')},0.092,0.71,0.87
{np.str_('Salad')},{np.str_('Sandwich')},0.048,0.89,1.03
{np.str_('Coke')},{np.str_('Pasta')},0.15,0.35,1.45
"{np.str_('IceCream'), np.str_('Soup')}",{np.str_('Coke')},0.082,0.8,1.43
{np.str_('Burger')},{np.str_('Pizza')},0.08,0.85,0.81
{np.str_('Fries')},{np.str_('Burger')},0.013,0.88,1.24
"{np.str_('Fries'), np.str_('Coke')}",{np.str_('Sandwich')},0.199,0.54,0.85
{np.str_('IceCream')},{np.str_('Pizza')},0.197,0.55,1.16
{np.str_('Soup')},{np.str_('Salad')},0.284,0.63,1.13
"{np.str_('Pizza'), np.str_('Pasta')}",{np.str_('Burger')},0.265,0.58,1.12
{np.str_('Salad')},{np.str_('Fries')},0.227,0.33,1.09
"{np.str_('Ketchup'), np.str_('Burger')}",{np.str_('IceCream')},0.199,0.88,1.21
"{np.str_('Burger'), np.str_('IceCream')}",{np.str_('Salad')},0.29,0.37,1.25
{np.str_('Salad')},{np.str_('Soup')},0.15,0.64,1.37
{np.str_('Coke')},{np.str_('Sandwich')},0.109,0.83,1.33
{np.str_('Salad')},{np.str_('Fries')},0.058,0.3,1.35
"{np.str_('Soup'), np.str_('IceCream')}",{np.str_('Fries')},0.14,0.39,1.49
{np.str_('Burger')},{np.str_('Coke')},0.041,0.32,1.08
{np.str_('Pizza')},{np.str_('Fries')},0.187,0.69,1.03
{np.str_('Fries')},{np.str_('Soup')},0.2,0.32,1.36
"{np.str_('Coke'), np.str_('IceCream')}",{np.str_('Pizza')},0.226,0.12,1.24
"{np.str_('Fries'), np.str_('Sandwich')}",{np.str_('Pasta')},0.229,0.13,0.82
"{np.str_('Fries'), np.str_('Salad')}",{np.str_('Pizza')},0.285,0.75,1.45
{np.str_('Pizza')},{np.str_('Sandwich')},0.041,0.65,1.35
"{np.str_('Ketchup'), np.str_('Pasta')}",{np.str_('Salad')},0.074,0.47,1.03
"{np.str_('Pizza'), np.str_('Fries')}",{np.str_('Coke')},0.034,0.31,1.19
"{np.str_('IceCream'), np.str_('Salad')}",{np.str_('Sandwich')},0.097,0.6,1.28
"{np.str_('Fries'), np.str_('Sandwich')}",{np.str_('Burger')},0.089,0.13,0.92
"{np.str_('IceCream'), np.str_('Soup')}",{np.str_('Sandwich')},0.101,0.19,1.12
{np.str_('Pasta')},{np.str_('Ketchup')},0.283,0.86,1.42
"{np.str_('Ketchup'), np.str_('IceCream')}",{np.str_('Salad')},0.068,0.28,0.97
{np.str_('Soup')},{np.str_('Ketchup')},0.111,0.88,1.35
"{np.str_('Fries'), np.str_('Pasta')}",{np.str_('Sandwich')},0.206,0.72,1.41
"{np.str_('Pasta'), np.str_('Salad')}",{np.str_('Sandwich')},0.208,0.53,1.47
{np.str_('Pasta')},{np.str_('Soup')},0.051,0.4,1.27
{np.str_('Burger')},{np.str_('Ketchup')},0.082,0.28,1.18
"{np.str_('Pizza'), np.str_('IceCream')}",{np.str_('Ketchup')},0.028,0.82,1.49
"{np.str_('Coke'), np.str_('Pasta')}",{np.str_('Sandwich')},0.146,0.22,1.12
{np.str_('Pizza')},{np.str_('Burger')},0.235,0.43,1.04
"{np.str_('Pizza'), np.str_('IceCream')}",{np.str_('Coke')},0.285,0.25,1.43
"{np.str_('Fries'), np.str_('Soup')}",{np.str_('Coke')},0.276,0.81,1.39
"{np.str_('Coke'), np.str_('Soup')}",{np.str_('Pizza')},0.114,0.78,1.43
{np.str_('Pasta')},{np.str_('Coke')},0.112,0.44,1.27
"{np.str_('Coke'), np.str_('Pasta')}",{np.str_('Ketchup')},0.261,0.29,0.93
{np.str_('Soup')},{np.str_('IceCream')},0.259,0.56,1.23
{np.str_('Fries')},{np.str_('Pasta')},0.281,0.59,1.42
"{np.str_('Soup'), np.str_('Sandwich')}",{np.str_('IceCream')},0.096,0.46,1.17
{np.str_('Coke')},{np.str_('Soup')},0.125,0.41,1.26
"{np.str_('Pizza'), np.str_('Salad')}",{np.str_('Sandwich')},0.07,0.49,0.97
"{np.str_('Coke'), np.str_('Soup')}",{np.str_('Sandwich')},0.217,0.12,1.0
"{np.str_('Coke'), np.str_('Sandwich')}",{np.str_('IceCream')},0.192,0.46,0.92
{np.str_('Fries')},{np.str_('IceCream')},0.206,0.66,1.31
{np.str_('IceCream')},{np.str_('Soup')},0.281,0.29,0.91
{np.str_('Coke')},{np.str_('IceCream')},0.215,0.29,1.42
{np.str_('Coke')},{np.str_('Burger')},0.201,0.84,1.48
"{np.str_('Fries'), np.str_('Ketchup')}",{np.str_('Pasta')},0.259,0.34,0.95
"{np.str_('Pizza'), np.str_('Pasta')}",{np.str_('Ketchup')},0.22,0.76,1.43
"{np.str_('Pizza'), np.str_('Fries')}",{np.str_('Sandwich')},0.154,0.63,0.85
{np.str_('Burger')},{np.str_('IceCream')},0.128,0.36,1.21
"{np.str_('Coke'), np.str_('Sandwich')}",{np.str_('Fries')},0.067,0.87,0.97
{np.str_('IceCream')},{np.str_('Salad')},0.034,0.76,1.34
{np.str_('Coke')},{np.str_('Fries')},0.207,0.17,1.21
{np.str_('Pizza')},{np.str_('IceCream')},0.231,0.68,1.37
"{np.str_('Ketchup'), np.str_('Coke')}",{np.str_('Sandwich')},0.11,0.85,0.82
"{np.str_('Pizza'), np.str_('IceCream')}",{np.str_('Burger')},0.072,0.6,1.09
"{np.str_('Burger'), np.str_('Soup')}",{np.str_('Salad')},0.161,0.28,1.0
"{np.str_('Ketchup'), np.str_('IceCream')}",{np.str_('Sandwich')},0.223,0.2,0.99
{np.str_('Salad')},{np.str_('Fries')},0.089,0.22,1.09
{np.str_('Fries')},{np.str_('Soup')},0.254,0.53,1.03
{np.str_('IceCream')},{np.str_('Pasta')},0.18,0.65,0.9
"{np.str_('Ketchup'), np.str_('Sandwich')}",{np.str_('Salad')},0.052,0.54,0.84
"{np.str_('Coke'), np.str_('IceCream')}",{np.str_('Sandwich')},0.231,0.59,1.23
{np.str_('Salad')},{np.str_('IceCream')},0.238,0.61,0.83
{np.str_('Pasta')},{np.str_('Fries')},0.059,0.77,1.41
{np.str_('Soup')},{np.str_('Sandwich')},0.114,0.2,0.95
{np.str_('Pizza')},{np.str_('Salad')},0.233,0.39,0.93
{np.str_('Soup')},{np.str_('Coke')},0.116,0.14,1.26
{np.str_('IceCream')},{np.str_('Fries')},0.086,0.41,1.15
"{np.str_('Soup'), np.str_('Sandwich')}",{np.str_('Ketchup')},0.082,0.13,1.02
{np.str_('Sandwich')},{np.str_('Salad')},0.124,0.67,0.85
"{np.str_('Burger'), np.str_('IceCream')}",{np.str_('Ketchup')},0.026,0.22,1.08
{np.str_('IceCream')},{np.str_('Ketchup')},0.062,0.16,1.23
{np.str_('Ketchup')},{np.str_('IceCream')},0.276,0.27,1.45
"{np.str_('Ketchup'), np.str_('Salad')}",{np.str_('Burger')},0.148,0.85,1.0
{np.str_('Coke')},{np.str_('Fries')},0.222,0.11,1.31
"{np.str_('Pizza'), np.str_('Coke')}",{np.str_('Sandwich')},0.132,0.37,0.87
{np.str_('Soup')},{np.str_('Burger')},0.181,0.25,1.15
{np.str_('Sandwich')},{np.str_('Soup')},0.286,0.11,1.05
{np.str_('Soup')},{np.str_('IceCream')},0.272,0.46,0.85
"{np.str_('Sandwich'), np.str_('Salad')}",{np.str_('Fries')},0.144,0.24,1.32
{np.str_('IceCream')},{np.str_('Coke')},0.185,0.82,0.97
"{np.str_('Ketchup'), np.str_('Sandwich')}",{np.str_('Burger')},0.195,0.88,1.46
"{np.str_('Ketchup'), np.str_('Salad')}",{np.str_('Fries')},0.26,0.31,1.2
"{np.str_('Burger'), np.str_('Pasta')}",{np.str_('Coke')},0.075,0.65,1.36
{np.str_('IceCream')},{np.str_('Pizza')},0.218,0.18,0.9
"{np.str_('Ketchup'), np.str_('Pasta')}",{np.str_('Burger')},0.129,0.22,1.28
{np.str_('Pasta')},{np.str_('Soup')},0.125,0.65,1.32
"{np.str_('IceCream'), np.str_('Salad')}",{np.str_('Ketchup')},0.16,0.45,1.2
"{np.str_('Pizza'), np.str_('Salad')}",{np.str_('Ketchup')},0.116,0.55,1.11
{np.str_('Sandwich')},{np.str_('Soup')},0.2,0.55,1.39
{np.str_('Fries')},{np.str_('Pizza')},0.187,0.12,1.5
"{np.str_('Coke'), np.str_('IceCream')}",{np.str_('Sandwich')},0.18,0.17,1.39
{np.str_('Soup')},{np.str_('Burger')},0.079,0.72,0.98
"{np.str_('Ketchup'), np.str_('Pasta')}",{np.str_('Salad')},0.152,0.23,1.12
"{np.str_('Ketchup'), np.str_('Sandwich')}",{np.str_('Pizza')},0.143,0.63,1.48
"{np.str_('Ketchup'), np.str_('IceCream')}",{np.str_('Pizza')},0.298,0.48,1.32
"{np.str_('Pasta'), np.str_('IceCream')}",{np.str_('Ketchup')},0.214,0.69,1.26
"{np.str_('Fries'), np.str_('Pasta')}",{np.str_('Sandwich')},0.224,0.12,1.45
{np.str_('Ketchup')},{np.str_('Soup')},0.193,0.18,0.98
{np.str_('Sandwich')},{np.str_('Pizza')},0.212,0.75,0.97
"{np.str_('Fries'), np.str_('Pasta')}",{np.str_('IceCream')},0.083,0.46,1.25
"{np.str_('Pizza'), np.str_('Salad')}",{np.str_('Burger')},0.139,0.73,0.82
"{np.str_('Fries'), np.str_('Salad')}",{np.str_('Ketchup')},0.224,0.61,1.33
"{np.str_('Pizza'), np.str_('Sandwich')}",{np.str_('Fries')},0.248,0.14,1.17
"{np.str_('Pizza'), np.str_('Sandwich')}",{np.str_('Burger')},0.116,0.14,1.06
{np.str_('Sandwich')},{np.str_('Fries')},0.217,0.4,1.25
{np.str_('Salad')},{np.str_('Burger')},0.279,0.79,1.01
"{np.str_('Fries'), np.str_('Burger')}",{np.str_('IceCream')},0.195,0.8,1.27
{np.str_('Burger')},{np.str_('Ketchup')},0.126,0.15,1.22
"{np.str_('Soup'), np.str_('Sandwich')}",{np.str_('Salad')},0.118,0.89,1.4
{np.str_('Coke')},{np.str_('Salad')},0.087,0.56,1.49
"{np.str_('Sandwich'), np.str_('Salad')}",{np.str_('Soup')},0.038,0.89,1.33
{np.str_('IceCream')},{np.str_('Salad')},0.164,0.66,1.04
"{np.str_('Pizza'), np.str_('IceCream')}",{np.str_('Burger')},0.064,0.79,1.46
"{np.str_('Ketchup'), np.str_('Salad')}",{np.str_('Coke')},0.218,0.44,0.81
{np.str_('Fries')},{np.str_('Burger')},0.069,0.8,1.11
"{np.str_('Ketchup'), np.str_('Soup')}",{np.str_('Pizza')},0.193,0.53,0.91
{np.str_('Ketchup')},{np.str_('Soup')},0.066,0.21,1.12
{np.str_('Pizza')},{np.str_('Fries')},0.226,0.36,1.37
{np.str_('Fries')},{np.str_('Soup')},0.119,0.73,1.17
"{np.str_('Fries'), np.str_('Pasta')}",{np.str_('Soup')},0.242,0.43,1.47
{np.str_('Ketchup')},{np.str_('Salad')},0.197,0.22,1.24
"{np.str_('Sandwich'), np.str_('Salad')}",{np.str_('Ketchup')},0.148,0.15,1.3
{np.str_('Sandwich')},{np.str_('Salad')},0.158,0.55,0.9
"{np.str_('Pasta'), np.str_('Soup')}",{np.str_('Burger')},0.293,0.17,0.95
{np.str_('IceCream')},{np.str_('Sandwich')},0.054,0.26,1.02
"{np.str_('Fries'), np.str_('Coke')}",{np.str_('Sandwich')},0.125,0.16,1.05
{np.str_('Salad')},{np.str_('Soup')},0.241,0.43,1.38
"{np.str_('Ketchup'), np.str_('Soup')}",{np.str_('Sandwich')},0.289,0.85,1.29
{np.str_('Burger')},{np.str_('Pizza')},0.1,0.15,0.97
"{np.str_('Pizza'), np.str_('Burger')}",{np.str_('Pasta')},0.264,0.37,0.94
"{np.str_('Burger'), np.str_('Soup')}",{np.str_('Salad')},0.04,0.54,1.38
{np.str_('Soup')},{np.str_('Salad')},0.141,0.23,1.02
{np.str_('IceCream')},{np.str_('Burger')},0.267,0.16,1.1
"{np.str_('Burger'), np.str_('Coke')}",{np.str_('Soup')},0.183,0.69,1.04
"{np.str_('Pasta'), np.str_('Soup')}",{np.str_('Sandwich')},0.233,0.41,0.89
{np.str_('Burger')},{np.str_('Coke')},0.294,0.44,0.85
"{np.str_('Fries'), np.str_('Pasta')}",{np.str_('Coke')},0.216,0.88,0.91
"{np.str_('Fries'), np.str_('IceCream')}",{np.str_('Pasta')},0.095,0.15,1.08
"{np.str_('Coke'), np.str_('IceCream')}",{np.str_('Pizza')},0.205,0.75,1.36
{np.str_('Soup')},{np.str_('Pasta')},0.257,0.73,1.11
{np.str_('Ketchup')},{np.str_('Pasta')},0.09,0.12,1.05
{np.str_('Salad')},{np.str_('Pasta')},0.135,0.63,1.02
"{np.str_('Soup'), np.str_('Sandwich')}",{np.str_('Pasta')},0.206,0.1,1.13
"{np.str_('Ketchup'), np.str_('Sandwich')}",{np.str_('IceCream')},0.265,0.19,1.04
"{np.str_('Pizza'), np.str_('Soup')}",{np.str_('Coke')},0.157,0.14,0.97
"{np.str_('Coke'), np.str_('Pasta')}",{np.str_('Salad')},0.247,0.17,1.0
{np.str_('Burger')},{np.str_('Sandwich')},0.031,0.33,0.83
"{np.str_('Fries'), np.str_('Coke')}",{np.str_('Ketchup')},0.239,0.48,1.02
{np.str_('IceCream')},{np.str_('Salad')},0.19,0.29,1.1
{np.str_('Pasta')},{np.str_('IceCream')},0.253,0.52,1.19
{np.str_('Burger')},{np.str_('Ketchup')},0.274,0.81,1.13
"{np.str_('Ketchup'), np.str_('Salad')}",{np.str_('IceCream')},0.065,0.4,1.4
"{np.str_('Coke'), np.str_('IceCream')}",{np.str_('Fries')},0.231,0.62,0.96
"{np.str_('Fries'), np.str_('Coke')}",{np.str_('Ketchup')},0.181,0.73,0.81
"{np.str_('Ketchup'), np.str_('Salad')}",{np.str_('Burger')},0.124,0.8,1.23
"{np.str_('Fries'), np.str_('Soup')}",{np.str_('Burger')},0.103,0.7,0.82
"{np.str_('Ketchup'), np.str_('Sandwich')}",{np.str_('Fries')},0.065,0.9,1.0
"{np.str_('Pasta'), np.str_('Soup')}",{np.str_('IceCream')},0.057,0.35,1.16
{np.str_('Pasta')},{np.str_('IceCream')},0.093,0.74,0.82
"{np.str_('Burger'), np.str_('Salad')}",{np.str_('Coke')},0.16,0.11,0.85
"{np.str_('Fries'), np.str_('Salad')}",{np.str_('IceCream')},0.016,0.22,1.24
"{np.str_('Fries'), np.str_('Soup')}",{np.str_('IceCream')},0.039,0.7,1.02
"{np.str_('Fries'), np.str_('Burger')}",{np.str_('Soup')},0.16,0.84,0.98
"{np.str_('Coke'), np.str_('IceCream')}",{np.str_('Sandwich')},0.091,0.23,1.12
"{np.str_('Burger'), np.str_('Pasta')}",{np.str_('Fries')},0.112,0.83,1.07
"{np.str_('Burger'), np.str_('Coke')}",{np.str_('Sandwich')},0.056,0.61,1.1
{np.str_('Soup')},{np.str_('Coke')},0.182,0.72,1.23
{np.str_('Sandwich')},{np.str_('Ketchup')},0.217,0.13,0.89
"{np.str_('Soup'), np.str_('Salad')}",{np.str_('Burger')},0.106,0.56,0.87
"{np.str_('Pizza'), np.str_('Coke')}",{np.str_('Sandwich')},0.021,0.15,0.86
"{np.str_('Fries'), np.str_('Sandwich')}",{np.str_('Pizza')},0.288,0.3,0.96
{np.str_('Ketchup')},{np.str_('Soup')},0.062,0.16,1.39
{np.str_('Pasta')},{np.str_('Sandwich')},0.113,0.23,1.25
"{np.str_('Burger'), np.str_('Sandwich')}",{np.str_('Soup')},0.041,0.55,0.85
"{np.str_('Soup'), np.str_('IceCream')}",{np.str_('Sandwich')},0.176,0.59,0.92
"{np.str_('Burger'), np.str_('Pasta')}",{np.str_('Coke')},0.262,0.55,1.42
"{np.str_('Ketchup'), np.str_('IceCream')}",{np.str_('Coke')},0.247,0.69,0.94
"{np.str_('Fries'), np.str_('Pasta')}",{np.str_('Coke')},0.086,0.85,1.09
"{np.str_('Ketchup'), np.str_('Salad')}",{np.str_('Coke')},0.088,0.26,1.15
{np.str_('Pasta')},{np.str_('Fries')},0.296,0.57,0.91
"{np.str_('Pasta'), np.str_('IceCream')}",{np.str_('Soup')},0.143,0.23,0.98
"{np.str_('Ketchup'), np.str_('Soup')}",{np.str_('Burger')},0.172,0.38,1.09
"{np.str_('Pizza'), np.str_('IceCream')}",{np.str_('Salad')},0.148,0.63,1.36
{np.str_('Coke')},{np.str_('Burger')},0.164,0.7,1.09
"{np.str_('Sandwich'), np.str_('Salad')}",{np.str_('Pizza')},0.037,0.63,1.18
"{np.str_('Ketchup'), np.str_('Salad')}",{np.str_('Fries')},0.027,0.64,0.97
"{np.str_('Pasta'), np.str_('Sandwich')}",{np.str_('Coke')},0.079,0.46,1.24
{np.str_('Sandwich')},{np.str_('Salad')},0.227,0.58,1.06
{np.str_('Ketchup')},{np.str_('Salad')},0.218,0.3,1.21
"{np.str_('Ketchup'), np.str_('Pasta')}",{np.str_('Salad')},0.111,0.26,1.29
{np.str_('Pizza')},{np.str_('Salad')},0.218,0.56,0.96
"{np.str_('Coke'), np.str_('Soup')}",{np.str_('Sandwich')},0.229,0.72,1.25
"{np.str_('Coke'), np.str_('Sandwich')}",{np.str_('Pasta')},0.018,0.27,1.11
{np.str_('Ketchup')},{np.str_('IceCream')},0.248,0.74,1.46
{np.str_('Coke')},{np.str_('Pasta')},0.033,0.63,0.84
{np.str_('Ketchup')},{np.str_('Pasta')},0.048,0.46,0.93
"{np.str_('Fries'), np.str_('Ketchup')}",{np.str_('Burger')},0.294,0.64,1.43
{np.str_('Ketchup')},{np.str_('Salad')},0.037,0.39,1.36
"{np.str_('Ketchup'), np.str_('Sandwich')}",{np.str_('Pizza')},0.223,0.54,1.44
{np.str_('Pizza')},{np.str_('Sandwich')},0.245,0.66,0.95
{np.str_('Salad')},{np.str_('IceCream')},0.272,0.45,1.31
{np.str_('Soup')},{np.str_('Coke')},0.284,0.11,1.43
"{np.str_('Ketchup'), np.str_('Sandwich')}",{np.str_('Soup')},0.063,0.61,0.85
"{np.str_('Fries'), np.str_('Ketchup')}",{np.str_('Pasta')},0.082,0.65,1.48
"{np.str_('Burger'), np.str_('Salad')}",{np.str_('Pasta')},0.099,0.29,1.14
{np.str_('Burger')},{np.str_('Soup')},0.286,0.29,1.34
{np.str_('Fries')},{np.str_('Sandwich')},0.145,0.63,0.82
{np.str_('Soup')},{np.str_('Ketchup')},0.191,0.68,1.35
{np.str_('Pasta')},{np.str_('Fries')},0.197,0.33,1.15
{np.str_('Soup')},{np.str_('Fries')},0.268,0.7,0.8
{np.str_('Burger')},{np.str_('Pasta')},0.106,0.78,0.87
{np.str_('Sandwich')},{np.str_('Coke')},0.02,0.67,1.38
{np.str_('IceCream')},{np.str_('Ketchup')},0.029,0.18,1.03
"{np.str_('Coke'), np.str_('Pasta')}",{np.str_('Sandwich')},0.161,0.86,1.25
{np.str_('Sandwich')},{np.str_('Pizza')},0.084,0.59,1.15
"{np.str_('Ketchup'), np.str_('Burger')}",{np.str_('Sandwich')},0.299,0.68,1.02
{np.str_('Fries')},{np.str_('Soup')},0.024,0.23,0.99
"{np.str_('Ketchup'), np.str_('Coke')}",{np.str_('Burger')},0.1,0.6,1.42
"{np.str_('Pasta'), np.str_('Salad')}",{np.str_('Fries')},0.176,0.86,1.11
{np.str_('Pasta')},{np.str_('Ketchup')},0.29,0.64,1.49
{np.str_('Soup')},{np.str_('Pasta')},0.236,0.78,0.99
{np.str_('Soup')},{np.str_('Salad')},0.145,0.86,1.42
"{np.str_('Ketchup'), np.str_('Salad')}",{np.str_('Pasta')},0.239,0.51,1.18
{np.str_('Coke')},{np.str_('IceCream')},0.143,0.15,1.48
{np.str_('Burger')},{np.str_('Pasta')},0.062,0.53,0.83
"{np.str_('Pasta'), np.str_('Sandwich')}",{np.str_('Soup')},0.2,0.33,0.97
{np.str_('Pasta')},{np.str_('Coke')},0.079,0.84,1.32
"{np.str_('Ketchup'), np.str_('Soup')}",{np.str_('Pizza')},0.262,0.24,1.02
{np.str_('Fries')},{np.str_('Salad')},0.216,0.72,1.09
"{np.str_('Soup'), np.str_('Salad')}",{np.str_('Sandwich')},0.206,0.53,1.24
{np.str_('Pasta')},{np.str_('Pizza')},0.075,0.77,0.96
"{np.str_('Burger'), np.str_('Coke')}",{np.str_('Sandwich')},0.194,0.78,0.87
"{np.str_('Fries'), np.str_('Burger')}",{np.str_('Pizza')},0.206,0.15,1.21
{np.str_('Salad')},{np.str_('Sandwich')},0.168,0.64,1.12
{np.str_('Salad')},{np.str_('Ketchup')},0.112,0.76,1.04
"{np.str_('Ketchup'), np.str_('Sandwich')}",{np.str_('Soup')},0.028,0.25,1.11
"{np.str_('Pizza'), np.str_('Pasta')}",{np.str_('IceCream')},0.271,0.52,1.19
"{np.str_('Ketchup'), np.str_('IceCream')}",{np.str_('Coke')},0.161,0.56,1.32
{np.str_('Coke')},{np.str_('Soup')},0.027,0.4,1.49
{np.str_('Coke')},{np.str_('Ketchup')},0.234,0.19,0.96
"{np.str_('Ketchup'), np.str_('Sandwich')}",{np.str_('Soup')},0.126,0.56,1.19
"{np.str_('Pizza'), np.str_('Sandwich')}",{np.str_('Soup')},0.217,0.65,1.06
"{np.str_('Pasta'), np.str_('Salad')}",{np.str_('Pizza')},0.049,0.75,1.06
"{np.str_('Pizza'), np.str_('Burger')}",{np.str_('Sandwich')},0.165,0.12,0.96
{np.str_('Salad')},{np.str_('Sandwich')},0.146,0.76,1.35
"{np.str_('Pizza'), np.str_('Pasta')}",{np.str_('Fries')},0.17,0.24,1.49
"{np.str_('Fries'), np.str_('Burger')}",{np.str_('Salad')},0.068,0.34,1.14
"{np.str_('Fries'), np.str_('Pasta')}",{np.str_('Coke')},0.179,0.72,1.15
{np.str_('Soup')},{np.str_('Ketchup')},0.029,0.81,0.89
{np.str_('Fries')},{np.str_('Burger')},0.202,0.5,1.03
"{np.str_('IceCream'), np.str_('Sandwich')}",{np.str_('Burger')},0.276,0.25,0.83
{np.str_('Burger')},{np.str_('Fries')},0.185,0.87,1.15
{np.str_('Soup')},{np.str_('Burger')},0.206,0.54,0.9
"{np.str_('Coke'), np.str_('IceCream')}",{np.str_('Pizza')},0.139,0.33,1.09
{np.str_('Burger')},{np.str_('Coke')},0.241,0.55,0.95
{np.str_('Ketchup')},{np.str_('IceCream')},0.083,0.19,1.18
"{np.str_('IceCream'), np.str_('Soup')}",{np.str_('Coke')},0.286,0.17,1.46
"{np.str_('Pizza'), np.str_('Salad')}",{np.str_('Pasta')},0.173,0.32,1.07
{np.str_('Pizza')},{np.str_('Coke')},0.117,0.89,1.06
{np.str_('Salad')},{np.str_('Burger')},0.263,0.25,1.21
{np.str_('Coke')},{np.str_('Pizza')},0.154,0.71,0.89
"{np.str_('Burger'), np.str_('Salad')}",{np.str_('Fries')},0.27,0.85,1.14
{np.str_('Sandwich')},{np.str_('Pasta')},0.043,0.27,0.92
{np.str_('IceCream')},{np.str_('Pizza')},0.266,0.84,1.09
"{np.str_('Pizza'), np.str_('Ketchup')}",{np.str_('Coke')},0.197,0.3,1.46
"{np.str_('Fries'), np.str_('Soup')}",{np.str_('Coke')},0.287,0.12,1.05
{np.str_('IceCream')},{np.str_('Coke')},0.221,0.16,1.12
{np.str_('Pizza')},{np.str_('Salad')},0.249,0.68,0.96
{np.str_('Soup')},{np.str_('Salad')},0.177,0.2,0.92
"{np.str_('Burger'), np.str_('Salad')}",{np.str_('Sandwich')},0.163,0.64,1.31
"{np.str_('Coke'), np.str_('Pasta')}",{np.str_('Fries')},0.241,0.5,1.13
{np.str_('Coke')},{np.str_('Ketchup')},0.206,0.61,1.07
"{np.str_('Pizza'), np.str_('Ketchup')}",{np.str_('Fries')},0.152,0.86,1.46
{np.str_('Pizza')},{np.str_('Pasta')},0.241,0.31,0.89
{np.str_('Pasta')},{np.str_('Fries')},0.236,0.64,0.87
{np.str_('Sandwich')},{np.str_('Ketchup')},0.265,0.33,1.24
{np.str_('Fries')},{np.str_('Pasta')},0.178,0.67,0.82
{np.str_('Salad')},{np.str_('Fries')},0.146,0.87,1.05
"{np.str_('Burger'), np.str_('Coke')}",{np.str_('Pasta')},0.215,0.31,1.0
{np.str_('Soup')},{np.str_('Coke')},0.284,0.64,1.33
"{np.str_('Fries'), np.str_('IceCream')}",{np.str_('Ketchup')},0.081,0.34,0.93
{np.str_('Salad')},{np.str_('Pizza')},0.225,0.73,0.92
{np.str_('Coke')},{np.str_('Pasta')},0.174,0.66,0.83
{np.str_('IceCream')},{np.str_('Sandwich')},0.271,0.45,1.46
"{np.str_('Fries'), np.str_('Salad')}",{np.str_('Soup')},0.06,0.34,1.32
{np.str_('Soup')},{np.str_('Sandwich')},0.12,0.24,1.25
{np.str_('Fries')},{np.str_('Pizza')},0.197,0.78,1.21
{np.str_('Soup')},{np.str_('Coke')},0.211,0.25,0.82
{np.str_('IceCream')},{np.str_('Pizza')},0.15,0.66,1.4
"{np.str_('Burger'), np.str_('Salad')}",{np.str_('Sandwich')},0.286,0.82,1.16
"{np.str_('Pizza'), np.str_('IceCream')}",{np.str_('Pasta')},0.275,0.44,1.26
"{np.str_('Coke'), np.str_('Pasta')}",{np.str_('Burger')},0.131,0.84,1.2
{np.str_('Burger')},{np.str_('IceCream')},0.05,0.13,0.84
{np.str_('Pasta')},{np.str_('Burger')},0.258,0.86,1.44
{np.str_('Pizza')},{np.str_('Ketchup')},0.078,0.75,1.3
"{np.str_('Burger'), np.str_('IceCream')}",{np.str_('Fries')},0.238,0.69,0.92
"{np.str_('Pizza'), np.str_('Sandwich')}",{np.str_('Burger')},0.231,0.73,0.9
"{np.str_('Soup'), np.str_('Salad')}",{np.str_('Pasta')},0.184,0.56,0.94
{np.str_('Ketchup')},{np.str_('Soup')},0.143,0.45,1.28
"{np.str_('Fries'), np.str_('Soup')}",{np.str_('Ketchup')},0.198,0.32,1.36
{np.str_('Fries')},{np.str_('Soup')},0.028,0.7,1.07
{np.str_('IceCream')},{np.str_('Pizza')},0.151,0.29,1.07
{np.str_('Pizza')},{np.str_('Coke')},0.186,0.41,0.87
"{np.str_('Coke'), np.str_('Salad')}",{np.str_('Ketchup')},0.21,0.62,1.21
{np.str_('Pizza')},{np.str_('Pasta')},0.098,0.36,1.15
"{np.str_('Fries'), np.str_('Ketchup')}",{np.str_('Pizza')},0.032,0.35,1.02
"{np.str_('Pizza'), np.str_('Soup')}",{np.str_('Fries')},0.185,0.62,0.95
"{np.str_('Soup'), np.str_('Salad')}",{np.str_('Fries')},0.299,0.18,1.37
{np.str_('Soup')},{np.str_('Salad')},0.128,0.83,1.35
{np.str_('Salad')},{np.str_('Ketchup')},0.091,0.14,0.89
"{np.str_('Ketchup'), np.str_('Salad')}",{np.str_('Coke')},0.293,0.69,0.95
"{np.str_('Burger'), np.str_('Salad')}",{np.str_('Pasta')},0.252,0.54,1.13
"{np.str_('Fries'), np.str_('Salad')}",{np.str_('IceCream')},0.179,0.36,1.46
{np.str_('Fries')},{np.str_('IceCream')},0.086,0.45,1.25
{np.str_('Pizza')},{np.str_('Pasta')},0.037,0.81,1.27
{np.str_('Pasta')},{np.str_('Sandwich')},0.15,0.85,1.29
"{np.str_('Ketchup'), np.str_('Pasta')}",{np.str_('Salad')},0.209,0.49,1.35
"{np.str_('Fries'), np.str_('Soup')}",{np.str_('IceCream')},0.144,0.69,0.8
"{np.str_('Burger'), np.str_('Salad')}",{np.str_('Pizza')},0.258,0.5,1.48
{np.str_('Fries')},{np.str_('Coke')},0.015,0.68,1.24
{np.str_('IceCream')},{np.str_('Ketchup')},0.207,0.46,1.44
"{np.str_('IceCream'), np.str_('Sandwich')}",{np.str_('Soup')},0.071,0.89,1.2
{np.str_('Pasta')},{np.str_('IceCream')},0.143,0.71,1.12
{np.str_('Ketchup')},{np.str_('IceCream')},0.023,0.67,1.3
{np.str_('Pasta')},{np.str_('Salad')},0.107,0.32,1.44
"{np.str_('Coke'), np.str_('Sandwich')}",{np.str_('IceCream')},0.182,0.83,0.81
{np.str_('Sandwich')},{np.str_('Ketchup')},0.174,0.67,1.38
{np.str_('Sandwich')},{np.str_('Soup')},0.205,0.56,1.4
{np.str_('Coke')},{np.str_('Burger')},0.154,0.39,1.26
"{np.str_('Pizza'), np.str_('Coke')}",{np.str_('Sandwich')},0.154,0.52,1.29
"{np.str_('Fries'), np.str_('Ketchup')}",{np.str_('Salad')},0.207,0.48,1.32
"{np.str_('Burger'), np.str_('Salad')}",{np.str_('Pizza')},0.169,0.31,1.15
{np.str_('Burger')},{np.str_('Ketchup')},0.269,0.26,0.94
{np.str_('Sandwich')},{np.str_('Burger')},0.14,0.67,1.03
"{np.str_('Pizza'), np.str_('Sandwich')}",{np.str_('Burger')},0.084,0.28,1.41
"{np.str_('Ketchup'), np.str_('Coke')}",{np.str_('Salad')},0.124,0.83,1.4
{np.str_('Soup')},{np.str_('Ketchup')},0.243,0.56,1.47
"{np.str_('Soup'), np.str_('Sandwich')}",{np.str_('Fries')},0.233,0.38,1.17
"{np.str_('Fries'), np.str_('Pasta')}",{np.str_('Coke')},0.096,0.35,0.89
{np.str_('Ketchup')},{np.str_('Soup')},0.122,0.8,0.83
{np.str_('Fries')},{np.str_('Ketchup')},0.048,0.76,1.35
"{np.str_('Burger'), np.str_('IceCream')}",{np.str_('Soup')},0.297,0.81,1.22
"{np.str_('Ketchup'), np.str_('Pasta')}",{np.str_('Soup')},0.038,0.61,0.87
{np.str_('Pasta')},{np.str_('Ketchup')},0.29,0.3,1.46
{np.str_('Burger')},{np.str_('Fries')},0.223,0.81,1.31
{np.str_('Salad')},{np.str_('Burger')},0.086,0.37,1.16
{np.str_('Pasta')},{np.str_('Coke')},0.117,0.43,1.44
{np.str_('Sandwich')},{np.str_('Burger')},0.207,0.11,1.42
"{np.str_('Ketchup'), np.str_('IceCream')}",{np.str_('Salad')},0.289,0.69,1.4
{np.str_('Fries')},{np.str_('Ketchup')},0.177,0.49,1.17
"{np.str_('Soup'), np.str_('Sandwich')}",{np.str_('Burger')},0.237,0.11,1.26
"{np.str_('Ketchup'), np.str_('Coke')}",{np.str_('Burger')},0.077,0.51,1.44
{np.str_('Burger')},{np.str_('IceCream')},0.055,0.21,0.98
{np.str_('Ketchup')},{np.str_('Pizza')},0.144,0.76,0.94
{np.str_('Burger')},{np.str_('Fries')},0.208,0.41,1.24
"{np.str_('Pizza'), np.str_('Soup')}",{np.str_('Salad')},0.063,0.31,0.95
"{np.str_('Pizza'), np.str_('Pasta')}",{np.str_('Coke')},0.259,0.74,1.47
"{np.str_('Pizza'), np.str_('IceCream')}",{np.str_('Coke')},0.293,0.4,1.32
"{np.str_('Sandwich'), np.str_('Salad')}",{np.str_('Pasta')},0.108,0.18,1.47
{np.str_('Salad')},{np.str_('Pasta')},0.15,0.64,1.16
{np.str_('Burger')},{np.str_('IceCream')},0.113,0.54,0.89
"{np.str_('Ketchup'), np.str_('Soup')}",{np.str_('Salad')},0.225,0.16,0.84
{np.str_('Burger')},{np.str_('Fries')},0.178,0.83,1.21
{np.str_('Ketchup')},{np.str_('Soup')},0.075,0.2,1.15
"{np.str_('Pasta'), np.str_('Soup')}",{np.str_('Sandwich')},0.211,0.69,1.31
"{np.str_('Pizza'), np.str_('Fries')}",{np.str_('Salad')},0.059,0.62,1.23
"{np.str_('Fries'), np.str_('Burger')}",{np.str_('Soup')},0.21,0.48,1.03
"{np.str_('Fries'), np.str_('Pasta')}",{np.str_('Ketchup')},0.064,0.25,1.29
"{np.str_('Ketchup'), np.str_('Pasta')}",{np.str_('Pizza')},0.275,0.48,1.44
{np.str_('Salad')},{np.str_('Coke')},0.189,0.59,1.44
{np.str_('Pasta')},{np.str_('Burger')},0.248,0.24,1.29
"{np.str_('Pasta'), np.str_('IceCream')}",{np.str_('Pizza')},0.061,0.74,1.39
"{np.str_('Ketchup'), np.str_('Coke')}",{np.str_('Burger')},0.206,0.62,0.84
"{np.str_('Coke'), np.str_('Salad')}",{np.str_('Pasta')},0.021,0.61,1.16
{np.str_('IceCream')},{np.str_('Pizza')},0.066,0.48,0.83
"{np.str_('Pasta'), np.str_('Salad')}",{np.str_('Coke')},0.148,0.6,1.29
"{np.str_('Burger'), np.str_('Salad')}",{np.str_('Coke')},0.214,0.87,1.35
{np.str_('Salad')},{np.str_('Pizza')},0.219,0.86,1.33
"{np.str_('Ketchup'), np.str_('Soup')}",{np.str_('Fries')},0.106,0.56,0.97
{np.str_('Fries')},{np.str_('Sandwich')},0.1,0.41,1.02
"{np.str_('Soup'), np.str_('Sandwich')}",{np.str_('Coke')},0.217,0.33,1.16
"{np.str_('IceCream'), np.str_('Sandwich')}",{np.str_('Ketchup')},0.299,0.57,1.02
{np.str_('Coke')},{np.str_('Pizza')},0.132,0.37,1.22
{np.str_('Pizza')},{np.str_('Soup')},0.042,0.29,0.92
"{np.str_('Soup'), np.str_('Salad')}",{np.str_('Coke')},0.085,0.24,0.94
"{np.str_('Fries'), np.str_('IceCream')}",{np.str_('Coke')},0.167,0.68,1.19
"{np.str_('Soup'), np.str_('IceCream')}",{np.str_('Ketchup')},0.122,0.57,1.08
{np.str_('Pizza')},{np.str_('Fries')},0.051,0.6,1.15
{np.str_('Fries')},{np.str_('Salad')},0.224,0.55,0.94
{np.str_('Fries')},{np.str_('Pizza')},0.166,0.57,1.2
"{np.str_('Burger'), np.str_('IceCream')}",{np.str_('Pasta')},0.194,0.68,1.22
{np.str_('IceCream')},{np.str_('Fries')},0.125,0.55,1.08
"{np.str_('Fries'), np.str_('Burger')}",{np.str_('Sandwich')},0.14,0.73,1.11
"{np.str_('Fries'), np.str_('Sandwich')}",{np.str_('Soup')},0.246,0.52,1.22
"{np.str_('Fries'), np.str_('Sandwich')}",{np.str_('Coke')},0.195,0.25,0.88
{np.str_('Burger')},{np.str_('Salad')},0.035,0.37,0.9
{np.str_('Pizza')},{np.str_('Ketchup')},0.3,0.34,1.08
"{np.str_('Ketchup'), np.str_('Pasta')}",{np.str_('IceCream')},0.277,0.5,1.31
"{np.str_('Coke'), np.str_('Sandwich')}",{np.str_('Pasta')},0.057,0.14,0.96
"{np.str_('Ketchup'), np.str_('Soup')}",{np.str_('Coke')},0.121,0.2,1.37
"{np.str_('Pizza'), np.str_('IceCream')}",{np.str_('Salad')},0.205,0.57,1.25
{np.str_('Salad')},{np.str_('Pasta')},0.223,0.62,1.48
{np.str_('IceCream')},{np.str_('Soup')},0.18,0.83,1.43
{np.str_('Burger')},{np.str_('Coke')},0.155,0.18,1.07
"{np.str_('Coke'), np.str_('Soup')}",{np.str_('Salad')},0.26,0.54,0.96
{np.str_('Burger')},{np.str_('Soup')},0.063,0.47,1.25
{np.str_('Fries')},{np.str_('Salad')},0.191,0.8,1.12
"{np.str_('Soup'), np.str_('Salad')}",{np.str_('Coke')},0.021,0.82,1.45
"{np.str_('Pizza'), np.str_('IceCream')}",{np.str_('Fries')},0.152,0.7,1.17
"{np.str_('Burger'), np.str_('Sandwich')}",{np.str_('Ketchup')},0.269,0.26,1.32
{np.str_('Pasta')},{np.str_('Coke')},0.143,0.87,1.32
"{np.str_('Pizza'), np.str_('Burger')}",{np.str_('Pasta')},0.021,0.52,1.2
{np.str_('Sandwich')},{np.str_('Coke')},0.243,0.17,1.29
{np.str_('Coke')},{np.str_('Pizza')},0.052,0.6,1.26
{np.str_('Fries')},{np.str_('Sandwich')},0.156,0.62,1.47
"{np.str_('Coke'), np.str_('Salad')}",{np.str_('Burger')},0.268,0.64,0.92
"{np.str_('Fries'), np.str_('Burger')}",{np.str_('Soup')},0.097,0.45,1.32
{np.str_('Pizza')},{np.str_('Sandwich')},0.3,0.26,0.81
"{np.str_('Pasta'), np.str_('Salad')}",{np.str_('Coke')},0.026,0.63,1.05
"{np.str_('Pizza'), np.str_('Soup')}",{np.str_('Coke')},0.136,0.45,0.92
"{np.str_('Pasta'), np.str_('Sandwich')}",{np.str_('Salad')},0.226,0.7,0.94
"{np.str_('Burger'), np.str_('Coke')}",{np.str_('Pasta')},0.273,0.52,1.18
{np.str_('Burger')},{np.str_('Pizza')},0.189,0.28,0.97
{np.str_('Pizza')},{np.str_('Fries')},0.022,0.32,0.84
"{np.str_('Burger'), np.str_('IceCream')}",{np.str_('Coke')},0.146,0.69,1.15
{np.str_('Pizza')},{np.str_('IceCream')},0.167,0.38,0.97
"{np.str_('Fries'), np.str_('Salad')}",{np.str_('Pizza')},0.086,0.54,1.23
{np.str_('Sandwich')},{np.str_('Pizza')},0.204,0.85,1.26
{np.str_('Fries')},{np.str_('Coke')},0.184,0.52,1.3
{np.str_('Pizza')},{np.str_('Fries')},0.147,0.82,0.82
"{np.str_('Pizza'), np.str_('Fries')}",{np.str_('Sandwich')},0.146,0.71,1.39
"{np.str_('Pizza'), np.str_('Soup')}",{np.str_('Fries')},0.179,0.26,1.36
{np.str_('Soup')},{np.str_('Burger')},0.047,0.57,1.0
{np.str_('Sandwich')},{np.str_('Salad')},0.297,0.41,1.24
{np.str_('Coke')},{np.str_('Ketchup')},0.267,0.19,0.9
{np.str_('Sandwich')},{np.str_('Pasta')},0.145,0.34,0.89
"{np.str_('Ketchup'), np.str_('Pasta')}",{np.str_('Salad')},0.032,0.57,1.37
"{np.str_('Ketchup'), np.str_('Coke')}",{np.str_('Pasta')},0.185,0.62,1.24
{np.str_('Pizza')},{np.str_('Sandwich')},0.165,0.31,1.12
"{np.str_('Coke'), np.str_('Sandwich')}",{np.str_('Burger')},0.236,0.38,0.96
{np.str_('Salad')},{np.str_('Fries')},0.102,0.72,0.86
{np.str_('Salad')},{np.str_('Pizza')},0.17,0.19,1.37
"{np.str_('Soup'), np.str_('Salad')}",{np.str_('Burger')},0.122,0.25,0.99
{np.str_('Salad')},{np.str_('IceCream')},0.181,0.29,1.33
{np.str_('Sandwich')},{np.str_('Soup')},0.236,0.46,0.94
{np.str_('Ketchup')},{np.str_('Soup')},0.213,0.46,0.97
{np.str_('Soup')},{np.str_('Fries')},0.192,0.56,1.04
{np.str_('Pasta')},{np.str_('Salad')},0.2,0.67,1.29
{np.str_('Pasta')},{np.str_('Fries')},0.039,0.78,1.25
{np.str_('Ketchup')},{np.str_('Pizza')},0.12,0.36,1.14
{np.str_('IceCream')},{np.str_('Pizza')},0.048,0.82,1.32
"{np.str_('Pizza'), np.str_('Salad')}",{np.str_('Ketchup')},0.194,0.71,1.08
"{np.str_('Coke'), np.str_('Pasta')}",{np.str_('IceCream')},0.107,0.12,1.48
{np.str_('Soup')},{np.str_('IceCream')},0.123,0.64,0.87
"{np.str_('Coke'), np.str_('Sandwich')}",{np.str_('Salad')},0.072,0.53,1.27
{np.str_('Pizza')},{np.str_('IceCream')},0.025,0.42,0.85
{np.str_('Salad')},{np.str_('Soup')},0.03,0.5,1.11
"{np.str_('Burger'), np.str_('Coke')}",{np.str_('Pasta')},0.243,0.45,1.14
"{np.str_('Coke'), np.str_('Sandwich')}",{np.str_('Soup')},0.017,0.35,0.85
{np.str_('Pizza')},{np.str_('Sandwich')},0.218,0.69,1.0
{np.str_('Pasta')},{np.str_('Fries')},0.09,0.28,1.42
"{np.str_('Burger'), np.str_('Salad')}",{np.str_('Pizza')},0.195,0.11,1.02
"{np.str_('Fries'), np.str_('Soup')}",{np.str_('Coke')},0.066,0.42,1.14
"{np.str_('Ketchup'), np.str_('Pasta')}",{np.str_('Sandwich')},0.25,0.5,0.87
{np.str_('Coke')},{np.str_('Ketchup')},0.171,0.2,1.12
"{np.str_('Fries'), np.str_('Coke')}",{np.str_('Pasta')},0.171,0.6,0.85
{np.str_('Coke')},{np.str_('Salad')},0.203,0.34,0.99
{np.str_('IceCream')},{np.str_('Pasta')},0.049,0.58,1.15
{np.str_('Coke')},{np.str_('Burger')},0.236,0.36,0.89
{np.str_('Pasta')},{np.str_('Pizza')},0.178,0.41,1.34
{np.str_('Burger')},{np.str_('Coke')},0.188,0.84,0.88
"{np.str_('Fries'), np.str_('Pasta')}",{np.str_('Ketchup')},0.2,0.37,1.16
"{np.str_('Coke'), np.str_('Pasta')}",{np.str_('Ketchup')},0.259,0.79,0.82
{np.str_('Ketchup')},{np.str_('IceCream')},0.22,0.77,1.15
{np.str_('Fries')},{np.str_('Pasta')},0.221,0.72,1.27
{np.str_('Soup')},{np.str_('Sandwich')},0.148,0.33,0.92
"{np.str_('Ketchup'), np.str_('Salad')}",{np.str_('Pasta')},0.205,0.84,1.25
{np.str_('Pasta')},{np.str_('IceCream')},0.237,0.47,1.47
{np.str_('Pizza')},{np.str_('Coke')},0.171,0.76,1.49
{np.str_('Salad')},{np.str_('Fries')},0.145,0.87,1.46
{np.str_('Sandwich')},{np.str_('Salad')},0.147,0.27,1.25
"{np.str_('Ketchup'), np.str_('Salad')}",{np.str_('Pasta')},0.213,0.33,1.15
"{np.str_('Coke'), np.str_('IceCream')}",{np.str_('Ketchup')},0.299,0.59,1.25
{np.str_('Fries')},{np.str_('Salad')},0.244,0.85,0.85
"{np.str_('IceCream'), np.str_('Salad')}",{np.str_('Soup')},0.17,0.7,1.31
{np.str_('Pasta')},{np.str_('Sandwich')},0.121,0.62,1.32
{np.str_('Burger')},{np.str_('Ketchup')},0.02,0.27,0.85
{np.str_('Sandwich')},{np.str_('Burger')},0.026,0.65,1.23
"{np.str_('Ketchup'), np.str_('Sandwich')}",{np.str_('Salad')},0.099,0.41,0.81
{np.str_('Salad')},{np.str_('Fries')},0.049,0.13,0.97
{np.str_('Ketchup')},{np.str_('Burger')},0.018,0.72,1.16
{np.str_('Coke')},{np.str_('Sandwich')},0.254,0.4,0.83
{np.str_('Sandwich')},{np.str_('Soup')},0.042,0.74,1.01
"{np.str_('Pizza'), np.str_('IceCream')}",{np.str_('Pasta')},0.091,0.87,1.49
"{np.str_('Fries'), np.str_('Pizza')}",{np.str_('Coke')},0.069,0.77,1.47
{np.str_('Burger')},{np.str_('Coke')},0.061,0.62,1.22
{np.str_('Soup')},{np.str_('IceCream')},0.163,0.33,1.37
{np.str_('Fries')},{np.str_('Salad')},0.208,0.46,0.89
"{np.str_('IceCream'), np.str_('Salad')}",{np.str_('Soup')},0.137,0.58,1.46
{np.str_('IceCream')},{np.str_('Sandwich')},0.112,0.37,1.45
{np.str_('Pasta')},{np.str_('Soup')},0.195,0.33,1.21
{np.str_('Sandwich')},{np.str_('Fries')},0.058,0.15,1.29
{np.str_('Pasta')},{np.str_('Sandwich')},0.219,0.48,1.17
{np.str_('Pasta')},{np.str_('Salad')},0.218,0.29,1.34
"{np.str_('Ketchup'), np.str_('Coke')}",{np.str_('Fries')},0.195,0.61,1.27
{np.str_('Pizza')},{np.str_('Burger')},0.132,0.8,1.17
{np.str_('Fries')},{np.str_('Coke')},0.164,0.12,1.42
"{np.str_('Ketchup'), np.str_('Sandwich')}",{np.str_('Pasta')},0.193,0.52,1.29
{np.str_('Pasta')},{np.str_('Soup')},0.254,0.87,1.08
"{np.str_('Coke'), np.str_('Salad')}",{np.str_('Pizza')},0.17,0.66,0.99
"{np.str_('Pasta'), np.str_('Salad')}",{np.str_('Coke')},0.064,0.39,0.83
"{np.str_('Fries'), np.str_('Ketchup')}",{np.str_('Burger')},0.131,0.67,0.81
"{np.str_('Ketchup'), np.str_('IceCream')}",{np.str_('Fries')},0.137,0.32,1.46
{np.str_('Pasta')},{np.str_('Burger')},0.013,0.77,1.16
{np.str_('IceCream')},{np.str_('Fries')},0.027,0.15,1.06
{np.str_('Ketchup')},{np.str_('Pizza')},0.19,0.82,0.94
"{np.str_('Ketchup'), np.str_('Pasta')}",{np.str_('Soup')},0.11,0.61,1.24
"{np.str_('Coke'), np.str_('IceCream')}",{np.str_('Pasta')},0.158,0.84,1.07
"{np.str_('Ketchup'), np.str_('Sandwich')}",{np.str_('Soup')},0.247,0.57,1.03
"{np.str_('Ketchup'), np.str_('Pasta')}",{np.str_('Soup')},0.053,0.69,0.98
{np.str_('Burger')},{np.str_('Soup')},0.052,0.38,1.21
{np.str_('Pasta')},{np.str_('Coke')},0.246,0.43,1.33
"{np.str_('Coke'), np.str_('Soup')}",{np.str_('Salad')},0.088,0.76,0.91
{np.str_('Coke')},{np.str_('Soup')},0.23,0.45,0.83
{np.str_('Burger')},{np.str_('Pasta')},0.132,0.28,0.8
"{np.str_('IceCream'), np.str_('Soup')}",{np.str_('Sandwich')},0.129,0.38,0.96
{np.str_('Pizza')},{np.str_('Pasta')},0.298,0.29,1.27
{np.str_('Soup')},{np.str_('Burger')},0.064,0.41,1.49
"{np.str_('Pizza'), np.str_('Coke')}",{np.str_('IceCream')},0.249,0.78,1.25
"{np.str_('Burger'), np.str_('Salad')}",{np.str_('Soup')},0.101,0.36,0.92
"{np.str_('Coke'), np.str_('Sandwich')}",{np.str_('Salad')},0.257,0.72,1.23
"{np.str_('IceCream'), np.str_('Sandwich')}",{np.str_('Pasta')},0.036,0.83,1.45
{np.str_('IceCream')},{np.str_('Salad')},0.29,0.51,1.07
{np.str_('Sandwich')},{np.str_('Salad')},0.054,0.67,1.3
"{np.str_('Fries'), np.str_('Salad')}",{np.str_('Pizza')},0.211,0.56,0.88
"{np.str_('Pizza'), np.str_('Pasta')}",{np.str_('Salad')},0.132,0.49,1.45
"{np.str_('Pizza'), np.str_('Soup')}",{np.str_('Fries')},0.297,0.87,0.93
"{np.str_('Soup'), np.str_('Salad')}",{np.str_('Ketchup')},0.037,0.5,1.3
"{np.str_('Ketchup'), np.str_('Salad')}",{np.str_('Pasta')},0.247,0.89,1.49
{np.str_('Ketchup')},{np.str_('IceCream')},0.066,0.19,1.02
"{np.str_('Pizza'), np.str_('Ketchup')}",{np.str_('Fries')},0.224,0.56,1.27
"{np.str_('IceCream'), np.str_('Sandwich')}",{np.str_('Pasta')},0.294,0.27,1.09
{np.str_('Burger')},{np.str_('IceCream')},0.098,0.75,1.44
{np.str_('Sandwich')},{np.str_('Salad')},0.186,0.87,1.26
"{np.str_('Pizza'), np.str_('Sandwich')}",{np.str_('Fries')},0.152,0.36,1.3
"{np.str_('Ketchup'), np.str_('Burger')}",{np.str_('Fries')},0.297,0.5,1.37
{np.str_('Ketchup')},{np.str_('Sandwich')},0.284,0.62,1.34
"{np.str_('Pizza'), np.str_('IceCream')}",{np.str_('Burger')},0.249,0.47,1.37
"{np.str_('Pizza'), np.str_('Sandwich')}",{np.str_('Soup')},0.092,0.13,0.88
"{np.str_('Soup'), np.str_('Salad')}",{np.str_('IceCream')},0.103,0.25,1.06
{np.str_('Fries')},{np.str_('Coke')},0.294,0.32,1.36
"{np.str_('Burger'), np.str_('Pasta')}",{np.str_('Soup')},0.28,0.7,0.98
{np.str_('Coke')},{np.str_('Sandwich')},0.206,0.11,1.0
"{np.str_('IceCream'), np.str_('Salad')}",{np.str_('Fries')},0.219,0.36,1.22
{np.str_('IceCream')},{np.str_('Fries')},0.022,0.18,1.16
{np.str_('Fries')},{np.str_('Sandwich')},0.162,0.16,1.03
"{np.str_('Pasta'), np.str_('Salad')}",{np.str_('IceCream')},0.276,0.19,1.2
"{np.str_('Pizza'), np.str_('Soup')}",{np.str_('Burger')},0.055,0.54,0.99
{np.str_('Coke')},{np.str_('IceCream')},0.19,0.11,1.2
{np.str_('Coke')},{np.str_('Soup')},0.054,0.85,1.19
"{np.str_('Pizza'), np.str_('IceCream')}",{np.str_('Fries')},0.11,0.5,0.93
{np.str_('Salad')},{np.str_('Coke')},0.063,0.59,0.97
"{np.str_('Ketchup'), np.str_('Salad')}",{np.str_('Burger')},0.275,0.57,0.82
{np.str_('Sandwich')},{np.str_('Pizza')},0.23,0.79,1.31
"{np.str_('Ketchup'), np.str_('IceCream')}",{np.str_('Coke')},0.252,0.22,1.23
{np.str_('Salad')},{np.str_('Ketchup')},0.101,0.29,1.42
"{np.str_('Burger'), np.str_('Salad')}",{np.str_('Pasta')},0.198,0.64,1.41
"{np.str_('Ketchup'), np.str_('Coke')}",{np.str_('Salad')},0.269,0.37,0.93
"{np.str_('Pizza'), np.str_('Salad')}",{np.str_('Coke')},0.265,0.81,1.17
{np.str_('IceCream')},{np.str_('Salad')},0.1,0.13,1.16
{np.str_('Sandwich')},{np.str_('Salad')},0.105,0.84,1.13
{np.str_('Burger')},{np.str_('IceCream')},0.167,0.47,1.03
"{np.str_('Coke'), np.str_('IceCream')}",{np.str_('Pizza')},0.16,0.11,1.2
"{np.str_('Fries'), np.str_('Ketchup')}",{np.str_('IceCream')},0.297,0.46,0.89
"{np.str_('Burger'), np.str_('Sandwich')}",{np.str_('Soup')},0.162,0.35,1.14
{np.str_('Fries')},{np.str_('Pasta')},0.093,0.29,1.28
{np.str_('Coke')},{np.str_('Soup')},0.041,0.13,1.38
"{np.str_('IceCream'), np.str_('Sandwich')}",{np.str_('Ketchup')},0.249,0.36,1.22
"{np.str_('Pizza'), np.str_('Burger')}",{np.str_('Sandwich')},0.121,0.22,1.04
{np.str_('Coke')},{np.str_('Pasta')},0.129,0.12,1.29
"{np.str_('Burger'), np.str_('Coke')}",{np.str_('Soup')},0.16,0.3,1.22
"{np.str_('Pasta'), np.str_('IceCream')}",{np.str_('Sandwich')},0.166,0.23,1.21
"{np.str_('Pizza'), np.str_('Pasta')}",{np.str_('Burger')},0.168,0.74,1.33
"{np.str_('Pasta'), np.str_('Sandwich')}",{np.str_('Soup')},0.196,0.42,0.98
{np.str_('Burger')},{np.str_('Fries')},0.069,0.3,0.93
"{np.str_('Burger'), np.str_('Salad')}",{np.str_('Sandwich')},0.019,0.57,1.35
{np.str_('IceCream')},{np.str_('Pizza')},0.074,0.37,1.05
"{np.str_('Sandwich'), np.str_('Salad')}",{np.str_('IceCream')},0.139,0.87,1.23
"{np.str_('Burger'), np.str_('Sandwich')}",{np.str_('Ketchup')},0.293,0.86,1.36
"{np.str_('Ketchup'), np.str_('Sandwich')}",{np.str_('IceCream')},0.279,0.63,1.31
"{np.str_('Burger'), np.str_('Coke')}",{np.str_('Soup')},0.211,0.32,1.12
"{np.str_('Burger'), np.str_('Salad')}",{np.str_('Ketchup')},0.111,0.47,1.25
{np.str_('Salad')},{np.str_('Pasta')},0.268,0.56,1.48
{np.str_('Pizza')},{np.str_('Pasta')},0.196,0.86,1.07
"{np.str_('Pasta'), np.str_('Sandwich')}",{np.str_('Coke')},0.136,0.57,1.27
"{np.str_('Fries'), np.str_('Sandwich')}",{np.str_('Pasta')},0.136,0.37,1.14
{np.str_('Ketchup')},{np.str_('Burger')},0.213,0.71,1.12
{np.str_('Sandwich')},{np.str_('Coke')},0.019,0.32,1.43
"{np.str_('Fries'), np.str_('Ketchup')}",{np.str_('Soup')},0.276,0.33,1.26
"{np.str_('Pizza'), np.str_('Sandwich')}",{np.str_('Fries')},0.276,0.28,0.88
"{np.str_('Coke'), np.str_('Sandwich')}",{np.str_('Fries')},0.058,0.32,0.97
{np.str_('Soup')},{np.str_('Burger')},0.21,0.23,0.91
"{np.str_('Fries'), np.str_('Sandwich')}",{np.str_('Ketchup')},0.025,0.42,0.87
"{np.str_('Pizza'), np.str_('Burger')}",{np.str_('Soup')},0.259,0.57,1.35
"{np.str_('Burger'), np.str_('Salad')}",{np.str_('Sandwich')},0.251,0.14,1.3
"{np.str_('Fries'), np.str_('Sandwich')}",{np.str_('IceCream')},0.075,0.47,1.37
{np.str_('Burger')},{np.str_('Ketchup')},0.251,0.43,1.25
"{np.str_('Ketchup'), np.str_('Pasta')}",{np.str_('Sandwich')},0.127,0.79,1.38
{np.str_('Fries')},{np.str_('Salad')},0.261,0.75,1.26
{np.str_('Pizza')},{np.str_('Pasta')},0.176,0.13,1.18
"{np.str_('Ketchup'), np.str_('Burger')}",{np.str_('Coke')},0.151,0.82,1.42
{np.str_('Soup')},{np.str_('Burger')},0.075,0.58,1.1
{np.str_('Fries')},{np.str_('IceCream')},0.25,0.63,1.01
{np.str_('IceCream')},{np.str_('Ketchup')},0.026,0.68,0.88
{np.str_('Ketchup')},{np.str_('Pasta')},0.256,0.74,1.15
"{np.str_('Ketchup'), np.str_('Pasta')}",{np.str_('Fries')},0.027,0.12,1.05
{np.str_('Burger')},{np.str_('Pizza')},0.131,0.61,1.26
{np.str_('Sandwich')},{np.str_('Salad')},0.046,0.4,1.18
"{np.str_('Ketchup'), np.str_('Burger')}",{np.str_('Pizza')},0.252,0.14,0.94
"{np.str_('Fries'), np.str_('Soup')}",{np.str_('Salad')},0.221,0.38,1.27
"{np.str_('Pasta'), np.str_('Sandwich')}",{np.str_('Coke')},0.033,0.72,1.28
{np.str_('Pasta')},{np.str_('Pizza')},0.165,0.88,1.3
"{np.str_('Pasta'), np.str_('Soup')}",{np.str_('Ketchup')},0.157,0.6,1.43
"{np.str_('Ketchup'), np.str_('IceCream')}",{np.str_('Soup')},0.172,0.34,1.5
{np.str_('Soup')},{np.str_('Ketchup')},0.272,0.73,1.03
{np.str_('Ketchup')},{np.str_('Pasta')},0.039,0.32,0.88
{np.str_('Salad')},{np.str_('Ketchup')},0.256,0.6,1.15
{np.str_('Sandwich')},{np.str_('Burger')},0.212,0.62,1.27
{np.str_('Fries')},{np.str_('Sandwich')},0.056,0.31,1.2
{np.str_('Soup')},{np.str_('Coke')},0.017,0.76,1.39
"{np.str_('Pizza'), np.str_('Soup')}",{np.str_('Coke')},0.275,0.29,1.2
"{np.str_('IceCream'), np.str_('Salad')}",{np.str_('Ketchup')},0.232,0.4,0.92
"{np.str_('Burger'), np.str_('Pasta')}",{np.str_('Pizza')},0.092,0.61,0.94
"{np.str_('Fries'), np.str_('Sandwich')}",{np.str_('Pasta')},0.176,0.37,1.04
"{np.str_('Pizza'), np.str_('Coke')}",{np.str_('Fries')},0.201,0.88,0.84
"{np.str_('Pizza'), np.str_('Salad')}",{np.str_('Sandwich')},0.17,0.45,1.3
{np.str_('Pizza')},{np.str_('Soup')},0.218,0.8,1.39
{np.str_('Salad')},{np.str_('Pasta')},0.227,0.61,1.09
"{np.str_('Burger'), np.str_('Salad')}",{np.str_('Pizza')},0.169,0.42,1.01
{np.str_('Ketchup')},{np.str_('Pasta')},0.019,0.39,1.39
{np.str_('IceCream')},{np.str_('Pasta')},0.067,0.53,1.2
{np.str_('Sandwich')},{np.str_('Burger')},0.249,0.27,1.27
"{np.str_('Pizza'), np.str_('IceCream')}",{np.str_('Soup')},0.094,0.67,1.21
{np.str_('Fries')},{np.str_('Coke')},0.212,0.47,1.33
"{np.str_('Fries'), np.str_('Pizza')}",{np.str_('Salad')},0.034,0.72,1.24
"{np.str_('Ketchup'), np.str_('Pasta')}",{np.str_('Pizza')},0.232,0.61,1.37
{np.str_('Pizza')},{np.str_('Soup')},0.03,0.27,0.81
{np.str_('Ketchup')},{np.str_('IceCream')},0.045,0.66,1.27
{np.str_('Sandwich')},{np.str_('Pizza')},0.025,0.88,0.81
{np.str_('Ketchup')},{np.str_('IceCream')},0.231,0.39,1.38
{np.str_('Pizza')},{np.str_('Soup')},0.267,0.89,0.84
"{np.str_('Pizza'), np.str_('Soup')}",{np.str_('Coke')},0.107,0.53,1.37
"{np.str_('Soup'), np.str_('Salad')}",{np.str_('Ketchup')},0.293,0.13,1.11
{np.str_('Pasta')},{np.str_('IceCream')},0.095,0.65,1.41
{np.str_('Coke')},{np.str_('Salad')},0.171,0.59,1.13
"{np.str_('IceCream'), np.str_('Salad')}",{np.str_('Pizza')},0.231,0.63,1.15
{np.str_('Ketchup')},{np.str_('Salad')},0.161,0.17,0.88
{np.str_('Fries')},{np.str_('Ketchup')},0.14,0.35,1.48
{np.str_('Burger')},{np.str_('Salad')},0.21,0.54,1.04
{np.str_('Ketchup')},{np.str_('Pizza')},0.191,0.25,0.9
{np.str_('IceCream')},{np.str_('Fries')},0.254,0.12,0.96
"{np.str_('Pizza'), np.str_('Burger')}",{np.str_('Pasta')},0.057,0.16,1.19
{np.str_('Pasta')},{np.str_('Burger')},0.122,0.61,1.41
{np.str_('Salad')},{np.str_('Fries')},0.088,0.65,1.21
"{np.str_('Ketchup'), np.str_('IceCream')}",{np.str_('Burger')},0.285,0.82,1.29
{np.str_('Soup')},{np.str_('Salad')},0.093,0.53,1.42
"{np.str_('Coke'), np.str_('Soup')}",{np.str_('Pasta')},0.114,0.75,0.88
{np.str_('Burger')},{np.str_('Pasta')},0.206,0.51,1.38
"{np.str_('Fries'), np.str_('Salad')}",{np.str_('Soup')},0.095,0.67,1.28
{np.str_('Ketchup')},{np.str_('Pizza')},0.148,0.33,1.12
{np.str_('Ketchup')},{np.str_('Salad')},0.082,0.44,1.12
"{np.str_('Sandwich'), np.str_('Salad')}",{np.str_('Coke')},0.239,0.43,1.15
"{np.str_('Ketchup'), np.str_('Pasta')}",{np.str_('Sandwich')},0.056,0.51,1.08
{np.str_('Pasta')},{np.str_('Fries')},0.189,0.35,0.83
{np.str_('Ketchup')},{np.str_('Pizza')},0.29,0.12,1.3
{np.str_('Ketchup')},{np.str_('IceCream')},0.195,0.68,1.2
{np.str_('Ketchup')},{np.str_('Coke')},0.183,0.67,1.17
"{np.str_('Fries'), np.str_('Ketchup')}",{np.str_('Pasta')},0.063,0.59,1.37
{np.str_('Fries')},{np.str_('Sandwich')},0.019,0.63,1.09
{np.str_('Sandwich')},{np.str_('Fries')},0.168,0.36,1.4
"{np.str_('IceCream'), np.str_('Sandwich')}",{np.str_('Fries')},0.275,0.68,1.24
"{np.str_('Pizza'), np.str_('Burger')}",{np.str_('Ketchup')},0.19,0.86,1.26
{np.str_('Sandwich')},{np.str_('Coke')},0.123,0.33,1.29
"{np.str_('Pizza'), np.str_('Burger')}",{np.str_('Sandwich')},0.087,0.77,1.08
{np.str_('Pizza')},{np.str_('Salad')},0.077,0.15,1.26
{np.str_('Sandwich')},{np.str_('Ketchup')},0.226,0.82,0.98
{np.str_('Sandwich')},{np.str_('Soup')},0.26,0.63,1.3
"{np.str_('Pizza'), np.str_('Coke')}",{np.str_('Salad')},0.3,0.67,1.27
{np.str_('Sandwich')},{np.str_('Pizza')},0.274,0.48,0.92
"{np.str_('Ketchup'), np.str_('IceCream')}",{np.str_('Salad')},0.031,0.7,1.19
{np.str_('IceCream')},{np.str_('Ketchup')},0.166,0.8,0.84
{np.str_('IceCream')},{np.str_('Pizza')},0.164,0.51,1.24
{np.str_('Ketchup')},{np.str_('IceCream')},0.237,0.48,0.82
"{np.str_('IceCream'), np.str_('Salad')}",{np.str_('Soup')},0.184,0.23,1.42
{np.str_('Pizza')},{np.str_('IceCream')},0.103,0.2,1.38
"{np.str_('Ketchup'), np.str_('Soup')}",{np.str_('Pizza')},0.153,0.75,1.39
"{np.str_('Burger'), np.str_('Sandwich')}",{np.str_('Pasta')},0.237,0.79,1.22
{np.str_('Burger')},{np.str_('IceCream')},0.041,0.49,1.4
{np.str_('Sandwich')},{np.str_('Burger')},0.048,0.19,0.82
"{np.str_('Pasta'), np.str_('Soup')}",{np.str_('Salad')},0.229,0.51,1.0
{np.str_('Fries')},{np.str_('Salad')},0.205,0.51,1.42
"{np.str_('Pasta'), np.str_('IceCream')}",{np.str_('Soup')},0.151,0.76,1.34
"{np.str_('Coke'), np.str_('Soup')}",{np.str_('Burger')},0.259,0.82,1.22
{np.str_('Ketchup')},{np.str_('Pasta')},0.248,0.71,1.3
{np.str_('Pizza')},{np.str_('Pasta')},0.158,0.2,1.0
"{np.str_('Pasta'), np.str_('Salad')}",{np.str_('Soup')},0.283,0.75,1.01
{np.str_('Pasta')},{np.str_('Coke')},0.097,0.34,1.07
"{np.str_('Ketchup'), np.str_('IceCream')}",{np.str_('Soup')},0.048,0.22,1.33
"{np.str_('Ketchup'), np.str_('Coke')}",{np.str_('Fries')},0.13,0.59,1.25
"{np.str_('Ketchup'), np.str_('Coke')}",{np.str_('Soup')},0.088,0.54,1.05
{np.str_('Pizza')},{np.str_('Salad')},0.274,0.39,1.29
{np.str_('Soup')},{np.str_('Sandwich')},0.093,0.59,0.93
"{np.str_('Pizza'), np.str_('Fries')}",{np.str_('Coke')},0.147,0.55,0.8
"{np.str_('Ketchup'), np.str_('Soup')}",{np.str_('Sandwich')},0.149,0.22,1.28
"{np.str_('Pasta'), np.str_('Sandwich')}",{np.str_('Pizza')},0.086,0.76,0.99
{np.str_('Sandwich')},{np.str_('Salad')},0.197,0.75,1.02
{np.str_('Sandwich')},{np.str_('Salad')},0.254,0.34,1.43
"{np.str_('Pizza'), np.str_('Coke')}",{np.str_('IceCream')},0.181,0.36,1.43
{np.str_('Fries')},{np.str_('Sandwich')},0.032,0.21,1.22
{np.str_('Sandwich')},{np.str_('Burger')},0.244,0.73,0.81
{np.str_('IceCream')},{np.str_('Salad')},0.039,0.47,1.27
"{np.str_('Ketchup'), np.str_('Soup')}",{np.str_('Pizza')},0.138,0.14,1.01
"{np.str_('Fries'), np.str_('Sandwich')}",{np.str_('Burger')},0.203,0.63,1.16
{np.str_('Pasta')},{np.str_('Salad')},0.177,0.87,1.1
{np.str_('IceCream')},{np.str_('Fries')},0.189,0.87,1.03
"{np.str_('Pizza'), np.str_('Sandwich')}",{np.str_('Soup')},0.252,0.4,0.85
{np.str_('Burger')},{np.str_('Coke')},0.241,0.82,0.95
{np.str_('Salad')},{np.str_('Burger')},0.104,0.78,1.39
"{np.str_('Fries'), np.str_('Coke')}",{np.str_('Pasta')},0.227,0.38,1.28
"{np.str_('Sandwich'), np.str_('Salad')}",{np.str_('Ketchup')},0.124,0.17,1.27
"{np.str_('Fries'), np.str_('Coke')}",{np.str_('Burger')},0.086,0.42,1.07
{np.str_('Coke')},{np.str_('Ketchup')},0.087,0.16,1.03
"{np.str_('Fries'), np.str_('Ketchup')}",{np.str_('Burger')},0.044,0.28,0.98
{np.str_('IceCream')},{np.str_('Burger')},0.126,0.11,1.11
"{np.str_('Fries'), np.str_('Ketchup')}",{np.str_('Pasta')},0.139,0.61,1.19
"{np.str_('IceCream'), np.str_('Sandwich')}",{np.str_('Salad')},0.128,0.89,0.9
"{np.str_('Pasta'), np.str_('IceCream')}",{np.str_('Salad')},0.168,0.47,1.35
"{np.str_('Ketchup'), np.str_('Sandwich')}",{np.str_('Coke')},0.198,0.72,0.98
{np.str_('Fries')},{np.str_('Coke')},0.11,0.72,0.89
{np.str_('Coke')},{np.str_('Pizza')},0.277,0.45,1.46
{np.str_('Soup')},{np.str_('Sandwich')},0.203,0.29,1.17
"{np.str_('Pizza'), np.str_('Pasta')}",{np.str_('Coke')},0.277,0.63,1.08
"{np.str_('Fries'), np.str_('Ketchup')}",{np.str_('Sandwich')},0.158,0.5,1.38
{np.str_('Coke')},{np.str_('Sandwich')},0.039,0.27,1.1
"{np.str_('Coke'), np.str_('Sandwich')}",{np.str_('Pasta')},0.081,0.6,0.96
{np.str_('Pasta')},{np.str_('Burger')},0.138,0.86,1.19
{np.str_('Fries')},{np.str_('Sandwich')},0.184,0.63,0.92
"{np.str_('Soup'), np.str_('Salad')}",{np.str_('Pasta')},0.27,0.86,1.3
{np.str_('Ketchup')},{np.str_('Soup')},0.136,0.44,1.27
"{np.str_('Soup'), np.str_('Sandwich')}",{np.str_('Ketchup')},0.193,0.89,1.04
"{np.str_('Coke'), np.str_('Soup')}",{np.str_('Burger')},0.159,0.36,1.03
{np.str_('Pasta')},{np.str_('Soup')},0.177,0.88,0.82
"{np.str_('Burger'), np.str_('Salad')}",{np.str_('Soup')},0.022,0.21,0.99
{np.str_('IceCream')},{np.str_('Fries')},0.173,0.31,1.08
"{np.str_('Burger'), np.str_('Soup')}",{np.str_('Ketchup')},0.019,0.62,1.15
{np.str_('Ketchup')},{np.str_('Coke')},0.278,0.83,1.3
"{np.str_('IceCream'), np.str_('Salad')}",{np.str_('Ketchup')},0.149,0.59,1.14
"{np.str_('Pasta'), np.str_('Soup')}",{np.str_('Pizza')},0.052,0.26,1.08
"{np.str_('Soup'), np.str_('Salad')}",{np.str_('IceCream')},0.249,0.25,0.89
{np.str_('Pasta')},{np.str_('Fries')},0.272,0.84,1.15
"{np.str_('Pizza'), np.str_('Coke')}",{np.str_('Fries')},0.229,0.16,1.17
{np.str_('Sandwich')},{np.str_('Salad')},0.084,0.48,0.97
{np.str_('Salad')},{np.str_('Sandwich')},0.142,0.23,1.09
"{np.str_('Fries'), np.str_('Coke')}",{np.str_('Salad')},0.107,0.27,1.23
{np.str_('Fries')},{np.str_('Pasta')},0.139,0.64,1.33
"{np.str_('Burger'), np.str_('Sandwich')}",{np.str_('Salad')},0.197,0.75,1.17
{np.str_('Salad')},{np.str_('Coke')},0.059,0.6,1.11
"{np.str_('Pizza'), np.str_('Coke')}",{np.str_('Soup')},0.086,0.3,1.32
{np.str_('Sandwich')},{np.str_('Ketchup')},0.168,0.9,1.42
"{np.str_('Coke'), np.str_('Salad')}",{np.str_('Soup')},0.028,0.52,1.14
"{np.str_('Coke'), np.str_('Pasta')}",{np.str_('Salad')},0.094,0.22,1.25
"{np.str_('Coke'), np.str_('Sandwich')}",{np.str_('Pizza')},0.138,0.47,1.47
"{np.str_('Pizza'), np.str_('Coke')}",{np.str_('Salad')},0.11,0.8,1.15
"{np.str_('Sandwich'), np.str_('Salad')}",{np.str_('Soup')},0.143,0.29,1.03
"{np.str_('Coke'), np.str_('Soup')}",{np.str_('Fries')},0.055,0.72,0.99
"{np.str_('Burger'), np.str_('Pasta')}",{np.str_('Soup')},0.247,0.43,1.12
"{np.str_('Pizza'), np.str_('IceCream')}",{np.str_('Pasta')},0.095,0.23,1.18
"{np.str_('IceCream'), np.str_('Salad')}",{np.str_('Burger')},0.02,0.52,0.98
"{np.str_('Ketchup'), np.str_('Sandwich')}",{np.str_('Pasta')},0.236,0.63,1.34
{np.str_('Coke')},{np.str_('IceCream')},0.083,0.45,1.25
{np.str_('Sandwich')},{np.str_('Coke')},0.074,0.14,1.33
"{np.str_('Pizza'), np.str_('Coke')}",{np.str_('Soup')},0.051,0.53,1.23
"{np.str_('Pizza'), np.str_('Sandwich')}",{np.str_('Fries')},0.166,0.37,1.43
{np.str_('Pasta')},{np.str_('Burger')},0.253,0.55,1.06
"{np.str_('Pizza'), np.str_('Sandwich')}",{np.str_('Coke')},0.037,0.33,0.86
{np.str_('Burger')},{np.str_('Salad')},0.21,0.6,1.38
{np.str_('Pizza')},{np.str_('Fries')},0.016,0.4,0.96
"{np.str_('Pizza'), np.str_('Pasta')}",{np.str_('Soup')},0.281,0.14,0.89
{np.str_('Fries')},{np.str_('Coke')},0.285,0.66,1.39
{np.str_('Fries')},{np.str_('Burger')},0.298,0.38,1.43
"{np.str_('Pasta'), np.str_('Salad')}",{np.str_('Coke')},0.072,0.9,1.27
"{np.str_('Coke'), np.str_('Salad')}",{np.str_('Fries')},0.295,0.45,1.01
{np.str_('Salad')},{np.str_('Ketchup')},0.221,0.7,0.96
{np.str_('Soup')},{np.str_('Coke')},0.048,0.48,1.35
{np.str_('Ketchup')},{np.str_('Sandwich')},0.257,0.76,1.13
{np.str_('Burger')},{np.str_('Coke')},0.234,0.37,1.32
"{np.str_('Pizza'), np.str_('Sandwich')}",{np.str_('Fries')},0.093,0.38,1.01
{np.str_('Burger')},{np.str_('Pasta')},0.071,0.14,1.16
{np.str_('Pasta')},{np.str_('Soup')},0.144,0.67,1.21
{np.str_('Salad')},{np.str_('Ketchup')},0.155,0.87,0.81
"{np.str_('Pizza'), np.str_('Burger')}",{np.str_('Salad')},0.202,0.41,1.28
{np.str_('Burger')},{np.str_('Fries')},0.166,0.71,0.8
"{np.str_('Pasta'), np.str_('Salad')}",{np.str_('Fries')},0.255,0.45,0.94
"{np.str_('Burger'), np.str_('Pasta')}",{np.str_('Fries')},0.221,0.15,1.17
"{np.str_('Pasta'), np.str_('Salad')}",{np.str_('Burger')},0.17,0.58,1.31
"{np.str_('Ketchup'), np.str_('Salad')}",{np.str_('Burger')},0.087,0.75,1.37
"{np.str_('Burger'), np.str_('Salad')}",{np.str_('Pasta')},0.022,0.47,1.39
{np.str_('Salad')},{np.str_('IceCream')},0.075,0.75,1.49
{np.str_('IceCream')},{np.str_('Fries')},0.054,0.81,0.93
{np.str_('Soup')},{np.str_('Pasta')},0.044,0.6,1.19
{np.str_('Sandwich')},{np.str_('Burger')},0.022,0.3,1.21
"{np.str_('Pizza'), np.str_('Coke')}",{np.str_('Fries')},0.174,0.39,0.94
{np.str_('Fries')},{np.str_('Pasta')},0.163,0.77,0.98
{np.str_('Coke')},{np.str_('Pizza')},0.266,0.25,0.86
{np.str_('Soup')},{np.str_('Ketchup')},0.155,0.67,1.34
{np.str_('IceCream')},{np.str_('Burger')},0.297,0.19,1.06
"{np.str_('Pizza'), np.str_('Salad')}",{np.str_('Soup')},0.277,0.23,1.19
{np.str_('Burger')},{np.str_('Fries')},0.286,0.71,1.2
"{np.str_('Ketchup'), np.str_('Pasta')}",{np.str_('Burger')},0.08,0.7,0.92
"{np.str_('Burger'), np.str_('Soup')}",{np.str_('Salad')},0.057,0.76,1.01
{np.str_('Ketchup')},{np.str_('Coke')},0.255,0.19,0.83
{np.str_('Fries')},{np.str_('Pizza')},0.069,0.65,0.87
{np.str_('Sandwich')},{np.str_('Pasta')},0.29,0.1,1.37
{np.str_('Fries')},{np.str_('Burger')},0.022,0.6,0.97
{np.str_('Coke')},{np.str_('Ketchup')},0.223,0.81,0.91
{np.str_('Soup')},{np.str_('Salad')},0.147,0.85,1.04
"{np.str_('Fries'), np.str_('Pasta')}",{np.str_('Burger')},0.036,0.87,0.97
{np.str_('Soup')},{np.str_('Pasta')},0.062,0.28,1.22
"{np.str_('Soup'), np.str_('IceCream')}",{np.str_('Sandwich')},0.081,0.88,0.82
{np.str_('Burger')},{np.str_('Pizza')},0.221,0.18,1.33
"{np.str_('Soup'), np.str_('Sandwich')}",{np.str_('Coke')},0.28,0.22,1.26
"{np.str_('Ketchup'), np.str_('Burger')}",{np.str_('IceCream')},0.022,0.31,1.05
{np.str_('Ketchup')},{np.str_('Fries')},0.048,0.56,1.04
{np.str_('Pizza')},{np.str_('IceCream')},0.232,0.49,1.48
{np.str_('Pasta')},{np.str_('Salad')},0.043,0.28,1.5
"{np.str_('Coke'), np.str_('Salad')}",{np.str_('IceCream')},0.016,0.2,1.4
{np.str_('Salad')},{np.str_('Fries')},0.269,0.22,1.26
"{np.str_('Ketchup'), np.str_('Pasta')}",{np.str_('Fries')},0.298,0.57,1.3
"{np.str_('IceCream'), np.str_('Soup')}",{np.str_('Ketchup')},0.215,0.74,1.06
{np.str_('Fries')},{np.str_('Ketchup')},0.028,0.23,1.05
"{np.str_('Pizza'), np.str_('Sandwich')}",{np.str_('IceCream')},0.281,0.6,1.21
{np.str_('Soup')},{np.str_('Salad')},0.03,0.53,1.29
"{np.str_('Ketchup'), np.str_('Sandwich')}",{np.str_('Soup')},0.115,0.73,0.97
{np.str_('Ketchup')},{np.str_('IceCream')},0.266,0.53,1.27
"{np.str_('Burger'), np.str_('Sandwich')}",{np.str_('Pasta')},0.269,0.14,1.33
{np.str_('Pasta')},{np.str_('Sandwich')},0.082,0.82,0.88
{np.str_('Ketchup')},{np.str_('Burger')},0.062,0.16,1.21
"{np.str_('Fries'), np.str_('Burger')}",{np.str_('Pasta')},0.27,0.15,1.39
"{np.str_('Soup'), np.str_('IceCream')}",{np.str_('Coke')},0.133,0.44,1.18
"{np.str_('Coke'), np.str_('Salad')}",{np.str_('IceCream')},0.273,0.39,0.98
{np.str_('Salad')},{np.str_('IceCream')},0.297,0.3,1.13
"{np.str_('Fries'), np.str_('Salad')}",{np.str_('Pasta')},0.067,0.62,1.08
{np.str_('Soup')},{np.str_('Ketchup')},0.065,0.53,1.48
{np.str_('Fries')},{np.str_('Burger')},0.24,0.59,0.84
"{np.str_('Coke'), np.str_('Pasta')}",{np.str_('IceCream')},0.071,0.56,1.01
"{np.str_('Pizza'), np.str_('IceCream')}",{np.str_('Coke')},0.074,0.79,1.21
{np.str_('Pasta')},{np.str_('Fries')},0.286,0.71,1.49
"{np.str_('Burger'), np.str_('IceCream')}",{np.str_('Coke')},0.133,0.87,0.95
"{np.str_('Fries'), np.str_('Sandwich')}",{np.str_('Coke')},0.193,0.8,0.92
"{np.str_('IceCream'), np.str_('Soup')}",{np.str_('Pizza')},0.214,0.47,1.08
"{np.str_('Ketchup'), np.str_('Pasta')}",{np.str_('IceCream')},0.198,0.81,0.99
"{np.str_('Pizza'), np.str_('Burger')}",{np.str_('Salad')},0.093,0.89,1.28
"{np.str_('Soup'), np.str_('Sandwich')}",{np.str_('Ketchup')},0.068,0.58,0.81
{np.str_('Soup')},{np.str_('Sandwich')},0.052,0.4,0.81
"{np.str_('Pizza'), np.str_('Pasta')}",{np.str_('Sandwich')},0.285,0.51,0.85
{np.str_('Ketchup')},{np.str_('Coke')},0.205,0.19,0.84
{np.str_('Sandwich')},{np.str_('Burger')},0.272,0.28,1.28
{np.str_('IceCream')},{np.str_('Soup')},0.185,0.21,1.46
{np.str_('Pizza')},{np.str_('Salad')},0.146,0.2,1.43
{np.str_('IceCream')},{np.str_('Ketchup')},0.059,0.64,1.09
"{np.str_('Burger'), np.str_('IceCream')}",{np.str_('Pizza')},0.203,0.65,1.27
"{np.str_('Fries'), np.str_('Ketchup')}",{np.str_('Burger')},0.11,0.41,1.31
"{np.str_('Fries'), np.str_('Burger')}",{np.str_('Salad')},0.076,0.6,1.29
{np.str_('Pasta')},{np.str_('Fries')},0.049,0.16,0.87
{np.str_('Salad')},{np.str_('Sandwich')},0.245,0.14,0.97
"{np.str_('Fries'), np.str_('IceCream')}",{np.str_('Pizza')},0.223,0.61,1.32
"{np.str_('Burger'), np.str_('Salad')}",{np.str_('IceCream')},0.03,0.57,0.88
{np.str_('Pasta')},{np.str_('Soup')},0.146,0.84,1.01
{np.str_('Pasta')},{np.str_('Sandwich')},0.246,0.24,1.46
"{np.str_('Ketchup'), np.str_('Coke')}",{np.str_('Burger')},0.225,0.28,1.44
{np.str_('Pizza')},{np.str_('Sandwich')},0.086,0.51,1.4
"{np.str_('Burger'), np.str_('Soup')}",{np.str_('Ketchup')},0.072,0.65,1.38
{np.str_('Sandwich')},{np.str_('Burger')},0.248,0.34,1.29
"{np.str_('Ketchup'), np.str_('Sandwich')}",{np.str_('Soup')},0.188,0.51,1.01
{np.str_('Ketchup')},{np.str_('Pizza')},0.264,0.38,0.85
{np.str_('Pasta')},{np.str_('Pizza')},0.129,0.56,0.86
"{np.str_('Pizza'), np.str_('Ketchup')}",{np.str_('Fries')},0.021,0.5,0.95
{np.str_('Fries')},{np.str_('Burger')},0.14,0.73,1.43
"{np.str_('Ketchup'), np.str_('IceCream')}",{np.str_('Sandwich')},0.277,0.38,0.83
{np.str_('Pizza')},{np.str_('Soup')},0.246,0.54,1.46
{np.str_('Burger')},{np.str_('IceCream')},0.205,0.2,0.97
{np.str_('Sandwich')},{np.str_('Coke')},0.154,0.37,1.06
{np.str_('Soup')},{np.str_('Burger')},0.245,0.49,0.9
{np.str_('Pizza')},{np.str_('Burger')},0.241,0.3,1.09
"{np.str_('Fries'), np.str_('Sandwich')}",{np.str_('Pasta')},0.043,0.47,1.21
"{np.str_('Pasta'), np.str_('IceCream')}",{np.str_('Salad')},0.268,0.56,1.02
"{np.str_('Pizza'), np.str_('Salad')}",{np.str_('Sandwich')},0.237,0.51,1.03
{np.str_('Fries')},{np.str_('IceCream')},0.031,0.87,0.95
"{np.str_('Ketchup'), np.str_('Salad')}",{np.str_('IceCream')},0.02,0.89,1.12
{np.str_('Pasta')},{np.str_('Salad')},0.262,0.17,0.97
{np.str_('Fries')},{np.str_('Pasta')},0.22,0.6,1.09
{np.str_('Soup')},{np.str_('Sandwich')},0.156,0.72,0.93
{np.str_('Salad')},{np.str_('Pasta')},0.059,0.16,1.01
{np.str_('IceCream')},{np.str_('Sandwich')},0.217,0.22,0.84
"{np.str_('Pizza'), np.str_('Sandwich')}",{np.str_('Salad')},0.012,0.71,0.91
{np.str_('Pizza')},{np.str_('Fries')},0.197,0.1,1.4
"{np.str_('Pizza'), np.str_('Pasta')}",{np.str_('Coke')},0.125,0.2,1.28
"{np.str_('Pizza'), np.str_('IceCream')}",{np.str_('Soup')},0.132,0.66,1.25
"{np.str_('Burger'), np.str_('Soup')}",{np.str_('Sandwich')},0.044,0.37,0.88
"{np.str_('Fries'), np.str_('Soup')}",{np.str_('Coke')},0.075,0.14,0.94
"{np.str_('Ketchup'), np.str_('Pasta')}",{np.str_('Sandwich')},0.172,0.64,0.92
"{np.str_('Pizza'), np.str_('Salad')}",{np.str_('Coke')},0.087,0.41,1.01
"{np.str_('Pizza'), np.str_('Burger')}",{np.str_('Fries')},0.069,0.18,1.16
{np.str_('Pasta')},{np.str_('Coke')},0.27,0.12,1.34
{np.str_('Coke')},{np.str_('Pizza')},0.266,0.44,0.92
{np.str_('Soup')},{np.str_('Ketchup')},0.038,0.71,1.07
{np.str_('Ketchup')},{np.str_('Burger')},0.04,0.13,1.02
"{np.str_('Pizza'), np.str_('IceCream')}",{np.str_('Ketchup')},0.135,0.17,1.17
"{np.str_('Pizza'), np.str_('Coke')}",{np.str_('Ketchup')},0.018,0.67,1.31
"{np.str_('Pasta'), np.str_('Soup')}",{np.str_('Coke')},0.297,0.9,1.42
{np.str_('Coke')},{np.str_('Pasta')},0.024,0.89,0.91
"{np.str_('Pizza'), np.str_('Fries')}",{np.str_('Sandwich')},0.145,0.18,1.42
"{np.str_('Burger'), np.str_('Pasta')}",{np.str_('Sandwich')},0.193,0.35,1.06
"{np.str_('Soup'), np.str_('Salad')}",{np.str_('Sandwich')},0.012,0.81,1.31
{np.str_('Pizza')},{np.str_('Fries')},0.297,0.3,0.85
{np.str_('Salad')},{np.str_('Burger')},0.218,0.18,1.16
{np.str_('Pasta')},{np.str_('Burger')},0.153,0.2,1.49
{np.str_('Pizza')},{np.str_('Sandwich')},0.013,0.33,1.13
{np.str_('Fries')},{np.str_('Sandwich')},0.15,0.17,1.36
{np.str_('Pasta')},{np.str_('Soup')},0.231,0.19,1.29
"{np.str_('Burger'), np.str_('Sandwich')}",{np.str_('IceCream')},0.103,0.32,0.96
{np.str_('Fries')},{np.str_('Pasta')},0.275,0.76,1.31
"{np.str_('Soup'), np.str_('Sandwich')}",{np.str_('IceCream')},0.283,0.47,1.09
"{np.str_('Burger'), np.str_('Salad')}",{np.str_('Coke')},0.032,0.58,1.14
{np.str_('Pizza')},{np.str_('Pasta')},0.286,0.66,0.87
"{np.str_('Sandwich'), np.str_('Salad')}",{np.str_('Burger')},0.127,0.15,1.02
{np.str_('Soup')},{np.str_('Pasta')},0.046,0.45,1.37
{np.str_('Soup')},{np.str_('Sandwich')},0.251,0.7,1.13
"{np.str_('Soup'), np.str_('Salad')}",{np.str_('Coke')},0.266,0.86,1.29
"{np.str_('Pizza'), np.str_('IceCream')}",{np.str_('Salad')},0.12,0.9,1.26
{np.str_('Ketchup')},{np.str_('Pizza')},0.066,0.45,1.46
"{np.str_('Coke'), np.str_('Salad')}",{np.str_('Burger')},0.11,0.66,1.21
"{np.str_('IceCream'), np.str_('Soup')}",{np.str_('Burger')},0.027,0.3,0.83
{np.str_('Burger')},{np.str_('Salad')},0.042,0.34,0.82
"{np.str_('Burger'), np.str_('IceCream')}",{np.str_('Fries')},0.113,0.44,1.49
"{np.str_('IceCream'), np.str_('Salad')}",{np.str_('Burger')},0.039,0.87,1.39
{np.str_('Sandwich')},{np.str_('Ketchup')},0.085,0.45,0.95
"{np.str_('Ketchup'), np.str_('Pasta')}",{np.str_('Soup')},0.203,0.24,0.84
{np.str_('Burger')},{np.str_('Coke')},0.104,0.11,1.18
{np.str_('Ketchup')},{np.str_('Soup')},0.065,0.72,1.03
"{np.str_('Ketchup'), np.str_('Pasta')}",{np.str_('Burger')},0.276,0.84,1.29
"{np.str_('Pizza'), np.str_('Soup')}",{np.str_('Coke')},0.123,0.16,1.1
{np.str_('Fries')},{np.str_('Ketchup')},0.095,0.14,1.24
"{np.str_('Coke'), np.str_('Burger')}",{np.str_('Soup')},0.111,0.75,0.88
{np.str_('Burger')},{np.str_('Coke')},0.189,0.24,0.85
"{np.str_('Fries'), np.str_('Burger')}",{np.str_('Ketchup')},0.208,0.58,0.89
{np.str_('Ketchup')},{np.str_('Soup')},0.298,0.12,0.95
{np.str_('Fries')},{np.str_('Coke')},0.073,0.51,1.25
"{np.str_('Ketchup'), np.str_('IceCream')}",{np.str_('Fries')},0.206,0.17,1.27
"{np.str_('Fries'), np.str_('Pasta')}",{np.str_('Sandwich')},0.172,0.57,1.03
"{np.str_('Pizza'), np.str_('Soup')}",{np.str_('IceCream')},0.142,0.74,1.1
"{np.str_('Burger'), np.str_('Pasta')}",{np.str_('Fries')},0.096,0.75,1.44
"{np.str_('Coke'), np.str_('Pasta')}",{np.str_('Salad')},0.254,0.87,1.5
{np.str_('Coke')},{np.str_('Pizza')},0.299,0.61,1.41
"{np.str_('IceCream'), np.str_('Salad')}",{np.str_('Burger')},0.197,0.28,1.11
{np.str_('IceCream')},{np.str_('Soup')},0.07,0.59,1.31
{np.str_('Sandwich')},{np.str_('Coke')},0.102,0.12,1.23
{np.str_('Coke')},{np.str_('Ketchup')},0.21,0.42,0.87
{np.str_('Pizza')},{np.str_('Pasta')},0.014,0.39,0.85
"{np.str_('Pasta'), np.str_('Soup')}",{np.str_('Burger')},0.116,0.24,1.03
"{np.str_('Coke'), np.str_('IceCream')}",{np.str_('Burger')},0.298,0.69,1.16
{np.str_('Coke')},{np.str_('Pasta')},0.075,0.32,0.81
{np.str_('Fries')},{np.str_('Coke')},0.136,0.43,0.88
"{np.str_('Pizza'), np.str_('Sandwich')}",{np.str_('Salad')},0.072,0.49,1.17
{np.str_('Pizza')},{np.str_('Fries')},0.183,0.8,1.41
"{np.str_('Soup'), np.str_('Sandwich')}",{np.str_('Salad')},0.065,0.12,0.92
{np.str_('Ketchup')},{np.str_('Coke')},0.185,0.82,0.83
{np.str_('Burger')},{np.str_('Fries')},0.262,0.86,1.12
{np.str_('Ketchup')},{np.str_('Burger')},0.178,0.88,1.0
"{np.str_('Ketchup'), np.str_('Soup')}",{np.str_('Coke')},0.199,0.81,1.44
{np.str_('IceCream')},{np.str_('Burger')},0.282,0.65,1.46
"{np.str_('Pizza'), np.str_('Burger')}",{np.str_('Soup')},0.204,0.3,1.37
"{np.str_('Coke'), np.str_('Sandwich')}",{np.str_('Burger')},0.105,0.65,0.98
"{np.str_('Soup'), np.str_('Salad')}",{np.str_('Sandwich')},0.072,0.4,1.44
"{np.str_('Fries'), np.str_('Coke')}",{np.str_('Burger')},0.093,0.35,1.38
{np.str_('Sandwich')},{np.str_('Pasta')},0.292,0.86,0.96
{np.str_('Coke')},{np.str_('Pizza')},0.285,0.37,1.11
{np.str_('Ketchup')},{np.str_('Salad')},0.023,0.18,1.11
"{np.str_('Burger'), np.str_('Sandwich')}",{np.str_('Soup')},0.044,0.15,1.4
"{np.str_('IceCream'), np.str_('Soup')}",{np.str_('Salad')},0.277,0.15,1.46
"{np.str_('Fries'), np.str_('Coke')}",{np.str_('Burger')},0.259,0.35,1.1
{np.str_('Coke')},{np.str_('Soup')},0.028,0.79,1.02
"{np.str_('Pasta'), np.str_('IceCream')}",{np.str_('Salad')},0.202,0.39,1.3
{np.str_('Burger')},{np.str_('Sandwich')},0.045,0.72,1.33
{np.str_('Pizza')},{np.str_('IceCream')},0.12,0.83,1.41
"{np.str_('Sandwich'), np.str_('Salad')}",{np.str_('Fries')},0.233,0.7,1.39
{np.str_('IceCream')},{np.str_('Sandwich')},0.065,0.76,1.05
"{np.str_('Ketchup'), np.str_('Soup')}",{np.str_('Sandwich')},0.215,0.35,0.85
{np.str_('IceCream')},{np.str_('Coke')},0.128,0.16,1.25
"{np.str_('Burger'), np.str_('IceCream')}",{np.str_('Salad')},0.271,0.77,1.26
"{np.str_('Pizza'), np.str_('Pasta')}",{np.str_('Soup')},0.281,0.83,0.9
"{np.str_('Pasta'), np.str_('IceCream')}",{np.str_('Ketchup')},0.248,0.66,0.93
"{np.str_('Coke'), np.str_('Soup')}",{np.str_('Pizza')},0.048,0.52,1.18
{np.str_('Burger')},{np.str_('Coke')},0.269,0.21,1.04
"{np.str_('Pizza'), np.str_('Fries')}",{np.str_('Sandwich')},0.059,0.27,1.12
{np.str_('Sandwich')},{np.str_('Ketchup')},0.058,0.71,1.41
{np.str_('Pizza')},{np.str_('Salad')},0.274,0.47,1.22
"{np.str_('IceCream'), np.str_('Salad')}",{np.str_('Ketchup')},0.289,0.14,0.83
"{np.str_('Fries'), np.str_('Coke')}",{np.str_('Soup')},0.121,0.37,1.39
{np.str_('Soup')},{np.str_('Coke')},0.156,0.68,1.38
"{np.str_('Coke'), np.str_('Pasta')}",{np.str_('Salad')},0.132,0.84,1.5
"{np.str_('Sandwich'), np.str_('Salad')}",{np.str_('Pasta')},0.133,0.36,0.86
"{np.str_('Pizza'), np.str_('Coke')}",{np.str_('IceCream')},0.279,0.2,0.98
{np.str_('Burger')},{np.str_('Salad')},0.125,0.8,0.82
"{np.str_('Burger'), np.str_('Pasta')}",{np.str_('Soup')},0.079,0.64,1.2
"{np.str_('Burger'), np.str_('Pasta')}",{np.str_('Salad')},0.079,0.47,0.94
"{np.str_('Fries'), np.str_('Ketchup')}",{np.str_('IceCream')},0.11,0.75,1.43
{np.str_('Sandwich')},{np.str_('IceCream')},0.208,0.26,1.23
{np.str_('Fries')},{np.str_('Pasta')},0.239,0.65,1.26
"{np.str_('Pizza'), np.str_('Coke')}",{np.str_('Salad')},0.08,0.2,0.9
"{np.str_('Pizza'), np.str_('Burger')}",{np.str_('Soup')},0.266,0.42,1.38
{np.str_('Pasta')},{np.str_('Ketchup')},0.12,0.42,1.09
"{np.str_('Pizza'), np.str_('Soup')}",{np.str_('Fries')},0.067,0.37,1.36
{np.str_('Pizza')},{np.str_('Sandwich')},0.093,0.21,0.91
{np.str_('Coke')},{np.str_('Soup')},0.188,0.47,0.98
{np.str_('Pizza')},{np.str_('Fries')},0.111,0.66,0.81
{np.str_('Fries')},{np.str_('Coke')},0.215,0.36,0.83
"{np.str_('Coke'), np.str_('IceCream')}",{np.str_('Fries')},0.121,0.62,0.94
{np.str_('Ketchup')},{np.str_('Soup')},0.267,0.15,1.48
{np.str_('Sandwich')},{np.str_('IceCream')},0.144,0.48,0.99
{np.str_('Salad')},{np.str_('Pizza')},0.199,0.2,1.2
"{np.str_('Fries'), np.str_('Soup')}",{np.str_('Pizza')},0.148,0.35,1.48
{np.str_('Salad')},{np.str_('Sandwich')},0.202,0.37,1.26
"{np.str_('Coke'), np.str_('IceCream')}",{np.str_('Fries')},0.063,0.3,0.84
"{np.str_('IceCream'), np.str_('Salad')}",{np.str_('Ketchup')},0.104,0.18,1.21
"{np.str_('Burger'), np.str_('Soup')}",{np.str_('Pizza')},0.256,0.78,1.09
{np.str_('Sandwich')},{np.str_('Salad')},0.018,0.69,1.35
{np.str_('Sandwich')},{np.str_('Fries')},0.178,0.74,1.33
{np.str_('Sandwich')},{np.str_('Pizza')},0.135,0.9,1.34
{np.str_('Ketchup')},{np.str_('Pizza')},0.029,0.72,1.3
"{np.str_('Soup'), np.str_('Sandwich')}",{np.str_('Coke')},0.18,0.52,0.93
"{np.str_('Coke'), np.str_('Sandwich')}",{np.str_('Ketchup')},0.018,0.39,0.97
"{np.str_('Fries'), np.str_('IceCream')}",{np.str_('Sandwich')},0.081,0.73,1.11
{np.str_('Sandwich')},{np.str_('Salad')},0.149,0.69,1.2
"{np.str_('Pizza'), np.str_('Sandwich')}",{np.str_('IceCream')},0.049,0.68,1.28
{np.str_('Fries')},{np.str_('IceCream')},0.031,0.66,1.31
"{np.str_('Fries'), np.str_('Coke')}",{np.str_('Soup')},0.02,0.77,1.21
{np.str_('Ketchup')},{np.str_('Fries')},0.276,0.9,1.26
"{np.str_('Fries'), np.str_('IceCream')}",{np.str_('Sandwich')},0.148,0.41,0.92
{np.str_('Pizza')},{np.str_('Coke')},0.283,0.17,0.88
{np.str_('Coke')},{np.str_('Soup')},0.146,0.39,1.48
"{np.str_('Pizza'), np.str_('Pasta')}",{np.str_('Sandwich')},0.054,0.36,1.23
{np.str_('Pizza')},{np.str_('Sandwich')},0.141,0.9,1.01
{np.str_('Ketchup')},{np.str_('Fries')},0.172,0.18,1.2
{np.str_('Pizza')},{np.str_('Coke')},0.079,0.85,1.08
{np.str_('Ketchup')},{np.str_('Burger')},0.034,0.45,0.98
"{np.str_('IceCream'), np.str_('Sandwich')}",{np.str_('Pasta')},0.105,0.36,1.19
{np.str_('Pasta')},{np.str_('Burger')},0.079,0.2,1.46
"{np.str_('Burger'), np.str_('Coke')}",{np.str_('Ketchup')},0.236,0.26,1.31
{np.str_('Coke')},{np.str_('Pizza')},0.169,0.2,1.08
"{np.str_('Burger'), np.str_('Soup')}",{np.str_('Salad')},0.233,0.6,1.28
{np.str_('Soup')},{np.str_('Burger')},0.143,0.87,0.95
{np.str_('Ketchup')},{np.str_('IceCream')},0.168,0.65,1.29
"{np.str_('Burger'), np.str_('Pasta')}",{np.str_('Sandwich')},0.071,0.1,0.91
"{np.str_('Ketchup'), np.str_('Soup')}",{np.str_('Salad')},0.1,0.5,1.17
"{np.str_('Soup'), np.str_('Salad')}",{np.str_('Fries')},0.093,0.4,1.03
"{np.str_('Coke'), np.str_('Pasta')}",{np.str_('Fries')},0.162,0.56,1.19
"{np.str_('Fries'), np.str_('Pizza')}",{np.str_('Salad')},0.068,0.69,1.04
"{np.str_('Fries'), np.str_('Sandwich')}",{np.str_('Soup')},0.042,0.67,0.93
{np.str_('Pasta')},{np.str_('Pizza')},0.124,0.6,1.33
"{np.str_('Coke'), np.str_('Pasta')}",{np.str_('Ketchup')},0.107,0.23,0.81
{np.str_('Burger')},{np.str_('Pasta')},0.104,0.88,0.86
"{np.str_('Coke'), np.str_('Sandwich')}",{np.str_('Ketchup')},0.172,0.54,0.83
"{np.str_('Pizza'), np.str_('IceCream')}",{np.str_('Fries')},0.209,0.65,1.35
{np.str_('Burger')},{np.str_('Pasta')},0.076,0.56,0.86
"{np.str_('Fries'), np.str_('Ketchup')}",{np.str_('Salad')},0.18,0.26,1.23
"{np.str_('Ketchup'), np.str_('Soup')}",{np.str_('Coke')},0.014,0.37,1.48
"{np.str_('Burger'), np.str_('Pasta')}",{np.str_('Salad')},0.171,0.2,1.23
{np.str_('Burger')},{np.str_('Pizza')},0.067,0.24,0.86
"{np.str_('Pizza'), np.str_('Salad')}",{np.str_('Soup')},0.219,0.67,1.31
{np.str_('Salad')},{np.str_('Sandwich')},0.219,0.85,1.24
"{np.str_('Pizza'), np.str_('Ketchup')}",{np.str_('Salad')},0.265,0.63,0.95
{np.str_('Soup')},{np.str_('Salad')},0.212,0.24,1.45
{np.str_('Sandwich')},{np.str_('Burger')},0.288,0.55,1.28
"{np.str_('Pizza'), np.str_('Burger')}",{np.str_('Coke')},0.037,0.67,0.86
"{np.str_('Ketchup'), np.str_('IceCream')}",{np.str_('Pizza')},0.261,0.3,1.39
"{np.str_('IceCream'), np.str_('Salad')}",{np.str_('Pasta')},0.192,0.47,1.29
{np.str_('Ketchup')},{np.str_('Burger')},0.092,0.78,1.49
{np.str_('IceCream')},{np.str_('Salad')},0.201,0.13,0.81
{np.str_('Soup')},{np.str_('Burger')},0.013,0.86,0.9
{np.str_('Fries')},{np.str_('Salad')},0.116,0.87,1.36
"{np.str_('Burger'), np.str_('Soup')}",{np.str_('Salad')},0.218,0.53,1.14
"{np.str_('Ketchup'), np.str_('IceCream')}",{np.str_('Soup')},0.108,0.28,1.43
{np.str_('Sandwich')},{np.str_('Pasta')},0.174,0.74,1.02
{np.str_('Coke')},{np.str_('Fries')},0.018,0.27,1.14
{np.str_('Coke')},{np.str_('Soup')},0.184,0.54,0.97
{np.str_('IceCream')},{np.str_('Coke')},0.111,0.9,1.05
{np.str_('Pasta')},{np.str_('Fries')},0.244,0.14,1.42
"{np.str_('Fries'), np.str_('Pizza')}",{np.str_('Burger')},0.131,0.64,1.24
"{np.str_('Ketchup'), np.str_('IceCream')}",{np.str_('Pasta')},0.096,0.86,1.16
"{np.str_('Pizza'), np.str_('Salad')}",{np.str_('Burger')},0.184,0.21,1.22
{np.str_('Salad')},{np.str_('Fries')},0.234,0.31,1.4
{np.str_('Burger')},{np.str_('Pasta')},0.148,0.53,0.95
"{np.str_('Fries'), np.str_('IceCream')}",{np.str_('Soup')},0.107,0.38,0.96
{np.str_('Pizza')},{np.str_('IceCream')},0.285,0.3,1.35
"{np.str_('Ketchup'), np.str_('Burger')}",{np.str_('Pizza')},0.169,0.66,1.25
"{np.str_('Coke'), np.str_('IceCream')}",{np.str_('Fries')},0.202,0.39,1.46
{np.str_('Burger')},{np.str_('Pasta')},0.28,0.2,1.19
{np.str_('Salad')},{np.str_('Coke')},0.017,0.18,1.21
"{np.str_('Ketchup'), np.str_('Pasta')}",{np.str_('Coke')},0.237,0.25,0.83
{np.str_('Pasta')},{np.str_('Salad')},0.019,0.5,1.4
{np.str_('Fries')},{np.str_('Ketchup')},0.239,0.49,0.83
{np.str_('Fries')},{np.str_('Ketchup')},0.104,0.64,0.83
{np.str_('Fries')},{np.str_('Pizza')},0.016,0.81,0.87
{np.str_('Salad')},{np.str_('Pasta')},0.069,0.76,0.98
{np.str_('Soup')},{np.str_('Ketchup')},0.036,0.38,1.27
{np.str_('Pizza')},{np.str_('Coke')},0.094,0.59,1.15
{np.str_('Fries')},{np.str_('Coke')},0.058,0.59,1.49
{np.str_('Ketchup')},{np.str_('Soup')},0.3,0.74,1.34
{np.str_('Salad')},{np.str_('Coke')},0.167,0.88,0.81
{np.str_('Salad')},{np.str_('Pasta')},0.131,0.76,1.31
"{np.str_('Ketchup'), np.str_('Sandwich')}",{np.str_('Salad')},0.167,0.62,1.25
{np.str_('Soup')},{np.str_('Burger')},0.231,0.2,0.93
{np.str_('Fries')},{np.str_('Soup')},0.177,0.79,0.98
{np.str_('Coke')},{np.str_('Salad')},0.181,0.48,1.18
{np.str_('Burger')},{np.str_('Pasta')},0.019,0.43,0.82
{np.str_('Pasta')},{np.str_('Salad')},0.141,0.29,1.44
"{np.str_('Soup'), np.str_('Salad')}",{np.str_('Ketchup')},0.286,0.85,1.04
{np.str_('Coke')},{np.str_('Pasta')},0.082,0.69,1.07
"{np.str_('Burger'), np.str_('Sandwich')}",{np.str_('Soup')},0.284,0.72,1.38
{np.str_('Burger')},{np.str_('Pizza')},0.116,0.13,1.44
{np.str_('IceCream')},{np.str_('Sandwich')},0.089,0.56,1.19
{np.str_('Pasta')},{np.str_('Sandwich')},0.14,0.52,0.98
{np.str_('Coke')},{np.str_('IceCream')},0.276,0.44,1.4
"{np.str_('Coke'), np.str_('Salad')}",{np.str_('Soup')},0.091,0.66,1.08
{np.str_('Fries')},{np.str_('IceCream')},0.124,0.68,0.95
{np.str_('Pizza')},{np.str_('Pasta')},0.161,0.51,0.89
"{np.str_('Pizza'), np.str_('Coke')}",{np.str_('Ketchup')},0.288,0.31,1.01
{np.str_('Fries')},{np.str_('Ketchup')},0.156,0.83,1.13
"{np.str_('Pizza'), np.str_('Soup')}",{np.str_('Ketchup')},0.039,0.13,0.88
"{np.str_('Soup'), np.str_('Sandwich')}",{np.str_('Fries')},0.202,0.56,1.49
{np.str_('Soup')},{np.str_('Coke')},0.08,0.69,0.91
"{np.str_('IceCream'), np.str_('Salad')}",{np.str_('Fries')},0.131,0.68,0.99
{np.str_('Coke')},{np.str_('Burger')},0.221,0.77,1.14
{np.str_('IceCream')},{np.str_('Soup')},0.041,0.7,0.91
"{np.str_('IceCream'), np.str_('Sandwich')}",{np.str_('Burger')},0.078,0.88,1.41
"{np.str_('Pasta'), np.str_('Soup')}",{np.str_('Coke')},0.285,0.5,1.04
{np.str_('Burger')},{np.str_('Coke')},0.167,0.86,1.09
"{np.str_('Pasta'), np.str_('Salad')}",{np.str_('Sandwich')},0.087,0.88,1.15
{np.str_('Soup')},{np.str_('Fries')},0.256,0.16,1.43
"{np.str_('Ketchup'), np.str_('Coke')}",{np.str_('Burger')},0.157,0.66,1.47
{np.str_('Burger')},{np.str_('Soup')},0.097,0.55,1.23
"{np.str_('Pizza'), np.str_('Soup')}",{np.str_('Coke')},0.141,0.88,1.36
"{np.str_('Ketchup'), np.str_('Coke')}",{np.str_('Pasta')},0.067,0.44,1.24
{np.str_('Salad')},{np.str_('Soup')},0.153,0.28,1.23
"{np.str_('IceCream'), np.str_('Salad')}",{np.str_('Sandwich')},0.263,0.57,1.2
"{np.str_('Pasta'), np.str_('Soup')}",{np.str_('Salad')},0.031,0.75,1.46
"{np.str_('Fries'), np.str_('Soup')}",{np.str_('Burger')},0.256,0.71,0.94
{np.str_('Sandwich')},{np.str_('Ketchup')},0.037,0.32,0.89
"{np.str_('Fries'), np.str_('Salad')}",{np.str_('Burger')},0.081,0.65,1.31
"{np.str_('Fries'), np.str_('Sandwich')}",{np.str_('Pasta')},0.221,0.29,0.85
"{np.str_('Fries'), np.str_('IceCream')}",{np.str_('Salad')},0.142,0.76,1.11
"{np.str_('Pizza'), np.str_('Coke')}",{np.str_('Fries')},0.262,0.83,1.14
"{np.str_('Pizza'), np.str_('Ketchup')}",{np.str_('Fries')},0.048,0.88,0.89
{np.str_('Fries')},{np.str_('Soup')},0.26,0.79,1.38
{np.str_('Sandwich')},{np.str_('Ketchup')},0.146,0.19,1.46
"{np.str_('Pasta'), np.str_('IceCream')}",{np.str_('Burger')},0.194,0.38,0.81
{np.str_('Ketchup')},{np.str_('Fries')},0.114,0.58,1.43
{np.str_('IceCream')},{np.str_('Ketchup')},0.242,0.64,1.04
"{np.str_('IceCream'), np.str_('Sandwich')}",{np.str_('Salad')},0.095,0.13,1.42
{np.str_('Pizza')},{np.str_('Salad')},0.06,0.47,0.9
"{np.str_('Pizza'), np.str_('Soup')}",{np.str_('Coke')},0.01,0.67,1.3
{np.str_('Burger')},{np.str_('IceCream')},0.035,0.43,1.13
"{np.str_('Fries'), np.str_('Sandwich')}",{np.str_('Pizza')},0.13,0.5,1.32
{np.str_('Sandwich')},{np.str_('IceCream')},0.211,0.1,1.21
"{np.str_('Soup'), np.str_('Salad')}",{np.str_('Burger')},0.244,0.43,0.98
"{np.str_('Coke'), np.str_('Salad')}",{np.str_('Pasta')},0.016,0.56,0.9
{np.str_('Coke')},{np.str_('Pasta')},0.212,0.9,0.81
"{np.str_('Burger'), np.str_('Pasta')}",{np.str_('Salad')},0.217,0.64,0.82
{np.str_('Burger')},{np.str_('IceCream')},0.09,0.34,1.08
{np.str_('Ketchup')},{np.str_('Pasta')},0.116,0.44,1.03
{np.str_('Sandwich')},{np.str_('Coke')},0.228,0.69,0.82
{np.str_('Burger')},{np.str_('Coke')},0.259,0.22,1.4
{np.str_('Burger')},{np.str_('Coke')},0.11,0.78,0.93
{np.str_('IceCream')},{np.str_('Burger')},0.259,0.16,0.87
"{np.str_('Burger'), np.str_('Salad')}",{np.str_('Sandwich')},0.092,0.33,1.4
"{np.str_('Pasta'), np.str_('Sandwich')}",{np.str_('Fries')},0.098,0.64,0.9
"{np.str_('Burger'), np.str_('IceCream')}",{np.str_('Ketchup')},0.055,0.49,1.09
{np.str_('IceCream')},{np.str_('Salad')},0.115,0.57,1.03
"{np.str_('Pizza'), np.str_('Coke')}",{np.str_('IceCream')},0.107,0.27,1.2
{np.str_('Burger')},{np.str_('Ketchup')},0.254,0.12,0.89
"{np.str_('Pizza'), np.str_('Coke')}",{np.str_('Burger')},0.249,0.78,1.5
{np.str_('Sandwich')},{np.str_('Ketchup')},0.109,0.74,1.21
{np.str_('Fries')},{np.str_('Ketchup')},0.279,0.26,1.16
"{np.str_('Fries'), np.str_('Ketchup')}",{np.str_('Coke')},0.052,0.36,1.06
{np.str_('Salad')},{np.str_('Coke')},0.238,0.89,0.93
{np.str_('Burger')},{np.str_('Pizza')},0.193,0.85,1.21
"{np.str_('Ketchup'), np.str_('Salad')}",{np.str_('Burger')},0.181,0.57,1.41
{np.str_('Fries')},{np.str_('IceCream')},0.077,0.68,1.08
"{np.str_('Ketchup'), np.str_('Coke')}",{np.str_('Sandwich')},0.061,0.71,1.48
{np.str_('Ketchup')},{np.str_('Salad')},0.146,0.45,1.37
{np.str_('Soup')},{np.str_('Ketchup')},0.042,0.39,1.19
"{np.str_('Pasta'), np.str_('IceCream')}",{np.str_('Salad')},0.087,0.85,1.46
{np.str_('Soup')},{np.str_('Ketchup')},0.073,0.73,0.99
{np.str_('Fries')},{np.str_('Pasta')},0.26,0.75,0.95
{np.str_('Pasta')},{np.str_('Sandwich')},0.284,0.64,1.1
"{np.str_('Burger'), np.str_('IceCream')}",{np.str_('Salad')},0.119,0.44,0.81
"{np.str_('Coke'), np.str_('Sandwich')}",{np.str_('Burger')},0.259,0.2,1.48
"{np.str_('Pizza'), np.str_('Pasta')}",{np.str_('Soup')},0.194,0.74,1.47
"{np.str_('Ketchup'), np.str_('IceCream')}",{np.str_('Soup')},0.032,0.49,0.91
"{np.str_('Ketchup'), np.str_('Pasta')}",{np.str_('IceCream')},0.146,0.66,1.07
{np.str_('Fries')},{np.str_('Coke')},0.21,0.19,1.14
{np.str_('Sandwich')},{np.str_('Pasta')},0.279,0.14,1.3
{np.str_('Pizza')},{np.str_('Pasta')},0.216,0.82,0.92
{np.str_('Sandwich')},{np.str_('Coke')},0.226,0.28,1.09
"{np.str_('Fries'), np.str_('Pasta')}",{np.str_('Soup')},0.103,0.12,1.24
{np.str_('Pasta')},{np.str_('Coke')},0.099,0.29,1.11
{np.str_('Salad')},{np.str_('Pasta')},0.045,0.29,1.35
"{np.str_('Soup'), np.str_('IceCream')}",{np.str_('Fries')},0.011,0.31,1.15
"{np.str_('Fries'), np.str_('IceCream')}",{np.str_('Pasta')},0.296,0.38,1.15
{np.str_('Ketchup')},{np.str_('IceCream')},0.231,0.51,1.2
{np.str_('Sandwich')},{np.str_('Burger')},0.085,0.75,1.12
"{np.str_('Pasta'), np.str_('IceCream')}",{np.str_('Fries')},0.256,0.77,0.93
"{np.str_('Burger'), np.str_('Pasta')}",{np.str_('Coke')},0.042,0.17,0.99
"{np.str_('Pizza'), np.str_('Soup')}",{np.str_('Pasta')},0.284,0.85,1.05
{np.str_('IceCream')},{np.str_('Sandwich')},0.121,0.24,1.42
{np.str_('Pizza')},{np.str_('Pasta')},0.296,0.75,1.31
"{np.str_('Soup'), np.str_('Sandwich')}",{np.str_('Pasta')},0.233,0.6,1.08
{np.str_('Salad')},{np.str_('Burger')},0.105,0.37,1.29
"{np.str_('IceCream'), np.str_('Salad')}",{np.str_('Sandwich')},0.135,0.44,1.11
"{np.str_('Fries'), np.str_('Coke')}",{np.str_('IceCream')},0.067,0.19,1.39
{np.str_('Sandwich')},{np.str_('Pasta')},0.193,0.64,1.31
{np.str_('Fries')},{np.str_('Salad')},0.206,0.67,1.1
"{np.str_('Fries'), np.str_('Salad')}",{np.str_('Ketchup')},0.223,0.59,0.86
"{np.str_('Coke'), np.str_('Soup')}",{np.str_('Ketchup')},0.097,0.21,0.92
"{np.str_('Burger'), np.str_('IceCream')}",{np.str_('Pizza')},0.211,0.39,0.85
{np.str_('Ketchup')},{np.str_('Pizza')},0.196,0.57,0.93
{np.str_('Pasta')},{np.str_('Sandwich')},0.202,0.75,1.03
"{np.str_('Ketchup'), np.str_('IceCream')}",{np.str_('Burger')},0.123,0.14,1.43
{np.str_('Ketchup')},{np.str_('Salad')},0.144,0.57,0.94
{np.str_('Soup')},{np.str_('Pasta')},0.047,0.52,0.8
"{np.str_('Fries'), np.str_('Ketchup')}",{np.str_('Pizza')},0.295,0.76,0.85
"{np.str_('Ketchup'), np.str_('Soup')}",{np.str_('Fries')},0.211,0.76,1.29
"{np.str_('Coke'), np.str_('Sandwich')}",{np.str_('Salad')},0.284,0.83,1.13
{np.str_('Coke')},{np.str_('Fries')},0.043,0.12,0.89
{np.str_('Pasta')},{np.str_('IceCream')},0.048,0.89,0.81
"{np.str_('Sandwich'), np.str_('Salad')}",{np.str_('Pasta')},0.199,0.26,1.29
"{np.str_('Soup'), np.str_('Sandwich')}",{np.str_('Pasta')},0.245,0.47,1.12
{np.str_('Coke')},{np.str_('Soup')},0.059,0.56,0.96
"{np.str_('Coke'), np.str_('IceCream')}",{np.str_('Soup')},0.039,0.3,0.89
{np.str_('Soup')},{np.str_('IceCream')},0.04,0.32,1.0
"{np.str_('Pizza'), np.str_('Soup')}",{np.str_('Salad')},0.037,0.78,1.34
{np.str_('Burger')},{np.str_('Ketchup')},0.241,0.33,1.5
{np.str_('Burger')},{np.str_('Pasta')},0.099,0.52,1.43
"{np.str_('Pizza'), np.str_('Coke')}",{np.str_('Ketchup')},0.175,0.76,1.32
{np.str_('Fries')},{np.str_('Sandwich')},0.072,0.29,1.03
{np.str_('Pasta')},{np.str_('Burger')},0.193,0.28,1.05
"{np.str_('Soup'), np.str_('Salad')}",{np.str_('Pasta')},0.098,0.37,0.81
{np.str_('Ketchup')},{np.str_('Burger')},0.246,0.83,0.96
"{np.str_('Coke'), np.str_('IceCream')}",{np.str_('Sandwich')},0.114,0.31,0.88
{np.str_('Soup')},{np.str_('Sandwich')},0.058,0.84,1.2
"{np.str_('Coke'), np.str_('Sandwich')}",{np.str_('Fries')},0.198,0.52,1.06
{np.str_('Ketchup')},{np.str_('IceCream')},0.252,0.59,0.92
{np.str_('Pizza')},{np.str_('Soup')},0.158,0.55,1.42
{np.str_('Coke')},{np.str_('Sandwich')},0.179,0.6,1.31
"{np.str_('Coke'), np.str_('Sandwich')}",{np.str_('Pizza')},0.116,0.71,1.18
{np.str_('Pizza')},{np.str_('Soup')},0.041,0.57,1.39
{np.str_('Soup')},{np.str_('Sandwich')},0.224,0.67,0.86
"{np.str_('Sandwich'), np.str_('Salad')}",{np.str_('Burger')},0.187,0.72,1.35
{np.str_('Ketchup')},{np.str_('Coke')},0.102,0.31,1.14
{np.str_('Burger')},{np.str_('IceCream')},0.27,0.64,1.27
"{np.str_('Coke'), np.str_('Sandwich')}",{np.str_('Ketchup')},0.239,0.2,0.89
{np.str_('IceCream')},{np.str_('Ketchup')},0.121,0.75,1.33
{np.str_('Salad')},{np.str_('Pizza')},0.168,0.62,1.32
"{np.str_('Burger'), np.str_('IceCream')}",{np.str_('Soup')},0.234,0.19,1.15
"{np.str_('Burger'), np.str_('IceCream')}",{np.str_('Pasta')},0.22,0.25,1.13
"{np.str_('IceCream'), np.str_('Salad')}",{np.str_('Pasta')},0.299,0.41,1.4
{np.str_('Fries')},{np.str_('Salad')},0.155,0.6,1.34
{np.str_('Pizza')},{np.str_('Soup')},0.172,0.86,0.91
"{np.str_('Fries'), np.str_('Sandwich')}",{np.str_('IceCream')},0.125,0.49,1.46
{np.str_('Pizza')},{np.str_('Sandwich')},0.158,0.39,1.11
"{np.str_('Pizza'), np.str_('Pasta')}",{np.str_('Coke')},0.211,0.41,0.97
"{np.str_('Soup'), np.str_('Salad')}",{np.str_('Coke')},0.182,0.84,1.46
{np.str_('Soup')},{np.str_('Salad')},0.28,0.43,0.96
"{np.str_('Fries'), np.str_('IceCream')}",{np.str_('Salad')},0.191,0.57,1.04
{np.str_('IceCream')},{np.str_('Fries')},0.163,0.26,1.3
"{np.str_('Burger'), np.str_('Soup')}",{np.str_('Coke')},0.28,0.63,0.88
"{np.str_('Pizza'), np.str_('IceCream')}",{np.str_('Soup')},0.17,0.64,1.37
{np.str_('Ketchup')},{np.str_('Fries')},0.043,0.61,0.95
{np.str_('Soup')},{np.str_('Pasta')},0.036,0.14,1.26
"{np.str_('Ketchup'), np.str_('IceCream')}",{np.str_('Burger')},0.195,0.21,0.9
{np.str_('Pizza')},{np.str_('Burger')},0.117,0.74,0.82
"{np.str_('Fries'), np.str_('Salad')}",{np.str_('Coke')},0.17,0.62,1.06
"{np.str_('Coke'), np.str_('Salad')}",{np.str_('Soup')},0.291,0.63,0.85
"{np.str_('Fries'), np.str_('Salad')}",{np.str_('Pasta')},0.244,0.88,0.85
"{np.str_('Soup'), np.str_('Salad')}",{np.str_('Ketchup')},0.135,0.88,1.09
{np.str_('Coke')},{np.str_('Sandwich')},0.193,0.26,0.98
{np.str_('Pizza')},{np.str_('Pasta')},0.278,0.13,1.26
"{np.str_('Ketchup'), np.str_('Soup')}",{np.str_('Fries')},0.165,0.2,1.38
{np.str_('Sandwich')},{np.str_('Salad')},0.075,0.48,0.81
{np.str_('Fries')},{np.str_('Sandwich')},0.273,0.1,1.22
{np.str_('Fries')},{np.str_('IceCream')},0.124,0.73,1.39
"{np.str_('Pizza'), np.str_('Soup')}",{np.str_('Sandwich')},0.055,0.1,1.04
"{np.str_('Fries'), np.str_('Pasta')}",{np.str_('Sandwich')},0.023,0.6,0.84
"{np.str_('Pizza'), np.str_('Salad')}",{np.str_('IceCream')},0.1,0.79,1.03
{np.str_('Fries')},{np.str_('Pasta')},0.271,0.58,0.99
"{np.str_('Fries'), np.str_('Coke')}",{np.str_('Soup')},0.082,0.62,0.89
"{np.str_('Coke'), np.str_('Salad')}",{np.str_('Soup')},0.136,0.44,1.24
{np.str_('Salad')},{np.str_('Sandwich')},0.277,0.87,0.92
"{np.str_('IceCream'), np.str_('Salad')}",{np.str_('Ketchup')},0.134,0.88,1.03
{np.str_('Fries')},{np.str_('Pizza')},0.018,0.43,1.02
"{np.str_('Fries'), np.str_('Pizza')}",{np.str_('Ketchup')},0.111,0.75,1.13
{np.str_('Sandwich')},{np.str_('Pizza')},0.262,0.33,1.15
{np.str_('Pizza')},{np.str_('Soup')},0.206,0.4,0.92
"{np.str_('Coke'), np.str_('Burger')}",{np.str_('Fries')},0.074,0.45,0.86
{np.str_('Pasta')},{np.str_('Pizza')},0.028,0.71,0.89
"{np.str_('Burger'), np.str_('Sandwich')}",{np.str_('Ketchup')},0.182,0.53,0.89
{np.str_('Burger')},{np.str_('Fries')},0.04,0.6,1.13
{np.str_('Soup')},{np.str_('Salad')},0.073,0.59,0.95
"{np.str_('Fries'), np.str_('Ketchup')}",{np.str_('Coke')},0.194,0.4,0.95
{np.str_('IceCream')},{np.str_('Burger')},0.192,0.51,1.14
"{np.str_('Pizza'), np.str_('Pasta')}",{np.str_('Coke')},0.041,0.7,1.21
"{np.str_('Ketchup'), np.str_('Sandwich')}",{np.str_('Soup')},0.029,0.33,1.01
{np.str_('Coke')},{np.str_('Pasta')},0.119,0.86,1.33
{np.str_('Salad')},{np.str_('IceCream')},0.051,0.76,1.36
{np.str_('Pizza')},{np.str_('Pasta')},0.192,0.9,1.22
{np.str_('Pizza')},{np.str_('Salad')},0.228,0.47,0.81
"{np.str_('Pasta'), np.str_('Salad')}",{np.str_('Soup')},0.121,0.27,0.87
{np.str_('Fries')},{np.str_('Ketchup')},0.292,0.78,0.98
"{np.str_('Ketchup'), np.str_('IceCream')}",{np.str_('Burger')},0.049,0.13,1.35
{np.str_('IceCream')},{np.str_('Fries')},0.073,0.4,1.01
"{np.str_('Ketchup'), np.str_('Burger')}",{np.str_('Fries')},0.09,0.7,0.97
"{np.str_('Pizza'), np.str_('Coke')}",{np.str_('Burger')},0.099,0.23,1.16
"{np.str_('Fries'), np.str_('Ketchup')}",{np.str_('Pasta')},0.044,0.55,1.48
{np.str_('Soup')},{np.str_('Sandwich')},0.274,0.86,0.92
{np.str_('Salad')},{np.str_('Coke')},0.064,0.46,0.83
"{np.str_('Fries'), np.str_('Coke')}",{np.str_('Pizza')},0.219,0.57,0.97
{np.str_('Pizza')},{np.str_('Pasta')},0.116,0.41,0.94
"{np.str_('Soup'), np.str_('IceCream')}",{np.str_('Coke')},0.155,0.23,1.02
"{np.str_('Pasta'), np.str_('Soup')}",{np.str_('IceCream')},0.075,0.86,1.02
{np.str_('Pasta')},{np.str_('Coke')},0.151,0.19,1.48
{np.str_('IceCream')},{np.str_('Sandwich')},0.174,0.1,1.45
"{np.str_('Ketchup'), np.str_('Pasta')}",{np.str_('Fries')},0.258,0.41,1.39
{np.str_('Coke')},{np.str_('Ketchup')},0.255,0.53,1.1
{np.str_('Burger')},{np.str_('Sandwich')},0.043,0.52,1.47
{np.str_('Burger')},{np.str_('Ketchup')},0.011,0.44,1.28
"{np.str_('Ketchup'), np.str_('Burger')}",{np.str_('Coke')},0.088,0.18,0.8
"{np.str_('Burger'), np.str_('Salad')}",{np.str_('Sandwich')},0.052,0.16,0.81
{np.str_('Sandwich')},{np.str_('Pizza')},0.195,0.86,1.29
{np.str_('Sandwich')},{np.str_('Salad')},0.03,0.68,1.28
{np.str_('IceCream')},{np.str_('Pizza')},0.13,0.85,0.86
"{np.str_('Pasta'), np.str_('Soup')}",{np.str_('Pizza')},0.268,0.13,1.18
"{np.str_('Pizza'), np.str_('Ketchup')}",{np.str_('Soup')},0.2,0.12,1.28
{np.str_('Coke')},{np.str_('IceCream')},0.152,0.5,1.16
"{np.str_('Ketchup'), np.str_('Sandwich')}",{np.str_('Salad')},0.016,0.31,1.34
{np.str_('Salad')},{np.str_('Fries')},0.097,0.58,0.97
"{np.str_('Burger'), np.str_('IceCream')}",{np.str_('Soup')},0.293,0.76,1.34
{np.str_('IceCream')},{np.str_('Pizza')},0.284,0.3,1.29
{np.str_('Burger')},{np.str_('Sandwich')},0.081,0.5,0.85
{np.str_('Pizza')},{np.str_('IceCream')},0.054,0.12,1.27
{np.str_('IceCream')},{np.str_('Salad')},0.035,0.72,0.98
{np.str_('Salad')},{np.str_('Burger')},0.111,0.88,1.5
{np.str_('Pasta')},{np.str_('IceCream')},0.265,0.19,0.84
"{np.str_('Pizza'), np.str_('Salad')}",{np.str_('Ketchup')},0.211,0.43,1.38
"{np.str_('Sandwich'), np.str_('Salad')}",{np.str_('Fries')},0.228,0.78,0.97
"{np.str_('Burger'), np.str_('Salad')}",{np.str_('Fries')},0.144,0.43,0.81
{np.str_('Sandwich')},{np.str_('Ketchup')},0.096,0.65,0.85
{np.str_('Coke')},{np.str_('IceCream')},0.181,0.22,0.97
{np.str_('Sandwich')},{np.str_('Soup')},0.149,0.62,0.89
{np.str_('Coke')},{np.str_('Fries')},0.209,0.51,1.32
{np.str_('Pasta')},{np.str_('Salad')},0.297,0.62,1.49
{np.str_('Pizza')},{np.str_('Ketchup')},0.086,0.61,1.05
"{np.str_('Burger'), np.str_('Pasta')}",{np.str_('Soup')},0.016,0.81,0.88
{np.str_('Burger')},{np.str_('Salad')},0.038,0.28,1.29
{np.str_('Fries')},{np.str_('Coke')},0.027,0.67,0.93
"{np.str_('Pasta'), np.str_('IceCream')}",{np.str_('Soup')},0.124,0.66,1.33
"{np.str_('Pasta'), np.str_('Soup')}",{np.str_('Pizza')},0.098,0.5,0.99
{np.str_('Burger')},{np.str_('Coke')},0.075,0.83,0.92
"{np.str_('IceCream'), np.str_('Salad')}",{np.str_('Ketchup')},0.029,0.76,1.2
"{np.str_('Coke'), np.str_('Pasta')}",{np.str_('Burger')},0.019,0.45,1.49
"{np.str_('IceCream'), np.str_('Salad')}",{np.str_('Burger')},0.188,0.7,1.35
"{np.str_('Pasta'), np.str_('Salad')}",{np.str_('Fries')},0.221,0.78,1.11
"{np.str_('Coke'), np.str_('Salad')}",{np.str_('Pizza')},0.152,0.3,1.13
{np.str_('Ketchup')},{np.str_('Fries')},0.037,0.36,1.42
"{np.str_('Burger'), np.str_('Pasta')}",{np.str_('Salad')},0.097,0.15,0.91
"{np.str_('Soup'), np.str_('IceCream')}",{np.str_('Fries')},0.08,0.76,1.26
"{np.str_('Pasta'), np.str_('Sandwich')}",{np.str_('Salad')},0.147,0.18,0.97
{np.str_('IceCream')},{np.str_('Soup')},0.211,0.15,1.15
{np.str_('Pasta')},{np.str_('Sandwich')},0.201,0.4,1.0
"{np.str_('Pizza'), np.str_('Sandwich')}",{np.str_('IceCream')},0.123,0.26,0.88
"{np.str_('Pizza'), np.str_('Pasta')}",{np.str_('Coke')},0.031,0.76,1.1
"{np.str_('Fries'), np.str_('Ketchup')}",{np.str_('IceCream')},0.237,0.19,0.84
{np.str_('Fries')},{np.str_('Coke')},0.179,0.71,0.98
{np.str_('Ketchup')},{np.str_('Salad')},0.221,0.3,0.92
"{np.str_('Burger'), np.str_('Coke')}",{np.str_('Salad')},0.296,0.59,1.28
"{np.str_('Soup'), np.str_('Sandwich')}",{np.str_('Pasta')},0.159,0.43,1.17
"{np.str_('Ketchup'), np.str_('Coke')}",{np.str_('Soup')},0.149,0.49,1.46
"{np.str_('Pizza'), np.str_('Soup')}",{np.str_('Fries')},0.229,0.47,1.34
{np.str_('Sandwich')},{np.str_('Fries')},0.087,0.71,1.25
{np.str_('Soup')},{np.str_('Pasta')},0.201,0.54,1.49
{np.str_('Burger')},{np.str_('Coke')},0.216,0.36,1.19
{np.str_('Sandwich')},{np.str_('Fries')},0.267,0.44,1.4
"{np.str_('Sandwich'), np.str_('Salad')}",{np.str_('Coke')},0.028,0.5,0.82
{np.str_('Pizza')},{np.str_('IceCream')},0.153,0.55,0.83
{np.str_('Sandwich')},{np.str_('Pasta')},0.286,0.79,0.85
"{np.str_('Ketchup'), np.str_('Coke')}",{np.str_('Salad')},0.169,0.5,1.0
"{np.str_('Pasta'), np.str_('Sandwich')}",{np.str_('Soup')},0.102,0.52,0.85
{np.str_('Fries')},{np.str_('IceCream')},0.215,0.7,1.08
"{np.str_('Ketchup'), np.str_('Sandwich')}",{np.str_('Salad')},0.225,0.18,0.94
{np.str_('Burger')},{np.str_('IceCream')},0.291,0.61,1.05
"{np.str_('Soup'), np.str_('Sandwich')}",{np.str_('Coke')},0.189,0.73,1.37
"{np.str_('Pizza'), np.str_('IceCream')}",{np.str_('Fries')},0.03,0.35,1.49
{np.str_('IceCream')},{np.str_('Coke')},0.232,0.73,0.95
{np.str_('Ketchup')},{np.str_('IceCream')},0.062,0.67,1.3
"{np.str_('IceCream'), np.str_('Sandwich')}",{np.str_('Fries')},0.105,0.25,1.48
"{np.str_('Soup'), np.str_('Salad')}",{np.str_('Sandwich')},0.251,0.31,1.28
"{np.str_('Fries'), np.str_('Burger')}",{np.str_('Pizza')},0.033,0.23,1.41
"{np.str_('Fries'), np.str_('Ketchup')}",{np.str_('Salad')},0.207,0.32,1.46
{np.str_('Coke')},{np.str_('Burger')},0.168,0.17,1.25
"{np.str_('Ketchup'), np.str_('IceCream')}",{np.str_('Soup')},0.083,0.1,1.26
"{np.str_('Fries'), np.str_('Burger')}",{np.str_('Coke')},0.032,0.43,1.31
{np.str_('Fries')},{np.str_('Soup')},0.279,0.65,1.44
"{np.str_('Pizza'), np.str_('Fries')}",{np.str_('Sandwich')},0.276,0.48,1.12
"{np.str_('Pizza'), np.str_('IceCream')}",{np.str_('Coke')},0.059,0.45,0.86
{np.str_('IceCream')},{np.str_('Coke')},0.274,0.3,1.3
"{np.str_('Fries'), np.str_('IceCream')}",{np.str_('Coke')},0.011,0.29,1.11
{np.str_('Sandwich')},{np.str_('Ketchup')},0.102,0.48,0.96
{np.str_('Sandwich')},{np.str_('Coke')},0.075,0.37,1.42
"{np.str_('Soup'), np.str_('Sandwich')}",{np.str_('Salad')},0.257,0.69,1.18
{np.str_('IceCream')},{np.str_('Burger')},0.012,0.52,1.02
"{np.str_('Fries'), np.str_('Soup')}",{np.str_('Pizza')},0.153,0.63,0.81
{np.str_('IceCream')},{np.str_('Coke')},0.271,0.9,1.3
"{np.str_('Fries'), np.str_('Pasta')}",{np.str_('Coke')},0.012,0.56,1.48
"{np.str_('Fries'), np.str_('Coke')}",{np.str_('Ketchup')},0.199,0.23,0.98
"{np.str_('Coke'), np.str_('Salad')}",{np.str_('Burger')},0.129,0.51,1.05
{np.str_('Ketchup')},{np.str_('Fries')},0.121,0.35,1.19
"{np.str_('Ketchup'), np.str_('Sandwich')}",{np.str_('Salad')},0.016,0.8,1.39
"{np.str_('Pizza'), np.str_('Coke')}",{np.str_('Burger')},0.06,0.26,1.27
{np.str_('Soup')},{np.str_('Sandwich')},0.228,0.11,1.26
{np.str_('Burger')},{np.str_('IceCream')},0.091,0.31,0.97
"{np.str_('Pasta'), np.str_('Sandwich')}",{np.str_('Burger')},0.041,0.89,0.86
"{np.str_('Pizza'), np.str_('Soup')}",{np.str_('Coke')},0.255,0.11,1.45
"{np.str_('Fries'), np.str_('Pasta')}",{np.str_('Soup')},0.042,0.68,0.9
{np.str_('Burger')},{np.str_('Salad')},0.159,0.81,1.07
{np.str_('Salad')},{np.str_('Pasta')},0.061,0.21,1.25
"{np.str_('Soup'), np.str_('Salad')}",{np.str_('Fries')},0.21,0.14,0.85
"{np.str_('Coke'), np.str_('Burger')}",{np.str_('IceCream')},0.025,0.14,0.93
"{np.str_('Pizza'), np.str_('Coke')}",{np.str_('Pasta')},0.047,0.43,0.93
{np.str_('Burger')},{np.str_('Pasta')},0.039,0.51,1.19
"{np.str_('Pasta'), np.str_('Sandwich')}",{np.str_('Burger')},0.16,0.28,1.24
{np.str_('Coke')},{np.str_('Pasta')},0.273,0.87,1.01
{np.str_('Fries')},{np.str_('Salad')},0.161,0.64,1.17
{np.str_('Burger')},{np.str_('Pizza')},0.29,0.8,1.21
{np.str_('Soup')},{np.str_('Pasta')},0.017,0.17,0.87
"{np.str_('Burger'), np.str_('IceCream')}",{np.str_('Pizza')},0.224,0.15,1.18
"{np.str_('Fries'), np.str_('Pasta')}",{np.str_('Salad')},0.208,0.59,1.4
{np.str_('Ketchup')},{np.str_('Burger')},0.169,0.14,1.44
"{np.str_('Pizza'), np.str_('Salad')}",{np.str_('Sandwich')},0.241,0.43,1.21
"{np.str_('Coke'), np.str_('Soup')}",{np.str_('Ketchup')},0.208,0.18,1.47
"{np.str_('Burger'), np.str_('Sandwich')}",{np.str_('IceCream')},0.026,0.71,1.04
{np.str_('Sandwich')},{np.str_('Pizza')},0.174,0.43,1.21
"{np.str_('Burger'), np.str_('Sandwich')}",{np.str_('Soup')},0.145,0.68,0.98
{np.str_('Pizza')},{np.str_('Fries')},0.279,0.57,1.39
"{np.str_('Burger'), np.str_('Sandwich')}",{np.str_('Ketchup')},0.097,0.36,0.81
"{np.str_('Fries'), np.str_('Soup')}",{np.str_('IceCream')},0.268,0.39,1.14
{np.str_('Coke')},{np.str_('Soup')},0.286,0.38,1.11
{np.str_('Burger')},{np.str_('Pasta')},0.137,0.12,1.22
{np.str_('Fries')},{np.str_('Burger')},0.199,0.36,1.21
"{np.str_('Fries'), np.str_('Pasta')}",{np.str_('Ketchup')},0.215,0.83,1.24
"{np.str_('Sandwich'), np.str_('Salad')}",{np.str_('Burger')},0.248,0.38,1.37
"{np.str_('Soup'), np.str_('Sandwich')}",{np.str_('Burger')},0.215,0.56,0.88
"{np.str_('Pizza'), np.str_('Coke')}",{np.str_('Pasta')},0.22,0.25,1.38
{np.str_('Sandwich')},{np.str_('Salad')},0.115,0.49,1.39
"{np.str_('Ketchup'), np.str_('IceCream')}",{np.str_('Sandwich')},0.232,0.32,1.03
"{np.str_('Burger'), np.str_('IceCream')}",{np.str_('Pasta')},0.22,0.11,0.85
"{np.str_('Ketchup'), np.str_('Sandwich')}",{np.str_('Burger')},0.212,0.53,1.06
{np.str_('Soup')},{np.str_('Sandwich')},0.157,0.38,1.37
{np.str_('Ketchup')},{np.str_('Sandwich')},0.247,0.43,1.2
{np.str_('Ketchup')},{np.str_('Salad')},0.22,0.29,1.39
"{np.str_('Pasta'), np.str_('Soup')}",{np.str_('Salad')},0.015,0.84,1.15
"{np.str_('Fries'), np.str_('Burger')}",{np.str_('IceCream')},0.07,0.32,0.81
{np.str_('IceCream')},{np.str_('Ketchup')},0.051,0.65,1.17
"{np.str_('Pizza'), np.str_('Burger')}",{np.str_('Soup')},0.266,0.71,1.39
"{np.str_('Burger'), np.str_('Salad')}",{np.str_('Ketchup')},0.252,0.42,1.34
"{np.str_('Pasta'), np.str_('Sandwich')}",{np.str_('Ketchup')},0.113,0.38,0.91
{np.str_('Ketchup')},{np.str_('Pizza')},0.226,0.64,1.14
{np.str_('Pasta')},{np.str_('Sandwich')},0.29,0.59,0.84
"{np.str_('IceCream'), np.str_('Soup')}",{np.str_('Pizza')},0.154,0.23,0.97
"{np.str_('Coke'), np.str_('Soup')}",{np.str_('Pizza')},0.272,0.15,1.4
{np.str_('Pizza')},{np.str_('Ketchup')},0.153,0.84,0.92
"{np.str_('Burger'), np.str_('Soup')}",{np.str_('Ketchup')},0.043,0.38,1.04
"{np.str_('Soup'), np.str_('Sandwich')}",{np.str_('Burger')},0.114,0.77,1.35
"{np.str_('Pizza'), np.str_('Coke')}",{np.str_('IceCream')},0.221,0.57,1.29
"{np.str_('Ketchup'), np.str_('Soup')}",{np.str_('Fries')},0.098,0.61,1.21
{np.str_('Pizza')},{np.str_('Salad')},0.259,0.77,1.37
"{np.str_('Burger'), np.str_('IceCream')}",{np.str_('Ketchup')},0.269,0.33,1.28
"{np.str_('Ketchup'), np.str_('Burger')}",{np.str_('Pasta')},0.127,0.17,1.38
{np.str_('Burger')},{np.str_('Pizza')},0.147,0.64,1.47
{np.str_('Ketchup')},{np.str_('Coke')},0.299,0.89,0.97
"{np.str_('Soup'), np.str_('IceCream')}",{np.str_('Coke')},0.252,0.46,1.49
"{np.str_('Pasta'), np.str_('Salad')}",{np.str_('Soup')},0.071,0.23,1.41
{np.str_('Pizza')},{np.str_('Ketchup')},0.037,0.61,1.21
"{np.str_('Ketchup'), np.str_('Pasta')}",{np.str_('Pizza')},0.034,0.12,1.17
{np.str_('Ketchup')},{np.str_('Pasta')},0.243,0.6,1.29
"{np.str_('Ketchup'), np.str_('Soup')}",{np.str_('IceCream')},0.227,0.19,1.46
{np.str_('Fries')},{np.str_('Pasta')},0.28,0.28,1.45
"{np.str_('Coke'), np.str_('Burger')}",{np.str_('Soup')},0.011,0.48,0.83
"{np.str_('Coke'), np.str_('Sandwich')}",{np.str_('Pizza')},0.05,0.88,0.82
{np.str_('Burger')},{np.str_('Pizza')},0.153,0.58,1.39
"{np.str_('Soup'), np.str_('Salad')}",{np.str_('Pasta')},0.214,0.56,1.12
{np.str_('Coke')},{np.str_('Soup')},0.124,0.57,0.99
{np.str_('Salad')},{np.str_('Pasta')},0.108,0.34,0.83
"{np.str_('IceCream'), np.str_('Salad')}",{np.str_('Pasta')},0.064,0.79,1.43
"{np.str_('IceCream'), np.str_('Sandwich')}",{np.str_('Fries')},0.103,0.62,1.16
"{np.str_('Pizza'), np.str_('Salad')}",{np.str_('Sandwich')},0.056,0.31,1.47
"{np.str_('Fries'), np.str_('Ketchup')}",{np.str_('Burger')},0.22,0.76,1.22
"{np.str_('Pizza'), np.str_('Salad')}",{np.str_('Sandwich')},0.017,0.21,1.4
"{np.str_('Pizza'), np.str_('Coke')}",{np.str_('Burger')},0.156,0.39,0.89
{np.str_('Burger')},{np.str_('Salad')},0.235,0.68,1.47
{np.str_('IceCream')},{np.str_('Salad')},0.016,0.53,1.34
{np.str_('Salad')},{np.str_('Ketchup')},0.181,0.76,0.97
{np.str_('Ketchup')},{np.str_('Soup')},0.093,0.78,1.11
{np.str_('Coke')},{np.str_('Soup')},0.092,0.56,1.34
{np.str_('Pizza')},{np.str_('Ketchup')},0.116,0.17,1.25
"{np.str_('Coke'), np.str_('Soup')}",{np.str_('Burger')},0.017,0.34,0.95
"{np.str_('Burger'), np.str_('Soup')}",{np.str_('Pasta')},0.144,0.29,0.86
{np.str_('Pizza')},{np.str_('Coke')},0.16,0.42,1.12
"{np.str_('Coke'), np.str_('IceCream')}",{np.str_('Pizza')},0.279,0.56,1.11
"{np.str_('Ketchup'), np.str_('Coke')}",{np.str_('Sandwich')},0.055,0.41,0.96
"{np.str_('Fries'), np.str_('IceCream')}",{np.str_('Pasta')},0.112,0.78,1.21
"{np.str_('IceCream'), np.str_('Sandwich')}",{np.str_('Soup')},0.276,0.83,1.13
{np.str_('Fries')},{np.str_('Pasta')},0.18,0.3,1.39
{np.str_('Ketchup')},{np.str_('Coke')},0.263,0.26,1.49
"{np.str_('Pizza'), np.str_('Ketchup')}",{np.str_('Soup')},0.285,0.27,1.13
"{np.str_('Coke'), np.str_('IceCream')}",{np.str_('Fries')},0.143,0.47,1.08
{np.str_('IceCream')},{np.str_('Coke')},0.139,0.31,1.08
"{np.str_('Pasta'), np.str_('Salad')}",{np.str_('Fries')},0.187,0.67,1.13
{np.str_('Sandwich')},{np.str_('Coke')},0.148,0.34,1.38
"{np.str_('Burger'), np.str_('Salad')}",{np.str_('Fries')},0.021,0.49,1.26
{np.str_('Salad')},{np.str_('Sandwich')},0.133,0.8,1.28
"{np.str_('Pizza'), np.str_('IceCream')}",{np.str_('Ketchup')},0.154,0.27,1.17
{np.str_('Ketchup')},{np.str_('IceCream')},0.079,0.77,1.48
"{np.str_('Ketchup'), np.str_('Coke')}",{np.str_('Salad')},0.022,0.68,1.0
{np.str_('Ketchup')},{np.str_('Burger')},0.17,0.17,0.87
"{np.str_('Ketchup'), np.str_('Burger')}",{np.str_('Soup')},0.111,0.52,0.96
{np.str_('Ketchup')},{np.str_('Pizza')},0.064,0.15,1.02
{np.str_('IceCream')},{np.str_('Sandwich')},0.166,0.44,1.29
"{np.str_('Fries'), np.str_('Burger')}",{np.str_('Salad')},0.245,0.32,0.86
"{np.str_('Fries'), np.str_('Salad')}",{np.str_('Burger')},0.102,0.53,1.04
{np.str_('Salad')},{np.str_('Sandwich')},0.052,0.23,1.36
"{np.str_('Ketchup'), np.str_('Burger')}",{np.str_('Soup')},0.011,0.46,1.41
"{np.str_('Fries'), np.str_('Pasta')}",{np.str_('Pizza')},0.221,0.89,1.47
{np.str_('Ketchup')},{np.str_('Pizza')},0.274,0.49,0.98
{np.str_('Ketchup')},{np.str_('Sandwich')},0.032,0.8,1.42
{np.str_('Ketchup')},{np.str_('Burger')},0.236,0.48,1.16
{np.str_('Sandwich')},{np.str_('Pasta')},0.113,0.44,1.07
"{np.str_('Soup'), np.str_('Sandwich')}",{np.str_('Coke')},0.069,0.46,0.99
{np.str_('Coke')},{np.str_('Fries')},0.182,0.76,1.01
{np.str_('Fries')},{np.str_('Burger')},0.056,0.87,1.22
"{np.str_('Fries'), np.str_('Salad')}",{np.str_('Coke')},0.196,0.26,1.23
{np.str_('Burger')},{np.str_('Sandwich')},0.115,0.66,1.43
"{np.str_('Pizza'), np.str_('IceCream')}",{np.str_('Fries')},0.157,0.38,0.86
{np.str_('Fries')},{np.str_('Burger')},0.059,0.22,1.49
"{np.str_('Burger'), np.str_('Sandwich')}",{np.str_('IceCream')},0.219,0.17,1.05
"{np.str_('Burger'), np.str_('Pasta')}",{np.str_('Pizza')},0.155,0.16,1.16
"{np.str_('Fries'), np.str_('Coke')}",{np.str_('Sandwich')},0.282,0.17,0.85
{np.str_('IceCream')},{np.str_('Soup')},0.024,0.54,0.98
"{np.str_('Pasta'), np.str_('Salad')}",{np.str_('Sandwich')},0.255,0.39,0.92
{np.str_('Coke')},{np.str_('Soup')},0.232,0.82,1.41
{np.str_('Fries')},{np.str_('Sandwich')},0.08,0.83,1.23
{np.str_('Salad')},{np.str_('IceCream')},0.185,0.65,0.86
{np.str_('Coke')},{np.str_('IceCream')},0.264,0.29,1.14
{np.str_('Burger')},{np.str_('Fries')},0.132,0.5,0.87
{np.str_('Burger')},{np.str_('IceCream')},0.092,0.44,0.94
{np.str_('Pizza')},{np.str_('Ketchup')},0.24,0.23,0.92
"{np.str_('Burger'), np.str_('Sandwich')}",{np.str_('Coke')},0.222,0.48,1.31
"{np.str_('Fries'), np.str_('Coke')}",{np.str_('Burger')},0.062,0.39,0.97
"{np.str_('Burger'), np.str_('Soup')}",{np.str_('IceCream')},0.273,0.43,1.39
"{np.str_('Coke'), np.str_('Soup')}",{np.str_('Ketchup')},0.248,0.55,0.99
"{np.str_('IceCream'), np.str_('Sandwich')}",{np.str_('Salad')},0.19,0.62,0.91
"{np.str_('Coke'), np.str_('IceCream')}",{np.str_('Sandwich')},0.036,0.88,0.91
{np.str_('Sandwich')},{np.str_('Coke')},0.211,0.7,1.35
"{np.str_('Ketchup'), np.str_('Coke')}",{np.str_('Burger')},0.066,0.89,1.09
"{np.str_('Pizza'), np.str_('Soup')}",{np.str_('Ketchup')},0.132,0.75,1.1
"{np.str_('Sandwich'), np.str_('Salad')}",{np.str_('Burger')},0.103,0.84,0.85
"{np.str_('Ketchup'), np.str_('Pasta')}",{np.str_('Coke')},0.278,0.77,0.94
{np.str_('Salad')},{np.str_('Coke')},0.131,0.19,0.81
{np.str_('Pizza')},{np.str_('Coke')},0.122,0.67,1.36
{np.str_('IceCream')},{np.str_('Pasta')},0.137,0.7,1.16
"{np.str_('Fries'), np.str_('Pizza')}",{np.str_('Sandwich')},0.246,0.88,1.14
"{np.str_('Pasta'), np.str_('Salad')}",{np.str_('Fries')},0.159,0.83,1.05
{np.str_('Pasta')},{np.str_('Salad')},0.108,0.44,1.45
{np.str_('Soup')},{np.str_('Fries')},0.259,0.23,1.33
{np.str_('Pizza')},{np.str_('IceCream')},0.206,0.38,1.04
{np.str_('Salad')},{np.str_('Burger')},0.057,0.19,1.45
{np.str_('Soup')},{np.str_('Pizza')},0.287,0.5,1.16
{np.str_('Soup')},{np.str_('IceCream')},0.088,0.14,0.91
"{np.str_('Ketchup'), np.str_('Salad')}",{np.str_('Pasta')},0.207,0.69,0.93
{np.str_('Ketchup')},{np.str_('IceCream')},0.06,0.15,1.19
{np.str_('Pizza')},{np.str_('IceCream')},0.047,0.37,0.96
{np.str_('Coke')},{np.str_('Sandwich')},0.14,0.1,1.46
"{np.str_('Fries'), np.str_('Soup')}",{np.str_('Ketchup')},0.079,0.19,1.15
"{np.str_('Ketchup'), np.str_('Soup')}",{np.str_('Sandwich')},0.114,0.87,1.11
"{np.str_('Pasta'), np.str_('Soup')}",{np.str_('Fries')},0.095,0.82,1.36
"{np.str_('Fries'), np.str_('Salad')}",{np.str_('Coke')},0.236,0.22,1.22
"{np.str_('Ketchup'), np.str_('Sandwich')}",{np.str_('Pizza')},0.171,0.85,1.17
{np.str_('IceCream')},{np.str_('Pasta')},0.09,0.69,1.11
{np.str_('Salad')},{np.str_('Coke')},0.022,0.36,1.18
"{np.str_('IceCream'), np.str_('Sandwich')}",{np.str_('Ketchup')},0.058,0.86,1.12
"{np.str_('Sandwich'), np.str_('Salad')}",{np.str_('Soup')},0.045,0.45,1.24
"{np.str_('Pizza'), np.str_('IceCream')}",{np.str_('Ketchup')},0.024,0.13,1.25
"{np.str_('Coke'), np.str_('Sandwich')}",{np.str_('IceCream')},0.153,0.26,1.05
"{np.str_('Fries'), np.str_('Soup')}",{np.str_('Pasta')},0.164,0.88,1.17
{np.str_('Pizza')},{np.str_('Sandwich')},0.2,0.4,1.45
"{np.str_('Fries'), np.str_('Pasta')}",{np.str_('Coke')},0.25,0.67,1.44
"{np.str_('Pizza'), np.str_('Coke')}",{np.str_('Ketchup')},0.235,0.34,0.81
"{np.str_('Burger'), np.str_('Salad')}",{np.str_('Fries')},0.155,0.59,1.02
{np.str_('Salad')},{np.str_('IceCream')},0.15,0.86,1.41
"{np.str_('Fries'), np.str_('Sandwich')}",{np.str_('Salad')},0.116,0.13,1.15
{np.str_('Soup')},{np.str_('IceCream')},0.171,0.25,0.83
{np.str_('Pasta')},{np.str_('Ketchup')},0.193,0.23,1.28
"{np.str_('Fries'), np.str_('Pasta')}",{np.str_('Coke')},0.285,0.16,1.34
{np.str_('Ketchup')},{np.str_('Pizza')},0.289,0.4,1.36
"{np.str_('Coke'), np.str_('Soup')}",{np.str_('Burger')},0.194,0.53,1.27
{np.str_('Pasta')},{np.str_('Pizza')},0.28,0.35,0.93
{np.str_('Fries')},{np.str_('Pizza')},0.238,0.14,0.85
"{np.str_('Burger'), np.str_('Soup')}",{np.str_('Pizza')},0.239,0.13,0.82
{np.str_('Soup')},{np.str_('Pasta')},0.223,0.37,0.9
{np.str_('Pasta')},{np.str_('IceCream')},0.027,0.25,0.84
"{np.str_('Pasta'), np.str_('Salad')}",{np.str_('Sandwich')},0.107,0.65,1.1
"{np.str_('Coke'), np.str_('Soup')}",{np.str_('Pizza')},0.046,0.12,0.86
"{np.str_('Pizza'), np.str_('Fries')}",{np.str_('Burger')},0.267,0.17,1.2
{np.str_('Coke')},{np.str_('Salad')},0.277,0.39,1.45
{np.str_('Pasta')},{np.str_('IceCream')},0.032,0.33,1.47
{np.str_('Salad')},{np.str_('Ketchup')},0.122,0.55,1.46
"{np.str_('Pizza'), np.str_('Burger')}",{np.str_('Coke')},0.113,0.26,1.05
{np.str_('Soup')},{np.str_('Salad')},0.099,0.84,1.01
{np.str_('Burger')},{np.str_('IceCream')},0.203,0.86,1.16
{np.str_('Soup')},{np.str_('Burger')},0.278,0.49,1.1
{np.str_('Coke')},{np.str_('Salad')},0.057,0.73,1.16
{np.str_('Coke')},{np.str_('Salad')},0.052,0.6,0.96
"{np.str_('Ketchup'), np.str_('Salad')}",{np.str_('Burger')},0.028,0.54,1.01
{np.str_('IceCream')},{np.str_('Sandwich')},0.109,0.52,1.31
{np.str_('Coke')},{np.str_('Ketchup')},0.111,0.23,1.27
"{np.str_('Burger'), np.str_('Salad')}",{np.str_('Ketchup')},0.183,0.57,0.83
"{np.str_('Burger'), np.str_('IceCream')}",{np.str_('Soup')},0.044,0.8,0.99
"{np.str_('Coke'), np.str_('Salad')}",{np.str_('Pasta')},0.296,0.64,1.45
"{np.str_('Pizza'), np.str_('Ketchup')}",{np.str_('Fries')},0.018,0.19,1.48
"{np.str_('Sandwich'), np.str_('Salad')}",{np.str_('IceCream')},0.179,0.4,0.9
{np.str_('Coke')},{np.str_('Pizza')},0.016,0.19,1.3
"{np.str_('Fries'), np.str_('Burger')}",{np.str_('Pasta')},0.092,0.33,1.36
"{np.str_('Pizza'), np.str_('Sandwich')}",{np.str_('Soup')},0.153,0.84,1.17
{np.str_('Sandwich')},{np.str_('Coke')},0.185,0.39,1.3
"{np.str_('Fries'), np.str_('Ketchup')}",{np.str_('Salad')},0.029,0.16,1.22
{np.str_('Pasta')},{np.str_('Soup')},0.129,0.19,1.37
"{np.str_('Pasta'), np.str_('IceCream')}",{np.str_('Ketchup')},0.222,0.33,1.03
{np.str_('Pasta')},{np.str_('Coke')},0.138,0.62,1.03
{np.str_('Fries')},{np.str_('IceCream')},0.077,0.45,1.11
"{np.str_('Fries'), np.str_('Salad')}",{np.str_('Burger')},0.198,0.29,0.99
"{np.str_('Fries'), np.str_('IceCream')}",{np.str_('Coke')},0.197,0.52,1.3
{np.str_('Sandwich')},{np.str_('Salad')},0.192,0.25,1.22
{np.str_('Fries')},{np.str_('Soup')},0.057,0.85,1.1
"{np.str_('Fries'), np.str_('Salad')}",{np.str_('IceCream')},0.144,0.13,0.96
"{np.str_('Fries'), np.str_('IceCream')}",{np.str_('Ketchup')},0.206,0.47,1.33
"{np.str_('Fries'), np.str_('Soup')}",{np.str_('IceCream')},0.195,0.69,0.82
{np.str_('Pizza')},{np.str_('Sandwich')},0.287,0.44,0.84
{np.str_('Sandwich')},{np.str_('IceCream')},0.021,0.51,1.14
"{np.str_('Coke'), np.str_('IceCream')}",{np.str_('Pizza')},0.161,0.83,1.26
{np.str_('IceCream')},{np.str_('Soup')},0.021,0.86,1.05
"{np.str_('Pasta'), np.str_('Salad')}",{np.str_('Ketchup')},0.224,0.16,1.47
"{np.str_('Fries'), np.str_('Pizza')}",{np.str_('IceCream')},0.151,0.52,1.46
{np.str_('Coke')},{np.str_('Fries')},0.051,0.4,1.3
{np.str_('Ketchup')},{np.str_('Coke')},0.031,0.47,0.99
"{np.str_('Fries'), np.str_('Ketchup')}",{np.str_('Salad')},0.274,0.73,1.39
{np.str_('Coke')},{np.str_('Sandwich')},0.199,0.42,1.23
"{np.str_('Pasta'), np.str_('Salad')}",{np.str_('Soup')},0.151,0.29,1.27
"{np.str_('Fries'), np.str_('Pasta')}",{np.str_('Salad')},0.256,0.66,1.48
"{np.str_('Burger'), np.str_('IceCream')}",{np.str_('Coke')},0.214,0.76,1.34
"{np.str_('Pasta'), np.str_('IceCream')}",{np.str_('Coke')},0.166,0.64,1.05
{np.str_('Burger')},{np.str_('Ketchup')},0.226,0.2,0.82
{np.str_('Ketchup')},{np.str_('Sandwich')},0.032,0.7,1.15
"{np.str_('Burger'), np.str_('Sandwich')}",{np.str_('Ketchup')},0.045,0.4,1.35
{np.str_('Burger')},{np.str_('Coke')},0.123,0.61,0.88
"{np.str_('Pizza'), np.str_('Salad')}",{np.str_('Coke')},0.244,0.11,1.34
{np.str_('Sandwich')},{np.str_('Burger')},0.114,0.53,1.1
"{np.str_('Fries'), np.str_('Sandwich')}",{np.str_('Salad')},0.178,0.5,0.85
{np.str_('IceCream')},{np.str_('Burger')},0.228,0.11,1.44
{np.str_('Burger')},{np.str_('Ketchup')},0.237,0.19,0.83
"{np.str_('Ketchup'), np.str_('Burger')}",{np.str_('Soup')},0.014,0.77,1.47
"{np.str_('Coke'), np.str_('Soup')}",{np.str_('Fries')},0.11,0.88,1.35
"{np.str_('Pizza'), np.str_('Coke')}",{np.str_('Salad')},0.036,0.13,1.41
"{np.str_('Pasta'), np.str_('Soup')}",{np.str_('IceCream')},0.29,0.61,0.98
"{np.str_('Fries'), np.str_('Burger')}",{np.str_('Pizza')},0.253,0.44,1.38
"{np.str_('Ketchup'), np.str_('Soup')}",{np.str_('IceCream')},0.28,0.26,1.32
{np.str_('Soup')},{np.str_('Ketchup')},0.284,0.12,1.36
{np.str_('Pizza')},{np.str_('Sandwich')},0.217,0.55,1.37
"{np.str_('Burger'), np.str_('Salad')}",{np.str_('Soup')},0.255,0.57,1.43
"{np.str_('Coke'), np.str_('IceCream')}",{np.str_('Pasta')},0.094,0.11,1.46
{np.str_('Pizza')},{np.str_('Burger')},0.081,0.77,1.23
{np.str_('Ketchup')},{np.str_('Burger')},0.079,0.19,0.84
"{np.str_('Sandwich'), np.str_('Salad')}",{np.str_('Coke')},0.098,0.65,1.1
{np.str_('IceCream')},{np.str_('Sandwich')},0.096,0.72,1.01
{np.str_('Sandwich')},{np.str_('Burger')},0.214,0.16,1.47
{np.str_('Pizza')},{np.str_('Salad')},0.167,0.21,1.42
{np.str_('Pizza')},{np.str_('Salad')},0.291,0.14,0.84
{np.str_('Fries')},{np.str_('Pizza')},0.205,0.71,1.15
"{np.str_('Pasta'), np.str_('Sandwich')}",{np.str_('Fries')},0.07,0.8,1.35
"{np.str_('Burger'), np.str_('Salad')}",{np.str_('Pasta')},0.073,0.77,1.35
{np.str_('Pasta')},{np.str_('Burger')},0.162,0.74,0.8
{np.str_('Burger')},{np.str_('IceCream')},0.044,0.39,1.21
{np.str_('Ketchup')},{np.str_('Burger')},0.144,0.52,1.16
{np.str_('Sandwich')},{np.str_('Soup')},0.116,0.38,1.22
"{np.str_('Pasta'), np.str_('IceCream')}",{np.str_('Sandwich')},0.119,0.62,1.46
"{np.str_('Pizza'), np.str_('Sandwich')}",{np.str_('Soup')},0.045,0.61,1.43
"{np.str_('Pizza'), np.str_('Sandwich')}",{np.str_('Salad')},0.064,0.38,1.13
"{np.str_('Pizza'), np.str_('Burger')}",{np.str_('Sandwich')},0.118,0.24,1.33
"{np.str_('Ketchup'), np.str_('IceCream')}",{np.str_('Pasta')},0.082,0.72,1.24
"{np.str_('Ketchup'), np.str_('Soup')}",{np.str_('Pizza')},0.288,0.87,1.32
"{np.str_('Ketchup'), np.str_('Pasta')}",{np.str_('Fries')},0.036,0.83,0.84
{np.str_('Soup')},{np.str_('Sandwich')},0.1,0.8,1.12
"{np.str_('Soup'), np.str_('Sandwich')}",{np.str_('IceCream')},0.087,0.56,0.88
"{np.str_('Pasta'), np.str_('Soup')}",{np.str_('Salad')},0.079,0.69,1.12
{np.str_('Fries')},{np.str_('Pasta')},0.247,0.43,1.05
"{np.str_('Pasta'), np.str_('Soup')}",{np.str_('Burger')},0.127,0.28,0.9
"{np.str_('Pizza'), np.str_('IceCream')}",{np.str_('Fries')},0.052,0.66,0.88
{np.str_('Ketchup')},{np.str_('Fries')},0.033,0.27,1.24
"{np.str_('Fries'), np.str_('Salad')}",{np.str_('Soup')},0.042,0.72,0.88
{np.str_('Fries')},{np.str_('Coke')},0.235,0.27,1.26
"{np.str_('Soup'), np.str_('Sandwich')}",{np.str_('Fries')},0.175,0.51,1.0
"{np.str_('IceCream'), np.str_('Sandwich')}",{np.str_('Salad')},0.196,0.31,0.97
{np.str_('IceCream')},{np.str_('Salad')},0.268,0.82,1.13
{np.str_('Fries')},{np.str_('Sandwich')},0.2,0.7,0.96
{np.str_('Pasta')},{np.str_('Coke')},0.035,0.51,0.9
"{np.str_('Ketchup'), np.str_('Soup')}",{np.str_('Pizza')},0.032,0.78,1.47
{np.str_('IceCream')},{np.str_('Pizza')},0.041,0.64,0.81
{np.str_('Burger')},{np.str_('Fries')},0.163,0.4,1.13
{np.str_('Fries')},{np.str_('IceCream')},0.022,0.39,0.86
"{np.str_('Coke'), np.str_('Sandwich')}",{np.str_('Pasta')},0.04,0.85,0.89
"{np.str_('Pizza'), np.str_('Sandwich')}",{np.str_('Ketchup')},0.045,0.6,1.35
{np.str_('Burger')},{np.str_('Salad')},0.254,0.17,1.22
{np.str_('Pasta')},{np.str_('Soup')},0.041,0.48,1.07
"{np.str_('Coke'), np.str_('Sandwich')}",{np.str_('IceCream')},0.073,0.72,1.18
"{np.str_('Fries'), np.str_('Ketchup')}",{np.str_('IceCream')},0.1,0.72,0.8
{np.str_('Salad')},{np.str_('IceCream')},0.22,0.73,1.07
{np.str_('Pizza')},{np.str_('Salad')},0.29,0.37,1.11
{np.str_('Pasta')},{np.str_('Pizza')},0.22,0.34,1.12
"{np.str_('Burger'), np.str_('Soup')}",{np.str_('Ketchup')},0.118,0.46,0.97
"{np.str_('Burger'), np.str_('Sandwich')}",{np.str_('Salad')},0.291,0.39,0.88
{np.str_('Salad')},{np.str_('Pizza')},0.075,0.18,0.95
"{np.str_('Pizza'), np.str_('IceCream')}",{np.str_('Fries')},0.299,0.34,1.31
"{np.str_('Pizza'), np.str_('Fries')}",{np.str_('IceCream')},0.14,0.83,1.46
{np.str_('Coke')},{np.str_('Pizza')},0.29,0.59,0.98
"{np.str_('Soup'), np.str_('Sandwich')}",{np.str_('Pasta')},0.099,0.26,1.22
{np.str_('Ketchup')},{np.str_('IceCream')},0.016,0.26,1.0
"{np.str_('Pizza'), np.str_('Pasta')}",{np.str_('Fries')},0.084,0.34,1.21
"{np.str_('Pasta'), np.str_('Soup')}",{np.str_('Fries')},0.245,0.43,0.92
"{np.str_('Pasta'), np.str_('IceCream')}",{np.str_('Ketchup')},0.141,0.2,1.35
{np.str_('Ketchup')},{np.str_('IceCream')},0.107,0.61,1.28
{np.str_('Fries')},{np.str_('Pizza')},0.034,0.69,1.29
{np.str_('Salad')},{np.str_('Ketchup')},0.118,0.17,0.8
{np.str_('Burger')},{np.str_('IceCream')},0.036,0.82,1.41
{np.str_('Pasta')},{np.str_('Soup')},0.124,0.21,0.99
"{np.str_('Soup'), np.str_('Salad')}",{np.str_('Fries')},0.235,0.74,1.0
"{np.str_('Coke'), np.str_('Sandwich')}",{np.str_('Soup')},0.209,0.83,1.31
{np.str_('Pizza')},{np.str_('Burger')},0.03,0.43,1.07
{np.str_('Fries')},{np.str_('Coke')},0.137,0.48,1.25
"{np.str_('Pizza'), np.str_('Pasta')}",{np.str_('IceCream')},0.168,0.6,1.0
{np.str_('Soup')},{np.str_('Salad')},0.202,0.86,1.18
{np.str_('Fries')},{np.str_('Pizza')},0.184,0.65,1.2
{np.str_('Sandwich')},{np.str_('Pasta')},0.122,0.54,0.87
"{np.str_('Pizza'), np.str_('Salad')}",{np.str_('Burger')},0.1,0.74,1.42
"{np.str_('Ketchup'), np.str_('Sandwich')}",{np.str_('Fries')},0.048,0.35,1.07
"{np.str_('Ketchup'), np.str_('Sandwich')}",{np.str_('Fries')},0.065,0.34,0.87
"{np.str_('Ketchup'), np.str_('IceCream')}",{np.str_('Fries')},0.171,0.1,1.15
"{np.str_('Pizza'), np.str_('Soup')}",{np.str_('Pasta')},0.258,0.85,1.19
"{np.str_('Sandwich'), np.str_('Salad')}",{np.str_('Pizza')},0.156,0.61,0.99
{np.str_('Pasta')},{np.str_('Sandwich')},0.191,0.81,0.83
"{np.str_('IceCream'), np.str_('Sandwich')}",{np.str_('Ketchup')},0.112,0.59,1.04
"{np.str_('Soup'), np.str_('Salad')}",{np.str_('Sandwich')},0.234,0.4,1.3
{np.str_('Ketchup')},{np.str_('Burger')},0.187,0.58,0.9
{np.str_('Ketchup')},{np.str_('Pizza')},0.255,0.77,1.03
"{np.str_('Pasta'), np.str_('Soup')}",{np.str_('Pizza')},0.179,0.3,0.82
{np.str_('Pasta')},{np.str_('Salad')},0.143,0.76,1.44
{np.str_('Pizza')},{np.str_('Sandwich')},0.124,0.89,1.33
"{np.str_('Pizza'), np.str_('Salad')}",{np.str_('Coke')},0.013,0.56,1.13
"{np.str_('Sandwich'), np.str_('Salad')}",{np.str_('Fries')},0.078,0.81,0.89
"{np.str_('Pizza'), np.str_('Soup')}",{np.str_('Burger')},0.118,0.75,1.03
{np.str_('Fries')},{np.str_('IceCream')},0.237,0.46,1.06
"{np.str_('Ketchup'), np.str_('Pasta')}",{np.str_('Pizza')},0.186,0.68,1.37
{np.str_('Pasta')},{np.str_('Fries')},0.071,0.42,0.94
{np.str_('Salad')},{np.str_('IceCream')},0.088,0.25,1.18
{np.str_('Ketchup')},{np.str_('Pizza')},0.293,0.3,0.92
{np.str_('Ketchup')},{np.str_('Burger')},0.175,0.85,0.9
{np.str_('Fries')},{np.str_('Sandwich')},0.034,0.58,1.09
{np.str_('Coke')},{np.str_('IceCream')},0.18,0.73,0.94
{np.str_('Pasta')},{np.str_('Burger')},0.079,0.78,1.32
{np.str_('Ketchup')},{np.str_('Sandwich')},0.129,0.55,0.84
"{np.str_('Soup'), np.str_('Sandwich')}",{np.str_('Ketchup')},0.136,0.63,0.95
{np.str_('Pizza')},{np.str_('Sandwich')},0.166,0.68,1.14
"{np.str_('Burger'), np.str_('Coke')}",{np.str_('Ketchup')},0.065,0.57,1.44
"{np.str_('Pasta'), np.str_('Soup')}",{np.str_('Burger')},0.104,0.72,1.12
"{np.str_('Fries'), np.str_('Pasta')}",{np.str_('Coke')},0.047,0.84,1.03
"{np.str_('Burger'), np.str_('Sandwich')}",{np.str_('Pasta')},0.096,0.44,1.38
"{np.str_('Burger'), np.str_('IceCream')}",{np.str_('Pasta')},0.057,0.69,1.19
{np.str_('Burger')},{np.str_('Salad')},0.25,0.43,0.86
"{np.str_('Pizza'), np.str_('Soup')}",{np.str_('Burger')},0.038,0.24,0.89
{np.str_('Fries')},{np.str_('Pizza')},0.013,0.39,1.49
"{np.str_('Ketchup'), np.str_('Pasta')}",{np.str_('Pizza')},0.041,0.53,0.87
"{np.str_('Sandwich'), np.str_('Salad')}",{np.str_('IceCream')},0.078,0.7,0.84
{np.str_('Sandwich')},{np.str_('Pizza')},0.293,0.18,1.37
"{np.str_('Fries'), np.str_('Pasta')}",{np.str_('Coke')},0.113,0.27,0.95
{np.str_('Pizza')},{np.str_('Pasta')},0.299,0.89,0.93
{np.str_('Salad')},{np.str_('Soup')},0.296,0.28,1.42
"{np.str_('Pasta'), np.str_('Soup')}",{np.str_('Ketchup')},0.276,0.14,0.96
"{np.str_('Fries'), np.str_('Salad')}",{np.str_('Pizza')},0.178,0.8,1.09
{np.str_('Salad')},{np.str_('Soup')},0.054,0.43,0.82
"{np.str_('Ketchup'), np.str_('Pasta')}",{np.str_('IceCream')},0.222,0.86,1.42
{np.str_('Burger')},{np.str_('Sandwich')},0.156,0.82,1.36
"{np.str_('Ketchup'), np.str_('IceCream')}",{np.str_('Soup')},0.238,0.48,1.11
{np.str_('Burger')},{np.str_('Coke')},0.144,0.25,1.01
{np.str_('Fries')},{np.str_('Pasta')},0.189,0.12,1.26
"{np.str_('Ketchup'), np.str_('Pasta')}",{np.str_('Sandwich')},0.179,0.7,1.26
{np.str_('Fries')},{np.str_('Pasta')},0.064,0.26,1.22
{np.str_('Soup')},{np.str_('Sandwich')},0.061,0.81,1.15
"{np.str_('Burger'), np.str_('Coke')}",{np.str_('Pasta')},0.097,0.72,0.92
{np.str_('Ketchup')},{np.str_('IceCream')},0.136,0.2,1.47
"{np.str_('Ketchup'), np.str_('IceCream')}",{np.str_('Sandwich')},0.155,0.89,0.84
{np.str_('Pizza')},{np.str_('Burger')},0.272,0.48,1.09
"{np.str_('Pizza'), np.str_('Burger')}",{np.str_('Coke')},0.063,0.8,1.17
"{np.str_('Coke'), np.str_('Salad')}",{np.str_('Pizza')},0.092,0.84,0.97
{np.str_('Soup')},{np.str_('Coke')},0.06,0.73,1.32
"{np.str_('Pizza'), np.str_('Salad')}",{np.str_('IceCream')},0.107,0.66,0.89
"{np.str_('Ketchup'), np.str_('Burger')}",{np.str_('Sandwich')},0.032,0.55,1.05
"{np.str_('Burger'), np.str_('IceCream')}",{np.str_('Fries')},0.106,0.48,0.96
"{np.str_('Burger'), np.str_('Soup')}",{np.str_('Coke')},0.026,0.47,1.13
{np.str_('Sandwich')},{np.str_('Pizza')},0.297,0.69,1.03
{np.str_('Salad')},{np.str_('Burger')},0.152,0.25,1.22
"{np.str_('Pizza'), np.str_('Salad')}",{np.str_('Soup')},0.248,0.62,1.12
"{np.str_('Pasta'), np.str_('Sandwich')}",{np.str_('Pizza')},0.013,0.76,1.0
{np.str_('Salad')},{np.str_('Fries')},0.137,0.5,1.49
"{np.str_('Fries'), np.str_('Pizza')}",{np.str_('Coke')},0.229,0.29,1.33
{np.str_('IceCream')},{np.str_('Pizza')},0.237,0.12,1.21
{np.str_('Sandwich')},{np.str_('Burger')},0.258,0.19,1.44
"{np.str_('Burger'), np.str_('Soup')}",{np.str_('Salad')},0.261,0.49,0.84
"{np.str_('Pizza'), np.str_('IceCream')}",{np.str_('Fries')},0.136,0.9,1.29
"{np.str_('IceCream'), np.str_('Salad')}",{np.str_('Burger')},0.127,0.17,0.82
"{np.str_('Sandwich'), np.str_('Salad')}",{np.str_('Coke')},0.278,0.81,1.13
{np.str_('IceCream')},{np.str_('Coke')},0.12,0.33,1.47
"{np.str_('Fries'), np.str_('IceCream')}",{np.str_('Pizza')},0.038,0.63,1.11
{np.str_('Sandwich')},{np.str_('Coke')},0.014,0.36,0.92
{np.str_('IceCream')},{np.str_('Sandwich')},0.013,0.62,1.26
{np.str_('Soup')},{np.str_('Pizza')},0.157,0.82,1.23
"{np.str_('Fries'), np.str_('Salad')}",{np.str_('Burger')},0.276,0.48,0.89
{np.str_('Pasta')},{np.str_('Pizza')},0.074,0.17,1.12
"{np.str_('Pasta'), np.str_('IceCream')}",{np.str_('Coke')},0.048,0.18,1.1
{np.str_('Burger')},{np.str_('Soup')},0.172,0.69,0.8
{np.str_('Ketchup')},{np.str_('Sandwich')},0.268,0.44,1.19
"{np.str_('IceCream'), np.str_('Salad')}",{np.str_('Pasta')},0.045,0.63,0.81
{np.str_('Soup')},{np.str_('IceCream')},0.085,0.17,1.49
"{np.str_('Soup'), np.str_('Salad')}",{np.str_('Ketchup')},0.144,0.13,1.45
"{np.str_('Fries'), np.str_('Soup')}",{np.str_('Pizza')},0.155,0.73,1.06
"{np.str_('Coke'), np.str_('Burger')}",{np.str_('Soup')},0.074,0.46,1.5
"{np.str_('Pasta'), np.str_('Soup')}",{np.str_('Fries')},0.255,0.76,1.39
"{np.str_('Pizza'), np.str_('Sandwich')}",{np.str_('IceCream')},0.17,0.14,1.35
"{np.str_('Burger'), np.str_('Soup')}",{np.str_('Sandwich')},0.228,0.24,1.13
{np.str_('Ketchup')},{np.str_('Burger')},0.206,0.9,1.35
{np.str_('Pizza')},{np.str_('Salad')},0.208,0.15,0.83
"{np.str_('Soup'), np.str_('IceCream')}",{np.str_('Sandwich')},0.195,0.29,1.45
{np.str_('Pizza')},{np.str_('Pasta')},0.193,0.88,1.4
"{np.str_('Pizza'), np.str_('Burger')}",{np.str_('Fries')},0.263,0.42,0.84
{np.str_('IceCream')},{np.str_('Pasta')},0.167,0.19,1.03
"{np.str_('Fries'), np.str_('Sandwich')}",{np.str_('Pizza')},0.05,0.88,1.13
{np.str_('Fries')},{np.str_('IceCream')},0.071,0.73,1.03
"{np.str_('Fries'), np.str_('Burger')}",{np.str_('Salad')},0.107,0.77,0.83
{np.str_('Pizza')},{np.str_('Pasta')},0.023,0.23,1.22
"{np.str_('Coke'), np.str_('Salad')}",{np.str_('Pasta')},0.241,0.36,1.1
{np.str_('Salad')},{np.str_('Fries')},0.243,0.15,1.17
"{np.str_('Ketchup'), np.str_('Burger')}",{np.str_('Coke')},0.215,0.9,1.07
{np.str_('Salad')},{np.str_('Coke')},0.099,0.58,1.07
"{np.str_('Burger'), np.str_('Sandwich')}",{np.str_('Salad')},0.046,0.79,1.28
{np.str_('Soup')},{np.str_('Sandwich')},0.285,0.14,1.33
{np.str_('Sandwich')},{np.str_('Fries')},0.118,0.18,1.33
{np.str_('Ketchup')},{np.str_('IceCream')},0.292,0.87,1.43
"{np.str_('Burger'), np.str_('Salad')}",{np.str_('Sandwich')},0.252,0.56,1.11
{np.str_('Salad')},{np.str_('Soup')},0.171,0.49,1.39
"{np.str_('Pasta'), np.str_('Soup')}",{np.str_('Fries')},0.291,0.25,1.43
{np.str_('Pizza')},{np.str_('Soup')},0.206,0.52,0.87
{np.str_('Pasta')},{np.str_('Burger')},0.153,0.63,0.96
{np.str_('Coke')},{np.str_('Salad')},0.227,0.52,0.94
"{np.str_('Ketchup'), np.str_('Soup')}",{np.str_('Burger')},0.157,0.68,1.36
{np.str_('Sandwich')},{np.str_('Salad')},0.097,0.4,1.37
"{np.str_('IceCream'), np.str_('Sandwich')}",{np.str_('Ketchup')},0.084,0.26,1.41
{np.str_('Coke')},{np.str_('Sandwich')},0.112,0.21,1.19
"{np.str_('Pizza'), np.str_('Fries')}",{np.str_('Coke')},0.014,0.82,1.28
"{np.str_('Coke'), np.str_('Pasta')}",{np.str_('Burger')},0.2,0.34,1.33
"{np.str_('Ketchup'), np.str_('Sandwich')}",{np.str_('Pasta')},0.132,0.84,1.29
{np.str_('Coke')},{np.str_('Pizza')},0.077,0.29,1.31
{np.str_('Pizza')},{np.str_('Pasta')},0.108,0.11,1.49
{np.str_('Sandwich')},{np.str_('Ketchup')},0.044,0.53,0.88
{np.str_('Pizza')},{np.str_('Pasta')},0.299,0.12,1.01
{np.str_('IceCream')},{np.str_('Coke')},0.244,0.78,1.47
{np.str_('Salad')},{np.str_('Pasta')},0.288,0.76,1.13
{np.str_('Sandwich')},{np.str_('Salad')},0.022,0.24,1.34
{np.str_('Pizza')},{np.str_('Salad')},0.243,0.69,1.35
"{np.str_('Coke'), np.str_('IceCream')}",{np.str_('Fries')},0.117,0.6,1.15
{np.str_('Soup')},{np.str_('Burger')},0.078,0.83,1.35
{np.str_('Sandwich')},{np.str_('IceCream')},0.124,0.21,1.21
{np.str_('Salad')},{np.str_('IceCream')},0.233,0.24,0.97
"{np.str_('Burger'), np.str_('IceCream')}",{np.str_('Ketchup')},0.234,0.8,1.33
{np.str_('Soup')},{np.str_('Salad')},0.029,0.57,0.85
"{np.str_('Coke'), np.str_('Soup')}",{np.str_('Pasta')},0.277,0.16,1.47
{np.str_('Salad')},{np.str_('Burger')},0.184,0.85,1.18
"{np.str_('Pasta'), np.str_('Sandwich')}",{np.str_('Burger')},0.289,0.51,0.81
{np.str_('Burger')},{np.str_('Ketchup')},0.212,0.42,1.31
{np.str_('IceCream')},{np.str_('Pizza')},0.033,0.62,1.44
{np.str_('Burger')},{np.str_('Sandwich')},0.168,0.25,0.9
"{np.str_('Ketchup'), np.str_('Soup')}",{np.str_('Salad')},0.294,0.54,1.43
{np.str_('Fries')},{np.str_('Soup')},0.034,0.75,1.48
{np.str_('Salad')},{np.str_('IceCream')},0.148,0.37,1.09
{np.str_('Soup')},{np.str_('Pasta')},0.141,0.3,0.83
{np.str_('Salad')},{np.str_('Pasta')},0.043,0.85,1.28
"{np.str_('Pasta'), np.str_('IceCream')}",{np.str_('Pizza')},0.101,0.35,0.87
"{np.str_('Fries'), np.str_('Pasta')}",{np.str_('Coke')},0.25,0.86,1.02
"{np.str_('Sandwich'), np.str_('Salad')}",{np.str_('Coke')},0.23,0.39,1.26
{np.str_('Sandwich')},{np.str_('Pasta')},0.026,0.85,0.95
{np.str_('Burger')},{np.str_('Salad')},0.243,0.61,1.2
"{np.str_('Soup'), np.str_('Sandwich')}",{np.str_('Fries')},0.265,0.34,1.32
"{np.str_('Fries'), np.str_('Pizza')}",{np.str_('IceCream')},0.152,0.59,1.42
{np.str_('Burger')},{np.str_('Soup')},0.255,0.83,1.25
{np.str_('IceCream')},{np.str_('Salad')},0.262,0.72,0.8
{np.str_('Coke')},{np.str_('Soup')},0.142,0.47,1.35
"{np.str_('Fries'), np.str_('Burger')}",{np.str_('Sandwich')},0.178,0.65,1.48
{np.str_('Coke')},{np.str_('IceCream')},0.264,0.34,1.32
{np.str_('Burger')},{np.str_('Ketchup')},0.269,0.7,1.2
{np.str_('Burger')},{np.str_('Pizza')},0.058,0.68,0.93
{np.str_('Fries')},{np.str_('Salad')},0.073,0.81,0.89
{np.str_('Pasta')},{np.str_('Salad')},0.163,0.33,0.91
"{np.str_('Fries'), np.str_('Soup')}",{np.str_('Sandwich')},0.198,0.14,1.04
{np.str_('Pizza')},{np.str_('IceCream')},0.121,0.23,0.98
"{np.str_('Fries'), np.str_('Coke')}",{np.str_('Ketchup')},0.12,0.2,0.97
"{np.str_('Pasta'), np.str_('Salad')}",{np.str_('Soup')},0.29,0.25,0.81
"{np.str_('Soup'), np.str_('Salad')}",{np.str_('Sandwich')},0.044,0.83,1.14
"{np.str_('Ketchup'), np.str_('IceCream')}",{np.str_('Pasta')},0.195,0.49,1.16
{np.str_('Pasta')},{np.str_('Burger')},0.067,0.63,1.39
"{np.str_('Coke'), np.str_('Sandwich')}",{np.str_('Fries')},0.025,0.29,1.28
"{np.str_('Ketchup'), np.str_('Coke')}",{np.str_('IceCream')},0.035,0.69,1.06
"{np.str_('Pizza'), np.str_('Burger')}",{np.str_('Fries')},0.092,0.24,1.3
{np.str_('Fries')},{np.str_('Sandwich')},0.173,0.26,0.97
"{np.str_('Burger'), np.str_('Coke')}",{np.str_('Pizza')},0.205,0.2,1.5
{np.str_('IceCream')},{np.str_('Coke')},0.192,0.5,1.48
{np.str_('Sandwich')},{np.str_('Salad')},0.208,0.27,1.13
{np.str_('Fries')},{np.str_('Pizza')},0.135,0.16,1.47
"{np.str_('Pizza'), np.str_('Ketchup')}",{np.str_('Soup')},0.05,0.36,0.97
"{np.str_('Coke'), np.str_('Pasta')}",{np.str_('Ketchup')},0.105,0.71,1.12
"{np.str_('Sandwich'), np.str_('Salad')}",{np.str_('Coke')},0.281,0.77,0.84
"{np.str_('Pizza'), np.str_('Coke')}",{np.str_('Soup')},0.197,0.45,0.95
"{np.str_('Ketchup'), np.str_('Sandwich')}",{np.str_('IceCream')},0.094,0.48,1.2
{np.str_('Sandwich')},{np.str_('Coke')},0.062,0.22,0.95
"{np.str_('Ketchup'), np.str_('Soup')}",{np.str_('IceCream')},0.297,0.65,0.84
{np.str_('Coke')},{np.str_('Pasta')},0.074,0.71,1.17
"{np.str_('Burger'), np.str_('Soup')}",{np.str_('Sandwich')},0.245,0.27,1.13
"{np.str_('Fries'), np.str_('IceCream')}",{np.str_('Burger')},0.043,0.76,1.29
"{np.str_('Coke'), np.str_('Soup')}",{np.str_('Burger')},0.267,0.55,1.2
"{np.str_('Fries'), np.str_('Soup')}",{np.str_('Burger')},0.277,0.39,1.48
"{np.str_('Ketchup'), np.str_('Sandwich')}",{np.str_('Pasta')},0.265,0.58,1.13
{np.str_('Salad')},{np.str_('Sandwich')},0.242,0.2,0.81
"{np.str_('Burger'), np.str_('Salad')}",{np.str_('Pasta')},0.036,0.68,1.33
"{np.str_('Pasta'), np.str_('Sandwich')}",{np.str_('IceCream')},0.185,0.55,1.33
{np.str_('Pasta')},{np.str_('Soup')},0.153,0.19,1.27
"{np.str_('Fries'), np.str_('Soup')}",{np.str_('Coke')},0.122,0.55,1.11
"{np.str_('Burger'), np.str_('IceCream')}",{np.str_('Coke')},0.198,0.9,1.42
"{np.str_('Coke'), np.str_('Burger')}",{np.str_('Soup')},0.156,0.51,1.39
"{np.str_('Sandwich'), np.str_('Salad')}",{np.str_('IceCream')},0.088,0.82,0.99
{np.str_('Coke')},{np.str_('Soup')},0.026,0.7,0.93
{np.str_('IceCream')},{np.str_('Soup')},0.079,0.51,1.21
"{np.str_('Pasta'), np.str_('Salad')}",{np.str_('Sandwich')},0.117,0.74,1.0
{np.str_('Sandwich')},{np.str_('Salad')},0.23,0.88,1.28
"{np.str_('Ketchup'), np.str_('Sandwich')}",{np.str_('Burger')},0.065,0.73,1.1
{np.str_('Pizza')},{np.str_('Soup')},0.204,0.19,1.41
{np.str_('Salad')},{np.str_('Sandwich')},0.281,0.58,1.02
"{np.str_('Burger'), np.str_('Salad')}",{np.str_('Sandwich')},0.281,0.88,1.07
{np.str_('Pizza')},{np.str_('Soup')},0.281,0.18,1.45
"{np.str_('Fries'), np.str_('Sandwich')}",{np.str_('Coke')},0.027,0.15,1.01
{np.str_('Burger')},{np.str_('Coke')},0.138,0.73,1.13
"{np.str_('Fries'), np.str_('Soup')}",{np.str_('IceCream')},0.078,0.39,0.99
{np.str_('Soup')},{np.str_('Ketchup')},0.215,0.46,1.37
"{np.str_('Coke'), np.str_('Soup')}",{np.str_('Pasta')},0.035,0.34,1.08
"{np.str_('Burger'), np.str_('Salad')}",{np.str_('Coke')},0.144,0.5,1.01
{np.str_('Pasta')},{np.str_('Salad')},0.129,0.69,1.42
"{np.str_('Pizza'), np.str_('Sandwich')}",{np.str_('Fries')},0.133,0.48,0.99
{np.str_('Coke')},{np.str_('Ketchup')},0.281,0.52,0.86
"{np.str_('Pizza'), np.str_('Soup')}",{np.str_('Coke')},0.108,0.53,1.44
"{np.str_('Pizza'), np.str_('Salad')}",{np.str_('Burger')},0.141,0.1,1.05
{np.str_('Ketchup')},{np.str_('IceCream')},0.154,0.63,1.29
{np.str_('Sandwich')},{np.str_('IceCream')},0.153,0.4,1.43
{np.str_('Soup')},{np.str_('Pizza')},0.1,0.29,1.25
"{np.str_('Fries'), np.str_('Soup')}",{np.str_('Coke')},0.112,0.89,1.01
"{np.str_('Burger'), np.str_('Soup')}",{np.str_('Coke')},0.253,0.77,1.31
"{np.str_('IceCream'), np.str_('Salad')}",{np.str_('Pizza')},0.272,0.77,0.96
"{np.str_('Burger'), np.str_('Soup')}",{np.str_('Sandwich')},0.293,0.36,0.8
"{np.str_('Soup'), np.str_('Salad')}",{np.str_('Pizza')},0.112,0.48,1.38
{np.str_('IceCream')},{np.str_('Pasta')},0.219,0.21,1.43
{np.str_('Salad')},{np.str_('Sandwich')},0.196,0.5,0.87
{np.str_('Soup')},{np.str_('Burger')},0.131,0.21,0.98
"{np.str_('Burger'), np.str_('Salad')}",{np.str_('Pizza')},0.29,0.74,0.88
"{np.str_('Fries'), np.str_('Pasta')}",{np.str_('Ketchup')},0.077,0.34,0.89
"{np.str_('Ketchup'), np.str_('Coke')}",{np.str_('Burger')},0.027,0.53,1.26
"{np.str_('IceCream'), np.str_('Sandwich')}",{np.str_('Coke')},0.049,0.14,1.39
"{np.str_('Burger'), np.str_('Coke')}",{np.str_('Pizza')},0.192,0.63,0.93
{np.str_('Fries')},{np.str_('Coke')},0.112,0.38,1.07
"{np.str_('Pasta'), np.str_('Sandwich')}",{np.str_('Soup')},0.124,0.36,0.97
{np.str_('Fries')},{np.str_('Salad')},0.077,0.11,0.81
{np.str_('Pasta')},{np.str_('Burger')},0.244,0.16,1.25
{np.str_('Burger')},{np.str_('Soup')},0.162,0.59,1.09
{np.str_('IceCream')},{np.str_('Pasta')},0.04,0.27,1.19
{np.str_('Fries')},{np.str_('Ketchup')},0.281,0.17,0.88
"{np.str_('Pizza'), np.str_('Soup')}",{np.str_('Fries')},0.135,0.45,0.83
{np.str_('IceCream')},{np.str_('Pasta')},0.176,0.26,1.08
"{np.str_('Burger'), np.str_('Salad')}",{np.str_('Fries')},0.128,0.53,1.09
{np.str_('Pasta')},{np.str_('Salad')},0.052,0.68,1.29
"{np.str_('Pizza'), np.str_('Pasta')}",{np.str_('IceCream')},0.233,0.57,1.11
{np.str_('Pasta')},{np.str_('Sandwich')},0.095,0.69,0.9
{np.str_('Sandwich')},{np.str_('IceCream')},0.227,0.67,1.37
{np.str_('Soup')},{np.str_('Burger')},0.047,0.25,1.3
{np.str_('Pasta')},{np.str_('Coke')},0.108,0.16,1.03
{np.str_('Coke')},{np.str_('Pizza')},0.013,0.63,1.03
"{np.str_('Pizza'), np.str_('Ketchup')}",{np.str_('Salad')},0.296,0.59,1.11
{np.str_('Pizza')},{np.str_('Burger')},0.089,0.6,0.97
{np.str_('Fries')},{np.str_('IceCream')},0.249,0.42,1.09
"{np.str_('Fries'), np.str_('Burger')}",{np.str_('IceCream')},0.092,0.59,1.05
"{np.str_('Soup'), np.str_('Sandwich')}",{np.str_('Salad')},0.073,0.86,1.23
"{np.str_('IceCream'), np.str_('Salad')}",{np.str_('Soup')},0.179,0.46,1.2
{np.str_('Coke')},{np.str_('Burger')},0.174,0.25,1.19
{np.str_('Salad')},{np.str_('Soup')},0.236,0.21,1.1
"{np.str_('Soup'), np.str_('Salad')}",{np.str_('Coke')},0.245,0.22,1.42
"{np.str_('Coke'), np.str_('Sandwich')}",{np.str_('Burger')},0.033,0.13,0.92
{np.str_('Pasta')},{np.str_('Sandwich')},0.293,0.47,1.48
"{np.str_('Pizza'), np.str_('Pasta')}",{np.str_('Sandwich')},0.274,0.67,1.36
"{np.str_('Burger'), np.str_('Salad')}",{np.str_('Coke')},0.216,0.28,1.37
{np.str_('Sandwich')},{np.str_('Fries')},0.194,0.76,1.26
"{np.str_('Coke'), np.str_('IceCream')}",{np.str_('Soup')},0.089,0.55,1.19
{np.str_('Pasta')},{np.str_('Salad')},0.086,0.53,1.0
{np.str_('Sandwich')},{np.str_('Pasta')},0.156,0.26,1.33
{np.str_('Pasta')},{np.str_('Coke')},0.272,0.86,0.81
{np.str_('Burger')},{np.str_('Pizza')},0.127,0.2,1.24
{np.str_('Soup')},{np.str_('Ketchup')},0.214,0.23,0.97
{np.str_('Pizza')},{np.str_('Sandwich')},0.178,0.77,1.49
"{np.str_('Fries'), np.str_('Salad')}",{np.str_('IceCream')},0.091,0.65,0.93
"{np.str_('Ketchup'), np.str_('Burger')}",{np.str_('IceCream')},0.137,0.15,1.48
"{np.str_('Burger'), np.str_('IceCream')}",{np.str_('Fries')},0.132,0.55,1.28
{np.str_('Coke')},{np.str_('Burger')},0.104,0.89,1.4
"{np.str_('Ketchup'), np.str_('Salad')}",{np.str_('Coke')},0.205,0.36,1.29
"{np.str_('Pizza'), np.str_('Soup')}",{np.str_('Sandwich')},0.155,0.24,1.1
{np.str_('Fries')},{np.str_('Coke')},0.055,0.8,1.2
"{np.str_('Pizza'), np.str_('Salad')}",{np.str_('Ketchup')},0.26,0.49,1.12
"{np.str_('Pizza'), np.str_('Pasta')}",{np.str_('IceCream')},0.26,0.79,1.08
"{np.str_('Soup'), np.str_('Sandwich')}",{np.str_('Burger')},0.098,0.82,1.48
"{np.str_('Pizza'), np.str_('IceCream')}",{np.str_('Soup')},0.096,0.88,0.84
"{np.str_('Ketchup'), np.str_('Soup')}",{np.str_('Fries')},0.152,0.51,0.99
{np.str_('Coke')},{np.str_('Pizza')},0.198,0.76,1.15
"{np.str_('Coke'), np.str_('Pasta')}",{np.str_('Sandwich')},0.11,0.88,1.48
{np.str_('Sandwich')},{np.str_('Pizza')},0.057,0.38,1.13
"{np.str_('Pasta'), np.str_('Salad')}",{np.str_('Burger')},0.034,0.56,1.08
"{np.str_('Burger'), np.str_('Soup')}",{np.str_('Pizza')},0.175,0.27,1.49
{np.str_('Coke')},{np.str_('Ketchup')},0.224,0.13,1.31
"{np.str_('Fries'), np.str_('Burger')}",{np.str_('IceCream')},0.057,0.4,0.97
"{np.str_('Burger'), np.str_('IceCream')}",{np.str_('Ketchup')},0.111,0.1,1.2
{np.str_('Salad')},{np.str_('Burger')},0.136,0.15,1.06
{np.str_('Coke')},{np.str_('Soup')},0.231,0.34,1.18
{np.str_('Coke')},{np.str_('Fries')},0.179,0.13,1.16
{np.str_('Soup')},{np.str_('Sandwich')},0.126,0.2,1.15
"{np.str_('Soup'), np.str_('Salad')}",{np.str_('Burger')},0.241,0.31,1.46
{np.str_('Ketchup')},{np.str_('Burger')},0.042,0.69,0.89
{np.str_('Ketchup')},{np.str_('Coke')},0.103,0.5,1.15
"{np.str_('Pizza'), np.str_('Fries')}",{np.str_('IceCream')},0.081,0.68,1.08
{np.str_('Fries')},{np.str_('Salad')},0.278,0.78,1.08
{np.str_('Coke')},{np.str_('Salad')},0.29,0.77,1.36
"{np.str_('Fries'), np.str_('Burger')}",{np.str_('Ketchup')},0.22,0.28,1.09
"{np.str_('Fries'), np.str_('Soup')}",{np.str_('IceCream')},0.202,0.79,1.24
{np.str_('Coke')},{np.str_('Salad')},0.151,0.13,1.31
{np.str_('Ketchup')},{np.str_('Fries')},0.119,0.43,1.31
"{np.str_('Coke'), np.str_('Salad')}",{np.str_('Soup')},0.088,0.22,1.14
{np.str_('Sandwich')},{np.str_('Pizza')},0.184,0.8,0.81
{np.str_('Burger')},{np.str_('Salad')},0.247,0.51,1.4
"{np.str_('Burger'), np.str_('Coke')}",{np.str_('Ketchup')},0.211,0.13,1.09
"{np.str_('Soup'), np.str_('Sandwich')}",{np.str_('Burger')},0.165,0.35,1.33
"{np.str_('Fries'), np.str_('Soup')}",{np.str_('Burger')},0.091,0.25,1.38
{np.str_('Salad')},{np.str_('IceCream')},0.198,0.75,0.93
{np.str_('Salad')},{np.str_('Pizza')},0.131,0.19,0.84
{np.str_('Salad')},{np.str_('IceCream')},0.141,0.3,1.47
{np.str_('Fries')},{np.str_('Pasta')},0.19,0.27,1.42
{np.str_('IceCream')},{np.str_('Ketchup')},0.104,0.17,0.94
{np.str_('Coke')},{np.str_('Ketchup')},0.074,0.41,1.23
"{np.str_('Pasta'), np.str_('Sandwich')}",{np.str_('Salad')},0.244,0.82,1.15
"{np.str_('Coke'), np.str_('Sandwich')}",{np.str_('IceCream')},0.041,0.81,1.37
"{np.str_('Fries'), np.str_('Sandwich')}",{np.str_('Coke')},0.034,0.19,1.42
"{np.str_('Burger'), np.str_('Soup')}",{np.str_('Ketchup')},0.231,0.1,1.11
"{np.str_('Ketchup'), np.str_('Burger')}",{np.str_('Coke')},0.179,0.36,1.23
{np.str_('IceCream')},{np.str_('Burger')},0.181,0.49,1.27
{np.str_('Coke')},{np.str_('Salad')},0.093,0.24,1.12
"{np.str_('Coke'), np.str_('Pasta')}",{np.str_('Fries')},0.036,0.89,1.13
{np.str_('Soup')},{np.str_('Salad')},0.176,0.34,0.88
{np.str_('Salad')},{np.str_('Pizza')},0.289,0.9,1.36
"{np.str_('Pizza'), np.str_('Coke')}",{np.str_('IceCream')},0.183,0.24,0.92
"{np.str_('Pizza'), np.str_('Burger')}",{np.str_('Sandwich')},0.287,0.86,1.19
{np.str_('IceCream')},{np.str_('Pizza')},0.257,0.89,1.27
"{np.str_('Ketchup'), np.str_('Coke')}",{np.str_('Soup')},0.231,0.76,1.1
{np.str_('Burger')},{np.str_('Pizza')},0.042,0.41,1.3
"{np.str_('Pasta'), np.str_('Sandwich')}",{np.str_('Fries')},0.011,0.36,1.01
"{np.str_('Burger'), np.str_('Sandwich')}",{np.str_('Fries')},0.197,0.61,0.84
"{np.str_('Coke'), np.str_('Salad')}",{np.str_('Burger')},0.011,0.38,0.81
{np.str_('Ketchup')},{np.str_('Burger')},0.05,0.15,0.92
"{np.str_('Coke'), np.str_('IceCream')}",{np.str_('Soup')},0.222,0.51,1.19
"{np.str_('Ketchup'), np.str_('Pasta')}",{np.str_('Soup')},0.221,0.36,1.36
{np.str_('Burger')},{np.str_('IceCream')},0.115,0.11,1.21
"{np.str_('IceCream'), np.str_('Sandwich')}",{np.str_('Soup')},0.241,0.53,1.3
"{np.str_('Ketchup'), np.str_('Burger')}",{np.str_('Salad')},0.171,0.4,1.18
{np.str_('Ketchup')},{np.str_('Pizza')},0.049,0.67,1.45
{np.str_('Pizza')},{np.str_('IceCream')},0.22,0.58,1.19
{np.str_('Ketchup')},{np.str_('Salad')},0.269,0.44,1.17
{np.str_('Coke')},{np.str_('Pasta')},0.044,0.41,1.04
{np.str_('Pizza')},{np.str_('Sandwich')},0.229,0.79,1.0
{np.str_('Coke')},{np.str_('Soup')},0.172,0.67,1.46
{np.str_('Ketchup')},{np.str_('Coke')},0.191,0.74,1.45
"{np.str_('Ketchup'), np.str_('Burger')}",{np.str_('Fries')},0.291,0.14,1.46
{np.str_('IceCream')},{np.str_('Salad')},0.054,0.42,0.82
{np.str_('Pizza')},{np.str_('Pasta')},0.253,0.16,1.13
"{np.str_('Fries'), np.str_('Soup')}",{np.str_('Pasta')},0.23,0.51,0.97
{np.str_('Burger')},{np.str_('Pizza')},0.179,0.41,1.03
{np.str_('IceCream')},{np.str_('Fries')},0.204,0.5,1.13
{np.str_('Fries')},{np.str_('Salad')},0.283,0.45,1.27
{np.str_('Ketchup')},{np.str_('Pizza')},0.219,0.49,0.98
{np.str_('Pasta')},{np.str_('Soup')},0.016,0.51,1.2
"{np.str_('Coke'), np.str_('IceCream')}",{np.str_('Ketchup')},0.286,0.38,1.14
"{np.str_('Coke'), np.str_('Pasta')}",{np.str_('Soup')},0.133,0.14,1.22
{np.str_('Salad')},{np.str_('Coke')},0.178,0.86,1.48
"{np.str_('Pizza'), np.str_('Soup')}",{np.str_('Burger')},0.015,0.67,1.08
"{np.str_('IceCream'), np.str_('Sandwich')}",{np.str_('Fries')},0.289,0.26,1.0
{np.str_('Pizza')},{np.str_('Sandwich')},0.09,0.24,0.91
"{np.str_('Burger'), np.str_('Coke')}",{np.str_('Sandwich')},0.141,0.9,1.37
{np.str_('Sandwich')},{np.str_('Pasta')},0.227,0.53,1.08
"{np.str_('Ketchup'), np.str_('IceCream')}",{np.str_('Coke')},0.259,0.18,0.8
{np.str_('IceCream')},{np.str_('Pasta')},0.04,0.81,0.85
"{np.str_('Ketchup'), np.str_('IceCream')}",{np.str_('Fries')},0.163,0.55,1.19
{np.str_('Pasta')},{np.str_('Fries')},0.148,0.57,1.31
"{np.str_('Pizza'), np.str_('Coke')}",{np.str_('Pasta')},0.074,0.79,1.16
"{np.str_('Pizza'), np.str_('Fries')}",{np.str_('Pasta')},0.224,0.38,1.08
"{np.str_('Sandwich'), np.str_('Salad')}",{np.str_('Fries')},0.192,0.32,1.26
{np.str_('Pasta')},{np.str_('Burger')},0.05,0.24,0.98
"{np.str_('Pizza'), np.str_('Sandwich')}",{np.str_('Salad')},0.267,0.57,1.1
"{np.str_('Pasta'), np.str_('Salad')}",{np.str_('Soup')},0.253,0.6,1.02
{np.str_('Sandwich')},{np.str_('IceCream')},0.292,0.77,0.88
"{np.str_('Pasta'), np.str_('IceCream')}",{np.str_('Soup')},0.264,0.84,0.85
{np.str_('Fries')},{np.str_('Salad')},0.068,0.31,1.02
"{np.str_('IceCream'), np.str_('Salad')}",{np.str_('Sandwich')},0.023,0.52,1.2
{np.str_('Pizza')},{np.str_('Burger')},0.067,0.29,1.21
"{np.str_('Burger'), np.str_('Pasta')}",{np.str_('IceCream')},0.158,0.62,0.89
{np.str_('Fries')},{np.str_('Pasta')},0.21,0.84,1.02
{np.str_('Pasta')},{np.str_('Burger')},0.061,0.59,0.83
{np.str_('Burger')},{np.str_('Pizza')},0.121,0.23,0.83
"{np.str_('Ketchup'), np.str_('Pasta')}",{np.str_('Soup')},0.227,0.77,1.36
{np.str_('Pasta')},{np.str_('Coke')},0.015,0.61,1.27
"{np.str_('Ketchup'), np.str_('Burger')}",{np.str_('Soup')},0.12,0.49,0.82
{np.str_('Salad')},{np.str_('Pasta')},0.259,0.78,0.95
"{np.str_('Pizza'), np.str_('Burger')}",{np.str_('Ketchup')},0.138,0.72,1.09
"{np.str_('Coke'), np.str_('Pasta')}",{np.str_('Burger')},0.154,0.79,1.12
{np.str_('Pizza')},{np.str_('Coke')},0.25,0.78,0.83
"{np.str_('Coke'), np.str_('Sandwich')}",{np.str_('Pasta')},0.278,0.45,0.89
{np.str_('Ketchup')},{np.str_('IceCream')},0.091,0.74,1.4
"{np.str_('Ketchup'), np.str_('Coke')}",{np.str_('Pizza')},0.03,0.17,0.99
"{np.str_('IceCream'), np.str_('Soup')}",{np.str_('Burger')},0.045,0.42,1.36
{np.str_('Pizza')},{np.str_('Salad')},0.205,0.64,1.26
{np.str_('Burger')},{np.str_('Coke')},0.094,0.42,1.29
{np.str_('Salad')},{np.str_('Ketchup')},0.201,0.51,1.41
"{np.str_('Ketchup'), np.str_('Coke')}",{np.str_('Burger')},0.175,0.84,0.92
"{np.str_('Fries'), np.str_('Ketchup')}",{np.str_('Pizza')},0.06,0.27,1.37
{np.str_('Pasta')},{np.str_('Pizza')},0.112,0.55,1.41
{np.str_('Salad')},{np.str_('Coke')},0.247,0.58,1.5
{np.str_('Coke')},{np.str_('IceCream')},0.234,0.7,1.19
"{np.str_('Fries'), np.str_('Salad')}",{np.str_('Sandwich')},0.154,0.39,1.26
{np.str_('Burger')},{np.str_('Salad')},0.268,0.57,0.93
"{np.str_('Ketchup'), np.str_('Pasta')}",{np.str_('Coke')},0.173,0.84,0.92
{np.str_('Salad')},{np.str_('Pasta')},0.108,0.51,1.28
{np.str_('Sandwich')},{np.str_('Pasta')},0.242,0.79,1.49
{np.str_('Pasta')},{np.str_('Coke')},0.047,0.6,1.24
"{np.str_('Sandwich'), np.str_('Salad')}",{np.str_('Soup')},0.059,0.25,1.4
{np.str_('Pasta')},{np.str_('Soup')},0.201,0.64,0.92
"{np.str_('Coke'), np.str_('IceCream')}",{np.str_('Burger')},0.122,0.44,1.27
{np.str_('Salad')},{np.str_('IceCream')},0.084,0.3,1.06
"{np.str_('Fries'), np.str_('Sandwich')}",{np.str_('Pizza')},0.175,0.87,1.06
"{np.str_('Sandwich'), np.str_('Salad')}",{np.str_('Ketchup')},0.267,0.33,0.89
"{np.str_('Ketchup'), np.str_('Coke')}",{np.str_('Salad')},0.032,0.35,1.38
"{np.str_('Ketchup'), np.str_('Soup')}",{np.str_('Salad')},0.248,0.87,1.4
{np.str_('Ketchup')},{np.str_('IceCream')},0.155,0.16,1.39
"{np.str_('Pizza'), np.str_('Sandwich')}",{np.str_('Fries')},0.276,0.37,0.82
"{np.str_('Ketchup'), np.str_('Burger')}",{np.str_('Pizza')},0.277,0.8,1.48
{np.str_('Fries')},{np.str_('Coke')},0.275,0.28,1.26
"{np.str_('Pasta'), np.str_('Sandwich')}",{np.str_('Fries')},0.032,0.21,0.98
{np.str_('Coke')},{np.str_('IceCream')},0.169,0.82,1.48
"{np.str_('Pizza'), np.str_('Soup')}",{np.str_('Sandwich')},0.151,0.73,1.48
{np.str_('Ketchup')},{np.str_('Salad')},0.241,0.21,1.29
"{np.str_('Coke'), np.str_('Soup')}",{np.str_('Fries')},0.276,0.65,1.16
"{np.str_('Ketchup'), np.str_('IceCream')}",{np.str_('Pasta')},0.148,0.64,1.43
"{np.str_('Pizza'), np.str_('Pasta')}",{np.str_('Burger')},0.019,0.58,1.05
{np.str_('Coke')},{np.str_('Burger')},0.294,0.7,1.26
"{np.str_('Pasta'), np.str_('Sandwich')}",{np.str_('Burger')},0.071,0.67,0.87
{np.str_('Fries')},{np.str_('IceCream')},0.192,0.75,1.05
{np.str_('Burger')},{np.str_('Pizza')},0.06,0.18,0.86
{np.str_('Sandwich')},{np.str_('Pasta')},0.031,0.23,1.43
{np.str_('IceCream')},{np.str_('Coke')},0.112,0.83,1.14
"{np.str_('IceCream'), np.str_('Salad')}",{np.str_('Pizza')},0.194,0.46,1.34
"{np.str_('Pizza'), np.str_('Coke')}",{np.str_('Fries')},0.268,0.49,1.02
"{np.str_('Pasta'), np.str_('Soup')}",{np.str_('Pizza')},0.025,0.17,1.49
"{np.str_('Fries'), np.str_('Sandwich')}",{np.str_('IceCream')},0.074,0.62,1.32
"{np.str_('Coke'), np.str_('Pasta')}",{np.str_('Soup')},0.074,0.68,1.46
"{np.str_('Pasta'), np.str_('Salad')}",{np.str_('Burger')},0.191,0.49,1.27
"{np.str_('Fries'), np.str_('Soup')}",{np.str_('IceCream')},0.242,0.85,1.37
{np.str_('IceCream')},{np.str_('Fries')},0.189,0.15,0.82
"{np.str_('Pizza'), np.str_('Ketchup')}",{np.str_('Fries')},0.063,0.65,1.49
"{np.str_('Pasta'), np.str_('IceCream')}",{np.str_('Ketchup')},0.29,0.53,0.96
"{np.str_('Soup'), np.str_('Salad')}",{np.str_('Ketchup')},0.064,0.43,1.25
{np.str_('Fries')},{np.str_('Burger')},0.037,0.66,1.17
{np.str_('Burger')},{np.str_('Sandwich')},0.28,0.59,1.11
{np.str_('Salad')},{np.str_('Pizza')},0.019,0.58,1.18
"{np.str_('Coke'), np.str_('Salad')}",{np.str_('Pasta')},0.26,0.49,0.96
{np.str_('Coke')},{np.str_('Ketchup')},0.077,0.7,1.01
{np.str_('Pizza')},{np.str_('Pasta')},0.051,0.16,1.45
"{np.str_('Burger'), np.str_('Soup')}",{np.str_('Sandwich')},0.252,0.63,1.43
{np.str_('Salad')},{np.str_('Ketchup')},0.15,0.26,1.37
"{np.str_('Ketchup'), np.str_('IceCream')}",{np.str_('Coke')},0.018,0.12,1.05
"{np.str_('IceCream'), np.str_('Sandwich')}",{np.str_('Pasta')},0.031,0.33,1.36
"{np.str_('Soup'), np.str_('Salad')}",{np.str_('Ketchup')},0.27,0.49,1.08
"{np.str_('Ketchup'), np.str_('Coke')}",{np.str_('Sandwich')},0.205,0.75,1.21
{np.str_('Pizza')},{np.str_('Coke')},0.251,0.23,1.16
{np.str_('IceCream')},{np.str_('Fries')},0.112,0.33,1.4
"{np.str_('Pizza'), np.str_('Ketchup')}",{np.str_('Sandwich')},0.238,0.22,1.25
"{np.str_('Burger'), np.str_('IceCream')}",{np.str_('Ketchup')},0.299,0.65,1.1
{np.str_('Soup')},{np.str_('Salad')},0.239,0.16,1.25
"{np.str_('Fries'), np.str_('IceCream')}",{np.str_('Coke')},0.058,0.58,0.96
{np.str_('Coke')},{np.str_('Salad')},0.19,0.87,1.22
{np.str_('Ketchup')},{np.str_('Pizza')},0.177,0.24,0.94
{np.str_('Pasta')},{np.str_('Ketchup')},0.095,0.17,1.23
"{np.str_('Pizza'), np.str_('Soup')}",{np.str_('IceCream')},0.166,0.73,0.81
{np.str_('Ketchup')},{np.str_('Pizza')},0.094,0.6,0.9
"{np.str_('Pasta'), np.str_('Sandwich')}",{np.str_('Salad')},0.054,0.84,0.92
{np.str_('Coke')},{np.str_('IceCream')},0.298,0.16,1.41
{np.str_('Fries')},{np.str_('Coke')},0.15,0.22,0.9
"{np.str_('Pizza'), np.str_('Soup')}",{np.str_('Pasta')},0.201,0.36,0.91
{np.str_('Coke')},{np.str_('Salad')},0.186,0.87,1.43
"{np.str_('Fries'), np.str_('Pizza')}",{np.str_('Soup')},0.237,0.48,1.49
"{np.str_('IceCream'), np.str_('Soup')}",{np.str_('Coke')},0.128,0.8,1.25
{np.str_('Pasta')},{np.str_('Coke')},0.283,0.25,0.94
{np.str_('Sandwich')},{np.str_('Soup')},0.04,0.72,1.21
{np.str_('Pizza')},{np.str_('Fries')},0.189,0.44,1.47
{np.str_('IceCream')},{np.str_('Salad')},0.238,0.74,1.14
"{np.str_('Fries'), np.str_('Ketchup')}",{np.str_('Soup')},0.239,0.9,0.87
{np.str_('Pizza')},{np.str_('IceCream')},0.157,0.59,1.03
"{np.str_('Ketchup'), np.str_('Salad')}",{np.str_('Fries')},0.16,0.72,1.2
"{np.str_('Coke'), np.str_('Sandwich')}",{np.str_('Ketchup')},0.272,0.19,1.13
{np.str_('Sandwich')},{np.str_('Pasta')},0.145,0.82,1.09
"{np.str_('Pizza'), np.str_('Burger')}",{np.str_('Ketchup')},0.046,0.72,1.21
{np.str_('Fries')},{np.str_('Pizza')},0.273,0.86,1.49
"{np.str_('Pizza'), np.str_('Ketchup')}",{np.str_('Sandwich')},0.162,0.73,1.3
"{np.str_('Pizza'), np.str_('Ketchup')}",{np.str_('Burger')},0.279,0.72,0.99
{np.str_('Burger')},{np.str_('Soup')},0.064,0.83,1.43
{np.str_('Sandwich')},{np.str_('Pasta')},0.145,0.75,1.34
"{np.str_('Fries'), np.str_('Soup')}",{np.str_('IceCream')},0.08,0.21,0.95
{np.str_('Burger')},{np.str_('Ketchup')},0.192,0.15,1.37
"{np.str_('Pasta'), np.str_('Soup')}",{np.str_('Pizza')},0.263,0.12,0.89
"{np.str_('Pizza'), np.str_('Burger')}",{np.str_('Coke')},0.069,0.12,1.24
"{np.str_('Burger'), np.str_('Pasta')}",{np.str_('IceCream')},0.085,0.89,1.31
{np.str_('Pizza')},{np.str_('Fries')},0.102,0.36,1.18
"{np.str_('IceCream'), np.str_('Soup')}",{np.str_('Sandwich')},0.251,0.17,1.11
{np.str_('Pizza')},{np.str_('Salad')},0.296,0.75,1.44
{np.str_('Burger')},{np.str_('Fries')},0.172,0.41,1.19
{np.str_('Salad')},{np.str_('IceCream')},0.016,0.63,1.0
"{np.str_('Pasta'), np.str_('Soup')}",{np.str_('IceCream')},0.041,0.42,1.19
"{np.str_('Pasta'), np.str_('IceCream')}",{np.str_('Coke')},0.037,0.11,0.96
{np.str_('Sandwich')},{np.str_('Pasta')},0.137,0.48,1.23
"{np.str_('Ketchup'), np.str_('Salad')}",{np.str_('Coke')},0.123,0.54,1.08
"{np.str_('Pasta'), np.str_('Salad')}",{np.str_('Pizza')},0.113,0.84,1.02
"{np.str_('Burger'), np.str_('Sandwich')}",{np.str_('Salad')},0.075,0.16,0.84
"{np.str_('Burger'), np.str_('Sandwich')}",{np.str_('Pizza')},0.277,0.5,1.48
"{np.str_('Pizza'), np.str_('Fries')}",{np.str_('Ketchup')},0.217,0.8,1.23
"{np.str_('Coke'), np.str_('Soup')}",{np.str_('IceCream')},0.122,0.59,1.34
{np.str_('Soup')},{np.str_('Ketchup')},0.211,0.73,0.93
{np.str_('Fries')},{np.str_('Sandwich')},0.149,0.46,0.96
{np.str_('Burger')},{np.str_('Soup')},0.238,0.66,1.1
"{np.str_('Fries'), np.str_('IceCream')}",{np.str_('Sandwich')},0.22,0.16,1.29
{np.str_('Ketchup')},{np.str_('Sandwich')},0.041,0.71,1.25
"{np.str_('IceCream'), np.str_('Soup')}",{np.str_('Salad')},0.106,0.18,1.05
{np.str_('Soup')},{np.str_('Salad')},0.163,0.58,1.16
{np.str_('Fries')},{np.str_('Sandwich')},0.079,0.61,1.47
{np.str_('Salad')},{np.str_('Pasta')},0.136,0.83,1.18
{np.str_('Sandwich')},{np.str_('Soup')},0.273,0.39,0.82
{np.str_('Fries')},{np.str_('IceCream')},0.07,0.37,0.89
"{np.str_('Fries'), np.str_('Ketchup')}",{np.str_('Pizza')},0.237,0.14,1.26
{np.str_('Soup')},{np.str_('IceCream')},0.284,0.72,0.86
{np.str_('Coke')},{np.str_('Pasta')},0.096,0.53,1.11
{np.str_('Pasta')},{np.str_('Sandwich')},0.025,0.69,1.28
{np.str_('Fries')},{np.str_('Burger')},0.071,0.69,1.21
{np.str_('Fries')},{np.str_('Salad')},0.203,0.48,0.88
"{np.str_('Pizza'), np.str_('Fries')}",{np.str_('Ketchup')},0.179,0.42,1.41
{np.str_('Ketchup')},{np.str_('Fries')},0.119,0.67,1.01
"{np.str_('Burger'), np.str_('Pasta')}",{np.str_('Pizza')},0.05,0.32,1.19
"{np.str_('Pizza'), np.str_('IceCream')}",{np.str_('Sandwich')},0.281,0.27,0.9
{np.str_('Sandwich')},{np.str_('Pasta')},0.195,0.86,1.08
{np.str_('Salad')},{np.str_('Burger')},0.206,0.31,1.28
"{np.str_('Pizza'), np.str_('Fries')}",{np.str_('Ketchup')},0.028,0.72,0.86
{np.str_('IceCream')},{np.str_('Sandwich')},0.106,0.75,1.3
{np.str_('Burger')},{np.str_('Pizza')},0.215,0.44,0.86
"{np.str_('Burger'), np.str_('Salad')}",{np.str_('Ketchup')},0.068,0.66,1.45
"{np.str_('Ketchup'), np.str_('IceCream')}",{np.str_('Soup')},0.174,0.61,1.35
"{np.str_('Burger'), np.str_('Sandwich')}",{np.str_('Salad')},0.169,0.35,1.12
{np.str_('Coke')},{np.str_('Sandwich')},0.2,0.18,1.2
{np.str_('Sandwich')},{np.str_('Ketchup')},0.172,0.76,1.37
{np.str_('Sandwich')},{np.str_('Fries')},0.238,0.32,1.35
{np.str_('Soup')},{np.str_('Ketchup')},0.034,0.68,1.05
"{np.str_('Pizza'), np.str_('Burger')}",{np.str_('Ketchup')},0.175,0.31,1.25
{np.str_('Soup')},{np.str_('Pizza')},0.285,0.63,1.26
"{np.str_('Ketchup'), np.str_('Sandwich')}",{np.str_('Pasta')},0.29,0.32,0.94
"{np.str_('Soup'), np.str_('Salad')}",{np.str_('Burger')},0.204,0.4,1.24
"{np.str_('Coke'), np.str_('Pasta')}",{np.str_('Pizza')},0.095,0.48,0.99
"{np.str_('Pizza'), np.str_('IceCream')}",{np.str_('Ketchup')},0.201,0.74,0.92
{np.str_('Burger')},{np.str_('Coke')},0.159,0.67,1.23
"{np.str_('Coke'), np.str_('Sandwich')}",{np.str_('Salad')},0.12,0.22,1.33
"{np.str_('Pasta'), np.str_('Soup')}",{np.str_('IceCream')},0.219,0.84,1.07
"{np.str_('Coke'), np.str_('Salad')}",{np.str_('Pizza')},0.149,0.1,1.42
"{np.str_('Burger'), np.str_('Soup')}",{np.str_('Pasta')},0.024,0.61,1.27
"{np.str_('Coke'), np.str_('Soup')}",{np.str_('Burger')},0.127,0.52,1.26
{np.str_('Ketchup')},{np.str_('Pizza')},0.028,0.19,1.37
{np.str_('Sandwich')},{np.str_('Soup')},0.177,0.87,1.32
"{np.str_('Coke'), np.str_('Sandwich')}",{np.str_('Soup')},0.276,0.21,1.15
{np.str_('Salad')},{np.str_('Pasta')},0.049,0.84,1.31
"{np.str_('Fries'), np.str_('Sandwich')}",{np.str_('Pasta')},0.095,0.23,1.23
"{np.str_('Burger'), np.str_('Sandwich')}",{np.str_('Coke')},0.169,0.51,1.46
{np.str_('Pasta')},{np.str_('Sandwich')},0.17,0.65,0.99
{np.str_('Sandwich')},{np.str_('Pizza')},0.252,0.19,0.86
{np.str_('Sandwich')},{np.str_('IceCream')},0.127,0.87,1.29
"{np.str_('Ketchup'), np.str_('IceCream')}",{np.str_('Soup')},0.162,0.61,0.87
{np.str_('Salad')},{np.str_('Ketchup')},0.138,0.49,1.0
{np.str_('Sandwich')},{np.str_('Burger')},0.282,0.22,1.42
{np.str_('Fries')},{np.str_('Sandwich')},0.243,0.18,0.84
{np.str_('Ketchup')},{np.str_('Fries')},0.052,0.69,0.95
{np.str_('IceCream')},{np.str_('Ketchup')},0.14,0.48,1.25
"{np.str_('Pasta'), np.str_('Soup')}",{np.str_('Pizza')},0.079,0.41,0.93
"{np.str_('Pizza'), np.str_('Salad')}",{np.str_('Fries')},0.175,0.49,1.13
{np.str_('Soup')},{np.str_('Fries')},0.195,0.12,1.17
"{np.str_('Pasta'), np.str_('Sandwich')}",{np.str_('Fries')},0.262,0.49,1.0
"{np.str_('Fries'), np.str_('Soup')}",{np.str_('Pizza')},0.02,0.9,1.33
{np.str_('Pizza')},{np.str_('Burger')},0.275,0.36,1.31
"{np.str_('Fries'), np.str_('Pasta')}",{np.str_('Coke')},0.034,0.19,1.35
{np.str_('Ketchup')},{np.str_('Pasta')},0.051,0.88,1.05
"{np.str_('Fries'), np.str_('Pizza')}",{np.str_('Burger')},0.252,0.32,1.15
"{np.str_('Fries'), np.str_('Burger')}",{np.str_('Soup')},0.134,0.88,1.24
"{np.str_('Soup'), np.str_('IceCream')}",{np.str_('Salad')},0.283,0.67,1.14
{np.str_('Pizza')},{np.str_('Soup')},0.181,0.14,1.14
"{np.str_('Fries'), np.str_('Burger')}",{np.str_('Ketchup')},0.295,0.13,1.0
"{np.str_('Ketchup'), np.str_('Coke')}",{np.str_('Pizza')},0.155,0.32,1.02
"{np.str_('Coke'), np.str_('Sandwich')}",{np.str_('Salad')},0.222,0.43,1.05
"{np.str_('Ketchup'), np.str_('Burger')}",{np.str_('Coke')},0.193,0.2,1.19
"{np.str_('Soup'), np.str_('Sandwich')}",{np.str_('Ketchup')},0.036,0.62,0.81
{np.str_('Burger')},{np.str_('Coke')},0.159,0.76,1.12
{np.str_('Salad')},{np.str_('Coke')},0.226,0.28,1.37
{np.str_('Burger')},{np.str_('Fries')},0.117,0.73,1.15
{np.str_('Fries')},{np.str_('Ketchup')},0.056,0.88,1.0
"{np.str_('Pizza'), np.str_('Soup')}",{np.str_('Fries')},0.166,0.65,0.84
"{np.str_('Pizza'), np.str_('Burger')}",{np.str_('Soup')},0.195,0.61,0.83
"{np.str_('Ketchup'), np.str_('Salad')}",{np.str_('Sandwich')},0.19,0.25,1.36
{np.str_('IceCream')},{np.str_('Soup')},0.247,0.48,1.2
{np.str_('Ketchup')},{np.str_('Salad')},0.282,0.45,1.44
{np.str_('Coke')},{np.str_('Pizza')},0.101,0.45,1.28
{np.str_('Pizza')},{np.str_('IceCream')},0.152,0.87,1.37
{np.str_('Salad')},{np.str_('IceCream')},0.235,0.18,0.87
{np.str_('Coke')},{np.str_('Pizza')},0.202,0.15,1.31
"{np.str_('Pizza'), np.str_('Sandwich')}",{np.str_('Fries')},0.052,0.79,1.43
"{np.str_('IceCream'), np.str_('Soup')}",{np.str_('Coke')},0.037,0.74,1.25
{np.str_('Soup')},{np.str_('Pasta')},0.045,0.35,0.95
{np.str_('Fries')},{np.str_('Pizza')},0.226,0.59,1.13
{np.str_('Ketchup')},{np.str_('Fries')},0.18,0.4,0.86
{np.str_('Salad')},{np.str_('Coke')},0.075,0.81,1.28
{np.str_('Fries')},{np.str_('Salad')},0.255,0.72,1.41
{np.str_('Sandwich')},{np.str_('Pasta')},0.236,0.3,0.93
"{np.str_('Ketchup'), np.str_('Pasta')}",{np.str_('Burger')},0.109,0.55,0.99
{np.str_('Ketchup')},{np.str_('IceCream')},0.173,0.45,1.05
"{np.str_('Fries'), np.str_('Coke')}",{np.str_('Sandwich')},0.076,0.55,1.34
"{np.str_('Burger'), np.str_('IceCream')}",{np.str_('Pizza')},0.114,0.42,1.0
"{np.str_('Coke'), np.str_('IceCream')}",{np.str_('Sandwich')},0.074,0.17,1.05
"{np.str_('Pasta'), np.str_('Salad')}",{np.str_('Ketchup')},0.074,0.7,1.18
{np.str_('IceCream')},{np.str_('Pizza')},0.048,0.66,1.26
"{np.str_('Sandwich'), np.str_('Salad')}",{np.str_('Ketchup')},0.111,0.4,1.03
"{np.str_('Ketchup'), np.str_('Salad')}",{np.str_('Soup')},0.159,0.24,1.28
"{np.str_('Pizza'), np.str_('Salad')}",{np.str_('Fries')},0.036,0.43,0.81
{np.str_('Burger')},{np.str_('Ketchup')},0.035,0.67,0.93
"{np.str_('Coke'), np.str_('Sandwich')}",{np.str_('Pasta')},0.165,0.46,1.35
{np.str_('IceCream')},{np.str_('Fries')},0.036,0.53,1.33
{np.str_('Salad')},{np.str_('Fries')},0.209,0.22,1.13
{np.str_('Sandwich')},{np.str_('Salad')},0.013,0.43,1.25
{np.str_('Fries')},{np.str_('Coke')},0.197,0.82,0.85
"{np.str_('Pasta'), np.str_('Salad')}",{np.str_('Coke')},0.143,0.11,1.0
"{np.str_('Pasta'), np.str_('IceCream')}",{np.str_('Burger')},0.097,0.59,0.98
{np.str_('Pasta')},{np.str_('Salad')},0.219,0.16,0.83
{np.str_('Pasta')},{np.str_('Ketchup')},0.06,0.44,1.32
"{np.str_('IceCream'), np.str_('Sandwich')}",{np.str_('Ketchup')},0.284,0.27,0.9
"{np.str_('Coke'), np.str_('IceCream')}",{np.str_('Sandwich')},0.212,0.52,0.89
{np.str_('Fries')},{np.str_('IceCream')},0.093,0.48,1.38
"{np.str_('Ketchup'), np.str_('IceCream')}",{np.str_('Burger')},0.029,0.28,1.04
"{np.str_('Soup'), np.str_('IceCream')}",{np.str_('Pizza')},0.183,0.76,1.16
{np.str_('Ketchup')},{np.str_('Soup')},0.109,0.11,0.89
{np.str_('IceCream')},{np.str_('Pasta')},0.245,0.61,1.1
{np.str_('Coke')},{np.str_('Pizza')},0.206,0.44,1.22
{np.str_('Sandwich')},{np.str_('Burger')},0.268,0.72,1.0
"{np.str_('Burger'), np.str_('IceCream')}",{np.str_('Fries')},0.164,0.87,1.03
{np.str_('Soup')},{np.str_('Burger')},0.218,0.22,1.28
{np.str_('Pizza')},{np.str_('Pasta')},0.081,0.24,1.14
"{np.str_('Coke'), np.str_('Pasta')}",{np.str_('IceCream')},0.062,0.79,0.84
{np.str_('Pasta')},{np.str_('Burger')},0.118,0.47,1.18
"{np.str_('Pizza'), np.str_('Coke')}",{np.str_('Burger')},0.17,0.51,1.04
{np.str_('Pasta')},{np.str_('Salad')},0.196,0.81,0.96
"{np.str_('Pizza'), np.str_('Soup')}",{np.str_('Burger')},0.273,0.65,1.35
"{np.str_('Fries'), np.str_('Ketchup')}",{np.str_('Salad')},0.097,0.55,1.27
"{np.str_('Soup'), np.str_('Sandwich')}",{np.str_('Pasta')},0.095,0.32,1.31
{np.str_('Coke')},{np.str_('Pasta')},0.101,0.47,1.04
{np.str_('IceCream')},{np.str_('Salad')},0.199,0.15,1.13
{np.str_('Pasta')},{np.str_('Coke')},0.129,0.81,1.23
"{np.str_('Fries'), np.str_('Pasta')}",{np.str_('Sandwich')},0.045,0.27,1.48
{np.str_('Pasta')},{np.str_('Pizza')},0.269,0.54,1.29
{np.str_('Burger')},{np.str_('Fries')},0.215,0.13,1.3
"{np.str_('Pizza'), np.str_('Soup')}",{np.str_('Fries')},0.091,0.51,1.02
{np.str_('Fries')},{np.str_('Sandwich')},0.218,0.4,1.28
"{np.str_('Pasta'), np.str_('IceCream')}",{np.str_('Fries')},0.249,0.75,0.85
"{np.str_('Soup'), np.str_('Sandwich')}",{np.str_('Salad')},0.237,0.89,0.97
{np.str_('Coke')},{np.str_('Salad')},0.186,0.69,0.94
"{np.str_('Fries'), np.str_('IceCream')}",{np.str_('Burger')},0.281,0.65,1.11
"{np.str_('Fries'), np.str_('Burger')}",{np.str_('Pizza')},0.121,0.55,1.43
"{np.str_('Ketchup'), np.str_('IceCream')}",{np.str_('Pizza')},0.026,0.85,0.85
{np.str_('Burger')},{np.str_('Soup')},0.093,0.51,1.03
{np.str_('Burger')},{np.str_('Pizza')},0.23,0.2,1.45
{np.str_('Fries')},{np.str_('Salad')},0.234,0.83,0.9
"{np.str_('Fries'), np.str_('Soup')}",{np.str_('Pizza')},0.108,0.39,0.87
"{np.str_('IceCream'), np.str_('Sandwich')}",{np.str_('Soup')},0.037,0.35,1.15
{np.str_('Pizza')},{np.str_('Sandwich')},0.051,0.85,0.81
{np.str_('Pizza')},{np.str_('Sandwich')},0.133,0.11,1.26
"{np.str_('Ketchup'), np.str_('Pasta')}",{np.str_('Burger')},0.151,0.29,0.83
"{np.str_('Fries'), np.str_('Ketchup')}",{np.str_('Coke')},0.186,0.88,1.04
{np.str_('Pizza')},{np.str_('Ketchup')},0.062,0.76,0.94
{np.str_('Coke')},{np.str_('Fries')},0.247,0.59,1.01
"{np.str_('IceCream'), np.str_('Salad')}",{np.str_('Pasta')},0.038,0.72,0.87
"{np.str_('Ketchup'), np.str_('IceCream')}",{np.str_('Salad')},0.273,0.41,1.29
{np.str_('Soup')},{np.str_('Pizza')},0.192,0.37,1.07
{np.str_('Fries')},{np.str_('Pasta')},0.03,0.58,1.43
"{np.str_('Coke'), np.str_('Sandwich')}",{np.str_('Ketchup')},0.223,0.63,1.38
"{np.str_('IceCream'), np.str_('Soup')}",{np.str_('Coke')},0.196,0.44,1.01
"{np.str_('Sandwich'), np.str_('Salad')}",{np.str_('Burger')},0.139,0.53,1.12
"{np.str_('Burger'), np.str_('Coke')}",{np.str_('Salad')},0.243,0.61,0.83
"{np.str_('Burger'), np.str_('IceCream')}",{np.str_('Pasta')},0.082,0.43,1.25
"{np.str_('Fries'), np.str_('Pasta')}",{np.str_('Ketchup')},0.043,0.65,0.87
{np.str_('Fries')},{np.str_('Pasta')},0.148,0.7,1.08
"{np.str_('Pizza'), np.str_('Ketchup')}",{np.str_('IceCream')},0.13,0.72,1.08
"{np.str_('Burger'), np.str_('Salad')}",{np.str_('Soup')},0.236,0.56,1.1
"{np.str_('Pizza'), np.str_('Burger')}",{np.str_('IceCream')},0.05,0.54,1.34
"{np.str_('Pizza'), np.str_('IceCream')}",{np.str_('Sandwich')},0.016,0.4,1.29
{np.str_('Coke')},{np.str_('IceCream')},0.217,0.58,1.45
{np.str_('IceCream')},{np.str_('Burger')},0.269,0.25,1.0
{np.str_('Fries')},{np.str_('Ketchup')},0.268,0.75,0.91
"{np.str_('Ketchup'), np.str_('Salad')}",{np.str_('Pizza')},0.143,0.12,1.4
"{np.str_('Ketchup'), np.str_('Sandwich')}",{np.str_('Burger')},0.196,0.87,1.24
"{np.str_('Coke'), np.str_('Sandwich')}",{np.str_('Burger')},0.202,0.88,1.38
{np.str_('Coke')},{np.str_('Sandwich')},0.108,0.14,1.47
{np.str_('Fries')},{np.str_('Sandwich')},0.054,0.65,1.01
{np.str_('Pizza')},{np.str_('Sandwich')},0.209,0.58,1.29
{np.str_('Pizza')},{np.str_('Sandwich')},0.048,0.64,1.18
"{np.str_('Pizza'), np.str_('Ketchup')}",{np.str_('Burger')},0.07,0.61,0.96
"{np.str_('Fries'), np.str_('Coke')}",{np.str_('Pasta')},0.079,0.75,0.9
"{np.str_('Coke'), np.str_('Sandwich')}",{np.str_('Pizza')},0.205,0.75,0.83
"{np.str_('Soup'), np.str_('Sandwich')}",{np.str_('Ketchup')},0.201,0.66,1.19
"{np.str_('Pizza'), np.str_('IceCream')}",{np.str_('Burger')},0.172,0.65,1.02
{np.str_('Sandwich')},{np.str_('Burger')},0.142,0.38,1.36
{np.str_('Pasta')},{np.str_('Fries')},0.116,0.16,1.19
{np.str_('Fries')},{np.str_('Ketchup')},0.124,0.6,1.19
{np.str_('Sandwich')},{np.str_('Salad')},0.132,0.8,0.85
"{np.str_('Fries'), np.str_('Salad')}",{np.str_('Coke')},0.057,0.82,1.39
"{np.str_('Pizza'), np.str_('Fries')}",{np.str_('Coke')},0.228,0.5,1.19
"{np.str_('Coke'), np.str_('Sandwich')}",{np.str_('Soup')},0.082,0.22,1.16
"{np.str_('Burger'), np.str_('Coke')}",{np.str_('Soup')},0.072,0.12,0.87
"{np.str_('Soup'), np.str_('Sandwich')}",{np.str_('Salad')},0.072,0.33,1.48
"{np.str_('Ketchup'), np.str_('Coke')}",{np.str_('Pasta')},0.113,0.81,0.97
"{np.str_('Coke'), np.str_('IceCream')}",{np.str_('Pizza')},0.137,0.29,1.25
"{np.str_('Fries'), np.str_('Salad')}",{np.str_('Pasta')},0.114,0.5,1.26
{np.str_('Pasta')},{np.str_('Salad')},0.054,0.12,1.19
"{np.str_('Ketchup'), np.str_('IceCream')}",{np.str_('Fries')},0.204,0.31,1.08
{np.str_('Pizza')},{np.str_('Sandwich')},0.227,0.81,1.26
{np.str_('Pasta')},{np.str_('Salad')},0.284,0.82,0.97
"{np.str_('Pasta'), np.str_('Sandwich')}",{np.str_('Burger')},0.22,0.88,1.17
{np.str_('Salad')},{np.str_('IceCream')},0.297,0.82,0.94
{np.str_('Soup')},{np.str_('Ketchup')},0.283,0.74,1.4
{np.str_('Coke')},{np.str_('IceCream')},0.111,0.34,1.24
"{np.str_('Pizza'), np.str_('Ketchup')}",{np.str_('Fries')},0.235,0.15,0.83
"{np.str_('Pasta'), np.str_('Sandwich')}",{np.str_('Fries')},0.061,0.11,1.23
{np.str_('Pasta')},{np.str_('Coke')},0.297,0.29,0.9
{np.str_('Pizza')},{np.str_('Fries')},0.123,0.73,0.93
{np.str_('Coke')},{np.str_('Fries')},0.214,0.66,1.14
"{np.str_('Fries'), np.str_('Sandwich')}",{np.str_('Burger')},0.066,0.14,1.41
"{np.str_('Burger'), np.str_('Soup')}",{np.str_('Pasta')},0.197,0.65,1.03
"{np.str_('Pasta'), np.str_('Soup')}",{np.str_('Burger')},0.109,0.8,1.39
{np.str_('Pasta')},{np.str_('Salad')},0.11,0.8,1.37
"{np.str_('Fries'), np.str_('Soup')}",{np.str_('Burger')},0.146,0.6,1.26
"{np.str_('Ketchup'), np.str_('Coke')}",{np.str_('Sandwich')},0.287,0.69,1.43
"{np.str_('IceCream'), np.str_('Soup')}",{np.str_('Sandwich')},0.163,0.53,1.31
{np.str_('Ketchup')},{np.str_('Soup')},0.047,0.31,1.49
{np.str_('Pasta')},{np.str_('Coke')},0.037,0.38,1.18
"{np.str_('Pizza'), np.str_('Ketchup')}",{np.str_('Burger')},0.189,0.66,1.12
{np.str_('Coke')},{np.str_('Sandwich')},0.263,0.44,1.39
"{np.str_('Ketchup'), np.str_('Coke')}",{np.str_('Salad')},0.26,0.79,1.4
{np.str_('Pasta')},{np.str_('Ketchup')},0.205,0.22,0.81
"{np.str_('Ketchup'), np.str_('Burger')}",{np.str_('Coke')},0.224,0.41,1.24
"{np.str_('Fries'), np.str_('Soup')}",{np.str_('Pizza')},0.131,0.37,0.85
{np.str_('IceCream')},{np.str_('Pizza')},0.281,0.68,1.47
"{np.str_('Pizza'), np.str_('Sandwich')}",{np.str_('Salad')},0.212,0.17,1.13
"{np.str_('Ketchup'), np.str_('Soup')}",{np.str_('Salad')},0.194,0.68,0.85
{np.str_('Salad')},{np.str_('Pasta')},0.137,0.76,0.88
"{np.str_('Ketchup'), np.str_('Pasta')}",{np.str_('Coke')},0.013,0.45,0.91
"{np.str_('Pasta'), np.str_('Soup')}",{np.str_('Burger')},0.176,0.18,0.9
{np.str_('Pasta')},{np.str_('IceCream')},0.197,0.4,0.96
"{np.str_('Pasta'), np.str_('Salad')}",{np.str_('Coke')},0.107,0.51,1.36
{np.str_('Pasta')},{np.str_('Salad')},0.132,0.32,1.27
{np.str_('Sandwich')},{np.str_('Soup')},0.104,0.37,1.14
"{np.str_('Pasta'), np.str_('Soup')}",{np.str_('Pizza')},0.288,0.63,0.99
{np.str_('Pizza')},{np.str_('Burger')},0.267,0.59,0.84
{np.str_('Soup')},{np.str_('Coke')},0.043,0.79,1.05
"{np.str_('Burger'), np.str_('Pasta')}",{np.str_('Soup')},0.091,0.43,1.47
"{np.str_('Pizza'), np.str_('Pasta')}",{np.str_('Sandwich')},0.218,0.56,0.83
"{np.str_('Soup'), np.str_('IceCream')}",{np.str_('Pizza')},0.088,0.12,0.8
{np.str_('Soup')},{np.str_('Fries')},0.258,0.82,1.24
{np.str_('Pasta')},{np.str_('Soup')},0.178,0.89,0.92
"{np.str_('Pizza'), np.str_('IceCream')}",{np.str_('Fries')},0.045,0.36,0.81
{np.str_('Fries')},{np.str_('Sandwich')},0.152,0.73,1.5
{np.str_('Pasta')},{np.str_('Sandwich')},0.114,0.31,0.96
"{np.str_('Burger'), np.str_('Salad')}",{np.str_('Sandwich')},0.285,0.8,0.95
"{np.str_('Pizza'), np.str_('Soup')}",{np.str_('Sandwich')},0.153,0.52,1.22
"{np.str_('Soup'), np.str_('Salad')}",{np.str_('Pizza')},0.207,0.62,1.21
{np.str_('Salad')},{np.str_('IceCream')},0.088,0.24,1.42
{np.str_('Soup')},{np.str_('Sandwich')},0.239,0.14,0.81
"{np.str_('Ketchup'), np.str_('Sandwich')}",{np.str_('Pasta')},0.15,0.49,1.12
"{np.str_('Soup'), np.str_('Salad')}",{np.str_('Burger')},0.144,0.29,1.47
{np.str_('Burger')},{np.str_('Coke')},0.282,0.74,0.95
"{np.str_('IceCream'), np.str_('Sandwich')}",{np.str_('Soup')},0.011,0.81,1.29
"{np.str_('Pizza'), np.str_('Fries')}",{np.str_('Coke')},0.3,0.78,1.21
{np.str_('Pizza')},{np.str_('Pasta')},0.237,0.76,1.24
"{np.str_('Pasta'), np.str_('Sandwich')}",{np.str_('Pizza')},0.073,0.22,0.88
"{np.str_('Burger'), np.str_('IceCream')}",{np.str_('Pasta')},0.117,0.19,1.37
"{np.str_('Coke'), np.str_('Soup')}",{np.str_('IceCream')},0.033,0.36,1.09
{np.str_('Fries')},{np.str_('Burger')},0.012,0.89,0.83
{np.str_('IceCream')},{np.str_('Soup')},0.298,0.23,1.04
{np.str_('Pizza')},{np.str_('Burger')},0.069,0.45,0.89
"{np.str_('Fries'), np.str_('Salad')}",{np.str_('Burger')},0.176,0.35,1.15
{np.str_('Burger')},{np.str_('IceCream')},0.145,0.62,1.05
{np.str_('Burger')},{np.str_('Salad')},0.124,0.56,1.49
{np.str_('Coke')},{np.str_('Pasta')},0.212,0.32,1.0
{np.str_('Pasta')},{np.str_('IceCream')},0.164,0.28,0.94
{np.str_('Burger')},{np.str_('Soup')},0.263,0.36,1.35
{np.str_('Salad')},{np.str_('Coke')},0.036,0.87,1.36
{np.str_('IceCream')},{np.str_('Ketchup')},0.205,0.44,1.42
"{np.str_('Ketchup'), np.str_('IceCream')}",{np.str_('Soup')},0.113,0.51,1.21
"{np.str_('Fries'), np.str_('Pasta')}",{np.str_('Sandwich')},0.055,0.2,1.14
{np.str_('Coke')},{np.str_('Sandwich')},0.065,0.25,0.99
{np.str_('Salad')},{np.str_('IceCream')},0.084,0.12,1.32
{np.str_('Soup')},{np.str_('Fries')},0.078,0.24,1.02
"{np.str_('Sandwich'), np.str_('Salad')}",{np.str_('Fries')},0.101,0.68,1.33
{np.str_('Salad')},{np.str_('Sandwich')},0.165,0.29,1.04
"{np.str_('Pizza'), np.str_('Soup')}",{np.str_('Pasta')},0.225,0.29,1.02
"{np.str_('Ketchup'), np.str_('Coke')}",{np.str_('Sandwich')},0.109,0.53,1.25
"{np.str_('Pizza'), np.str_('Pasta')}",{np.str_('Ketchup')},0.125,0.73,0.95
{np.str_('Coke')},{np.str_('Sandwich')},0.224,0.17,1.28
"{np.str_('Soup'), np.str_('Sandwich')}",{np.str_('Salad')},0.218,0.59,1.37
{np.str_('Burger')},{np.str_('Ketchup')},0.161,0.89,1.41
"{np.str_('Pizza'), np.str_('Salad')}",{np.str_('Coke')},0.131,0.16,1.01
"{np.str_('Pasta'), np.str_('Sandwich')}",{np.str_('Ketchup')},0.223,0.23,1.0
"{np.str_('Pizza'), np.str_('Pasta')}",{np.str_('Salad')},0.016,0.85,1.48
{np.str_('Coke')},{np.str_('Salad')},0.274,0.76,1.34
"{np.str_('Fries'), np.str_('Sandwich')}",{np.str_('IceCream')},0.149,0.29,0.92
{np.str_('Sandwich')},{np.str_('Coke')},0.281,0.28,0.85
"{np.str_('Pizza'), np.str_('Soup')}",{np.str_('Coke')},0.031,0.36,1.05
"{np.str_('Pizza'), np.str_('Ketchup')}",{np.str_('Fries')},0.049,0.86,0.86
"{np.str_('IceCream'), np.str_('Soup')}",{np.str_('Salad')},0.141,0.41,1.02
"{np.str_('Pasta'), np.str_('Sandwich')}",{np.str_('Fries')},0.231,0.88,1.16
"{np.str_('Pasta'), np.str_('Soup')}",{np.str_('Sandwich')},0.139,0.12,1.3
"{np.str_('Pizza'), np.str_('Soup')}",{np.str_('Fries')},0.135,0.71,1.21
"{np.str_('Ketchup'), np.str_('Soup')}",{np.str_('Pizza')},0.254,0.24,1.36
{np.str_('Burger')},{np.str_('Pasta')},0.296,0.19,1.08
"{np.str_('Soup'), np.str_('Sandwich')}",{np.str_('Ketchup')},0.26,0.68,1.04
{np.str_('Sandwich')},{np.str_('Pizza')},0.047,0.21,0.99
{np.str_('Fries')},{np.str_('Pizza')},0.231,0.23,1.22
{np.str_('Ketchup')},{np.str_('Pasta')},0.111,0.15,1.01
"{np.str_('Ketchup'), np.str_('Burger')}",{np.str_('Sandwich')},0.068,0.34,1.37
{np.str_('Burger')},{np.str_('Soup')},0.115,0.46,1.11
"{np.str_('Sandwich'), np.str_('Salad')}",{np.str_('Burger')},0.126,0.83,0.84
"{np.str_('Pasta'), np.str_('Salad')}",{np.str_('IceCream')},0.055,0.75,1.33
{np.str_('Burger')},{np.str_('Pizza')},0.031,0.49,1.19
{np.str_('Soup')},{np.str_('Ketchup')},0.247,0.13,1.33
{np.str_('Burger')},{np.str_('Pizza')},0.132,0.43,1.32
"{np.str_('Burger'), np.str_('Soup')}",{np.str_('Ketchup')},0.182,0.5,0.89
{np.str_('Pasta')},{np.str_('IceCream')},0.121,0.26,1.45
{np.str_('Fries')},{np.str_('Pasta')},0.243,0.3,1.33
"{np.str_('Ketchup'), np.str_('Soup')}",{np.str_('Burger')},0.148,0.18,1.31
"{np.str_('Ketchup'), np.str_('Burger')}",{np.str_('Pizza')},0.111,0.14,1.14
{np.str_('Ketchup')},{np.str_('Fries')},0.068,0.32,1.11
{np.str_('Sandwich')},{np.str_('IceCream')},0.279,0.58,1.07
"{np.str_('Pizza'), np.str_('Sandwich')}",{np.str_('Coke')},0.288,0.66,1.03
{np.str_('Pizza')},{np.str_('Soup')},0.232,0.53,1.13
"{np.str_('Coke'), np.str_('Pasta')}",{np.str_('Salad')},0.178,0.28,1.04
{np.str_('Pasta')},{np.str_('Burger')},0.218,0.44,0.82
"{np.str_('Pasta'), np.str_('Soup')}",{np.str_('Sandwich')},0.106,0.27,1.11
"{np.str_('Pasta'), np.str_('Sandwich')}",{np.str_('Fries')},0.286,0.66,1.31
{np.str_('Sandwich')},{np.str_('Pasta')},0.115,0.13,1.39
"{np.str_('Soup'), np.str_('Salad')}",{np.str_('IceCream')},0.188,0.64,1.48
"{np.str_('IceCream'), np.str_('Soup')}",{np.str_('Ketchup')},0.221,0.34,1.07
{np.str_('Sandwich')},{np.str_('Salad')},0.297,0.54,0.87
"{np.str_('Pizza'), np.str_('Salad')}",{np.str_('Coke')},0.133,0.51,0.8
"{np.str_('Ketchup'), np.str_('Soup')}",{np.str_('Coke')},0.299,0.62,1.29
"{np.str_('Ketchup'), np.str_('Coke')}",{np.str_('Burger')},0.226,0.65,1.21
{np.str_('Pizza')},{np.str_('Fries')},0.036,0.42,0.94
{np.str_('Pizza')},{np.str_('Ketchup')},0.079,0.71,1.07
"{np.str_('Burger'), np.str_('Coke')}",{np.str_('Fries')},0.194,0.52,1.45
"{np.str_('Coke'), np.str_('IceCream')}",{np.str_('Pasta')},0.103,0.37,1.44
{np.str_('Pasta')},{np.str_('Salad')},0.22,0.42,1.07
"{np.str_('Sandwich'), np.str_('Salad')}",{np.str_('Coke')},0.232,0.82,0.84
"{np.str_('Coke'), np.str_('Burger')}",{np.str_('Pasta')},0.194,0.12,0.97
{np.str_('Burger')},{np.str_('Salad')},0.156,0.2,0.99
{np.str_('Salad')},{np.str_('IceCream')},0.018,0.31,1.49
"{np.str_('Coke'), np.str_('Sandwich')}",{np.str_('Ketchup')},0.267,0.65,1.16
"{np.str_('Soup'), np.str_('Sandwich')}",{np.str_('Coke')},0.029,0.56,1.0
{np.str_('Salad')},{np.str_('Pizza')},0.085,0.63,1.0
{np.str_('Fries')},{np.str_('Ketchup')},0.269,0.82,1.06
{np.str_('Soup')},{np.str_('Sandwich')},0.194,0.81,1.4
"{np.str_('Fries'), np.str_('Burger')}",{np.str_('Pizza')},0.209,0.84,1.07
"{np.str_('Pizza'), np.str_('Sandwich')}",{np.str_('Fries')},0.118,0.79,1.03
"{np.str_('Fries'), np.str_('Pasta')}",{np.str_('Pizza')},0.202,0.73,1.01
"{np.str_('Ketchup'), np.str_('Soup')}",{np.str_('Sandwich')},0.059,0.31,1.43
"{np.str_('Fries'), np.str_('Coke')}",{np.str_('Pizza')},0.067,0.56,0.99
{np.str_('Pizza')},{np.str_('Burger')},0.298,0.3,1.19
"{np.str_('Ketchup'), np.str_('IceCream')}",{np.str_('Pizza')},0.084,0.31,1.01
"{np.str_('Soup'), np.str_('Salad')}",{np.str_('Coke')},0.262,0.48,1.2
"{np.str_('Ketchup'), np.str_('Burger')}",{np.str_('Soup')},0.126,0.22,1.08
"{np.str_('Ketchup'), np.str_('Sandwich')}",{np.str_('Pizza')},0.154,0.47,1.05
{np.str_('Ketchup')},{np.str_('Coke')},0.268,0.8,1.2
{np.str_('Burger')},{np.str_('Salad')},0.204,0.62,1.16
"{np.str_('Soup'), np.str_('Sandwich')}",{np.str_('Burger')},0.156,0.44,1.28
"{np.str_('Coke'), np.str_('Pasta')}",{np.str_('Sandwich')},0.02,0.39,1.1
{np.str_('Soup')},{np.str_('Pizza')},0.02,0.15,0.86
"{np.str_('Pizza'), np.str_('Soup')}",{np.str_('Sandwich')},0.164,0.73,0.96
{np.str_('Coke')},{np.str_('IceCream')},0.264,0.69,0.91
"{np.str_('Ketchup'), np.str_('Pasta')}",{np.str_('Sandwich')},0.013,0.41,1.41
"{np.str_('Fries'), np.str_('Pasta')}",{np.str_('Soup')},0.094,0.75,1.04
"{np.str_('Burger'), np.str_('Salad')}",{np.str_('Soup')},0.084,0.41,0.94
"{np.str_('Ketchup'), np.str_('IceCream')}",{np.str_('Pasta')},0.112,0.58,1.25
{np.str_('Ketchup')},{np.str_('Salad')},0.143,0.56,0.93
"{np.str_('Pizza'), np.str_('Sandwich')}",{np.str_('Pasta')},0.225,0.62,0.8
"{np.str_('Fries'), np.str_('IceCream')}",{np.str_('Pizza')},0.15,0.8,0.85
"{np.str_('Fries'), np.str_('Sandwich')}",{np.str_('IceCream')},0.137,0.81,1.21
"{np.str_('Coke'), np.str_('Sandwich')}",{np.str_('Ketchup')},0.153,0.4,1.44
"{np.str_('Fries'), np.str_('IceCream')}",{np.str_('Burger')},0.109,0.78,1.15
{np.str_('Pizza')},{np.str_('Soup')},0.088,0.19,0.89
"{np.str_('Coke'), np.str_('Sandwich')}",{np.str_('Ketchup')},0.192,0.26,1.02
"{np.str_('Ketchup'), np.str_('Soup')}",{np.str_('IceCream')},0.074,0.19,0.81
"{np.str_('Ketchup'), np.str_('Pasta')}",{np.str_('Salad')},0.145,0.66,1.05
"{np.str_('Coke'), np.str_('Pasta')}",{np.str_('IceCream')},0.289,0.24,1.45
"{np.str_('Ketchup'), np.str_('Salad')}",{np.str_('Pizza')},0.177,0.71,1.17
{np.str_('Sandwich')},{np.str_('Burger')},0.19,0.61,1.08
"{np.str_('Pizza'), np.str_('Sandwich')}",{np.str_('Pasta')},0.295,0.23,1.38
"{np.str_('Fries'), np.str_('Soup')}",{np.str_('IceCream')},0.202,0.45,0.92
"{np.str_('Burger'), np.str_('Salad')}",{np.str_('Soup')},0.186,0.13,0.91
{np.str_('Pasta')},{np.str_('Coke')},0.184,0.37,1.03
{np.str_('Salad')},{np.str_('Pasta')},0.192,0.51,0.92
"{np.str_('Soup'), np.str_('Sandwich')}",{np.str_('Salad')},0.272,0.67,1.1
"{np.str_('Burger'), np.str_('Salad')}",{np.str_('Pasta')},0.215,0.87,1.17
"{np.str_('Fries'), np.str_('Sandwich')}",{np.str_('Pasta')},0.196,0.23,1.28
{np.str_('Pasta')},{np.str_('Burger')},0.083,0.14,1.12
{np.str_('IceCream')},{np.str_('Salad')},0.065,0.3,1.35
{np.str_('Fries')},{np.str_('Soup')},0.083,0.33,1.02
"{np.str_('Fries'), np.str_('Burger')}",{np.str_('Sandwich')},0.231,0.29,1.23
"{np.str_('Pasta'), np.str_('Salad')}",{np.str_('Soup')},0.212,0.81,0.9
{np.str_('Coke')},{np.str_('Sandwich')},0.06,0.35,1.16
{np.str_('Fries')},{np.str_('Pizza')},0.136,0.79,0.81
{np.str_('Pasta')},{np.str_('Burger')},0.087,0.86,1.29
"{np.str_('Pizza'), np.str_('Soup')}",{np.str_('Pasta')},0.112,0.73,1.29
"{np.str_('Ketchup'), np.str_('Soup')}",{np.str_('Coke')},0.291,0.69,1.29
"{np.str_('Fries'), np.str_('Sandwich')}",{np.str_('Ketchup')},0.29,0.7,1.01
{np.str_('Soup')},{np.str_('Pizza')},0.249,0.46,0.93
{np.str_('Pasta')},{np.str_('Soup')},0.192,0.11,1.35
"{np.str_('Fries'), np.str_('IceCream')}",{np.str_('Salad')},0.186,0.27,1.01
"{np.str_('Burger'), np.str_('Soup')}",{np.str_('Ketchup')},0.03,0.32,1.34
"{np.str_('Ketchup'), np.str_('Pasta')}",{np.str_('IceCream')},0.161,0.45,1.15
"{np.str_('Ketchup'), np.str_('Soup')}",{np.str_('Burger')},0.046,0.68,1.23
"{np.str_('Burger'), np.str_('IceCream')}",{np.str_('Ketchup')},0.059,0.49,1.06
"{np.str_('Pasta'), np.str_('Sandwich')}",{np.str_('Coke')},0.109,0.57,1.21
{np.str_('Coke')},{np.str_('Pasta')},0.229,0.35,1.03
"{np.str_('Pasta'), np.str_('IceCream')}",{np.str_('Ketchup')},0.226,0.15,1.33
{np.str_('IceCream')},{np.str_('Pasta')},0.066,0.83,1.39
"{np.str_('Burger'), np.str_('Soup')}",{np.str_('Sandwich')},0.031,0.59,1.32
"{np.str_('Fries'), np.str_('Ketchup')}",{np.str_('Coke')},0.22,0.4,0.87
"{np.str_('Coke'), np.str_('Pasta')}",{np.str_('Ketchup')},0.145,0.63,1.07
{np.str_('IceCream')},{np.str_('Pasta')},0.243,0.43,0.99
{np.str_('Fries')},{np.str_('Soup')},0.181,0.22,1.03
{np.str_('Fries')},{np.str_('Pizza')},0.212,0.29,0.84
"{np.str_('Soup'), np.str_('Salad')}",{np.str_('IceCream')},0.239,0.79,0.97
"{np.str_('Sandwich'), np.str_('Salad')}",{np.str_('Soup')},0.29,0.7,1.2
"{np.str_('Burger'), np.str_('Soup')}",{np.str_('Sandwich')},0.204,0.71,1.21
{np.str_('Burger')},{np.str_('Soup')},0.173,0.18,1.09
{np.str_('Pasta')},{np.str_('Sandwich')},0.021,0.37,1.14
{np.str_('IceCream')},{np.str_('Coke')},0.084,0.14,1.01
"{np.str_('Pasta'), np.str_('IceCream')}",{np.str_('Pizza')},0.235,0.51,1.47
{np.str_('Fries')},{np.str_('Sandwich')},0.037,0.62,1.15
{np.str_('Coke')},{np.str_('Ketchup')},0.159,0.13,1.4
"{np.str_('Coke'), np.str_('IceCream')}",{np.str_('Pizza')},0.154,0.78,1.28
"{np.str_('Ketchup'), np.str_('IceCream')}",{np.str_('Pasta')},0.26,0.73,1.37
"{np.str_('Ketchup'), np.str_('Sandwich')}",{np.str_('Pasta')},0.183,0.33,1.22
{np.str_('Coke')},{np.str_('Ketchup')},0.29,0.84,1.22
{np.str_('IceCream')},{np.str_('Pizza')},0.282,0.29,0.86
"{np.str_('Coke'), np.str_('Pasta')}",{np.str_('Fries')},0.174,0.83,1.08
{np.str_('Coke')},{np.str_('Sandwich')},0.213,0.67,1.27
{np.str_('Coke')},{np.str_('Burger')},0.061,0.28,1.12
{np.str_('Burger')},{np.str_('Fries')},0.098,0.5,1.13
{np.str_('IceCream')},{np.str_('Pizza')},0.169,0.56,1.29
{np.str_('Burger')},{np.str_('Fries')},0.109,0.54,1.27
"{np.str_('Ketchup'), np.str_('Sandwich')}",{np.str_('Pasta')},0.063,0.77,1.12
"{np.str_('Pizza'), np.str_('Sandwich')}",{np.str_('IceCream')},0.172,0.39,1.45
{np.str_('Ketchup')},{np.str_('Pasta')},0.104,0.88,1.34
{np.str_('Fries')},{np.str_('Soup')},0.131,0.23,0.92
{np.str_('Soup')},{np.str_('Salad')},0.158,0.17,1.36
"{np.str_('Burger'), np.str_('Soup')}",{np.str_('Pizza')},0.183,0.62,1.31
{np.str_('IceCream')},{np.str_('Pasta')},0.036,0.84,0.9
"{np.str_('Fries'), np.str_('Burger')}",{np.str_('Salad')},0.025,0.68,1.32
{np.str_('Pasta')},{np.str_('Soup')},0.266,0.26,1.05
"{np.str_('Pizza'), np.str_('IceCream')}",{np.str_('Pasta')},0.164,0.54,1.49
"{np.str_('Fries'), np.str_('Coke')}",{np.str_('Pizza')},0.167,0.67,0.95
"{np.str_('Burger'), np.str_('IceCream')}",{np.str_('Pasta')},0.134,0.6,0.96
"{np.str_('IceCream'), np.str_('Sandwich')}",{np.str_('Burger')},0.285,0.21,1.38
{np.str_('Ketchup')},{np.str_('Sandwich')},0.227,0.36,1.36
"{np.str_('Pizza'), np.str_('Fries')}",{np.str_('Soup')},0.113,0.85,1.43
"{np.str_('Pasta'), np.str_('IceCream')}",{np.str_('Pizza')},0.192,0.81,1.0
"{np.str_('Ketchup'), np.str_('Soup')}",{np.str_('IceCream')},0.153,0.6,1.16
{np.str_('Pizza')},{np.str_('Pasta')},0.148,0.28,1.1
{np.str_('Soup')},{np.str_('IceCream')},0.294,0.89,1.08
{np.str_('Pasta')},{np.str_('Coke')},0.038,0.37,1.49
{np.str_('Sandwich')},{np.str_('Salad')},0.111,0.58,0.96
{np.str_('Pasta')},{np.str_('Salad')},0.077,0.5,1.43
"{np.str_('Soup'), np.str_('Sandwich')}",{np.str_('Ketchup')},0.163,0.66,1.47
{np.str_('Sandwich')},{np.str_('Ketchup')},0.236,0.62,1.06
{np.str_('Burger')},{np.str_('Fries')},0.051,0.81,0.89
{np.str_('Soup')},{np.str_('Fries')},0.18,0.71,1.28
{np.str_('Ketchup')},{np.str_('Soup')},0.014,0.12,0.99
"{np.str_('Pizza'), np.str_('IceCream')}",{np.str_('Fries')},0.263,0.78,1.42
{np.str_('Ketchup')},{np.str_('IceCream')},0.289,0.44,0.97
"{np.str_('IceCream'), np.str_('Salad')}",{np.str_('Coke')},0.172,0.6,1.19
"{np.str_('Burger'), np.str_('Salad')}",{np.str_('IceCream')},0.18,0.34,0.82
{np.str_('Salad')},{np.str_('Burger')},0.086,0.1,1.0
"{np.str_('Pizza'), np.str_('Soup')}",{np.str_('Fries')},0.27,0.17,0.95
{np.str_('Fries')},{np.str_('Ketchup')},0.263,0.87,0.95
"{np.str_('Soup'), np.str_('IceCream')}",{np.str_('Ketchup')},0.266,0.33,1.49
{np.str_('Soup')},{np.str_('Pasta')},0.265,0.14,1.01
{np.str_('Fries')},{np.str_('Salad')},0.054,0.85,1.36
"{np.str_('Pizza'), np.str_('Salad')}",{np.str_('Sandwich')},0.152,0.54,0.89
{np.str_('Coke')},{np.str_('Fries')},0.228,0.86,0.91
{np.str_('IceCream')},{np.str_('Ketchup')},0.049,0.16,0.95
{np.str_('Pasta')},{np.str_('Salad')},0.134,0.48,1.27
{np.str_('Pizza')},{np.str_('IceCream')},0.11,0.66,1.28
"{np.str_('Burger'), np.str_('Sandwich')}",{np.str_('Ketchup')},0.039,0.46,0.99
"{np.str_('Fries'), np.str_('Burger')}",{np.str_('IceCream')},0.13,0.14,1.09
{np.str_('Sandwich')},{np.str_('Pizza')},0.042,0.8,1.11
"{np.str_('Pizza'), np.str_('Pasta')}",{np.str_('Fries')},0.262,0.88,1.17
{np.str_('Fries')},{np.str_('IceCream')},0.24,0.13,1.1
{np.str_('Soup')},{np.str_('Fries')},0.134,0.72,1.37
{np.str_('Burger')},{np.str_('Pasta')},0.064,0.79,1.05
{np.str_('Pizza')},{np.str_('Ketchup')},0.229,0.58,1.5
{np.str_('Burger')},{np.str_('Ketchup')},0.044,0.85,0.87
"{np.str_('Coke'), np.str_('Burger')}",{np.str_('Pasta')},0.082,0.5,0.97
{np.str_('Coke')},{np.str_('Burger')},0.185,0.6,0.85
"{np.str_('Soup'), np.str_('Salad')}",{np.str_('Burger')},0.133,0.59,1.01
{np.str_('Pizza')},{np.str_('Soup')},0.015,0.35,0.8
"{np.str_('Ketchup'), np.str_('Coke')}",{np.str_('Salad')},0.026,0.35,0.83
{np.str_('Ketchup')},{np.str_('Coke')},0.221,0.24,1.28
"{np.str_('Coke'), np.str_('IceCream')}",{np.str_('Sandwich')},0.053,0.81,0.84
"{np.str_('Pizza'), np.str_('Coke')}",{np.str_('Soup')},0.016,0.75,1.11
"{np.str_('Fries'), np.str_('Coke')}",{np.str_('Ketchup')},0.139,0.8,1.2
{np.str_('IceCream')},{np.str_('Burger')},0.263,0.61,1.48
{np.str_('IceCream')},{np.str_('Soup')},0.109,0.73,1.24
"{np.str_('Pizza'), np.str_('Sandwich')}",{np.str_('IceCream')},0.291,0.77,1.42
"{np.str_('Soup'), np.str_('Salad')}",{np.str_('IceCream')},0.021,0.38,1.28
{np.str_('Fries')},{np.str_('Soup')},0.129,0.32,1.41
"{np.str_('Fries'), np.str_('Pizza')}",{np.str_('Sandwich')},0.096,0.55,1.25
{np.str_('Soup')},{np.str_('IceCream')},0.294,0.15,1.35
{np.str_('Pasta')},{np.str_('Fries')},0.025,0.71,1.4
"{np.str_('Fries'), np.str_('Burger')}",{np.str_('Coke')},0.094,0.64,0.94
"{np.str_('Ketchup'), np.str_('Salad')}",{np.str_('IceCream')},0.033,0.17,0.98
{np.str_('Soup')},{np.str_('Fries')},0.153,0.57,1.43
{np.str_('Soup')},{np.str_('Burger')},0.22,0.74,0.96
{np.str_('Soup')},{np.str_('Fries')},0.075,0.41,1.41
"{np.str_('Fries'), np.str_('Salad')}",{np.str_('Pizza')},0.277,0.12,1.18
{np.str_('Fries')},{np.str_('Pasta')},0.109,0.59,0.9
{np.str_('Ketchup')},{np.str_('Pasta')},0.258,0.17,1.4
{np.str_('Burger')},{np.str_('IceCream')},0.036,0.7,0.81
{np.str_('Pasta')},{np.str_('Ketchup')},0.104,0.57,1.3
"{np.str_('Ketchup'), np.str_('IceCream')}",{np.str_('Pasta')},0.116,0.88,1.08
{np.str_('Pizza')},{np.str_('Soup')},0.211,0.36,1.03
{np.str_('Burger')},{np.str_('Pizza')},0.29,0.45,1.24
"{np.str_('Coke'), np.str_('Sandwich')}",{np.str_('Pizza')},0.164,0.65,1.2
"{np.str_('Fries'), np.str_('Salad')}",{np.str_('Burger')},0.271,0.69,0.86
"{np.str_('Burger'), np.str_('Sandwich')}",{np.str_('Salad')},0.297,0.24,1.05
{np.str_('Salad')},{np.str_('Pizza')},0.227,0.29,0.84
"{np.str_('Pizza'), np.str_('Ketchup')}",{np.str_('Sandwich')},0.089,0.4,0.88
{np.str_('Sandwich')},{np.str_('Ketchup')},0.228,0.4,1.4
{np.str_('Sandwich')},{np.str_('Soup')},0.271,0.34,1.03
{np.str_('Coke')},{np.str_('IceCream')},0.046,0.61,1.08
"{np.str_('Burger'), np.str_('Sandwich')}",{np.str_('Salad')},0.296,0.27,0.97
{np.str_('Salad')},{np.str_('Sandwich')},0.069,0.67,0.89
"{np.str_('Fries'), np.str_('Sandwich')}",{np.str_('Soup')},0.067,0.89,1.22
"{np.str_('Pizza'), np.str_('Burger')}",{np.str_('Ketchup')},0.279,0.25,0.99
{np.str_('Soup')},{np.str_('Salad')},0.188,0.71,1.05
"{np.str_('Burger'), np.str_('Coke')}",{np.str_('Ketchup')},0.18,0.68,1.08
"{np.str_('Burger'), np.str_('Pasta')}",{np.str_('Pizza')},0.083,0.15,1.4
"{np.str_('IceCream'), np.str_('Soup')}",{np.str_('Pasta')},0.272,0.59,0.81
"{np.str_('Coke'), np.str_('Pasta')}",{np.str_('Fries')},0.254,0.19,1.23
{np.str_('Salad')},{np.str_('Soup')},0.073,0.67,0.91
{np.str_('Pizza')},{np.str_('Coke')},0.268,0.24,1.5
"{np.str_('Soup'), np.str_('Sandwich')}",{np.str_('Ketchup')},0.198,0.15,1.23
{np.str_('Pasta')},{np.str_('Fries')},0.203,0.8,1.38
{np.str_('Soup')},{np.str_('Fries')},0.179,0.38,1.07
{np.str_('Coke')},{np.str_('Pizza')},0.075,0.61,0.84
"{np.str_('Coke'), np.str_('Soup')}",{np.str_('IceCream')},0.188,0.51,1.35
{np.str_('Pasta')},{np.str_('IceCream')},0.263,0.44,1.21
"{np.str_('Pizza'), np.str_('Soup')}",{np.str_('Fries')},0.032,0.89,1.06
{np.str_('Burger')},{np.str_('Coke')},0.196,0.38,0.88
{np.str_('Soup')},{np.str_('Salad')},0.152,0.57,1.32
"{np.str_('Burger'), np.str_('Sandwich')}",{np.str_('Pizza')},0.156,0.88,1.46
{np.str_('Pasta')},{np.str_('Coke')},0.256,0.81,0.81
{np.str_('Coke')},{np.str_('Sandwich')},0.297,0.59,1.14
"{np.str_('Fries'), np.str_('Burger')}",{np.str_('Ketchup')},0.255,0.35,1.19
"{np.str_('Soup'), np.str_('Salad')}",{np.str_('Sandwich')},0.134,0.9,0.89
{np.str_('Salad')},{np.str_('IceCream')},0.071,0.54,1.1
"{np.str_('Ketchup'), np.str_('Burger')}",{np.str_('Coke')},0.071,0.34,1.31
"{np.str_('Burger'), np.str_('Salad')}",{np.str_('Sandwich')},0.1,0.54,1.34
"{np.str_('Coke'), np.str_('IceCream')}",{np.str_('Salad')},0.232,0.37,1.47
{np.str_('Salad')},{np.str_('Burger')},0.231,0.31,1.46
"{np.str_('Pizza'), np.str_('Salad')}",{np.str_('Burger')},0.181,0.16,1.28
{np.str_('Burger')},{np.str_('Sandwich')},0.164,0.44,1.12
"{np.str_('Burger'), np.str_('IceCream')}",{np.str_('Pizza')},0.199,0.15,1.05
{np.str_('Pizza')},{np.str_('Coke')},0.218,0.61,0.95
"{np.str_('Soup'), np.str_('Sandwich')}",{np.str_('Salad')},0.129,0.87,1.06
{np.str_('Ketchup')},{np.str_('Fries')},0.17,0.54,1.21
"{np.str_('Fries'), np.str_('Soup')}",{np.str_('Burger')},0.165,0.16,1.33
"{np.str_('IceCream'), np.str_('Sandwich')}",{np.str_('Ketchup')},0.2,0.67,1.31
{np.str_('Ketchup')},{np.str_('Sandwich')},0.266,0.38,0.94
{np.str_('Pasta')},{np.str_('Ketchup')},0.166,0.75,0.9
"{np.str_('Pasta'), np.str_('Salad')}",{np.str_('Pizza')},0.259,0.4,1.14
{np.str_('Fries')},{np.str_('Sandwich')},0.287,0.56,1.29
{np.str_('Ketchup')},{np.str_('Burger')},0.051,0.32,0.85
{np.str_('IceCream')},{np.str_('Coke')},0.064,0.53,1.05
"{np.str_('Burger'), np.str_('Soup')}",{np.str_('Pasta')},0.098,0.6,1.22
"{np.str_('Pizza'), np.str_('Pasta')}",{np.str_('Fries')},0.014,0.42,0.96
{np.str_('Pasta')},{np.str_('IceCream')},0.058,0.7,0.93
"{np.str_('Coke'), np.str_('Pasta')}",{np.str_('Salad')},0.282,0.79,1.34
{np.str_('Sandwich')},{np.str_('Coke')},0.144,0.77,1.19
"{np.str_('Fries'), np.str_('IceCream')}",{np.str_('Coke')},0.082,0.28,0.92
"{np.str_('Ketchup'), np.str_('IceCream')}",{np.str_('Soup')},0.202,0.4,1.45
{np.str_('Salad')},{np.str_('Ketchup')},0.201,0.46,1.19
"{np.str_('Fries'), np.str_('Salad')}",{np.str_('Sandwich')},0.079,0.5,1.33
"{np.str_('IceCream'), np.str_('Sandwich')}",{np.str_('Ketchup')},0.14,0.65,1.07
"{np.str_('Pasta'), np.str_('Sandwich')}",{np.str_('Pizza')},0.101,0.67,1.12
{np.str_('Burger')},{np.str_('Salad')},0.216,0.13,1.16
"{np.str_('Ketchup'), np.str_('Pasta')}",{np.str_('Burger')},0.294,0.22,0.81
{np.str_('Soup')},{np.str_('Pizza')},0.24,0.25,1.16
"{np.str_('Pasta'), np.str_('Soup')}",{np.str_('Burger')},0.261,0.41,1.19
"{np.str_('Fries'), np.str_('Coke')}",{np.str_('Ketchup')},0.029,0.4,0.9
{np.str_('Pasta')},{np.str_('Fries')},0.171,0.38,1.5
{np.str_('Fries')},{np.str_('Soup')},0.134,0.82,0.93
"{np.str_('Burger'), np.str_('IceCream')}",{np.str_('Sandwich')},0.053,0.3,1.3
"{np.str_('Coke'), np.str_('Soup')}",{np.str_('Pasta')},0.11,0.79,1.08
"{np.str_('Ketchup'), np.str_('IceCream')}",{np.str_('Fries')},0.063,0.11,1.49
{np.str_('Pizza')},{np.str_('Salad')},0.211,0.57,1.2
"{np.str_('Burger'), np.str_('Salad')}",{np.str_('Ketchup')},0.061,0.63,1.43
{np.str_('Sandwich')},{np.str_('Fries')},0.282,0.64,0.88
{np.str_('Pizza')},{np.str_('Soup')},0.076,0.8,1.06
{np.str_('Burger')},{np.str_('IceCream')},0.267,0.76,1.34
"{np.str_('Coke'), np.str_('Soup')}",{np.str_('Ketchup')},0.014,0.28,1.12
{np.str_('Pasta')},{np.str_('Ketchup')},0.264,0.24,1.46
"{np.str_('Fries'), np.str_('Pizza')}",{np.str_('Ketchup')},0.047,0.79,1.1
"{np.str_('Pizza'), np.str_('Burger')}",{np.str_('Fries')},0.176,0.8,0.82
"{np.str_('Coke'), np.str_('Pasta')}",{np.str_('Salad')},0.255,0.52,1.46
"{np.str_('Coke'), np.str_('IceCream')}",{np.str_('Ketchup')},0.083,0.11,1.29
"{np.str_('Fries'), np.str_('Pasta')}",{np.str_('Sandwich')},0.218,0.63,1.46
"{np.str_('Pasta'), np.str_('Salad')}",{np.str_('Fries')},0.268,0.67,0.82
"{np.str_('Pizza'), np.str_('Ketchup')}",{np.str_('IceCream')},0.217,0.26,1.46
"{np.str_('Burger'), np.str_('Coke')}",{np.str_('Pizza')},0.022,0.34,1.03
{np.str_('IceCream')},{np.str_('Pizza')},0.104,0.29,1.33
"{np.str_('Ketchup'), np.str_('IceCream')}",{np.str_('Fries')},0.088,0.89,1.46
{np.str_('Pizza')},{np.str_('Fries')},0.118,0.38,0.96
"{np.str_('Fries'), np.str_('Coke')}",{np.str_('Burger')},0.232,0.12,1.45
"{np.str_('Pizza'), np.str_('Soup')}",{np.str_('Coke')},0.172,0.22,1.46
"{np.str_('Burger'), np.str_('Sandwich')}",{np.str_('Ketchup')},0.151,0.52,1.49
"{np.str_('Burger'), np.str_('Sandwich')}",{np.str_('Fries')},0.091,0.65,1.26
{np.str_('Sandwich')},{np.str_('Burger')},0.163,0.51,1.16
"{np.str_('Pasta'), np.str_('Salad')}",{np.str_('Burger')},0.033,0.33,1.46
{np.str_('Pasta')},{np.str_('Fries')},0.16,0.62,1.1
{np.str_('Burger')},{np.str_('Pasta')},0.293,0.33,0.84
{np.str_('Pizza')},{np.str_('Soup')},0.279,0.83,1.0
{np.str_('Coke')},{np.str_('Sandwich')},0.162,0.76,1.12
{np.str_('Coke')},{np.str_('Sandwich')},0.151,0.13,0.85
"{np.str_('Fries'), np.str_('IceCream')}",{np.str_('Ketchup')},0.124,0.55,0.95
{np.str_('Pizza')},{np.str_('Pasta')},0.271,0.51,1.47
{np.str_('Pasta')},{np.str_('Fries')},0.274,0.72,0.98
{np.str_('Fries')},{np.str_('Soup')},0.224,0.66,1.06
{np.str_('IceCream')},{np.str_('Burger')},0.274,0.14,1.05
{np.str_('Sandwich')},{np.str_('Ketchup')},0.235,0.7,1.46
{np.str_('Soup')},{np.str_('Pasta')},0.076,0.84,1.01
{np.str_('IceCream')},{np.str_('Soup')},0.101,0.77,0.84
"{np.str_('Coke'), np.str_('Sandwich')}",{np.str_('Burger')},0.041,0.27,1.0
"{np.str_('Fries'), np.str_('Coke')}",{np.str_('Burger')},0.049,0.18,1.08
{np.str_('Ketchup')},{np.str_('Burger')},0.234,0.2,1.33
{np.str_('IceCream')},{np.str_('Fries')},0.13,0.86,1.24
"{np.str_('Fries'), np.str_('Ketchup')}",{np.str_('Pizza')},0.099,0.11,1.06
"{np.str_('Pizza'), np.str_('Pasta')}",{np.str_('Burger')},0.069,0.19,0.95
"{np.str_('Ketchup'), np.str_('Salad')}",{np.str_('Pizza')},0.093,0.74,1.19
"{np.str_('IceCream'), np.str_('Salad')}",{np.str_('Fries')},0.246,0.15,0.88
{np.str_('Pizza')},{np.str_('Sandwich')},0.221,0.74,0.94
"{np.str_('Ketchup'), np.str_('Pasta')}",{np.str_('Burger')},0.272,0.28,0.88
{np.str_('Fries')},{np.str_('Soup')},0.154,0.73,0.89
{np.str_('IceCream')},{np.str_('Coke')},0.269,0.81,1.42
{np.str_('IceCream')},{np.str_('Sandwich')},0.202,0.78,1.42
{np.str_('Salad')},{np.str_('Pasta')},0.115,0.28,0.85
"{np.str_('Pasta'), np.str_('Soup')}",{np.str_('Ketchup')},0.122,0.59,1.4
"{np.str_('Ketchup'), np.str_('Burger')}",{np.str_('IceCream')},0.168,0.65,1.06
"{np.str_('Pizza'), np.str_('Fries')}",{np.str_('Salad')},0.111,0.32,1.48
{np.str_('Ketchup')},{np.str_('Coke')},0.052,0.82,0.93
{np.str_('Sandwich')},{np.str_('Burger')},0.144,0.31,1.1
{np.str_('Salad')},{np.str_('Burger')},0.275,0.75,1.09
"{np.str_('Sandwich'), np.str_('Salad')}",{np.str_('Pizza')},0.116,0.8,1.49
"{np.str_('Burger'), np.str_('Pasta')}",{np.str_('Soup')},0.174,0.1,1.43
{np.str_('IceCream')},{np.str_('Pizza')},0.152,0.46,0.98
"{np.str_('Ketchup'), np.str_('IceCream')}",{np.str_('Sandwich')},0.273,0.39,1.44
{np.str_('IceCream')},{np.str_('Burger')},0.103,0.41,1.22
{np.str_('Soup')},{np.str_('Coke')},0.222,0.61,1.34
"{np.str_('Fries'), np.str_('Sandwich')}",{np.str_('Salad')},0.016,0.76,1.25
{np.str_('Salad')},{np.str_('Soup')},0.129,0.69,1.28
"{np.str_('Ketchup'), np.str_('Coke')}",{np.str_('Pasta')},0.205,0.41,1.05
{np.str_('IceCream')},{np.str_('Coke')},0.155,0.19,1.18
{np.str_('Salad')},{np.str_('Pizza')},0.276,0.79,1.08
{np.str_('Ketchup')},{np.str_('Soup')},0.261,0.59,1.49
{np.str_('Fries')},{np.str_('Pizza')},0.058,0.4,1.49
{np.str_('Burger')},{np.str_('Coke')},0.119,0.17,1.16
{np.str_('Ketchup')},{np.str_('Pasta')},0.18,0.57,0.8
"{np.str_('Pizza'), np.str_('Ketchup')}",{np.str_('Coke')},0.024,0.36,0.95
"{np.str_('Pasta'), np.str_('Salad')}",{np.str_('Soup')},0.12,0.14,0.94
{np.str_('Coke')},{np.str_('Ketchup')},0.062,0.24,1.31
{np.str_('Pizza')},{np.str_('Ketchup')},0.128,0.71,1.25
{np.str_('Ketchup')},{np.str_('Salad')},0.09,0.24,1.46
"{np.str_('Fries'), np.str_('Salad')}",{np.str_('IceCream')},0.122,0.47,0.86
{np.str_('Soup')},{np.str_('Coke')},0.045,0.7,1.08
"{np.str_('Pizza'), np.str_('Sandwich')}",{np.str_('Coke')},0.099,0.66,1.19
{np.str_('Pasta')},{np.str_('Coke')},0.103,0.36,1.16
"{np.str_('Ketchup'), np.str_('Salad')}",{np.str_('Burger')},0.156,0.69,0.92
{np.str_('IceCream')},{np.str_('Soup')},0.207,0.38,0.85
{np.str_('IceCream')},{np.str_('Pasta')},0.297,0.74,1.13
{np.str_('Burger')},{np.str_('Sandwich')},0.017,0.36,0.86
"{np.str_('Pizza'), np.str_('Coke')}",{np.str_('IceCream')},0.052,0.53,1.37
{np.str_('Fries')},{np.str_('Pizza')},0.04,0.7,0.87
"{np.str_('Ketchup'), np.str_('Coke')}",{np.str_('Soup')},0.14,0.54,1.4
"{np.str_('Pizza'), np.str_('Fries')}",{np.str_('Burger')},0.04,0.16,1.29
"{np.str_('Pasta'), np.str_('Soup')}",{np.str_('Coke')},0.075,0.39,1.44
{np.str_('Burger')},{np.str_('Ketchup')},0.075,0.82,1.29
"{np.str_('Soup'), np.str_('Salad')}",{np.str_('IceCream')},0.077,0.77,1.44
{np.str_('Ketchup')},{np.str_('Burger')},0.276,0.19,1.3
"{np.str_('Ketchup'), np.str_('Coke')}",{np.str_('Sandwich')},0.028,0.73,0.84
{np.str_('IceCream')},{np.str_('Pasta')},0.193,0.45,0.89
{np.str_('Salad')},{np.str_('Soup')},0.279,0.18,1.11
"{np.str_('Pizza'), np.str_('Fries')}",{np.str_('Pasta')},0.108,0.42,1.29
"{np.str_('Fries'), np.str_('IceCream')}",{np.str_('Coke')},0.249,0.13,1.07
"{np.str_('Burger'), np.str_('Soup')}",{np.str_('Salad')},0.27,0.33,1.14
"{np.str_('Ketchup'), np.str_('Burger')}",{np.str_('Pizza')},0.041,0.29,1.23
{np.str_('Fries')},{np.str_('Pasta')},0.169,0.57,0.94
"{np.str_('Pizza'), np.str_('Soup')}",{np.str_('Burger')},0.054,0.57,1.25
{np.str_('IceCream')},{np.str_('Burger')},0.274,0.46,0.85
{np.str_('Burger')},{np.str_('Ketchup')},0.126,0.16,1.38
"{np.str_('IceCream'), np.str_('Sandwich')}",{np.str_('Burger')},0.049,0.38,0.94
"{np.str_('Pizza'), np.str_('Pasta')}",{np.str_('Soup')},0.014,0.12,0.83
{np.str_('IceCream')},{np.str_('Pasta')},0.139,0.54,1.03
{np.str_('IceCream')},{np.str_('Coke')},0.226,0.28,1.09
{np.str_('IceCream')},{np.str_('Burger')},0.032,0.19,0.96
"{np.str_('Pizza'), np.str_('Coke')}",{np.str_('Sandwich')},0.174,0.87,1.31
{np.str_('Pasta')},{np.str_('Fries')},0.215,0.15,0.81
{np.str_('Pizza')},{np.str_('Burger')},0.24,0.29,1.01
"{np.str_('Ketchup'), np.str_('Sandwich')}",{np.str_('Coke')},0.287,0.31,0.86
{np.str_('Soup')},{np.str_('Pasta')},0.03,0.26,1.46
"{np.str_('Fries'), np.str_('Salad')}",{np.str_('Soup')},0.24,0.6,1.42
{np.str_('Sandwich')},{np.str_('Pizza')},0.225,0.7,1.22
"{np.str_('Ketchup'), np.str_('Coke')}",{np.str_('Salad')},0.018,0.24,1.02
"{np.str_('Pizza'), np.str_('Ketchup')}",{np.str_('Burger')},0.187,0.34,0.98
{np.str_('IceCream')},{np.str_('Pizza')},0.041,0.39,0.99
"{np.str_('Pizza'), np.str_('IceCream')}",{np.str_('Salad')},0.255,0.31,1.0
{np.str_('Pizza')},{np.str_('Coke')},0.111,0.16,1.43
"{np.str_('Soup'), np.str_('IceCream')}",{np.str_('Fries')},0.132,0.44,1.32
{np.str_('Coke')},{np.str_('Soup')},0.12,0.42,1.18
"{np.str_('Pizza'), np.str_('Salad')}",{np.str_('IceCream')},0.087,0.57,1.35
"{np.str_('Fries'), np.str_('IceCream')}",{np.str_('Pizza')},0.182,0.73,1.14
"{np.str_('Pasta'), np.str_('Soup')}",{np.str_('Ketchup')},0.176,0.2,1.11
"{np.str_('Pizza'), np.str_('Salad')}",{np.str_('Fries')},0.186,0.37,1.04
"{np.str_('Fries'), np.str_('Sandwich')}",{np.str_('Pasta')},0.23,0.46,1.34
{np.str_('Soup')},{np.str_('Sandwich')},0.153,0.53,1.38
{np.str_('Fries')},{np.str_('Salad')},0.064,0.42,1.08
{np.str_('Coke')},{np.str_('Sandwich')},0.235,0.5,1.48
{np.str_('Pizza')},{np.str_('Pasta')},0.256,0.45,0.81
"{np.str_('Pasta'), np.str_('Salad')}",{np.str_('Sandwich')},0.094,0.46,1.32
"{np.str_('Coke'), np.str_('Salad')}",{np.str_('Soup')},0.123,0.32,1.11
"{np.str_('Burger'), np.str_('Soup')}",{np.str_('Pasta')},0.28,0.74,0.97
"{np.str_('Ketchup'), np.str_('Burger')}",{np.str_('Fries')},0.188,0.34,1.28
{np.str_('Salad')},{np.str_('Burger')},0.045,0.77,0.95
"{np.str_('Fries'), np.str_('Burger')}",{np.str_('Sandwich')},0.295,0.17,1.28
"{np.str_('Fries'), np.str_('Pasta')}",{np.str_('Ketchup')},0.057,0.25,1.29
{np.str_('Soup')},{np.str_('Salad')},0.278,0.66,0.92
{np.str_('IceCream')},{np.str_('Fries')},0.017,0.53,1.26
"{np.str_('Coke'), np.str_('Pasta')}",{np.str_('Burger')},0.029,0.29,0.92
"{np.str_('Burger'), np.str_('Soup')}",{np.str_('Ketchup')},0.169,0.38,0.81
{np.str_('Ketchup')},{np.str_('Burger')},0.166,0.38,1.29
{np.str_('Burger')},{np.str_('IceCream')},0.249,0.79,1.49
"{np.str_('Fries'), np.str_('Sandwich')}",{np.str_('IceCream')},0.237,0.2,1.15
"{np.str_('Pizza'), np.str_('Burger')}",{np.str_('Pasta')},0.172,0.22,1.24
{np.str_('Pizza')},{np.str_('Pasta')},0.179,0.79,0.94
"{np.str_('Ketchup'), np.str_('Pasta')}",{np.str_('Burger')},0.036,0.4,1.24
{np.str_('Coke')},{np.str_('Pasta')},0.174,0.8,1.4
{np.str_('Burger')},{np.str_('Soup')},0.078,0.48,1.29
{np.str_('Burger')},{np.str_('Fries')},0.036,0.25,1.12
{np.str_('IceCream')},{np.str_('Salad')},0.055,0.89,0.99
"{np.str_('Pasta'), np.str_('Sandwich')}",{np.str_('IceCream')},0.142,0.27,1.34
{np.str_('Soup')},{np.str_('Ketchup')},0.267,0.25,1.21
"{np.str_('Ketchup'), np.str_('Soup')}",{np.str_('Coke')},0.022,0.57,0.88
"{np.str_('Coke'), np.str_('IceCream')}",{np.str_('Sandwich')},0.285,0.59,1.37
{np.str_('Coke')},{np.str_('Sandwich')},0.156,0.39,1.3
"{np.str_('Pasta'), np.str_('Salad')}",{np.str_('Burger')},0.175,0.85,1.29
"{np.str_('Fries'), np.str_('Soup')}",{np.str_('Burger')},0.032,0.67,1.32
{np.str_('Pizza')},{np.str_('Ketchup')},0.289,0.33,1.47
{np.str_('Pasta')},{np.str_('Coke')},0.047,0.44,1.39
"{np.str_('Pizza'), np.str_('IceCream')}",{np.str_('Burger')},0.127,0.43,1.41
"{np.str_('Burger'), np.str_('Sandwich')}",{np.str_('Pizza')},0.184,0.19,1.42
"{np.str_('Coke'), np.str_('Salad')}",{np.str_('Pasta')},0.099,0.32,1.0
{np.str_('Pizza')},{np.str_('Ketchup')},0.231,0.86,1.33
"{np.str_('Ketchup'), np.str_('Coke')}",{np.str_('Fries')},0.115,0.37,1.17
"{np.str_('Pasta'), np.str_('IceCream')}",{np.str_('Sandwich')},0.12,0.7,0.97
"{np.str_('Burger'), np.str_('Salad')}",{np.str_('Soup')},0.29,0.43,1.45
{np.str_('Ketchup')},{np.str_('Pizza')},0.203,0.88,0.84
{np.str_('IceCream')},{np.str_('Pasta')},0.244,0.68,0.83
"{np.str_('Soup'), np.str_('Sandwich')}",{np.str_('Coke')},0.242,0.59,1.31
{np.str_('Burger')},{np.str_('Ketchup')},0.244,0.31,1.32
"{np.str_('Soup'), np.str_('Salad')}",{np.str_('Pizza')},0.182,0.2,1.22
{np.str_('IceCream')},{np.str_('Coke')},0.177,0.51,1.03
"{np.str_('Fries'), np.str_('Soup')}",{np.str_('Coke')},0.112,0.81,1.29
"{np.str_('IceCream'), np.str_('Sandwich')}",{np.str_('Salad')},0.233,0.52,1.0
"{np.str_('Burger'), np.str_('Sandwich')}",{np.str_('Ketchup')},0.144,0.8,1.15
{np.str_('Pizza')},{np.str_('IceCream')},0.107,0.72,0.85
"{np.str_('Pizza'), np.str_('Salad')}",{np.str_('IceCream')},0.16,0.28,1.07
{np.str_('Pizza')},{np.str_('Salad')},0.109,0.5,0.84
"{np.str_('Ketchup'), np.str_('IceCream')}",{np.str_('Salad')},0.016,0.37,0.8
"{np.str_('Fries'), np.str_('Coke')}",{np.str_('Pizza')},0.128,0.63,1.31
"{np.str_('Burger'), np.str_('Sandwich')}",{np.str_('Ketchup')},0.254,0.54,0.91
{np.str_('Burger')},{np.str_('Fries')},0.048,0.73,1.26
"{np.str_('Ketchup'), np.str_('Sandwich')}",{np.str_('Pizza')},0.22,0.47,1.18
"{np.str_('Fries'), np.str_('Pizza')}",{np.str_('Ketchup')},0.274,0.16,1.21
"{np.str_('Fries'), np.str_('IceCream')}",{np.str_('Sandwich')},0.128,0.29,1.42
"{np.str_('Ketchup'), np.str_('IceCream')}",{np.str_('Pizza')},0.084,0.2,1.05
"{np.str_('Fries'), np.str_('Salad')}",{np.str_('Pizza')},0.282,0.33,1.32
"{np.str_('Soup'), np.str_('Salad')}",{np.str_('IceCream')},0.084,0.57,0.94
"{np.str_('Coke'), np.str_('Salad')}",{np.str_('IceCream')},0.136,0.57,1.22
"{np.str_('Fries'), np.str_('Ketchup')}",{np.str_('Pasta')},0.152,0.13,1.0
"{np.str_('Ketchup'), np.str_('IceCream')}",{np.str_('Burger')},0.29,0.39,1.35
{np.str_('Pizza')},{np.str_('Ketchup')},0.249,0.8,1.01
{np.str_('Fries')},{np.str_('IceCream')},0.069,0.58,0.95
{np.str_('Fries')},{np.str_('Sandwich')},0.181,0.63,0.81
{np.str_('Coke')},{np.str_('Soup')},0.221,0.57,1.09
{np.str_('Pizza')},{np.str_('Fries')},0.178,0.34,1.42
{np.str_('Coke')},{np.str_('Fries')},0.273,0.58,1.2
"{np.str_('Fries'), np.str_('Pasta')}",{np.str_('Pizza')},0.102,0.86,1.1
{np.str_('Ketchup')},{np.str_('Soup')},0.121,0.24,1.1
{np.str_('Fries')},{np.str_('Ketchup')},0.173,0.88,0.89
"{np.str_('Ketchup'), np.str_('Salad')}",{np.str_('Soup')},0.119,0.83,1.49
"{np.str_('Fries'), np.str_('Burger')}",{np.str_('Pizza')},0.017,0.29,1.35
"{np.str_('Ketchup'), np.str_('Sandwich')}",{np.str_('IceCream')},0.211,0.22,1.15
{np.str_('Fries')},{np.str_('Ketchup')},0.139,0.67,1.35
"{np.str_('Burger'), np.str_('IceCream')}",{np.str_('Salad')},0.134,0.67,1.29
"{np.str_('Pizza'), np.str_('Fries')}",{np.str_('Salad')},0.262,0.89,1.02
{np.str_('Salad')},{np.str_('Ketchup')},0.025,0.17,0.84
{np.str_('IceCream')},{np.str_('Coke')},0.013,0.43,1.05
{np.str_('IceCream')},{np.str_('Salad')},0.209,0.31,0.92
"{np.str_('Ketchup'), np.str_('Sandwich')}",{np.str_('Burger')},0.095,0.85,1.14
{np.str_('Ketchup')},{np.str_('Salad')},0.076,0.18,0.83
"{np.str_('Pizza'), np.str_('Pasta')}",{np.str_('Soup')},0.159,0.69,1.29
"{np.str_('Pasta'), np.str_('IceCream')}",{np.str_('Salad')},0.259,0.81,1.04
{np.str_('Fries')},{np.str_('Pasta')},0.058,0.4,1.1
"{np.str_('IceCream'), np.str_('Sandwich')}",{np.str_('Ketchup')},0.091,0.14,1.14
{np.str_('IceCream')},{np.str_('Burger')},0.11,0.36,0.86
{np.str_('Fries')},{np.str_('Soup')},0.041,0.19,1.25
"{np.str_('Pizza'), np.str_('IceCream')}",{np.str_('Sandwich')},0.193,0.57,1.07
"{np.str_('Fries'), np.str_('Pizza')}",{np.str_('Burger')},0.122,0.44,1.15
"{np.str_('Ketchup'), np.str_('IceCream')}",{np.str_('Soup')},0.278,0.65,1.35
{np.str_('Salad')},{np.str_('Soup')},0.01,0.88,0.82
{np.str_('Soup')},{np.str_('Coke')},0.289,0.31,1.13
"{np.str_('Coke'), np.str_('Salad')}",{np.str_('Fries')},0.062,0.29,1.1
{np.str_('Sandwich')},{np.str_('Pasta')},0.234,0.4,1.21
{np.str_('Pasta')},{np.str_('Soup')},0.124,0.73,0.87
{np.str_('Pasta')},{np.str_('Coke')},0.109,0.82,1.44
"{np.str_('Pizza'), np.str_('Soup')}",{np.str_('Burger')},0.131,0.25,1.43
{np.str_('Ketchup')},{np.str_('Soup')},0.189,0.82,1.44
{np.str_('Pasta')},{np.str_('Coke')},0.227,0.68,1.02
"{np.str_('Soup'), np.str_('Salad')}",{np.str_('Coke')},0.235,0.7,1.11
{np.str_('Burger')},{np.str_('Soup')},0.045,0.3,0.86
{np.str_('Sandwich')},{np.str_('Pizza')},0.041,0.42,0.9
"{np.str_('Ketchup'), np.str_('Soup')}",{np.str_('Burger')},0.148,0.7,0.97
"{np.str_('Pizza'), np.str_('Ketchup')}",{np.str_('Pasta')},0.214,0.77,0.86
"{np.str_('IceCream'), np.str_('Salad')}",{np.str_('Fries')},0.013,0.69,1.1
{np.str_('Soup')},{np.str_('Coke')},0.116,0.64,0.91
"{np.str_('Burger'), np.str_('Sandwich')}",{np.str_('Pasta')},0.137,0.63,1.37
"{np.str_('Pizza'), np.str_('IceCream')}",{np.str_('Burger')},0.282,0.49,1.35
{np.str_('Coke')},{np.str_('Fries')},0.283,0.27,1.1
{np.str_('Pasta')},{np.str_('Soup')},0.058,0.31,1.17
"{np.str_('IceCream'), np.str_('Soup')}",{np.str_('Burger')},0.093,0.73,1.02
{np.str_('Ketchup')},{np.str_('Burger')},0.24,0.78,0.91
"{np.str_('Pizza'), np.str_('IceCream')}",{np.str_('Sandwich')},0.218,0.84,1.16
{np.str_('Ketchup')},{np.str_('IceCream')},0.291,0.16,0.99
"{np.str_('Burger'), np.str_('Sandwich')}",{np.str_('Pizza')},0.231,0.8,0.98
{np.str_('IceCream')},{np.str_('Coke')},0.037,0.19,1.25
"{np.str_('Pasta'), np.str_('Sandwich')}",{np.str_('Ketchup')},0.141,0.68,1.31
"{np.str_('Fries'), np.str_('Ketchup')}",{np.str_('Burger')},0.196,0.68,1.07
"{np.str_('Ketchup'), np.str_('Soup')}",{np.str_('Fries')},0.234,0.87,1.31
{np.str_('Sandwich')},{np.str_('Ketchup')},0.073,0.52,1.43
"{np.str_('Coke'), np.str_('Soup')}",{np.str_('Fries')},0.289,0.88,1.44
{np.str_('Soup')},{np.str_('Ketchup')},0.105,0.61,0.83
"{np.str_('Pasta'), np.str_('Salad')}",{np.str_('Fries')},0.207,0.72,1.42
{np.str_('Sandwich')},{np.str_('Fries')},0.29,0.36,1.29
"{np.str_('Sandwich'), np.str_('Salad')}",{np.str_('Coke')},0.071,0.44,0.92
{np.str_('Sandwich')},{np.str_('Salad')},0.157,0.6,1.35
"{np.str_('Pasta'), np.str_('Salad')}",{np.str_('Pizza')},0.118,0.87,0.99
"{np.str_('Burger'), np.str_('Coke')}",{np.str_('Pasta')},0.11,0.72,0.82
"{np.str_('Pizza'), np.str_('Sandwich')}",{np.str_('Salad')},0.204,0.78,1.31
"{np.str_('Sandwich'), np.str_('Salad')}",{np.str_('Pasta')},0.015,0.24,1.07
"{np.str_('Ketchup'), np.str_('Soup')}",{np.str_('Pizza')},0.299,0.72,1.2
"{np.str_('Burger'), np.str_('Soup')}",{np.str_('IceCream')},0.124,0.75,1.33
"{np.str_('Burger'), np.str_('Sandwich')}",{np.str_('Pasta')},0.231,0.33,1.41
{np.str_('Pasta')},{np.str_('Fries')},0.14,0.72,1.15
"{np.str_('Pasta'), np.str_('IceCream')}",{np.str_('Salad')},0.063,0.15,1.07
"{np.str_('Pizza'), np.str_('Soup')}",{np.str_('Pasta')},0.072,0.34,1.36
"{np.str_('Coke'), np.str_('IceCream')}",{np.str_('Pasta')},0.203,0.23,1.43
"{np.str_('Burger'), np.str_('Soup')}",{np.str_('Fries')},0.272,0.43,1.28
"{np.str_('Pasta'), np.str_('Salad')}",{np.str_('Coke')},0.116,0.34,1.36
"{np.str_('Fries'), np.str_('Ketchup')}",{np.str_('Pizza')},0.174,0.28,0.82
"{np.str_('Pizza'), np.str_('Salad')}",{np.str_('IceCream')},0.22,0.54,1.38
{np.str_('Soup')},{np.str_('Burger')},0.206,0.54,0.99
{np.str_('Salad')},{np.str_('Fries')},0.065,0.19,1.44
"{np.str_('Fries'), np.str_('Pasta')}",{np.str_('Salad')},0.2,0.65,1.11
"{np.str_('Pizza'), np.str_('Pasta')}",{np.str_('Soup')},0.031,0.42,1.31
"{np.str_('Pasta'), np.str_('Soup')}",{np.str_('Coke')},0.024,0.77,1.45
{np.str_('Ketchup')},{np.str_('Burger')},0.082,0.59,1.31
"{np.str_('Burger'), np.str_('IceCream')}",{np.str_('Pizza')},0.131,0.62,1.08
"{np.str_('Pasta'), np.str_('Salad')}",{np.str_('Fries')},0.234,0.67,1.3
{np.str_('Ketchup')},{np.str_('IceCream')},0.118,0.78,1.12
{np.str_('Ketchup')},{np.str_('Burger')},0.133,0.14,0.98
"{np.str_('Burger'), np.str_('IceCream')}",{np.str_('Sandwich')},0.172,0.75,1.08
"{np.str_('Pizza'), np.str_('Burger')}",{np.str_('Fries')},0.063,0.26,0.9
"{np.str_('Coke'), np.str_('Pasta')}",{np.str_('Pizza')},0.057,0.2,0.86
{np.str_('Coke')},{np.str_('Pasta')},0.147,0.46,1.35
{np.str_('Burger')},{np.str_('Ketchup')},0.217,0.76,0.88
{np.str_('Coke')},{np.str_('Sandwich')},0.016,0.28,1.34
"{np.str_('Ketchup'), np.str_('Soup')}",{np.str_('IceCream')},0.135,0.25,1.4
"{np.str_('Pizza'), np.str_('Pasta')}",{np.str_('Soup')},0.072,0.53,1.12
"{np.str_('Ketchup'), np.str_('Salad')}",{np.str_('Coke')},0.159,0.37,1.04
{np.str_('Sandwich')},{np.str_('Soup')},0.11,0.75,1.29
{np.str_('Coke')},{np.str_('Pasta')},0.113,0.25,0.85
"{np.str_('Soup'), np.str_('Sandwich')}",{np.str_('Salad')},0.021,0.58,1.21
{np.str_('Fries')},{np.str_('Burger')},0.032,0.32,1.08
{np.str_('IceCream')},{np.str_('Burger')},0.15,0.49,1.41
{np.str_('IceCream')},{np.str_('Salad')},0.179,0.82,1.43
"{np.str_('Burger'), np.str_('Sandwich')}",{np.str_('Soup')},0.256,0.85,0.9
{np.str_('Pasta')},{np.str_('Fries')},0.217,0.82,1.5
"{np.str_('Coke'), np.str_('Sandwich')}",{np.str_('Salad')},0.16,0.41,1.35
{np.str_('Fries')},{np.str_('Salad')},0.236,0.37,1.03
{np.str_('IceCream')},{np.str_('Coke')},0.236,0.79,0.83
"{np.str_('Burger'), np.str_('Sandwich')}",{np.str_('Fries')},0.123,0.73,1.39
{np.str_('Burger')},{np.str_('IceCream')},0.114,0.65,1.37
"{np.str_('Ketchup'), np.str_('Salad')}",{np.str_('Burger')},0.012,0.76,0.96
{np.str_('IceCream')},{np.str_('Sandwich')},0.255,0.27,0.81
{np.str_('Soup')},{np.str_('Coke')},0.218,0.53,1.31
"{np.str_('Ketchup'), np.str_('Salad')}",{np.str_('Soup')},0.01,0.75,1.48
{np.str_('Sandwich')},{np.str_('Pizza')},0.233,0.69,1.0
{np.str_('Coke')},{np.str_('IceCream')},0.239,0.11,1.12
{np.str_('Salad')},{np.str_('Coke')},0.056,0.17,0.84
"{np.str_('Pasta'), np.str_('Sandwich')}",{np.str_('Burger')},0.136,0.24,0.97
"{np.str_('Ketchup'), np.str_('Coke')}",{np.str_('IceCream')},0.073,0.36,1.23
{np.str_('Pizza')},{np.str_('IceCream')},0.042,0.55,0.91
{np.str_('Soup')},{np.str_('Pasta')},0.232,0.49,1.08
{np.str_('Fries')},{np.str_('Coke')},0.156,0.75,0.93
{np.str_('Coke')},{np.str_('IceCream')},0.292,0.46,1.44
{np.str_('Salad')},{np.str_('Burger')},0.251,0.47,1.35
"{np.str_('Pizza'), np.str_('Sandwich')}",{np.str_('Ketchup')},0.063,0.34,1.49
{np.str_('Pizza')},{np.str_('Burger')},0.29,0.4,1.3
{np.str_('Salad')},{np.str_('IceCream')},0.101,0.36,1.16
{np.str_('Burger')},{np.str_('Salad')},0.187,0.53,1.24
"{np.str_('Ketchup'), np.str_('Pasta')}",{np.str_('Fries')},0.098,0.66,1.09
{np.str_('Coke')},{np.str_('Sandwich')},0.105,0.42,1.13
"{np.str_('IceCream'), np.str_('Sandwich')}",{np.str_('Salad')},0.16,0.52,0.88
"{np.str_('Fries'), np.str_('Ketchup')}",{np.str_('Pizza')},0.223,0.56,0.97
"{np.str_('Pizza'), np.str_('Sandwich')}",{np.str_('Fries')},0.236,0.84,0.97
{np.str_('Burger')},{np.str_('Salad')},0.052,0.26,0.85
"{np.str_('Fries'), np.str_('Salad')}",{np.str_('Pasta')},0.201,0.74,1.22
"{np.str_('Coke'), np.str_('Pasta')}",{np.str_('Soup')},0.237,0.79,1.03
"{np.str_('Pizza'), np.str_('Ketchup')}",{np.str_('Burger')},0.211,0.41,1.13
{np.str_('Pasta')},{np.str_('Pizza')},0.275,0.23,1.17
"{np.str_('Burger'), np.str_('Sandwich')}",{np.str_('Pizza')},0.259,0.38,1.17
"{np.str_('Pasta'), np.str_('IceCream')}",{np.str_('Pizza')},0.186,0.27,1.19
"{np.str_('Pasta'), np.str_('Sandwich')}",{np.str_('Soup')},0.153,0.26,1.07
{np.str_('IceCream')},{np.str_('Coke')},0.02,0.21,1.4
"{np.str_('Coke'), np.str_('Sandwich')}",{np.str_('Fries')},0.033,0.23,1.48
{np.str_('IceCream')},{np.str_('Soup')},0.188,0.21,1.16
"{np.str_('Pizza'), np.str_('IceCream')}",{np.str_('Coke')},0.053,0.77,1.24
"{np.str_('Burger'), np.str_('Pasta')}",{np.str_('IceCream')},0.02,0.49,0.95
{np.str_('Ketchup')},{np.str_('Pizza')},0.164,0.18,1.36
"{np.str_('Pizza'), np.str_('Sandwich')}",{np.str_('Soup')},0.014,0.39,1.41
{np.str_('Coke')},{np.str_('Ketchup')},0.224,0.76,1.39
{np.str_('Fries')},{np.str_('Soup')},0.216,0.26,1.11
"{np.str_('Burger'), np.str_('Salad')}",{np.str_('Pasta')},0.019,0.65,1.49
{np.str_('Fries')},{np.str_('Coke')},0.297,0.72,1.4
{np.str_('Coke')},{np.str_('Ketchup')},0.078,0.44,0.96
{np.str_('Coke')},{np.str_('Ketchup')},0.243,0.8,1.31
{np.str_('IceCream')},{np.str_('Salad')},0.031,0.71,1.1
"{np.str_('Burger'), np.str_('Sandwich')}",{np.str_('Fries')},0.249,0.13,1.32
"{np.str_('Ketchup'), np.str_('Salad')}",{np.str_('Soup')},0.076,0.46,1.42
"{np.str_('Pasta'), np.str_('Soup')}",{np.str_('IceCream')},0.146,0.37,1.21
"{np.str_('Burger'), np.str_('Sandwich')}",{np.str_('Salad')},0.128,0.89,1.41
{np.str_('Sandwich')},{np.str_('Pasta')},0.188,0.5,1.05
{np.str_('Fries')},{np.str_('Pizza')},0.217,0.64,1.15
{np.str_('Pizza')},{np.str_('Pasta')},0.268,0.36,1.36
{np.str_('Pizza')},{np.str_('Salad')},0.248,0.56,0.89
{np.str_('Soup')},{np.str_('Pizza')},0.267,0.6,1.45
{np.str_('Coke')},{np.str_('Fries')},0.18,0.42,1.41
"{np.str_('Ketchup'), np.str_('Soup')}",{np.str_('IceCream')},0.153,0.19,1.2
"{np.str_('Pizza'), np.str_('Ketchup')}",{np.str_('Coke')},0.192,0.73,1.35
{np.str_('Pasta')},{np.str_('Pizza')},0.213,0.24,1.28
"{np.str_('Ketchup'), np.str_('Salad')}",{np.str_('Sandwich')},0.162,0.72,1.32
"{np.str_('Ketchup'), np.str_('IceCream')}",{np.str_('Salad')},0.071,0.76,1.3
"{np.str_('Fries'), np.str_('Coke')}",{np.str_('Soup')},0.182,0.17,1.03
{np.str_('Burger')},{np.str_('Ketchup')},0.161,0.34,1.04
"{np.str_('Ketchup'), np.str_('IceCream')}",{np.str_('Pasta')},0.068,0.7,1.05
"{np.str_('Burger'), np.str_('Salad')}",{np.str_('Soup')},0.029,0.21,0.81
"{np.str_('Fries'), np.str_('Ketchup')}",{np.str_('Pasta')},0.019,0.66,1.06
"{np.str_('Pizza'), np.str_('Coke')}",{np.str_('Burger')},0.248,0.31,1.35
"{np.str_('Pizza'), np.str_('Soup')}",{np.str_('Burger')},0.212,0.88,1.33
"{np.str_('Fries'), np.str_('Sandwich')}",{np.str_('Ketchup')},0.275,0.2,0.86
{np.str_('Pasta')},{np.str_('Salad')},0.173,0.49,1.43
{np.str_('Burger')},{np.str_('IceCream')},0.156,0.85,1.2
"{np.str_('Ketchup'), np.str_('IceCream')}",{np.str_('Burger')},0.147,0.15,0.94
"{np.str_('Ketchup'), np.str_('IceCream')}",{np.str_('Burger')},0.25,0.64,1.11
{np.str_('Ketchup')},{np.str_('Salad')},0.197,0.49,1.25
"{np.str_('Pizza'), np.str_('Burger')}",{np.str_('Sandwich')},0.048,0.19,1.2
{np.str_('Soup')},{np.str_('Burger')},0.08,0.37,1.18
{np.str_('Ketchup')},{np.str_('Pizza')},0.161,0.47,0.86
{np.str_('IceCream')},{np.str_('Salad')},0.024,0.87,1.36
{np.str_('Sandwich')},{np.str_('Fries')},0.25,0.48,1.26
{np.str_('Sandwich')},{np.str_('Pasta')},0.213,0.41,1.05
"{np.str_('Burger'), np.str_('Salad')}",{np.str_('Ketchup')},0.057,0.65,1.47
{np.str_('Fries')},{np.str_('Sandwich')},0.181,0.62,1.41
"{np.str_('Burger'), np.str_('Pasta')}",{np.str_('Salad')},0.289,0.81,1.15
"{np.str_('Pizza'), np.str_('Fries')}",{np.str_('Burger')},0.203,0.42,0.98
{np.str_('Salad')},{np.str_('Ketchup')},0.181,0.72,1.15
"{np.str_('Burger'), np.str_('Salad')}",{np.str_('Coke')},0.222,0.51,0.83
{np.str_('Fries')},{np.str_('Soup')},0.23,0.51,1.14
{np.str_('IceCream')},{np.str_('Burger')},0.266,0.19,0.96
{np.str_('Coke')},{np.str_('Soup')},0.109,0.82,0.94
{np.str_('Pasta')},{np.str_('Pizza')},0.294,0.64,1.48
"{np.str_('Coke'), np.str_('Pasta')}",{np.str_('Pizza')},0.092,0.81,0.98
"{np.str_('Burger'), np.str_('Soup')}",{np.str_('Pizza')},0.24,0.52,1.45
{np.str_('Coke')},{np.str_('Ketchup')},0.271,0.77,1.18
"{np.str_('Fries'), np.str_('Soup')}",{np.str_('Sandwich')},0.124,0.57,1.43
{np.str_('IceCream')},{np.str_('Salad')},0.024,0.45,1.08
{np.str_('Ketchup')},{np.str_('IceCream')},0.197,0.8,1.31
"{np.str_('Ketchup'), np.str_('Pasta')}",{np.str_('Coke')},0.011,0.64,1.27
"{np.str_('Pizza'), np.str_('IceCream')}",{np.str_('Fries')},0.192,0.51,1.17
{np.str_('Salad')},{np.str_('Pasta')},0.146,0.22,1.01
"{np.str_('Coke'), np.str_('Sandwich')}",{np.str_('Ketchup')},0.081,0.39,0.84
"{np.str_('Fries'), np.str_('Pasta')}",{np.str_('IceCream')},0.045,0.14,1.41
"{np.str_('IceCream'), np.str_('Sandwich')}",{np.str_('Salad')},0.293,0.27,1.17
{np.str_('IceCream')},{np.str_('Ketchup')},0.247,0.34,1.07
"{np.str_('Pasta'), np.str_('Salad')}",{np.str_('Ketchup')},0.263,0.46,1.34
"{np.str_('Burger'), np.str_('Salad')}",{np.str_('Ketchup')},0.099,0.35,1.18
"{np.str_('Pasta'), np.str_('IceCream')}",{np.str_('Soup')},0.219,0.81,0.99
"{np.str_('Fries'), np.str_('Ketchup')}",{np.str_('Burger')},0.129,0.3,0.86
{np.str_('Coke')},{np.str_('Pasta')},0.129,0.59,1.46
"{np.str_('Pizza'), np.str_('Sandwich')}",{np.str_('IceCream')},0.119,0.35,1.49
"{np.str_('Burger'), np.str_('IceCream')}",{np.str_('Pizza')},0.086,0.76,1.03
"{np.str_('Ketchup'), np.str_('Salad')}",{np.str_('Pizza')},0.265,0.36,1.2
{np.str_('Pizza')},{np.str_('Soup')},0.086,0.75,0.93
{np.str_('Ketchup')},{np.str_('Fries')},0.055,0.73,1.31
{np.str_('Fries')},{np.str_('Soup')},0.209,0.59,0.92
{np.str_('Coke')},{np.str_('Salad')},0.175,0.19,0.85
"{np.str_('Pizza'), np.str_('Ketchup')}",{np.str_('Sandwich')},0.263,0.35,0.94
"{np.str_('Burger'), np.str_('Soup')}",{np.str_('Coke')},0.26,0.72,1.1
"{np.str_('Burger'), np.str_('Sandwich')}",{np.str_('Ketchup')},0.036,0.36,1.48
{np.str_('Sandwich')},{np.str_('Salad')},0.207,0.25,0.82
"{np.str_('IceCream'), np.str_('Salad')}",{np.str_('Ketchup')},0.131,0.38,0.9
{np.str_('Soup')},{np.str_('Ketchup')},0.163,0.75,0.98
"{np.str_('Pasta'), np.str_('Soup')}",{np.str_('Salad')},0.046,0.36,1.1
"{np.str_('Fries'), np.str_('Salad')}",{np.str_('Coke')},0.2,0.37,0.88
"{np.str_('Fries'), np.str_('Soup')}",{np.str_('Ketchup')},0.066,0.27,1.38
"{np.str_('Ketchup'), np.str_('Coke')}",{np.str_('Fries')},0.138,0.8,0.82
{np.str_('Pizza')},{np.str_('Soup')},0.294,0.27,1.04
"{np.str_('Pasta'), np.str_('Salad')}",{np.str_('IceCream')},0.218,0.72,0.87
"{np.str_('Sandwich'), np.str_('Salad')}",{np.str_('Fries')},0.091,0.61,1.32
{np.str_('Fries')},{np.str_('Burger')},0.033,0.11,1.31
"{np.str_('Burger'), np.str_('Coke')}",{np.str_('Soup')},0.298,0.56,1.27
{np.str_('Fries')},{np.str_('Ketchup')},0.273,0.36,1.14
{np.str_('IceCream')},{np.str_('Coke')},0.132,0.68,1.15
"{np.str_('Pizza'), np.str_('Sandwich')}",{np.str_('Salad')},0.035,0.31,0.95
"{np.str_('IceCream'), np.str_('Soup')}",{np.str_('Ketchup')},0.067,0.27,1.0
"{np.str_('Pasta'), np.str_('Soup')}",{np.str_('Sandwich')},0.096,0.54,1.06
{np.str_('Sandwich')},{np.str_('IceCream')},0.231,0.74,1.35
{np.str_('Pizza')},{np.str_('Sandwich')},0.079,0.29,0.97
"{np.str_('Burger'), np.str_('Soup')}",{np.str_('Ketchup')},0.012,0.35,0.91
"{np.str_('Pizza'), np.str_('Burger')}",{np.str_('Salad')},0.162,0.13,0.86
{np.str_('Sandwich')},{np.str_('Pasta')},0.067,0.33,1.46
{np.str_('Burger')},{np.str_('Ketchup')},0.078,0.58,1.05
"{np.str_('Pasta'), np.str_('Sandwich')}",{np.str_('Pizza')},0.211,0.55,1.31
{np.str_('Salad')},{np.str_('IceCream')},0.084,0.34,1.08
{np.str_('Pasta')},{np.str_('Burger')},0.091,0.32,1.4
{np.str_('Burger')},{np.str_('Sandwich')},0.209,0.3,1.48
{np.str_('Soup')},{np.str_('Pizza')},0.209,0.77,0.91
{np.str_('Sandwich')},{np.str_('IceCream')},0.041,0.76,1.18
{np.str_('IceCream')},{np.str_('Salad')},0.26,0.38,0.83
{np.str_('Sandwich')},{np.str_('Coke')},0.127,0.89,1.08
{np.str_('Fries')},{np.str_('Soup')},0.3,0.82,1.1
"{np.str_('Soup'), np.str_('IceCream')}",{np.str_('Fries')},0.27,0.54,1.24
{np.str_('Pizza')},{np.str_('Burger')},0.296,0.61,1.3
"{np.str_('Pizza'), np.str_('Pasta')}",{np.str_('Coke')},0.089,0.73,1.27
"{np.str_('Fries'), np.str_('Pasta')}",{np.str_('Soup')},0.168,0.43,1.32
"{np.str_('Fries'), np.str_('Sandwich')}",{np.str_('Pizza')},0.263,0.88,1.0
"{np.str_('Sandwich'), np.str_('Salad')}",{np.str_('IceCream')},0.198,0.56,1.08
"{np.str_('Coke'), np.str_('Salad')}",{np.str_('Pasta')},0.175,0.34,1.12
"{np.str_('Ketchup'), np.str_('IceCream')}",{np.str_('Burger')},0.164,0.22,1.22
"{np.str_('Fries'), np.str_('Soup')}",{np.str_('IceCream')},0.043,0.78,0.8
"{np.str_('Pizza'), np.str_('Ketchup')}",{np.str_('Coke')},0.177,0.12,0.94
{np.str_('Pasta')},{np.str_('Fries')},0.161,0.57,1.39
"{np.str_('Pizza'), np.str_('Salad')}",{np.str_('Sandwich')},0.055,0.23,1.49
{np.str_('Ketchup')},{np.str_('Sandwich')},0.297,0.15,1.42
"{np.str_('Pizza'), np.str_('Coke')}",{np.str_('IceCream')},0.254,0.61,0.89
{np.str_('Sandwich')},{np.str_('Pasta')},0.176,0.89,1.33
"{np.str_('Pizza'), np.str_('Pasta')}",{np.str_('Coke')},0.243,0.6,1.39
{np.str_('Burger')},{np.str_('Pizza')},0.066,0.34,1.14
"{np.str_('Pasta'), np.str_('Soup')}",{np.str_('IceCream')},0.105,0.76,1.45
{np.str_('IceCream')},{np.str_('Pizza')},0.218,0.88,1.02
{np.str_('Coke')},{np.str_('Sandwich')},0.077,0.63,0.98
{np.str_('Pizza')},{np.str_('Ketchup')},0.259,0.32,1.44
"{np.str_('Ketchup'), np.str_('Burger')}",{np.str_('Pizza')},0.222,0.87,0.85
{np.str_('IceCream')},{np.str_('Ketchup')},0.109,0.42,1.3
"{np.str_('Burger'), np.str_('Soup')}",{np.str_('Pizza')},0.044,0.66,1.44
{np.str_('Pasta')},{np.str_('Fries')},0.148,0.52,1.31
{np.str_('Pizza')},{np.str_('IceCream')},0.046,0.57,1.31
{np.str_('Fries')},{np.str_('Burger')},0.135,0.75,0.85
"{np.str_('Fries'), np.str_('Pizza')}",{np.str_('Burger')},0.092,0.51,1.41
"{np.str_('Coke'), np.str_('Sandwich')}",{np.str_('Ketchup')},0.067,0.41,1.13
"{np.str_('Pizza'), np.str_('Pasta')}",{np.str_('IceCream')},0.126,0.3,1.23
{np.str_('IceCream')},{np.str_('Pasta')},0.171,0.5,1.29
{np.str_('IceCream')},{np.str_('Pizza')},0.103,0.45,1.48
"{np.str_('Coke'), np.str_('Salad')}",{np.str_('Fries')},0.234,0.63,1.43
{np.str_('Burger')},{np.str_('Sandwich')},0.29,0.12,0.87
{np.str_('Salad')},{np.str_('Fries')},0.031,0.75,1.43
{np.str_('IceCream')},{np.str_('Coke')},0.138,0.3,1.1
"{np.str_('Pizza'), np.str_('Coke')}",{np.str_('Salad')},0.235,0.3,1.48
"{np.str_('Ketchup'), np.str_('Pasta')}",{np.str_('IceCream')},0.232,0.58,1.12
{np.str_('Pizza')},{np.str_('Salad')},0.244,0.45,1.39
"{np.str_('Fries'), np.str_('Sandwich')}",{np.str_('Burger')},0.074,0.33,0.91
"{np.str_('Fries'), np.str_('Pasta')}",{np.str_('Ketchup')},0.011,0.22,0.93
"{np.str_('Ketchup'), np.str_('Coke')}",{np.str_('IceCream')},0.037,0.62,0.94
"{np.str_('Soup'), np.str_('Salad')}",{np.str_('Coke')},0.295,0.65,1.35
{np.str_('Pasta')},{np.str_('Coke')},0.049,0.36,1.45
"{np.str_('Burger'), np.str_('Pasta')}",{np.str_('Pizza')},0.032,0.36,1.48
{np.str_('Ketchup')},{np.str_('Sandwich')},0.223,0.74,1.37
"{np.str_('Ketchup'), np.str_('Salad')}",{np.str_('Fries')},0.228,0.84,0.89
{np.str_('IceCream')},{np.str_('Burger')},0.069,0.14,1.36
"{np.str_('Soup'), np.str_('Salad')}",{np.str_('Fries')},0.262,0.81,1.11
"{np.str_('Burger'), np.str_('Coke')}",{np.str_('Pasta')},0.29,0.54,1.12
"{np.str_('Ketchup'), np.str_('Soup')}",{np.str_('Pizza')},0.26,0.56,1.26
{np.str_('Coke')},{np.str_('Soup')},0.052,0.13,1.47
"{np.str_('Coke'), np.str_('IceCream')}",{np.str_('Ketchup')},0.193,0.51,1.34
"{np.str_('Coke'), np.str_('Burger')}",{np.str_('Sandwich')},0.023,0.5,1.17
"{np.str_('Burger'), np.str_('Pasta')}",{np.str_('Salad')},0.072,0.15,1.49
"{np.str_('Pasta'), np.str_('Sandwich')}",{np.str_('Soup')},0.298,0.71,0.94
"{np.str_('Ketchup'), np.str_('Coke')}",{np.str_('Salad')},0.064,0.51,1.34
"{np.str_('Fries'), np.str_('Pasta')}",{np.str_('Soup')},0.111,0.36,0.86
"{np.str_('Sandwich'), np.str_('Salad')}",{np.str_('Coke')},0.156,0.83,0.9
{np.str_('Salad')},{np.str_('Burger')},0.036,0.51,1.22
"{np.str_('Coke'), np.str_('Burger')}",{np.str_('Sandwich')},0.159,0.45,0.98
"{np.str_('Pizza'), np.str_('Burger')}",{np.str_('IceCream')},0.169,0.72,0.83
"{np.str_('Ketchup'), np.str_('Salad')}",{np.str_('Pizza')},0.015,0.26,1.11
{np.str_('Pasta')},{np.str_('IceCream')},0.16,0.89,1.01
{np.str_('Ketchup')},{np.str_('Pasta')},0.056,0.55,1.02
{np.str_('Pasta')},{np.str_('Burger')},0.123,0.65,0.81
"{np.str_('Pizza'), np.str_('Ketchup')}",{np.str_('Burger')},0.284,0.62,1.43
{np.str_('Soup')},{np.str_('Pizza')},0.078,0.24,0.88
"{np.str_('Pizza'), np.str_('Salad')}",{np.str_('Pasta')},0.111,0.15,1.38
{np.str_('Soup')},{np.str_('IceCream')},0.122,0.62,1.48
{np.str_('Burger')},{np.str_('Fries')},0.253,0.18,1.39
"{np.str_('Coke'), np.str_('Soup')}",{np.str_('Ketchup')},0.118,0.6,1.26
"{np.str_('Burger'), np.str_('Coke')}",{np.str_('Pizza')},0.247,0.53,1.09
"{np.str_('Burger'), np.str_('Soup')}",{np.str_('Fries')},0.206,0.29,1.12
"{np.str_('Ketchup'), np.str_('Soup')}",{np.str_('Pizza')},0.213,0.43,1.06
"{np.str_('Ketchup'), np.str_('Coke')}",{np.str_('Sandwich')},0.171,0.74,1.02
{np.str_('Pasta')},{np.str_('Soup')},0.069,0.16,0.9
{np.str_('Coke')},{np.str_('IceCream')},0.075,0.18,0.94
"{np.str_('Ketchup'), np.str_('Soup')}",{np.str_('Coke')},0.203,0.89,1.3
"{np.str_('Burger'), np.str_('Pasta')}",{np.str_('IceCream')},0.158,0.7,1.08
{np.str_('Fries')},{np.str_('IceCream')},0.231,0.59,0.83
{np.str_('IceCream')},{np.str_('Coke')},0.093,0.39,1.46
{np.str_('Pizza')},{np.str_('IceCream')},0.032,0.33,0.87
"{np.str_('Coke'), np.str_('Soup')}",{np.str_('Salad')},0.088,0.75,1.24
"{np.str_('IceCream'), np.str_('Sandwich')}",{np.str_('Coke')},0.142,0.25,0.91
"{np.str_('Ketchup'), np.str_('Sandwich')}",{np.str_('Salad')},0.24,0.86,1.49
{np.str_('Pizza')},{np.str_('Coke')},0.119,0.58,1.42
{np.str_('Salad')},{np.str_('Burger')},0.204,0.56,0.86
"{np.str_('Fries'), np.str_('IceCream')}",{np.str_('Pasta')},0.291,0.21,1.33
"{np.str_('Fries'), np.str_('Salad')}",{np.str_('Ketchup')},0.144,0.82,0.8
{np.str_('Pizza')},{np.str_('Ketchup')},0.111,0.45,1.35
{np.str_('Fries')},{np.str_('Sandwich')},0.059,0.81,0.83
"{np.str_('Coke'), np.str_('Sandwich')}",{np.str_('Ketchup')},0.249,0.85,0.96
{np.str_('IceCream')},{np.str_('Sandwich')},0.114,0.15,0.93
"{np.str_('Pizza'), np.str_('Fries')}",{np.str_('Sandwich')},0.217,0.71,1.19
"{np.str_('Fries'), np.str_('IceCream')}",{np.str_('Pasta')},0.157,0.68,0.83
{np.str_('Sandwich')},{np.str_('Pasta')},0.062,0.27,1.1
{np.str_('Soup')},{np.str_('Ketchup')},0.239,0.6,1.04
"{np.str_('Ketchup'), np.str_('Sandwich')}",{np.str_('IceCream')},0.242,0.62,1.23
"{np.str_('Pizza'), np.str_('Pasta')}",{np.str_('Salad')},0.266,0.57,1.26
"{np.str_('Fries'), np.str_('Sandwich')}",{np.str_('Pasta')},0.126,0.48,0.9
{np.str_('Soup')},{np.str_('Salad')},0.145,0.13,0.93
{np.str_('Ketchup')},{np.str_('Pizza')},0.279,0.49,1.39
"{np.str_('Burger'), np.str_('Salad')}",{np.str_('Sandwich')},0.061,0.48,1.13
{np.str_('Burger')},{np.str_('Ketchup')},0.228,0.45,0.87
"{np.str_('Pizza'), np.str_('Salad')}",{np.str_('Sandwich')},0.043,0.89,1.08
{np.str_('Salad')},{np.str_('Sandwich')},0.213,0.45,0.98
"{np.str_('IceCream'), np.str_('Salad')}",{np.str_('Fries')},0.134,0.56,1.1
"{np.str_('Pizza'), np.str_('Sandwich')}",{np.str_('IceCream')},0.17,0.27,1.45
"{np.str_('Burger'), np.str_('Pasta')}",{np.str_('Coke')},0.047,0.35,1.36
"{np.str_('Fries'), np.str_('Salad')}",{np.str_('Soup')},0.111,0.49,0.87
{np.str_('Ketchup')},{np.str_('Soup')},0.213,0.77,1.17
{np.str_('Sandwich')},{np.str_('Pizza')},0.175,0.14,1.3
{np.str_('Ketchup')},{np.str_('Coke')},0.135,0.81,1.13
"{np.str_('Pasta'), np.str_('Salad')}",{np.str_('Coke')},0.174,0.28,1.03
"{np.str_('Fries'), np.str_('IceCream')}",{np.str_('Pasta')},0.237,0.81,1.11
"{np.str_('Fries'), np.str_('Pasta')}",{np.str_('Ketchup')},0.015,0.74,1.27
{np.str_('IceCream')},{np.str_('Pizza')},0.257,0.28,1.02
"{np.str_('Coke'), np.str_('IceCream')}",{np.str_('Sandwich')},0.131,0.62,0.85
{np.str_('Soup')},{np.str_('Pizza')},0.167,0.66,1.44
{np.str_('Pasta')},{np.str_('Burger')},0.274,0.74,0.98
{np.str_('Sandwich')},{np.str_('Pizza')},0.106,0.49,1.0
"{np.str_('Coke'), np.str_('IceCream')}",{np.str_('Salad')},0.202,0.2,1.13
{np.str_('Pasta')},{np.str_('Burger')},0.027,0.83,1.46
"{np.str_('Fries'), np.str_('Sandwich')}",{np.str_('Pasta')},0.101,0.32,1.43
{np.str_('Coke')},{np.str_('Pasta')},0.023,0.52,0.89
{np.str_('IceCream')},{np.str_('Pasta')},0.203,0.15,0.99
"{np.str_('Burger'), np.str_('Pasta')}",{np.str_('Fries')},0.029,0.79,1.02
{np.str_('Soup')},{np.str_('Coke')},0.03,0.48,1.22
{np.str_('IceCream')},{np.str_('Pasta')},0.062,0.55,1.46
{np.str_('Salad')},{np.str_('Burger')},0.014,0.85,1.33
"{np.str_('Pasta'), np.str_('Sandwich')}",{np.str_('Pizza')},0.072,0.57,1.48
"{np.str_('Soup'), np.str_('Salad')}",{np.str_('Sandwich')},0.085,0.27,1.13
"{np.str_('Pasta'), np.str_('Salad')}",{np.str_('Sandwich')},0.29,0.63,1.16
{np.str_('Pizza')},{np.str_('Burger')},0.208,0.68,1.26
{np.str_('Burger')},{np.str_('Ketchup')},0.294,0.3,1.47
"{np.str_('Pizza'), np.str_('Pasta')}",{np.str_('Sandwich')},0.097,0.51,1.01
{np.str_('Sandwich')},{np.str_('Fries')},0.149,0.4,1.41
"{np.str_('Pasta'), np.str_('Sandwich')}",{np.str_('Ketchup')},0.059,0.73,0.96
"{np.str_('Burger'), np.str_('Pasta')}",{np.str_('Pizza')},0.107,0.79,1.4
"{np.str_('Fries'), np.str_('Pasta')}",{np.str_('Coke')},0.042,0.7,1.02
"{np.str_('Fries'), np.str_('Sandwich')}",{np.str_('Soup')},0.203,0.26,1.07
{np.str_('Soup')},{np.str_('Ketchup')},0.238,0.2,1.19
"{np.str_('Fries'), np.str_('Ketchup')}",{np.str_('Salad')},0.268,0.54,1.2
{np.str_('Soup')},{np.str_('Burger')},0.154,0.29,1.25
{np.str_('Pasta')},{np.str_('Salad')},0.27,0.84,0.89
"{np.str_('IceCream'), np.str_('Soup')}",{np.str_('Ketchup')},0.122,0.73,1.09
"{np.str_('Fries'), np.str_('Sandwich')}",{np.str_('Pizza')},0.045,0.6,1.07
"{np.str_('Burger'), np.str_('IceCream')}",{np.str_('Ketchup')},0.286,0.82,1.43
"{np.str_('Pasta'), np.str_('Salad')}",{np.str_('Burger')},0.11,0.33,1.14
"{np.str_('Fries'), np.str_('Ketchup')}",{np.str_('Pasta')},0.112,0.3,1.08
"{np.str_('Burger'), np.str_('Sandwich')}",{np.str_('Pizza')},0.253,0.27,1.45
"{np.str_('Fries'), np.str_('IceCream')}",{np.str_('Sandwich')},0.256,0.7,1.27
{np.str_('Sandwich')},{np.str_('Fries')},0.085,0.88,0.86
{np.str_('Salad')},{np.str_('Sandwich')},0.218,0.5,1.05
"{np.str_('Pizza'), np.str_('Soup')}",{np.str_('Pasta')},0.184,0.14,1.29
"{np.str_('Pasta'), np.str_('Salad')}",{np.str_('Pizza')},0.058,0.79,1.39
{np.str_('Salad')},{np.str_('Soup')},0.047,0.5,1.32
"{np.str_('Ketchup'), np.str_('Soup')}",{np.str_('Coke')},0.059,0.23,1.37
{np.str_('Pasta')},{np.str_('Soup')},0.126,0.69,1.08
{np.str_('Fries')},{np.str_('Coke')},0.114,0.75,1.35
{np.str_('Sandwich')},{np.str_('Pasta')},0.091,0.55,1.47
"{np.str_('Fries'), np.str_('Pizza')}",{np.str_('IceCream')},0.138,0.7,1.3
{np.str_('Salad')},{np.str_('Burger')},0.05,0.1,0.87
{np.str_('Sandwich')},{np.str_('Pasta')},0.094,0.6,0.81
"{np.str_('Ketchup'), np.str_('Coke')}",{np.str_('IceCream')},0.059,0.85,0.84
{np.str_('Soup')},{np.str_('Ketchup')},0.152,0.73,0.87
{np.str_('Fries')},{np.str_('IceCream')},0.22,0.53,1.47
{np.str_('Coke')},{np.str_('Pasta')},0.179,0.28,1.28
"{np.str_('Pizza'), np.str_('Burger')}",{np.str_('Fries')},0.149,0.63,1.04
{np.str_('Pasta')},{np.str_('Fries')},0.035,0.72,0.82
"{np.str_('Coke'), np.str_('IceCream')}",{np.str_('Fries')},0.295,0.41,1.44
"{np.str_('Soup'), np.str_('Sandwich')}",{np.str_('Pasta')},0.277,0.58,1.42
"{np.str_('Burger'), np.str_('Soup')}",{np.str_('IceCream')},0.269,0.81,1.44
{np.str_('Sandwich')},{np.str_('IceCream')},0.034,0.36,1.18
"{np.str_('Soup'), np.str_('Sandwich')}",{np.str_('IceCream')},0.149,0.87,1.13
"{np.str_('Fries'), np.str_('Ketchup')}",{np.str_('Salad')},0.071,0.81,1.01
{np.str_('Pizza')},{np.str_('Ketchup')},0.256,0.68,1.44
{np.str_('Ketchup')},{np.str_('Soup')},0.065,0.3,0.92
{np.str_('Sandwich')},{np.str_('Pizza')},0.1,0.72,1.19
{np.str_('Soup')},{np.str_('Coke')},0.246,0.74,1.11
"{np.str_('Burger'), np.str_('Soup')}",{np.str_('Sandwich')},0.015,0.45,1.16
"{np.str_('Pizza'), np.str_('Sandwich')}",{np.str_('Soup')},0.09,0.83,1.09
{np.str_('Fries')},{np.str_('IceCream')},0.133,0.78,0.99
"{np.str_('Pizza'), np.str_('IceCream')}",{np.str_('Soup')},0.227,0.39,1.49
{np.str_('Salad')},{np.str_('Pasta')},0.033,0.71,1.33
{np.str_('Sandwich')},{np.str_('Burger')},0.264,0.22,1.21
{np.str_('Coke')},{np.str_('Pizza')},0.026,0.53,1.12
{np.str_('Sandwich')},{np.str_('Ketchup')},0.13,0.86,0.97
{np.str_('Fries')},{np.str_('Pasta')},0.2,0.53,1.03
"{np.str_('Pizza'), np.str_('Sandwich')}",{np.str_('Coke')},0.271,0.36,0.85
"{np.str_('Pizza'), np.str_('IceCream')}",{np.str_('Fries')},0.286,0.74,0.93
"{np.str_('Pizza'), np.str_('Burger')}",{np.str_('Fries')},0.282,0.62,1.4
"{np.str_('Fries'), np.str_('Burger')}",{np.str_('IceCream')},0.081,0.25,1.11
"{np.str_('Pasta'), np.str_('Salad')}",{np.str_('Soup')},0.218,0.71,0.83
"{np.str_('Ketchup'), np.str_('IceCream')}",{np.str_('Soup')},0.097,0.71,1.13
{np.str_('Pasta')},{np.str_('Coke')},0.036,0.79,1.08
{np.str_('Pasta')},{np.str_('Salad')},0.29,0.8,1.22
"{np.str_('Coke'), np.str_('IceCream')}",{np.str_('Fries')},0.133,0.79,0.98
"{np.str_('Fries'), np.str_('Pasta')}",{np.str_('Pizza')},0.078,0.57,1.49
"{np.str_('Pasta'), np.str_('IceCream')}",{np.str_('Pizza')},0.019,0.5,1.43
{np.str_('Pasta')},{np.str_('Burger')},0.224,0.1,1.46
"{np.str_('Pizza'), np.str_('Sandwich')}",{np.str_('IceCream')},0.281,0.85,0.92
{np.str_('IceCream')},{np.str_('Pizza')},0.19,0.37,1.22
{np.str_('Coke')},{np.str_('Pasta')},0.048,0.35,0.84
"{np.str_('Fries'), np.str_('Coke')}",{np.str_('Salad')},0.033,0.7,0.93
"{np.str_('Ketchup'), np.str_('Sandwich')}",{np.str_('Burger')},0.251,0.15,0.96
"{np.str_('Coke'), np.str_('Sandwich')}",{np.str_('Burger')},0.06,0.38,1.28
"{np.str_('Pizza'), np.str_('Soup')}",{np.str_('Burger')},0.284,0.46,1.36
{np.str_('Burger')},{np.str_('Fries')},0.139,0.43,0.81
"{np.str_('IceCream'), np.str_('Salad')}",{np.str_('Coke')},0.233,0.61,1.3
{np.str_('Coke')},{np.str_('Pasta')},0.234,0.18,1.34
{np.str_('Pasta')},{np.str_('Coke')},0.031,0.13,1.4
"{np.str_('Burger'), np.str_('Pasta')}",{np.str_('Fries')},0.11,0.82,1.21
{np.str_('Pizza')},{np.str_('Burger')},0.178,0.87,1.07
"{np.str_('Burger'), np.str_('IceCream')}",{np.str_('Pasta')},0.166,0.75,0.99
"{np.str_('Soup'), np.str_('IceCream')}",{np.str_('Coke')},0.277,0.82,1.35
{np.str_('Ketchup')},{np.str_('Fries')},0.261,0.54,1.29
"{np.str_('Coke'), np.str_('Sandwich')}",{np.str_('Pasta')},0.047,0.13,1.03
"{np.str_('Burger'), np.str_('Coke')}",{np.str_('Sandwich')},0.03,0.74,0.85
"{np.str_('Pizza'), np.str_('Sandwich')}",{np.str_('Soup')},0.024,0.46,1.23
"{np.str_('IceCream'), np.str_('Soup')}",{np.str_('Coke')},0.148,0.38,0.88
"{np.str_('Pizza'), np.str_('Pasta')}",{np.str_('IceCream')},0.182,0.81,0.85
"{np.str_('Fries'), np.str_('Salad')}",{np.str_('Ketchup')},0.051,0.82,1.47
"{np.str_('Fries'), np.str_('Coke')}",{np.str_('Salad')},0.153,0.6,0.91
{np.str_('Pizza')},{np.str_('Pasta')},0.16,0.25,0.81
{np.str_('Salad')},{np.str_('Sandwich')},0.121,0.29,1.44
"{np.str_('Coke'), np.str_('Soup')}",{np.str_('Sandwich')},0.235,0.67,1.2
{np.str_('Salad')},{np.str_('Soup')},0.287,0.25,1.47
"{np.str_('Pasta'), np.str_('Soup')}",{np.str_('Fries')},0.068,0.85,0.96
"{np.str_('Ketchup'), np.str_('Pasta')}",{np.str_('Salad')},0.239,0.83,0.87
"{np.str_('Burger'), np.str_('Salad')}",{np.str_('Pasta')},0.064,0.61,1.08
"{np.str_('Ketchup'), np.str_('Salad')}",{np.str_('Sandwich')},0.264,0.37,1.11
{np.str_('Pizza')},{np.str_('Salad')},0.164,0.81,0.93
"{np.str_('Pizza'), np.str_('Ketchup')}",{np.str_('Sandwich')},0.244,0.23,1.44
{np.str_('Pasta')},{np.str_('Burger')},0.112,0.1,1.16
{np.str_('Ketchup')},{np.str_('Pasta')},0.043,0.31,1.39
{np.str_('Coke')},{np.str_('IceCream')},0.253,0.71,1.33
"{np.str_('Pizza'), np.str_('Fries')}",{np.str_('Soup')},0.083,0.88,1.08
"{np.str_('IceCream'), np.str_('Salad')}",{np.str_('Ketchup')},0.12,0.66,1.33
{np.str_('Sandwich')},{np.str_('Soup')},0.065,0.14,0.85
"{np.str_('Pizza'), np.str_('Sandwich')}",{np.str_('Salad')},0.183,0.52,1.49
{np.str_('Burger')},{np.str_('Pizza')},0.195,0.51,1.4
"{np.str_('Burger'), np.str_('Coke')}",{np.str_('IceCream')},0.262,0.13,0.82
{np.str_('Pasta')},{np.str_('Pizza')},0.107,0.22,1.1
"{np.str_('Burger'), np.str_('IceCream')}",{np.str_('Salad')},0.232,0.16,1.03
{np.str_('Burger')},{np.str_('Ketchup')},0.147,0.34,1.24
{np.str_('Soup')},{np.str_('IceCream')},0.241,0.8,1.15
"{np.str_('Pizza'), np.str_('Pasta')}",{np.str_('Sandwich')},0.271,0.75,1.0
"{np.str_('Fries'), np.str_('Coke')}",{np.str_('Pizza')},0.036,0.45,1.43
"{np.str_('Fries'), np.str_('Pizza')}",{np.str_('Burger')},0.021,0.48,1.12
"{np.str_('Fries'), np.str_('Burger')}",{np.str_('Sandwich')},0.11,0.46,0.99
{np.str_('Fries')},{np.str_('Pasta')},0.222,0.23,1.33
"{np.str_('Pasta'), np.str_('IceCream')}",{np.str_('Salad')},0.019,0.6,1.49
"{np.str_('Coke'), np.str_('Salad')}",{np.str_('Ketchup')},0.043,0.47,1.23
"{np.str_('Pizza'), np.str_('Ketchup')}",{np.str_('Burger')},0.196,0.41,1.09
"{np.str_('Sandwich'), np.str_('Salad')}",{np.str_('Coke')},0.279,0.27,1.04
{np.str_('Salad')},{np.str_('Pasta')},0.056,0.86,0.97
"{np.str_('Pizza'), np.str_('Sandwich')}",{np.str_('Fries')},0.116,0.14,1.36
"{np.str_('Coke'), np.str_('Salad')}",{np.str_('Pizza')},0.131,0.83,0.86
"{np.str_('Pizza'), np.str_('Salad')}",{np.str_('Ketchup')},0.196,0.83,1.34
"{np.str_('Ketchup'), np.str_('Burger')}",{np.str_('Sandwich')},0.222,0.52,1.48
"{np.str_('Ketchup'), np.str_('Sandwich')}",{np.str_('Salad')},0.136,0.1,1.37
{np.str_('IceCream')},{np.str_('Soup')},0.235,0.4,1.28
"{np.str_('Pasta'), np.str_('Sandwich')}",{np.str_('Pizza')},0.154,0.59,1.49
"{np.str_('Fries'), np.str_('Salad')}",{np.str_('Ketchup')},0.215,0.4,1.31
"{np.str_('Coke'), np.str_('Soup')}",{np.str_('Pizza')},0.014,0.8,1.46
{np.str_('IceCream')},{np.str_('Salad')},0.184,0.43,0.92
{np.str_('Coke')},{np.str_('Burger')},0.133,0.77,1.17
{np.str_('Ketchup')},{np.str_('Fries')},0.161,0.35,1.49
"{np.str_('Ketchup'), np.str_('Soup')}",{np.str_('IceCream')},0.229,0.6,0.88
"{np.str_('Ketchup'), np.str_('Soup')}",{np.str_('Salad')},0.016,0.49,1.2
{np.str_('Fries')},{np.str_('Pasta')},0.116,0.3,1.28
{np.str_('Fries')},{np.str_('Pasta')},0.059,0.57,0.9
"{np.str_('Pasta'), np.str_('Soup')}",{np.str_('Fries')},0.176,0.6,1.17
{np.str_('Pizza')},{np.str_('Salad')},0.278,0.31,1.5
{np.str_('Coke')},{np.str_('Pizza')},0.167,0.38,1.38
{np.str_('Fries')},{np.str_('Sandwich')},0.269,0.83,0.81
{np.str_('IceCream')},{np.str_('Ketchup')},0.136,0.87,0.87
"{np.str_('Fries'), np.str_('Burger')}",{np.str_('Sandwich')},0.099,0.39,1.37
{np.str_('Sandwich')},{np.str_('Pizza')},0.093,0.64,1.0
{np.str_('Salad')},{np.str_('Soup')},0.033,0.4,1.18
"{np.str_('Pasta'), np.str_('Sandwich')}",{np.str_('Coke')},0.26,0.44,1.14
"{np.str_('Coke'), np.str_('Pasta')}",{np.str_('Soup')},0.049,0.55,1.0
"{np.str_('Soup'), np.str_('IceCream')}",{np.str_('Sandwich')},0.284,0.82,1.17
{np.str_('Burger')},{np.str_('Fries')},0.013,0.35,1.08
{np.str_('Soup')},{np.str_('Salad')},0.012,0.29,1.46
"{np.str_('Ketchup'), np.str_('IceCream')}",{np.str_('Salad')},0.229,0.47,1.04
"{np.str_('Soup'), np.str_('Salad')}",{np.str_('IceCream')},0.126,0.54,0.99
{np.str_('Soup')},{np.str_('Coke')},0.119,0.62,1.34
"{np.str_('Soup'), np.str_('Salad')}",{np.str_('IceCream')},0.286,0.64,1.13
{np.str_('Fries')},{np.str_('Soup')},0.251,0.83,1.24
{np.str_('Burger')},{np.str_('Pizza')},0.026,0.43,1.46
"{np.str_('Pizza'), np.str_('Ketchup')}",{np.str_('Fries')},0.081,0.69,1.37
"{np.str_('Ketchup'), np.str_('Sandwich')}",{np.str_('Salad')},0.235,0.39,1.27
"{np.str_('Ketchup'), np.str_('Coke')}",{np.str_('Salad')},0.08,0.49,1.18
{np.str_('Pizza')},{np.str_('Ketchup')},0.133,0.7,1.48
"{np.str_('Ketchup'), np.str_('Burger')}",{np.str_('Sandwich')},0.245,0.35,1.46
{np.str_('Pizza')},{np.str_('Soup')},0.094,0.18,1.34
{np.str_('Salad')},{np.str_('Pizza')},0.279,0.49,0.94
{np.str_('Sandwich')},{np.str_('Burger')},0.225,0.87,1.24
"{np.str_('Fries'), np.str_('Burger')}",{np.str_('IceCream')},0.291,0.21,1.18
"{np.str_('Burger'), np.str_('Pasta')}",{np.str_('Sandwich')},0.034,0.84,0.94
"{np.str_('Pizza'), np.str_('Burger')}",{np.str_('IceCream')},0.057,0.89,1.19
"{np.str_('Sandwich'), np.str_('Salad')}",{np.str_('Coke')},0.113,0.42,1.36
"{np.str_('Pizza'), np.str_('Coke')}",{np.str_('Fries')},0.069,0.15,1.36
{np.str_('Pasta')},{np.str_('Burger')},0.036,0.58,1.4
"{np.str_('Burger'), np.str_('IceCream')}",{np.str_('Coke')},0.144,0.85,1.19
{np.str_('Pasta')},{np.str_('Burger')},0.152,0.2,1.47
{np.str_('Soup')},{np.str_('Salad')},0.146,0.29,1.5
"{np.str_('Sandwich'), np.str_('Salad')}",{np.str_('IceCream')},0.281,0.87,1.11
"{np.str_('Coke'), np.str_('Burger')}",{np.str_('Sandwich')},0.052,0.29,1.28
"{np.str_('Fries'), np.str_('Salad')}",{np.str_('Soup')},0.169,0.13,1.27
{np.str_('Sandwich')},{np.str_('Salad')},0.259,0.56,0.95
"{np.str_('Fries'), np.str_('IceCream')}",{np.str_('Pizza')},0.27,0.76,1.23
"{np.str_('Pizza'), np.str_('Ketchup')}",{np.str_('Coke')},0.288,0.86,1.48
"{np.str_('Pasta'), np.str_('IceCream')}",{np.str_('Salad')},0.138,0.38,1.18
"{np.str_('Coke'), np.str_('Soup')}",{np.str_('Pizza')},0.091,0.63,1.1
{np.str_('Burger')},{np.str_('Salad')},0.209,0.49,1.13
{np.str_('Ketchup')},{np.str_('Pizza')},0.154,0.21,1.34
"{np.str_('Pizza'), np.str_('Salad')}",{np.str_('Sandwich')},0.248,0.53,1.01
"{np.str_('IceCream'), np.str_('Salad')}",{np.str_('Fries')},0.094,0.39,0.99
"{np.str_('Soup'), np.str_('Salad')}",{np.str_('Pasta')},0.164,0.57,1.17
{np.str_('Coke')},{np.str_('Ketchup')},0.027,0.59,1.13
"{np.str_('Soup'), np.str_('Salad')}",{np.str_('Fries')},0.157,0.31,1.27
"{np.str_('Pizza'), np.str_('Sandwich')}",{np.str_('Ketchup')},0.233,0.26,1.03
{np.str_('Burger')},{np.str_('Soup')},0.187,0.6,1.15
"{np.str_('Pizza'), np.str_('Coke')}",{np.str_('Salad')},0.031,0.26,1.18
"{np.str_('Fries'), np.str_('Burger')}",{np.str_('Pizza')},0.214,0.6,1.06
{np.str_('Pasta')},{np.str_('IceCream')},0.295,0.17,0.91
"{np.str_('Pizza'), np.str_('Fries')}",{np.str_('Pasta')},0.212,0.5,1.2
{np.str_('Pasta')},{np.str_('Soup')},0.018,0.37,1.35
"{np.str_('Fries'), np.str_('Soup')}",{np.str_('Ketchup')},0.073,0.37,0.93
"{np.str_('Coke'), np.str_('IceCream')}",{np.str_('Burger')},0.153,0.74,1.46
{np.str_('Sandwich')},{np.str_('Ketchup')},0.14,0.34,0.85
{np.str_('Fries')},{np.str_('Pizza')},0.258,0.35,1.41
{np.str_('IceCream')},{np.str_('Ketchup')},0.121,0.38,1.35
"{np.str_('Pasta'), np.str_('IceCream')}",{np.str_('Salad')},0.159,0.46,1.12
{np.str_('Ketchup')},{np.str_('Pizza')},0.121,0.54,1.3
"{np.str_('Coke'), np.str_('IceCream')}",{np.str_('Fries')},0.279,0.58,1.17
{np.str_('Pizza')},{np.str_('Sandwich')},0.146,0.42,1.34
{np.str_('Fries')},{np.str_('IceCream')},0.212,0.74,1.29
"{np.str_('IceCream'), np.str_('Salad')}",{np.str_('Fries')},0.059,0.8,1.03
"{np.str_('Pizza'), np.str_('Pasta')}",{np.str_('IceCream')},0.178,0.53,1.19
"{np.str_('Pasta'), np.str_('Salad')}",{np.str_('Soup')},0.187,0.14,1.29
{np.str_('Soup')},{np.str_('IceCream')},0.094,0.13,1.17
"{np.str_('Pizza'), np.str_('Ketchup')}",{np.str_('Fries')},0.146,0.68,1.31
"{np.str_('Pizza'), np.str_('Soup')}",{np.str_('IceCream')},0.037,0.31,1.01
"{np.str_('Pizza'), np.str_('Soup')}",{np.str_('Sandwich')},0.277,0.33,1.39
{np.str_('Pasta')},{np.str_('Soup')},0.11,0.32,1.36
"{np.str_('Burger'), np.str_('IceCream')}",{np.str_('Fries')},0.158,0.46,0.86
{np.str_('Pizza')},{np.str_('Ketchup')},0.295,0.11,1.15
{np.str_('IceCream')},{np.str_('Ketchup')},0.032,0.14,1.01
{np.str_('Pasta')},{np.str_('Burger')},0.209,0.71,1.36
{np.str_('Soup')},{np.str_('Salad')},0.217,0.69,0.96
{np.str_('Pasta')},{np.str_('IceCream')},0.185,0.22,1.11
{np.str_('Pizza')},{np.str_('Pasta')},0.126,0.3,1.42
"{np.str_('Fries'), np.str_('IceCream')}",{np.str_('Ketchup')},0.063,0.31,1.29
{np.str_('Pasta')},{np.str_('Salad')},0.182,0.13,0.91
{np.str_('Fries')},{np.str_('Pizza')},0.075,0.19,1.37
"{np.str_('Pizza'), np.str_('Burger')}",{np.str_('Salad')},0.277,0.77,1.49
{np.str_('IceCream')},{np.str_('Coke')},0.268,0.19,1.49
{np.str_('Pizza')},{np.str_('Salad')},0.02,0.41,1.48
"{np.str_('Coke'), np.str_('Sandwich')}",{np.str_('IceCream')},0.179,0.82,0.84
"{np.str_('IceCream'), np.str_('Sandwich')}",{np.str_('Soup')},0.15,0.13,1.25
"{np.str_('Fries'), np.str_('Salad')}",{np.str_('Ketchup')},0.085,0.29,1.34
"{np.str_('Fries'), np.str_('Salad')}",{np.str_('IceCream')},0.038,0.5,1.28
"{np.str_('Ketchup'), np.str_('Burger')}",{np.str_('Pizza')},0.292,0.81,1.19
"{np.str_('Burger'), np.str_('Salad')}",{np.str_('Ketchup')},0.083,0.25,1.33
{np.str_('Sandwich')},{np.str_('Pizza')},0.207,0.5,1.18
"{np.str_('Burger'), np.str_('Soup')}",{np.str_('Pasta')},0.071,0.49,0.93
{np.str_('Burger')},{np.str_('Fries')},0.031,0.84,0.81
"{np.str_('Fries'), np.str_('Salad')}",{np.str_('Pasta')},0.162,0.68,1.43
"{np.str_('Burger'), np.str_('Salad')}",{np.str_('IceCream')},0.273,0.81,1.03
{np.str_('Coke')},{np.str_('Fries')},0.265,0.14,1.46
"{np.str_('Coke'), np.str_('Soup')}",{np.str_('Pizza')},0.227,0.65,1.3
{np.str_('Salad')},{np.str_('Fries')},0.268,0.31,0.84
"{np.str_('Burger'), np.str_('IceCream')}",{np.str_('Coke')},0.23,0.74,1.29
{np.str_('Pizza')},{np.str_('Sandwich')},0.034,0.66,0.89
{np.str_('Pasta')},{np.str_('Fries')},0.269,0.62,0.81
"{np.str_('Fries'), np.str_('Coke')}",{np.str_('Burger')},0.28,0.43,1.41
{np.str_('Pizza')},{np.str_('Ketchup')},0.066,0.31,1.11
"{np.str_('Burger'), np.str_('IceCream')}",{np.str_('Coke')},0.275,0.51,1.38
{np.str_('Coke')},{np.str_('Burger')},0.157,0.73,1.41
{np.str_('Burger')},{np.str_('Fries')},0.071,0.66,1.21
{np.str_('Fries')},{np.str_('Burger')},0.152,0.64,1.27
{np.str_('Pasta')},{np.str_('Ketchup')},0.27,0.31,1.03
{np.str_('Coke')},{np.str_('Fries')},0.12,0.12,1.28
"{np.str_('Coke'), np.str_('IceCream')}",{np.str_('Salad')},0.234,0.84,1.08
"{np.str_('Fries'), np.str_('Soup')}",{np.str_('Coke')},0.155,0.18,1.33
{np.str_('Pizza')},{np.str_('Ketchup')},0.046,0.74,1.33
"{np.str_('Coke'), np.str_('Soup')}",{np.str_('Burger')},0.093,0.11,1.02
{np.str_('Soup')},{np.str_('Fries')},0.23,0.13,0.96
"{np.str_('Soup'), np.str_('Sandwich')}",{np.str_('Fries')},0.202,0.16,1.22
{np.str_('IceCream')},{np.str_('Sandwich')},0.222,0.59,1.09
"{np.str_('Pasta'), np.str_('IceCream')}",{np.str_('Fries')},0.097,0.29,1.14
"{np.str_('Soup'), np.str_('IceCream')}",{np.str_('Fries')},0.193,0.24,1.42
{np.str_('Burger')},{np.str_('Pizza')},0.299,0.58,1.4
"{np.str_('Coke'), np.str_('Salad')}",{np.str_('Burger')},0.217,0.13,1.01
"{np.str_('Ketchup'), np.str_('Pasta')}",{np.str_('Soup')},0.069,0.61,1.03
"{np.str_('Ketchup'), np.str_('Coke')}",{np.str_('Pizza')},0.08,0.75,1.31
{np.str_('Burger')},{np.str_('Coke')},0.266,0.47,1.0
"{np.str_('Ketchup'), np.str_('IceCream')}",{np.str_('Soup')},0.296,0.58,1.27
{np.str_('Pasta')},{np.str_('Coke')},0.035,0.47,0.92
{np.str_('IceCream')},{np.str_('Soup')},0.225,0.28,1.24
"{np.str_('Coke'), np.str_('Soup')}",{np.str_('Fries')},0.022,0.37,1.36
"{np.str_('Fries'), np.str_('Sandwich')}",{np.str_('Pizza')},0.077,0.25,1.09
{np.str_('Pizza')},{np.str_('Salad')},0.259,0.57,1.06
{np.str_('Burger')},{np.str_('Ketchup')},0.035,0.36,1.06
"{np.str_('Coke'), np.str_('Pasta')}",{np.str_('Fries')},0.093,0.79,1.17
{np.str_('Pizza')},{np.str_('Sandwich')},0.142,0.31,1.42
"{np.str_('Fries'), np.str_('Coke')}",{np.str_('Sandwich')},0.133,0.23,1.05
"{np.str_('Ketchup'), np.str_('Pasta')}",{np.str_('Pizza')},0.139,0.5,1.38
"{np.str_('Ketchup'), np.str_('IceCream')}",{np.str_('Pasta')},0.114,0.78,0.91
"{np.str_('Coke'), np.str_('Burger')}",{np.str_('IceCream')},0.215,0.4,1.35
"{np.str_('Pizza'), np.str_('Ketchup')}",{np.str_('Burger')},0.136,0.39,1.41
"{np.str_('Coke'), np.str_('Soup')}",{np.str_('Pasta')},0.257,0.34,1.1
"{np.str_('Fries'), np.str_('Pizza')}",{np.str_('Sandwich')},0.155,0.87,1.36
{np.str_('Salad')},{np.str_('Burger')},0.071,0.76,1.25
"{np.str_('Burger'), np.str_('Pasta')}",{np.str_('Ketchup')},0.142,0.46,1.41
{np.str_('Ketchup')},{np.str_('Pizza')},0.101,0.78,1.41
{np.str_('Sandwich')},{np.str_('IceCream')},0.114,0.36,1.02
{np.str_('Fries')},{np.str_('IceCream')},0.032,0.82,0.98
{np.str_('Pizza')},{np.str_('IceCream')},0.029,0.52,1.44
{np.str_('Fries')},{np.str_('Salad')},0.195,0.75,0.96
{np.str_('Soup')},{np.str_('Fries')},0.049,0.67,1.17
"{np.str_('IceCream'), np.str_('Salad')}",{np.str_('Pizza')},0.033,0.29,1.38
{np.str_('Soup')},{np.str_('Ketchup')},0.199,0.81,0.88
"{np.str_('Burger'), np.str_('Soup')}",{np.str_('Pizza')},0.06,0.69,1.05
"{np.str_('Coke'), np.str_('Soup')}",{np.str_('IceCream')},0.103,0.73,0.82
{np.str_('Ketchup')},{np.str_('Salad')},0.082,0.35,1.14
"{np.str_('Ketchup'), np.str_('Pasta')}",{np.str_('Coke')},0.108,0.27,0.95
"{np.str_('Burger'), np.str_('Soup')}",{np.str_('Fries')},0.011,0.83,0.81
{np.str_('Sandwich')},{np.str_('Salad')},0.125,0.48,1.21
{np.str_('IceCream')},{np.str_('Burger')},0.139,0.79,1.13
{np.str_('Ketchup')},{np.str_('Pizza')},0.293,0.76,0.95
"{np.str_('Burger'), np.str_('Sandwich')}",{np.str_('Pizza')},0.089,0.13,1.41
{np.str_('Salad')},{np.str_('Soup')},0.141,0.43,0.93
{np.str_('Sandwich')},{np.str_('Salad')},0.134,0.66,1.3
"{np.str_('Coke'), np.str_('Burger')}",{np.str_('Fries')},0.208,0.72,1.01
{np.str_('Soup')},{np.str_('Ketchup')},0.067,0.47,1.29
{np.str_('Salad')},{np.str_('Fries')},0.254,0.57,1.05
"{np.str_('Pasta'), np.str_('Sandwich')}",{np.str_('Soup')},0.184,0.38,1.5
"{np.str_('Pasta'), np.str_('Salad')}",{np.str_('Sandwich')},0.21,0.12,1.0
"{np.str_('Pizza'), np.str_('Sandwich')}",{np.str_('Salad')},0.193,0.25,1.17
"{np.str_('Pizza'), np.str_('Burger')}",{np.str_('Soup')},0.081,0.19,1.17
{np.str_('Pizza')},{np.str_('Ketchup')},0.011,0.44,0.93
"{np.str_('Pizza'), np.str_('Salad')}",{np.str_('Sandwich')},0.035,0.65,0.95
{np.str_('Salad')},{np.str_('Coke')},0.064,0.73,0.93
{np.str_('IceCream')},{np.str_('Burger')},0.09,0.61,1.1
"{np.str_('Pizza'), np.str_('Salad')}",{np.str_('Ketchup')},0.133,0.73,0.95
"{np.str_('Burger'), np.str_('Sandwich')}",{np.str_('Salad')},0.048,0.58,1.49
"{np.str_('Coke'), np.str_('Sandwich')}",{np.str_('Pizza')},0.259,0.75,1.33
{np.str_('Sandwich')},{np.str_('Fries')},0.078,0.65,1.19
"{np.str_('Pizza'), np.str_('Ketchup')}",{np.str_('IceCream')},0.093,0.34,1.2
{np.str_('Salad')},{np.str_('Ketchup')},0.113,0.29,1.1
"{np.str_('IceCream'), np.str_('Soup')}",{np.str_('Burger')},0.118,0.26,0.96
{np.str_('IceCream')},{np.str_('Pizza')},0.087,0.2,1.43
"{np.str_('Pizza'), np.str_('Salad')}",{np.str_('Burger')},0.281,0.66,1.2
{np.str_('Coke')},{np.str_('Pizza')},0.232,0.16,1.45
"{np.str_('Ketchup'), np.str_('Coke')}",{np.str_('Pasta')},0.041,0.58,0.9
{np.str_('Salad')},{np.str_('IceCream')},0.063,0.54,1.13
{np.str_('Pizza')},{np.str_('Fries')},0.143,0.36,0.98
{np.str_('Pizza')},{np.str_('Burger')},0.091,0.79,1.0
{np.str_('Pizza')},{np.str_('Soup')},0.298,0.12,1.03
{np.str_('Soup')},{np.str_('Burger')},0.293,0.51,0.95
"{np.str_('Burger'), np.str_('IceCream')}",{np.str_('Pasta')},0.077,0.82,1.21
{np.str_('Pizza')},{np.str_('IceCream')},0.216,0.18,0.8
{np.str_('Pasta')},{np.str_('IceCream')},0.037,0.63,1.14
{np.str_('IceCream')},{np.str_('Soup')},0.259,0.4,0.89
{np.str_('Ketchup')},{np.str_('Burger')},0.292,0.84,0.88
{np.str_('Pasta')},{np.str_('Burger')},0.055,0.39,0.81
{np.str_('Burger')},{np.str_('Sandwich')},0.116,0.79,1.06
{np.str_('Ketchup')},{np.str_('Fries')},0.13,0.72,1.44
"{np.str_('Pizza'), np.str_('Soup')}",{np.str_('Salad')},0.27,0.18,1.49
"{np.str_('Fries'), np.str_('Salad')}",{np.str_('IceCream')},0.241,0.39,1.08
"{np.str_('Fries'), np.str_('Sandwich')}",{np.str_('Pizza')},0.172,0.24,1.13
{np.str_('Pasta')},{np.str_('IceCream')},0.052,0.72,1.43
{np.str_('Pizza')},{np.str_('Fries')},0.175,0.49,1.26
"{np.str_('Ketchup'), np.str_('IceCream')}",{np.str_('Pizza')},0.12,0.31,1.25
{np.str_('Burger')},{np.str_('IceCream')},0.093,0.54,1.07
{np.str_('Fries')},{np.str_('Pasta')},0.053,0.38,1.18
{np.str_('Burger')},{np.str_('Pasta')},0.276,0.21,1.42
"{np.str_('Coke'), np.str_('Pasta')}",{np.str_('Soup')},0.226,0.62,1.49
"{np.str_('Ketchup'), np.str_('Burger')}",{np.str_('Fries')},0.107,0.69,1.26
{np.str_('Burger')},{np.str_('Sandwich')},0.245,0.84,1.24
{np.str_('Pasta')},{np.str_('Burger')},0.09,0.19,1.08
"{np.str_('Ketchup'), np.str_('IceCream')}",{np.str_('Sandwich')},0.066,0.48,1.16
"{np.str_('Pizza'), np.str_('Ketchup')}",{np.str_('Salad')},0.113,0.47,0.99
"{np.str_('Fries'), np.str_('Salad')}",{np.str_('Sandwich')},0.146,0.43,1.4
"{np.str_('Coke'), np.str_('Burger')}",{np.str_('Fries')},0.214,0.17,1.1
"{np.str_('Fries'), np.str_('Sandwich')}",{np.str_('Pasta')},0.105,0.21,1.18
{np.str_('Sandwich')},{np.str_('Coke')},0.299,0.78,0.97
{np.str_('Burger')},{np.str_('Pizza')},0.137,0.42,0.81
"{np.str_('Fries'), np.str_('Sandwich')}",{np.str_('Burger')},0.023,0.41,1.43
{np.str_('Pasta')},{np.str_('Ketchup')},0.148,0.78,1.15
"{np.str_('Burger'), np.str_('IceCream')}",{np.str_('Coke')},0.073,0.59,0.87
"{np.str_('Coke'), np.str_('Pasta')}",{np.str_('Burger')},0.144,0.42,1.41
{np.str_('IceCream')},{np.str_('Sandwich')},0.029,0.53,1.12
{np.str_('IceCream')},{np.str_('Pasta')},0.298,0.46,0.92
{np.str_('Coke')},{np.str_('Fries')},0.177,0.25,1.39
{np.str_('Pizza')},{np.str_('Soup')},0.029,0.69,1.39
"{np.str_('Ketchup'), np.str_('Burger')}",{np.str_('Soup')},0.192,0.33,1.06
"{np.str_('IceCream'), np.str_('Salad')}",{np.str_('Burger')},0.27,0.56,1.44
"{np.str_('Burger'), np.str_('Coke')}",{np.str_('Fries')},0.014,0.31,0.82
{np.str_('Coke')},{np.str_('Salad')},0.106,0.56,1.07
{np.str_('Sandwich')},{np.str_('Burger')},0.256,0.59,1.1
{np.str_('Pizza')},{np.str_('Salad')},0.147,0.61,0.98
"{np.str_('Fries'), np.str_('Sandwich')}",{np.str_('Salad')},0.044,0.72,1.07
"{np.str_('Sandwich'), np.str_('Salad')}",{np.str_('Fries')},0.206,0.83,1.4
"{np.str_('Fries'), np.str_('Coke')}",{np.str_('Sandwich')},0.059,0.19,1.45
"{np.str_('IceCream'), np.str_('Sandwich')}",{np.str_('Fries')},0.18,0.87,1.28
"{np.str_('Coke'), np.str_('Soup')}",{np.str_('Fries')},0.136,0.35,1.17
{np.str_('Pasta')},{np.str_('Ketchup')},0.232,0.72,1.31
{np.str_('Salad')},{np.str_('IceCream')},0.034,0.55,1.14
"{np.str_('Soup'), np.str_('Salad')}",{np.str_('IceCream')},0.081,0.32,1.2
{np.str_('Soup')},{np.str_('Ketchup')},0.299,0.23,1.39
"{np.str_('Burger'), np.str_('IceCream')}",{np.str_('Fries')},0.121,0.29,1.27
"{np.str_('IceCream'), np.str_('Salad')}",{np.str_('Pasta')},0.205,0.36,1.48
"{np.str_('Ketchup'), np.str_('Salad')}",{np.str_('Fries')},0.044,0.53,1.22
"{np.str_('Fries'), np.str_('Burger')}",{np.str_('Ketchup')},0.087,0.73,1.16
"{np.str_('Pizza'), np.str_('Ketchup')}",{np.str_('Soup')},0.042,0.71,1.16
"{np.str_('Pizza'), np.str_('Fries')}",{np.str_('Soup')},0.083,0.76,0.91
{np.str_('Soup')},{np.str_('Fries')},0.09,0.44,0.84
"{np.str_('Burger'), np.str_('Pasta')}",{np.str_('Ketchup')},0.267,0.19,1.11
"{np.str_('Fries'), np.str_('Salad')}",{np.str_('Sandwich')},0.207,0.74,1.48
"{np.str_('Coke'), np.str_('Sandwich')}",{np.str_('Fries')},0.263,0.62,1.13
{np.str_('Soup')},{np.str_('Pizza')},0.05,0.66,1.34
"{np.str_('Pizza'), np.str_('Coke')}",{np.str_('Ketchup')},0.26,0.62,0.95
{np.str_('Salad')},{np.str_('Coke')},0.286,0.29,1.01
{np.str_('Soup')},{np.str_('IceCream')},0.042,0.65,1.33
{np.str_('Coke')},{np.str_('Ketchup')},0.092,0.84,1.38
"{np.str_('Pizza'), np.str_('Soup')}",{np.str_('Coke')},0.254,0.76,1.27
"{np.str_('Pizza'), np.str_('Burger')}",{np.str_('Coke')},0.041,0.65,1.06
{np.str_('Salad')},{np.str_('Burger')},0.241,0.2,1.03
{np.str_('Pasta')},{np.str_('Fries')},0.07,0.28,1.34
"{np.str_('Coke'), np.str_('Soup')}",{np.str_('Burger')},0.058,0.75,1.28
{np.str_('Pizza')},{np.str_('Pasta')},0.285,0.27,1.11
"{np.str_('Soup'), np.str_('IceCream')}",{np.str_('Coke')},0.107,0.16,1.05
{np.str_('Sandwich')},{np.str_('Burger')},0.25,0.3,1.18
"{np.str_('Pizza'), np.str_('Pasta')}",{np.str_('Soup')},0.154,0.86,1.46
{np.str_('Pizza')},{np.str_('Salad')},0.082,0.68,1.4
{np.str_('Soup')},{np.str_('Coke')},0.034,0.76,0.87
{np.str_('Coke')},{np.str_('IceCream')},0.116,0.36,0.87
{np.str_('Burger')},{np.str_('Salad')},0.033,0.45,1.11
"{np.str_('Coke'), np.str_('Sandwich')}",{np.str_('Soup')},0.136,0.17,1.32
"{np.str_('Pizza'), np.str_('Sandwich')}",{np.str_('Pasta')},0.063,0.71,1.23
{np.str_('Coke')},{np.str_('Sandwich')},0.118,0.23,1.23
{np.str_('Sandwich')},{np.str_('Pizza')},0.116,0.39,1.23
{np.str_('Ketchup')},{np.str_('Sandwich')},0.114,0.85,1.19
{np.str_('Ketchup')},{np.str_('Burger')},0.101,0.6,0.94
"{np.str_('Ketchup'), np.str_('Soup')}",{np.str_('Pizza')},0.02,0.15,0.94
{np.str_('Pasta')},{np.str_('Sandwich')},0.039,0.64,1.02
"{np.str_('Burger'), np.str_('Salad')}",{np.str_('Pasta')},0.044,0.11,0.88
{np.str_('Salad')},{np.str_('Soup')},0.118,0.86,1.44
{np.str_('Salad')},{np.str_('IceCream')},0.198,0.73,1.12
"{np.str_('Pasta'), np.str_('Sandwich')}",{np.str_('Coke')},0.156,0.55,1.46
{np.str_('Pizza')},{np.str_('Coke')},0.292,0.24,1.28
{np.str_('Pizza')},{np.str_('IceCream')},0.247,0.39,1.05
{np.str_('Fries')},{np.str_('Ketchup')},0.231,0.68,0.84
"{np.str_('Burger'), np.str_('Sandwich')}",{np.str_('Pizza')},0.292,0.2,1.49
{np.str_('Pizza')},{np.str_('Salad')},0.232,0.56,1.45
"{np.str_('Burger'), np.str_('Sandwich')}",{np.str_('Soup')},0.268,0.63,0.83
"{np.str_('Coke'), np.str_('Sandwich')}",{np.str_('Ketchup')},0.106,0.6,0.99
{np.str_('Sandwich')},{np.str_('Salad')},0.252,0.84,0.93
{np.str_('Burger')},{np.str_('Pizza')},0.104,0.22,1.02
{np.str_('Pizza')},{np.str_('Sandwich')},0.069,0.7,1.34
"{np.str_('Fries'), np.str_('Sandwich')}",{np.str_('IceCream')},0.288,0.74,1.45
{np.str_('Soup')},{np.str_('Salad')},0.129,0.81,0.87
"{np.str_('Sandwich'), np.str_('Salad')}",{np.str_('Burger')},0.095,0.14,1.24
"{np.str_('Coke'), np.str_('Burger')}",{np.str_('Pizza')},0.101,0.29,1.5
{np.str_('Soup')},{np.str_('IceCream')},0.076,0.28,1.36
"{np.str_('Fries'), np.str_('Salad')}",{np.str_('Pasta')},0.184,0.44,0.83
{np.str_('Pizza')},{np.str_('Burger')},0.106,0.11,1.33
{np.str_('Pizza')},{np.str_('Fries')},0.258,0.86,1.32
"{np.str_('Pizza'), np.str_('Sandwich')}",{np.str_('Salad')},0.209,0.68,1.39
"{np.str_('Fries'), np.str_('Coke')}",{np.str_('Salad')},0.224,0.25,1.06
"{np.str_('Pizza'), np.str_('Sandwich')}",{np.str_('Fries')},0.193,0.88,1.49
{np.str_('IceCream')},{np.str_('Pasta')},0.298,0.88,1.36
"{np.str_('IceCream'), np.str_('Sandwich')}",{np.str_('Pizza')},0.237,0.44,1.25
"{np.str_('Pizza'), np.str_('IceCream')}",{np.str_('Coke')},0.094,0.45,1.32
"{np.str_('Pizza'), np.str_('Salad')}",{np.str_('Burger')},0.024,0.29,1.32
"{np.str_('Soup'), np.str_('Salad')}",{np.str_('Coke')},0.063,0.34,1.15
"{np.str_('Ketchup'), np.str_('Soup')}",{np.str_('Sandwich')},0.211,0.75,1.33
{np.str_('Ketchup')},{np.str_('Pizza')},0.049,0.14,1.03
{np.str_('Soup')},{np.str_('Coke')},0.296,0.47,1.21
"{np.str_('Ketchup'), np.str_('Burger')}",{np.str_('Coke')},0.102,0.78,1.36
{np.str_('IceCream')},{np.str_('Coke')},0.152,0.18,1.25
{np.str_('IceCream')},{np.str_('Burger')},0.132,0.37,1.01
"{np.str_('Burger'), np.str_('Coke')}",{np.str_('Pasta')},0.082,0.24,1.4
{np.str_('Ketchup')},{np.str_('Salad')},0.198,0.22,1.44
"{np.str_('Coke'), np.str_('Burger')}",{np.str_('Pasta')},0.161,0.39,1.41
"{np.str_('Fries'), np.str_('Pizza')}",{np.str_('Salad')},0.224,0.47,0.83
{np.str_('Salad')},{np.str_('Sandwich')},0.153,0.34,0.94
{np.str_('Pizza')},{np.str_('IceCream')},0.053,0.27,1.5
"{np.str_('Fries'), np.str_('Soup')}",{np.str_('Salad')},0.245,0.76,1.11
"{np.str_('IceCream'), np.str_('Salad')}",{np.str_('Sandwich')},0.284,0.49,1.3
{np.str_('Pizza')},{np.str_('Pasta')},0.099,0.61,0.82
"{np.str_('Burger'), np.str_('Coke')}",{np.str_('Ketchup')},0.231,0.21,0.99
"{np.str_('Ketchup'), np.str_('Burger')}",{np.str_('Coke')},0.019,0.59,1.37
{np.str_('Soup')},{np.str_('Salad')},0.256,0.84,1.46
{np.str_('Burger')},{np.str_('Sandwich')},0.079,0.6,1.01
"{np.str_('Coke'), np.str_('IceCream')}",{np.str_('Pasta')},0.145,0.48,1.01
"{np.str_('Fries'), np.str_('Soup')}",{np.str_('Salad')},0.032,0.44,1.18
"{np.str_('Coke'), np.str_('IceCream')}",{np.str_('Burger')},0.207,0.36,1.38
"{np.str_('Pizza'), np.str_('IceCream')}",{np.str_('Coke')},0.038,0.16,0.85
"{np.str_('Ketchup'), np.str_('IceCream')}",{np.str_('Salad')},0.198,0.45,1.08
{np.str_('Soup')},{np.str_('Salad')},0.017,0.46,1.26
"{np.str_('Pizza'), np.str_('Pasta')}",{np.str_('Fries')},0.255,0.49,0.82
{np.str_('Pasta')},{np.str_('Coke')},0.136,0.55,0.83
"{np.str_('Burger'), np.str_('Salad')}",{np.str_('IceCream')},0.25,0.42,1.39
"{np.str_('Fries'), np.str_('Salad')}",{np.str_('IceCream')},0.081,0.72,1.08
"{np.str_('Fries'), np.str_('Ketchup')}",{np.str_('Pizza')},0.058,0.32,1.29
"{np.str_('IceCream'), np.str_('Sandwich')}",{np.str_('Coke')},0.095,0.52,1.39
{np.str_('Soup')},{np.str_('IceCream')},0.165,0.44,1.38
{np.str_('Fries')},{np.str_('Pasta')},0.096,0.19,0.98
{np.str_('IceCream')},{np.str_('Coke')},0.183,0.32,0.91
{np.str_('Pasta')},{np.str_('Coke')},0.209,0.41,0.99
"{np.str_('Pizza'), np.str_('IceCream')}",{np.str_('Ketchup')},0.131,0.59,1.44
"{np.str_('Pizza'), np.str_('Sandwich')}",{np.str_('Burger')},0.259,0.22,1.33
"{np.str_('Fries'), np.str_('Sandwich')}",{np.str_('Burger')},0.052,0.6,0.81
{np.str_('Fries')},{np.str_('Coke')},0.26,0.44,0.95
"{np.str_('Fries'), np.str_('Salad')}",{np.str_('Ketchup')},0.239,0.19,1.19
"{np.str_('Pasta'), np.str_('IceCream')}",{np.str_('Pizza')},0.212,0.81,1.41
{np.str_('Sandwich')},{np.str_('Coke')},0.015,0.67,1.42
{np.str_('Pasta')},{np.str_('Pizza')},0.219,0.25,1.06
{np.str_('Coke')},{np.str_('IceCream')},0.239,0.58,0.83
"{np.str_('Pasta'), np.str_('Soup')}",{np.str_('Ketchup')},0.159,0.26,0.98
"{np.str_('Pizza'), np.str_('Fries')}",{np.str_('Coke')},0.098,0.62,1.47
"{np.str_('Coke'), np.str_('Salad')}",{np.str_('Pizza')},0.153,0.29,1.13
"{np.str_('Pasta'), np.str_('IceCream')}",{np.str_('Salad')},0.244,0.52,1.1
{np.str_('Burger')},{np.str_('Coke')},0.286,0.12,1.3
"{np.str_('Pizza'), np.str_('Sandwich')}",{np.str_('Fries')},0.287,0.8,0.95
{np.str_('Pasta')},{np.str_('Sandwich')},0.193,0.28,1.21
{np.str_('Fries')},{np.str_('Soup')},0.195,0.18,1.03
{np.str_('Ketchup')},{np.str_('Fries')},0.291,0.64,1.37
{np.str_('Coke')},{np.str_('Sandwich')},0.253,0.38,1.32
{np.str_('Pasta')},{np.str_('Pizza')},0.04,0.5,0.9
{np.str_('Salad')},{np.str_('Soup')},0.268,0.3,0.85
"{np.str_('Pizza'), np.str_('Sandwich')}",{np.str_('Ketchup')},0.117,0.19,1.04
"{np.str_('Pizza'), np.str_('Burger')}",{np.str_('Sandwich')},0.01,0.9,1.09
{np.str_('Salad')},{np.str_('Fries')},0.098,0.27,1.41
"{np.str_('Ketchup'), np.str_('IceCream')}",{np.str_('Soup')},0.186,0.87,1.4
"{np.str_('Coke'), np.str_('IceCream')}",{np.str_('Sandwich')},0.13,0.84,1.08
{np.str_('Pasta')},{np.str_('Burger')},0.121,0.26,1.21
"{np.str_('Pizza'), np.str_('Pasta')}",{np.str_('IceCream')},0.268,0.39,1.4
"{np.str_('Fries'), np.str_('Pizza')}",{np.str_('Salad')},0.06,0.88,1.09
"{np.str_('Pasta'), np.str_('IceCream')}",{np.str_('Ketchup')},0.271,0.58,1.12
{np.str_('Pasta')},{np.str_('Soup')},0.019,0.62,0.87
{np.str_('Ketchup')},{np.str_('Pizza')},0.223,0.84,1.43
{np.str_('Ketchup')},{np.str_('Fries')},0.253,0.73,1.27
{np.str_('Fries')},{np.str_('Soup')},0.15,0.78,1.39
{np.str_('Coke')},{np.str_('IceCream')},0.146,0.89,1.16
"{np.str_('Coke'), np.str_('Salad')}",{np.str_('IceCream')},0.243,0.3,1.01
"{np.str_('Fries'), np.str_('Soup')}",{np.str_('Burger')},0.103,0.38,0.82
{np.str_('Ketchup')},{np.str_('IceCream')},0.26,0.28,1.42
"{np.str_('Ketchup'), np.str_('IceCream')}",{np.str_('Burger')},0.045,0.68,1.39
"{np.str_('Ketchup'), np.str_('IceCream')}",{np.str_('Fries')},0.104,0.66,1.48
{np.str_('Coke')},{np.str_('Sandwich')},0.282,0.87,1.48
"{np.str_('Pizza'), np.str_('Sandwich')}",{np.str_('Burger')},0.016,0.62,0.85
"{np.str_('Pasta'), np.str_('Soup')}",{np.str_('Salad')},0.205,0.2,1.35
{np.str_('Pizza')},{np.str_('Fries')},0.26,0.5,1.26
{np.str_('Fries')},{np.str_('Salad')},0.14,0.83,1.11
{np.str_('Sandwich')},{np.str_('Salad')},0.178,0.45,1.26
"{np.str_('Sandwich'), np.str_('Salad')}",{np.str_('Ketchup')},0.089,0.61,1.05
"{np.str_('Fries'), np.str_('Ketchup')}",{np.str_('IceCream')},0.118,0.35,1.49
"{np.str_('Pizza'), np.str_('Soup')}",{np.str_('IceCream')},0.016,0.81,1.29
{np.str_('Pizza')},{np.str_('Coke')},0.267,0.64,1.19
"{np.str_('Pizza'), np.str_('Salad')}",{np.str_('IceCream')},0.071,0.6,0.94
{np.str_('Ketchup')},{np.str_('IceCream')},0.288,0.74,1.17
{np.str_('Sandwich')},{np.str_('Fries')},0.23,0.79,0.86
{np.str_('Sandwich')},{np.str_('IceCream')},0.234,0.56,1.14
"{np.str_('Pizza'), np.str_('Salad')}",{np.str_('Burger')},0.204,0.48,1.24
"{np.str_('Burger'), np.str_('Pasta')}",{np.str_('Sandwich')},0.254,0.29,1.41
{np.str_('Pasta')},{np.str_('Salad')},0.154,0.77,1.36
{np.str_('Fries')},{np.str_('Soup')},0.124,0.28,1.1
"{np.str_('Pizza'), np.str_('Salad')}",{np.str_('Soup')},0.286,0.18,1.43
"{np.str_('Pizza'), np.str_('Burger')}",{np.str_('Soup')},0.206,0.13,1.27
{np.str_('IceCream')},{np.str_('Burger')},0.05,0.15,1.07
{np.str_('Ketchup')},{np.str_('Fries')},0.06,0.88,0.86
{np.str_('Fries')},{np.str_('Pizza')},0.182,0.15,1.12
"{np.str_('IceCream'), np.str_('Sandwich')}",{np.str_('Coke')},0.086,0.83,1.39
"{np.str_('Ketchup'), np.str_('Coke')}",{np.str_('Burger')},0.222,0.38,1.5
{np.str_('Pizza')},{np.str_('Fries')},0.292,0.32,1.35
"{np.str_('Burger'), np.str_('Pasta')}",{np.str_('Sandwich')},0.23,0.58,1.15
"{np.str_('Pizza'), np.str_('Burger')}",{np.str_('Fries')},0.073,0.79,1.21
"{np.str_('Fries'), np.str_('Pasta')}",{np.str_('Coke')},0.221,0.48,1.39
{np.str_('Coke')},{np.str_('Fries')},0.277,0.32,1.22
"{np.str_('Fries'), np.str_('Burger')}",{np.str_('IceCream')},0.124,0.16,1.05
{np.str_('Coke')},{np.str_('Ketchup')},0.285,0.81,0.97
{np.str_('Pasta')},{np.str_('Soup')},0.029,0.63,1.06
{np.str_('Sandwich')},{np.str_('Coke')},0.219,0.59,1.16
"{np.str_('Soup'), np.str_('Sandwich')}",{np.str_('IceCream')},0.146,0.42,0.91
"{np.str_('Fries'), np.str_('Ketchup')}",{np.str_('IceCream')},0.298,0.53,0.83
"{np.str_('Pasta'), np.str_('Sandwich')}",{np.str_('Ketchup')},0.039,0.81,0.94
{np.str_('Pasta')},{np.str_('Coke')},0.136,0.88,1.1
"{np.str_('Pizza'), np.str_('Salad')}",{np.str_('Ketchup')},0.235,0.15,1.24
{np.str_('Burger')},{np.str_('Fries')},0.294,0.82,1.48
{np.str_('Pasta')},{np.str_('Sandwich')},0.031,0.12,1.17
{np.str_('Sandwich')},{np.str_('Burger')},0.157,0.49,0.91
{np.str_('Burger')},{np.str_('Fries')},0.185,0.4,0.93
"{np.str_('Ketchup'), np.str_('Burger')}",{np.str_('Fries')},0.298,0.65,1.02
"{np.str_('Burger'), np.str_('Coke')}",{np.str_('Sandwich')},0.12,0.81,0.99
"{np.str_('Soup'), np.str_('Salad')}",{np.str_('IceCream')},0.156,0.37,0.93
{np.str_('Fries')},{np.str_('Sandwich')},0.146,0.21,1.34
{np.str_('Coke')},{np.str_('Soup')},0.081,0.13,0.97
"{np.str_('IceCream'), np.str_('Salad')}",{np.str_('Ketchup')},0.125,0.87,1.09
{np.str_('Soup')},{np.str_('Pizza')},0.053,0.8,1.17
{np.str_('IceCream')},{np.str_('Ketchup')},0.025,0.49,1.07
"{np.str_('Burger'), np.str_('Pasta')}",{np.str_('Fries')},0.027,0.8,1.48
"{np.str_('Fries'), np.str_('Soup')}",{np.str_('Salad')},0.246,0.32,1.39
{np.str_('Pizza')},{np.str_('Coke')},0.151,0.21,1.27
"{np.str_('Pizza'), np.str_('Coke')}",{np.str_('Soup')},0.186,0.47,1.0
{np.str_('Fries')},{np.str_('Soup')},0.108,0.89,1.23
"{np.str_('Ketchup'), np.str_('Pasta')}",{np.str_('Salad')},0.134,0.55,0.88
"{np.str_('Fries'), np.str_('Pasta')}",{np.str_('Coke')},0.13,0.32,1.13
"{np.str_('Burger'), np.str_('Salad')}",{np.str_('Soup')},0.044,0.42,1.24
"{np.str_('Fries'), np.str_('IceCream')}",{np.str_('Ketchup')},0.25,0.27,1.48
"{np.str_('Fries'), np.str_('Sandwich')}",{np.str_('Soup')},0.252,0.23,1.0
"{np.str_('Pasta'), np.str_('IceCream')}",{np.str_('Sandwich')},0.082,0.87,0.99
"{np.str_('Fries'), np.str_('Ketchup')}",{np.str_('Pasta')},0.089,0.74,0.86
"{np.str_('Coke'), np.str_('Burger')}",{np.str_('Soup')},0.027,0.88,0.92
"{np.str_('Coke'), np.str_('Burger')}",{np.str_('Salad')},0.019,0.71,0.89
"{np.str_('Fries'), np.str_('Sandwich')}",{np.str_('Ketchup')},0.283,0.49,1.39
"{np.str_('Soup'), np.str_('Sandwich')}",{np.str_('Burger')},0.044,0.33,0.95
"{np.str_('Ketchup'), np.str_('Burger')}",{np.str_('Soup')},0.066,0.48,0.83
{np.str_('Salad')},{np.str_('Sandwich')},0.063,0.35,1.5
"{np.str_('Coke'), np.str_('IceCream')}",{np.str_('Pasta')},0.226,0.58,0.81
"{np.str_('Fries'), np.str_('IceCream')}",{np.str_('Sandwich')},0.148,0.35,1.29
{np.str_('Burger')},{np.str_('Pasta')},0.178,0.57,1.43
{np.str_('Soup')},{np.str_('Burger')},0.232,0.18,1.42
{np.str_('Coke')},{np.str_('Soup')},0.174,0.24,1.13
"{np.str_('Pasta'), np.str_('Sandwich')}",{np.str_('Coke')},0.165,0.34,1.07
{np.str_('Burger')},{np.str_('Salad')},0.071,0.82,1.36
{np.str_('Fries')},{np.str_('Sandwich')},0.079,0.38,1.3
{np.str_('IceCream')},{np.str_('Ketchup')},0.101,0.53,1.27
{np.str_('Coke')},{np.str_('Soup')},0.101,0.9,0.85
"{np.str_('Sandwich'), np.str_('Salad')}",{np.str_('Pizza')},0.1,0.38,1.46
"{np.str_('Pizza'), np.str_('Ketchup')}",{np.str_('Burger')},0.146,0.78,1.48
{np.str_('Coke')},{np.str_('Pizza')},0.208,0.72,1.4
{np.str_('Salad')},{np.str_('Fries')},0.216,0.72,0.99
"{np.str_('Coke'), np.str_('Sandwich')}",{np.str_('Burger')},0.232,0.45,1.05
"{np.str_('Fries'), np.str_('Pasta')}",{np.str_('Salad')},0.21,0.26,1.13
{np.str_('Burger')},{np.str_('Coke')},0.188,0.25,0.84
"{np.str_('Fries'), np.str_('Burger')}",{np.str_('Pizza')},0.018,0.52,1.27
"{np.str_('Soup'), np.str_('Salad')}",{np.str_('Coke')},0.248,0.34,1.41
"{np.str_('Coke'), np.str_('Soup')}",{np.str_('Pasta')},0.112,0.71,1.46
{np.str_('Pizza')},{np.str_('Pasta')},0.25,0.2,1.32
"{np.str_('Fries'), np.str_('Pizza')}",{np.str_('Ketchup')},0.259,0.18,1.34
"{np.str_('Burger'), np.str_('Salad')}",{np.str_('Ketchup')},0.093,0.24,0.94
{np.str_('Pizza')},{np.str_('Sandwich')},0.1,0.69,1.28
"{np.str_('Coke'), np.str_('Salad')}",{np.str_('Pizza')},0.023,0.44,0.99
"{np.str_('Ketchup'), np.str_('Soup')}",{np.str_('Pizza')},0.155,0.87,1.21
"{np.str_('Ketchup'), np.str_('IceCream')}",{np.str_('Soup')},0.032,0.71,1.38
"{np.str_('Fries'), np.str_('Burger')}",{np.str_('Soup')},0.292,0.19,1.48
{np.str_('IceCream')},{np.str_('Fries')},0.293,0.53,1.25
"{np.str_('Ketchup'), np.str_('IceCream')}",{np.str_('Pasta')},0.047,0.12,1.34
{np.str_('Burger')},{np.str_('Ketchup')},0.286,0.62,0.82
"{np.str_('Pizza'), np.str_('Burger')}",{np.str_('Soup')},0.211,0.7,0.85
"{np.str_('Ketchup'), np.str_('Salad')}",{np.str_('Soup')},0.214,0.65,1.26
{np.str_('Ketchup')},{np.str_('Soup')},0.085,0.89,1.3
{np.str_('IceCream')},{np.str_('Pasta')},0.277,0.89,1.05
"{np.str_('Pasta'), np.str_('Sandwich')}",{np.str_('Burger')},0.102,0.75,1.31
{np.str_('Ketchup')},{np.str_('Burger')},0.264,0.51,1.4
"{np.str_('Fries'), np.str_('Sandwich')}",{np.str_('Ketchup')},0.292,0.78,1.32
{np.str_('IceCream')},{np.str_('Coke')},0.236,0.28,1.08
{np.str_('Coke')},{np.str_('Salad')},0.111,0.64,0.92
"{np.str_('Ketchup'), np.str_('Soup')}",{np.str_('Burger')},0.04,0.17,1.06
"{np.str_('Coke'), np.str_('Sandwich')}",{np.str_('Pasta')},0.128,0.13,0.94
{np.str_('Pizza')},{np.str_('Soup')},0.299,0.8,1.28
"{np.str_('Pizza'), np.str_('Salad')}",{np.str_('Pasta')},0.066,0.52,1.15
"{np.str_('Pizza'), np.str_('Ketchup')}",{np.str_('Salad')},0.277,0.31,0.93
{np.str_('Soup')},{np.str_('Coke')},0.251,0.68,1.05
"{np.str_('Sandwich'), np.str_('Salad')}",{np.str_('Pizza')},0.235,0.45,1.38
{np.str_('Soup')},{np.str_('Burger')},0.123,0.62,1.15
"{np.str_('Sandwich'), np.str_('Salad')}",{np.str_('Coke')},0.037,0.17,1.13
{np.str_('Burger')},{np.str_('Fries')},0.199,0.79,1.11
{np.str_('Fries')},{np.str_('Pasta')},0.115,0.46,1.41
"{np.str_('Fries'), np.str_('Pasta')}",{np.str_('IceCream')},0.057,0.28,1.09
"{np.str_('Ketchup'), np.str_('Coke')}",{np.str_('IceCream')},0.247,0.29,0.95
"{np.str_('Pasta'), np.str_('Salad')}",{np.str_('Ketchup')},0.197,0.64,1.09
"{np.str_('Pizza'), np.str_('Soup')}",{np.str_('Fries')},0.03,0.5,1.17
{np.str_('Fries')},{np.str_('Pasta')},0.021,0.71,0.92
{np.str_('Soup')},{np.str_('Ketchup')},0.26,0.49,1.25
{np.str_('Ketchup')},{np.str_('Salad')},0.235,0.48,0.91
{np.str_('Soup')},{np.str_('IceCream')},0.055,0.31,0.93
"{np.str_('Coke'), np.str_('Burger')}",{np.str_('Pizza')},0.154,0.45,1.34
"{np.str_('Coke'), np.str_('Salad')}",{np.str_('IceCream')},0.244,0.88,1.2
{np.str_('Pasta')},{np.str_('Burger')},0.231,0.7,1.33
{np.str_('Ketchup')},{np.str_('Pizza')},0.06,0.35,1.22
"{np.str_('Fries'), np.str_('IceCream')}",{np.str_('Ketchup')},0.14,0.35,1.37
{np.str_('Soup')},{np.str_('Burger')},0.033,0.48,1.09
{np.str_('Pizza')},{np.str_('IceCream')},0.24,0.19,1.1
"{np.str_('IceCream'), np.str_('Sandwich')}",{np.str_('Fries')},0.132,0.18,1.04
{np.str_('Fries')},{np.str_('Salad')},0.15,0.2,1.09
"{np.str_('Pizza'), np.str_('Fries')}",{np.str_('Sandwich')},0.198,0.12,0.81
{np.str_('IceCream')},{np.str_('Fries')},0.116,0.83,1.11
{np.str_('Soup')},{np.str_('IceCream')},0.123,0.87,1.26
"{np.str_('Burger'), np.str_('Sandwich')}",{np.str_('Salad')},0.014,0.19,1.36
"{np.str_('Fries'), np.str_('IceCream')}",{np.str_('Ketchup')},0.062,0.22,1.01
{np.str_('Coke')},{np.str_('Soup')},0.249,0.73,1.19
"{np.str_('Coke'), np.str_('Pasta')}",{np.str_('Burger')},0.074,0.36,0.84
{np.str_('Sandwich')},{np.str_('Salad')},0.281,0.88,1.46
{np.str_('Burger')},{np.str_('Pizza')},0.166,0.26,1.12
"{np.str_('Pizza'), np.str_('Salad')}",{np.str_('Sandwich')},0.023,0.22,1.22
"{np.str_('Pizza'), np.str_('Sandwich')}",{np.str_('Coke')},0.028,0.64,1.16
"{np.str_('Sandwich'), np.str_('Salad')}",{np.str_('Fries')},0.266,0.83,1.45
"{np.str_('Pizza'), np.str_('Sandwich')}",{np.str_('Coke')},0.242,0.22,1.31
"{np.str_('Pizza'), np.str_('Ketchup')}",{np.str_('IceCream')},0.257,0.21,1.29
"{np.str_('Fries'), np.str_('Sandwich')}",{np.str_('Burger')},0.283,0.24,1.1
{np.str_('Ketchup')},{np.str_('Pasta')},0.131,0.34,0.83
"{np.str_('Burger'), np.str_('IceCream')}",{np.str_('Pasta')},0.236,0.23,0.99
{np.str_('Burger')},{np.str_('Fries')},0.011,0.19,0.84
"{np.str_('Fries'), np.str_('Ketchup')}",{np.str_('Coke')},0.258,0.69,1.21
{np.str_('Ketchup')},{np.str_('Salad')},0.173,0.65,1.01
"{np.str_('Soup'), np.str_('Sandwich')}",{np.str_('Salad')},0.095,0.86,1.37
{np.str_('Salad')},{np.str_('Burger')},0.241,0.41,1.23
{np.str_('Soup')},{np.str_('Ketchup')},0.116,0.24,1.49
{np.str_('Coke')},{np.str_('Ketchup')},0.239,0.19,1.24
"{np.str_('Pasta'), np.str_('IceCream')}",{np.str_('Pizza')},0.105,0.8,0.84
"{np.str_('Burger'), np.str_('Soup')}",{np.str_('Pizza')},0.286,0.72,1.38
{np.str_('Pasta')},{np.str_('Sandwich')},0.289,0.44,0.83
{np.str_('Pasta')},{np.str_('Burger')},0.022,0.68,1.23
"{np.str_('Pizza'), np.str_('Coke')}",{np.str_('Burger')},0.208,0.74,1.34
"{np.str_('Coke'), np.str_('Soup')}",{np.str_('Salad')},0.106,0.23,1.49
{np.str_('Burger')},{np.str_('IceCream')},0.188,0.16,1.17
{np.str_('Pasta')},{np.str_('Salad')},0.131,0.69,1.3
{np.str_('IceCream')},{np.str_('Sandwich')},0.064,0.3,1.38
"{np.str_('Pizza'), np.str_('Sandwich')}",{np.str_('Coke')},0.052,0.19,1.33
{np.str_('Coke')},{np.str_('Salad')},0.177,0.15,0.89
{np.str_('IceCream')},{np.str_('Soup')},0.268,0.79,1.45
{np.str_('Pizza')},{np.str_('Coke')},0.234,0.62,1.26
"{np.str_('Pizza'), np.str_('Coke')}",{np.str_('Soup')},0.02,0.31,1.38
"{np.str_('Fries'), np.str_('Pizza')}",{np.str_('Sandwich')},0.269,0.46,0.92
"{np.str_('Pasta'), np.str_('IceCream')}",{np.str_('Soup')},0.256,0.63,1.26
"{np.str_('IceCream'), np.str_('Salad')}",{np.str_('Coke')},0.299,0.34,1.12
{np.str_('IceCream')},{np.str_('Coke')},0.26,0.13,1.2
{np.str_('Soup')},{np.str_('Burger')},0.107,0.64,0.86
"{np.str_('Soup'), np.str_('Salad')}",{np.str_('Pasta')},0.287,0.46,1.43
{np.str_('Ketchup')},{np.str_('Coke')},0.033,0.65,1.21
"{np.str_('Burger'), np.str_('Soup')}",{np.str_('Coke')},0.253,0.21,1.17
{np.str_('Soup')},{np.str_('Pasta')},0.106,0.48,0.91
"{np.str_('Pizza'), np.str_('Burger')}",{np.str_('Fries')},0.203,0.4,1.19
{np.str_('Burger')},{np.str_('Coke')},0.286,0.33,0.93
"{np.str_('Burger'), np.str_('Pasta')}",{np.str_('Salad')},0.167,0.26,1.24
"{np.str_('Ketchup'), np.str_('IceCream')}",{np.str_('Burger')},0.213,0.1,0.82
{np.str_('Coke')},{np.str_('Burger')},0.225,0.2,1.26
{np.str_('Ketchup')},{np.str_('Salad')},0.279,0.18,1.47
"{np.str_('Burger'), np.str_('Pasta')}",{np.str_('Pizza')},0.243,0.52,1.19
{np.str_('Soup')},{np.str_('Ketchup')},0.092,0.39,1.48
{np.str_('Salad')},{np.str_('Pizza')},0.188,0.28,1.24
{np.str_('Pizza')},{np.str_('Sandwich')},0.132,0.55,0.91
{np.str_('Ketchup')},{np.str_('Salad')},0.25,0.74,1.2
{np.str_('IceCream')},{np.str_('Ketchup')},0.263,0.44,1.45
"{np.str_('Soup'), np.str_('Salad')}",{np.str_('Sandwich')},0.06,0.12,1.34
"{np.str_('Coke'), np.str_('Sandwich')}",{np.str_('Burger')},0.041,0.38,1.41
"{np.str_('Fries'), np.str_('Pasta')}",{np.str_('Soup')},0.288,0.13,1.0
{np.str_('Pizza')},{np.str_('Burger')},0.066,0.33,1.23
"{np.str_('Ketchup'), np.str_('Coke')}",{np.str_('Salad')},0.261,0.88,1.28
"{np.str_('Ketchup'), np.str_('Burger')}",{np.str_('Salad')},0.098,0.78,1.3
"{np.str_('Coke'), np.str_('Pasta')}",{np.str_('Fries')},0.231,0.87,0.92
{np.str_('Burger')},{np.str_('Fries')},0.166,0.46,1.0
{np.str_('Salad')},{np.str_('Pasta')},0.035,0.14,1.47
"{np.str_('IceCream'), np.str_('Salad')}",{np.str_('Burger')},0.026,0.23,1.16
"{np.str_('Ketchup'), np.str_('Sandwich')}",{np.str_('Pizza')},0.114,0.13,1.29
{np.str_('Ketchup')},{np.str_('Pasta')},0.164,0.13,1.34
{np.str_('Salad')},{np.str_('Burger')},0.228,0.22,1.3
{np.str_('Ketchup')},{np.str_('Pasta')},0.015,0.88,1.42
{np.str_('IceCream')},{np.str_('Fries')},0.189,0.39,1.32
"{np.str_('Soup'), np.str_('Salad')}",{np.str_('Pizza')},0.071,0.5,0.86
"{np.str_('Fries'), np.str_('Pasta')}",{np.str_('Soup')},0.037,0.53,1.3
{np.str_('IceCream')},{np.str_('Salad')},0.053,0.26,1.18
"{np.str_('Ketchup'), np.str_('Salad')}",{np.str_('Sandwich')},0.257,0.39,1.17
"{np.str_('Pizza'), np.str_('Pasta')}",{np.str_('Soup')},0.16,0.49,0.81
{np.str_('Burger')},{np.str_('Ketchup')},0.046,0.15,1.23
{np.str_('Pizza')},{np.str_('Fries')},0.04,0.5,1.19
{np.str_('Pizza')},{np.str_('Soup')},0.182,0.42,1.03
"{np.str_('Fries'), np.str_('Salad')}",{np.str_('Burger')},0.185,0.2,1.27
"{np.str_('Ketchup'), np.str_('Pasta')}",{np.str_('Pizza')},0.2,0.35,1.06
"{np.str_('IceCream'), np.str_('Soup')}",{np.str_('Ketchup')},0.173,0.2,1.16
"{np.str_('Fries'), np.str_('Sandwich')}",{np.str_('Soup')},0.263,0.24,0.97
"{np.str_('Pizza'), np.str_('Burger')}",{np.str_('Fries')},0.227,0.48,0.8
"{np.str_('Pizza'), np.str_('Sandwich')}",{np.str_('IceCream')},0.3,0.15,0.81
{np.str_('Coke')},{np.str_('Ketchup')},0.171,0.38,1.47
"{np.str_('Fries'), np.str_('Soup')}",{np.str_('Pasta')},0.131,0.36,1.17
{np.str_('Ketchup')},{np.str_('Coke')},0.048,0.82,1.28
"{np.str_('Coke'), np.str_('Salad')}",{np.str_('Pasta')},0.081,0.35,1.42
{np.str_('Fries')},{np.str_('Pasta')},0.19,0.13,1.49
{np.str_('Salad')},{np.str_('Pizza')},0.24,0.75,1.42
{np.str_('Pizza')},{np.str_('Fries')},0.067,0.73,1.45
{np.str_('Fries')},{np.str_('Sandwich')},0.169,0.23,1.03
"{np.str_('Fries'), np.str_('IceCream')}",{np.str_('Coke')},0.281,0.7,1.35
"{np.str_('Fries'), np.str_('Pizza')}",{np.str_('Coke')},0.201,0.86,0.92
{np.str_('Soup')},{np.str_('Sandwich')},0.223,0.83,0.86
{np.str_('IceCream')},{np.str_('Soup')},0.045,0.2,1.38
"{np.str_('Fries'), np.str_('Ketchup')}",{np.str_('Salad')},0.212,0.29,1.44
"{np.str_('Pasta'), np.str_('Soup')}",{np.str_('Burger')},0.157,0.7,1.48
"{np.str_('Pizza'), np.str_('Soup')}",{np.str_('Fries')},0.06,0.88,1.3
"{np.str_('IceCream'), np.str_('Sandwich')}",{np.str_('Burger')},0.252,0.46,1.06
{np.str_('Sandwich')},{np.str_('IceCream')},0.234,0.34,0.88
{np.str_('Sandwich')},{np.str_('Coke')},0.064,0.41,1.36
{np.str_('Salad')},{np.str_('IceCream')},0.127,0.85,0.81
{np.str_('Fries')},{np.str_('Ketchup')},0.257,0.13,1.49
"{np.str_('Fries'), np.str_('Salad')}",{np.str_('Coke')},0.252,0.83,1.26
{np.str_('Burger')},{np.str_('Soup')},0.124,0.48,1.26
{np.str_('Soup')},{np.str_('Burger')},0.274,0.7,0.83
"{np.str_('Ketchup'), np.str_('Burger')}",{np.str_('IceCream')},0.274,0.71,1.12
"{np.str_('Ketchup'), np.str_('Salad')}",{np.str_('Sandwich')},0.05,0.62,1.47
"{np.str_('Burger'), np.str_('Soup')}",{np.str_('IceCream')},0.192,0.56,1.1
{np.str_('Coke')},{np.str_('Pizza')},0.139,0.75,1.14
"{np.str_('Coke'), np.str_('IceCream')}",{np.str_('Burger')},0.034,0.85,1.29
{np.str_('Salad')},{np.str_('Coke')},0.082,0.11,0.93
"{np.str_('Pizza'), np.str_('Fries')}",{np.str_('Coke')},0.16,0.2,0.87
"{np.str_('Pasta'), np.str_('Sandwich')}",{np.str_('Coke')},0.155,0.79,1.05
"{np.str_('Pasta'), np.str_('Sandwich')}",{np.str_('Salad')},0.213,0.85,1.12
{np.str_('Coke')},{np.str_('Burger')},0.217,0.81,1.1
"{np.str_('Fries'), np.str_('Sandwich')}",{np.str_('Coke')},0.232,0.79,1.36
{np.str_('IceCream')},{np.str_('Fries')},0.125,0.86,1.14
{np.str_('Burger')},{np.str_('IceCream')},0.259,0.45,1.0
{np.str_('Ketchup')},{np.str_('Salad')},0.064,0.81,1.04
{np.str_('Burger')},{np.str_('Soup')},0.24,0.45,1.48
{np.str_('Soup')},{np.str_('Pasta')},0.012,0.43,1.39
{np.str_('Sandwich')},{np.str_('Burger')},0.297,0.72,1.0
{np.str_('IceCream')},{np.str_('Salad')},0.051,0.53,0.88
"{np.str_('Fries'), np.str_('Sandwich')}",{np.str_('Pasta')},0.215,0.52,0.88
"{np.str_('Pasta'), np.str_('Soup')}",{np.str_('Ketchup')},0.018,0.18,1.29
"{np.str_('Fries'), np.str_('IceCream')}",{np.str_('Ketchup')},0.038,0.31,1.15
"{np.str_('Ketchup'), np.str_('Salad')}",{np.str_('Fries')},0.021,0.72,1.17
"{np.str_('Fries'), np.str_('Salad')}",{np.str_('Soup')},0.092,0.47,1.18
"{np.str_('Soup'), np.str_('IceCream')}",{np.str_('Ketchup')},0.237,0.74,0.87
"{np.str_('Fries'), np.str_('Sandwich')}",{np.str_('Soup')},0.187,0.48,1.32
{np.str_('Salad')},{np.str_('Ketchup')},0.132,0.8,1.03
{np.str_('IceCream')},{np.str_('Soup')},0.259,0.19,0.88
{np.str_('Burger')},{np.str_('IceCream')},0.028,0.82,0.83
{np.str_('Soup')},{np.str_('Pizza')},0.065,0.6,1.39
"{np.str_('Ketchup'), np.str_('Burger')}",{np.str_('Fries')},0.13,0.12,1.09
{np.str_('Pasta')},{np.str_('Sandwich')},0.129,0.19,0.88
{np.str_('Fries')},{np.str_('Burger')},0.263,0.87,1.24
{np.str_('Sandwich')},{np.str_('Burger')},0.036,0.5,1.5
"{np.str_('Pizza'), np.str_('IceCream')}",{np.str_('Coke')},0.269,0.12,0.82
"{np.str_('Pasta'), np.str_('Sandwich')}",{np.str_('Salad')},0.167,0.46,1.17
{np.str_('Sandwich')},{np.str_('Pizza')},0.097,0.59,1.39
{np.str_('Coke')},{np.str_('Pasta')},0.1,0.3,1.02
"{np.str_('Pizza'), np.str_('Pasta')}",{np.str_('Coke')},0.056,0.76,1.23
{np.str_('Pizza')},{np.str_('Soup')},0.123,0.3,1.01
"{np.str_('Burger'), np.str_('Sandwich')}",{np.str_('Salad')},0.182,0.35,1.09
"{np.str_('Fries'), np.str_('Coke')}",{np.str_('Pizza')},0.038,0.48,1.48
{np.str_('Pizza')},{np.str_('Ketchup')},0.017,0.88,1.23
{np.str_('Pizza')},{np.str_('Burger')},0.191,0.45,0.91
"{np.str_('Coke'), np.str_('IceCream')}",{np.str_('Ketchup')},0.064,0.33,1.31
{np.str_('Salad')},{np.str_('Soup')},0.285,0.84,0.98
{np.str_('Pizza')},{np.str_('Coke')},0.023,0.77,1.2
{np.str_('Sandwich')},{np.str_('IceCream')},0.176,0.4,1.5
"{np.str_('Soup'), np.str_('Salad')}",{np.str_('Burger')},0.21,0.21,1.48
{np.str_('Burger')},{np.str_('Salad')},0.23,0.36,1.2
{np.str_('Burger')},{np.str_('Soup')},0.16,0.38,0.92
{np.str_('Coke')},{np.str_('Salad')},0.251,0.86,0.85
"{np.str_('Coke'), np.str_('Soup')}",{np.str_('Sandwich')},0.167,0.16,1.47
{np.str_('Coke')},{np.str_('IceCream')},0.141,0.35,1.19
{np.str_('Salad')},{np.str_('Burger')},0.15,0.79,0.97
{np.str_('Soup')},{np.str_('Pasta')},0.195,0.15,1.04
"{np.str_('IceCream'), np.str_('Sandwich')}",{np.str_('Burger')},0.06,0.38,1.46
"{np.str_('Burger'), np.str_('IceCream')}",{np.str_('Coke')},0.044,0.46,0.89
{np.str_('Soup')},{np.str_('Sandwich')},0.047,0.67,1.34
"{np.str_('Ketchup'), np.str_('Burger')}",{np.str_('Coke')},0.157,0.11,1.4
"{np.str_('Burger'), np.str_('Soup')}",{np.str_('Pizza')},0.113,0.49,1.18
{np.str_('Coke')},{np.str_('Pizza')},0.102,0.2,1.43
"{np.str_('Coke'), np.str_('Sandwich')}",{np.str_('Ketchup')},0.291,0.61,0.87
{np.str_('IceCream')},{np.str_('Sandwich')},0.201,0.51,0.92
"{np.str_('Pizza'), np.str_('Soup')}",{np.str_('Ketchup')},0.028,0.26,1.23
"{np.str_('Burger'), np.str_('Salad')}",{np.str_('Sandwich')},0.14,0.12,0.88
"{np.str_('Coke'), np.str_('Sandwich')}",{np.str_('Pasta')},0.039,0.41,0.85
{np.str_('Coke')},{np.str_('Ketchup')},0.144,0.67,1.31
"{np.str_('Pizza'), np.str_('Ketchup')}",{np.str_('Sandwich')},0.071,0.73,1.1
"{np.str_('Ketchup'), np.str_('Pasta')}",{np.str_('IceCream')},0.043,0.23,0.8
"{np.str_('Coke'), np.str_('Soup')}",{np.str_('Ketchup')},0.232,0.73,1.11
"{np.str_('Fries'), np.str_('Pasta')}",{np.str_('Burger')},0.246,0.71,1.15
"{np.str_('Ketchup'), np.str_('Coke')}",{np.str_('Salad')},0.272,0.31,0.85
"{np.str_('Pizza'), np.str_('Coke')}",{np.str_('Fries')},0.046,0.49,1.33
{np.str_('Pizza')},{np.str_('Salad')},0.242,0.39,0.93
"{np.str_('Pizza'), np.str_('Coke')}",{np.str_('Burger')},0.075,0.73,1.07
"{np.str_('Pizza'), np.str_('Pasta')}",{np.str_('Fries')},0.055,0.81,0.93
"{np.str_('Fries'), np.str_('IceCream')}",{np.str_('Salad')},0.26,0.89,1.22
"{np.str_('Coke'), np.str_('Salad')}",{np.str_('Sandwich')},0.17,0.16,0.84
{np.str_('Coke')},{np.str_('Pasta')},0.059,0.63,1.44
"{np.str_('Pasta'), np.str_('IceCream')}",{np.str_('Fries')},0.215,0.79,1.28
"{np.str_('Fries'), np.str_('Salad')}",{np.str_('IceCream')},0.143,0.73,1.31
{np.str_('Pasta')},{np.str_('Sandwich')},0.277,0.49,1.34
"{np.str_('Pizza'), np.str_('Pasta')}",{np.str_('Salad')},0.03,0.83,1.43
{np.str_('Coke')},{np.str_('Pizza')},0.018,0.43,0.91
"{np.str_('Coke'), np.str_('Pasta')}",{np.str_('IceCream')},0.219,0.2,1.12
"{np.str_('Fries'), np.str_('Sandwich')}",{np.str_('Coke')},0.026,0.89,1.34
"{np.str_('Pizza'), np.str_('Salad')}",{np.str_('Burger')},0.098,0.29,1.48
"{np.str_('Burger'), np.str_('Sandwich')}",{np.str_('IceCream')},0.058,0.2,1.12
"{np.str_('Fries'), np.str_('Soup')}",{np.str_('Ketchup')},0.037,0.47,1.3
{np.str_('Burger')},{np.str_('Sandwich')},0.228,0.23,1.12
{np.str_('Soup')},{np.str_('Sandwich')},0.114,0.66,1.41
{np.str_('Sandwich')},{np.str_('Pasta')},0.107,0.7,1.32
"{np.str_('Pizza'), np.str_('Soup')}",{np.str_('Ketchup')},0.022,0.41,1.41
{np.str_('Sandwich')},{np.str_('Ketchup')},0.108,0.75,1.19
"{np.str_('Pizza'), np.str_('Fries')}",{np.str_('Burger')},0.028,0.74,1.45
"{np.str_('Pizza'), np.str_('Sandwich')}",{np.str_('Burger')},0.119,0.86,0.92
{np.str_('Soup')},{np.str_('Pasta')},0.294,0.39,1.18
"{np.str_('Ketchup'), np.str_('Burger')}",{np.str_('Soup')},0.053,0.75,0.91
{np.str_('IceCream')},{np.str_('Salad')},0.095,0.15,1.08
{np.str_('Ketchup')},{np.str_('Burger')},0.204,0.25,1.26
"{np.str_('Sandwich'), np.str_('Salad')}",{np.str_('Pasta')},0.231,0.18,1.28
"{np.str_('Soup'), np.str_('Sandwich')}",{np.str_('Fries')},0.035,0.79,0.89
"{np.str_('Pasta'), np.str_('Soup')}",{np.str_('Burger')},0.122,0.18,1.37
"{np.str_('Fries'), np.str_('Salad')}",{np.str_('IceCream')},0.102,0.69,0.97
"{np.str_('Fries'), np.str_('Sandwich')}",{np.str_('Soup')},0.066,0.32,1.27
"{np.str_('Pasta'), np.str_('IceCream')}",{np.str_('Pizza')},0.262,0.55,0.92
{np.str_('Fries')},{np.str_('Pasta')},0.257,0.63,1.02
"{np.str_('Pasta'), np.str_('Salad')}",{np.str_('Burger')},0.179,0.27,1.06
"{np.str_('Ketchup'), np.str_('Coke')}",{np.str_('Burger')},0.061,0.65,1.44
{np.str_('Burger')},{np.str_('Coke')},0.119,0.69,1.06
"{np.str_('Ketchup'), np.str_('Pasta')}",{np.str_('Soup')},0.247,0.47,1.15
"{np.str_('Ketchup'), np.str_('Pasta')}",{np.str_('Soup')},0.219,0.18,1.23
"{np.str_('Fries'), np.str_('Salad')}",{np.str_('Burger')},0.23,0.21,1.47
"{np.str_('Pasta'), np.str_('IceCream')}",{np.str_('Sandwich')},0.105,0.59,1.18
"{np.str_('Pizza'), np.str_('Sandwich')}",{np.str_('Pasta')},0.288,0.54,1.01
"{np.str_('Fries'), np.str_('Burger')}",{np.str_('Pasta')},0.182,0.61,1.25
{np.str_('Ketchup')},{np.str_('Salad')},0.076,0.37,1.0
"{np.str_('Ketchup'), np.str_('Sandwich')}",{np.str_('Salad')},0.215,0.34,1.46
{np.str_('Coke')},{np.str_('Soup')},0.041,0.58,1.42
{np.str_('Ketchup')},{np.str_('Soup')},0.277,0.29,1.3
"{np.str_('Burger'), np.str_('Pasta')}",{np.str_('Fries')},0.168,0.37,1.03
"{np.str_('Pasta'), np.str_('Salad')}",{np.str_('Coke')},0.15,0.74,1.35
"{np.str_('Ketchup'), np.str_('Burger')}",{np.str_('Salad')},0.097,0.18,0.93
{np.str_('Coke')},{np.str_('Pizza')},0.089,0.29,1.15
"{np.str_('Burger'), np.str_('Sandwich')}",{np.str_('Salad')},0.11,0.3,1.17
"{np.str_('Coke'), np.str_('Pasta')}",{np.str_('Burger')},0.276,0.33,1.24
{np.str_('Burger')},{np.str_('Sandwich')},0.038,0.28,0.98
"{np.str_('Pasta'), np.str_('Sandwich')}",{np.str_('Ketchup')},0.019,0.38,1.18
{np.str_('Ketchup')},{np.str_('Fries')},0.055,0.39,1.09
{np.str_('Pasta')},{np.str_('Soup')},0.269,0.52,0.86
{np.str_('Soup')},{np.str_('Pasta')},0.219,0.87,0.88
"{np.str_('Fries'), np.str_('Burger')}",{np.str_('Sandwich')},0.27,0.53,1.32
{np.str_('Coke')},{np.str_('Fries')},0.17,0.49,1.37
"{np.str_('Burger'), np.str_('Sandwich')}",{np.str_('Pizza')},0.165,0.63,1.09
"{np.str_('Ketchup'), np.str_('Sandwich')}",{np.str_('IceCream')},0.252,0.63,1.05
{np.str_('Burger')},{np.str_('Sandwich')},0.239,0.23,1.44
{np.str_('Fries')},{np.str_('IceCream')},0.135,0.86,0.85
{np.str_('Pasta')},{np.str_('Fries')},0.272,0.88,1.22
"{np.str_('Burger'), np.str_('Sandwich')}",{np.str_('IceCream')},0.033,0.38,1.01
{np.str_('Coke')},{np.str_('Ketchup')},0.082,0.66,0.86
"{np.str_('Pizza'), np.str_('Salad')}",{np.str_('Sandwich')},0.051,0.75,1.33
{np.str_('Ketchup')},{np.str_('Soup')},0.194,0.2,0.88
"{np.str_('Burger'), np.str_('Coke')}",{np.str_('Soup')},0.234,0.75,1.3
{np.str_('Soup')},{np.str_('Salad')},0.134,0.53,0.84
"{np.str_('Soup'), np.str_('IceCream')}",{np.str_('Fries')},0.234,0.4,1.24
"{np.str_('Pizza'), np.str_('Salad')}",{np.str_('Pasta')},0.299,0.9,1.22
"{np.str_('Burger'), np.str_('Sandwich')}",{np.str_('Ketchup')},0.11,0.34,1.4
{np.str_('Coke')},{np.str_('Pizza')},0.063,0.87,0.85
{np.str_('Fries')},{np.str_('Burger')},0.272,0.49,0.91
{np.str_('Fries')},{np.str_('Coke')},0.068,0.46,0.86
"{np.str_('Ketchup'), np.str_('IceCream')}",{np.str_('Sandwich')},0.019,0.71,1.19
{np.str_('Burger')},{np.str_('Soup')},0.154,0.14,1.33
"{np.str_('Pizza'), np.str_('Burger')}",{np.str_('IceCream')},0.111,0.6,1.28
{np.str_('Coke')},{np.str_('IceCream')},0.031,0.87,1.47
"{np.str_('Pizza'), np.str_('Soup')}",{np.str_('Pasta')},0.125,0.34,0.94
"{np.str_('Fries'), np.str_('Sandwich')}",{np.str_('IceCream')},0.288,0.87,1.43
{np.str_('Burger')},{np.str_('Pasta')},0.178,0.49,1.21
"{np.str_('Pasta'), np.str_('Sandwich')}",{np.str_('Burger')},0.086,0.45,1.24
{np.str_('Pasta')},{np.str_('Soup')},0.054,0.8,1.31
{np.str_('Coke')},{np.str_('IceCream')},0.122,0.12,1.18
"{np.str_('Pizza'), np.str_('Pasta')}",{np.str_('Ketchup')},0.125,0.44,1.2
"{np.str_('Pizza'), np.str_('Pasta')}",{np.str_('Fries')},0.011,0.18,1.1
{np.str_('Fries')},{np.str_('Pizza')},0.299,0.79,1.43
{np.str_('Ketchup')},{np.str_('Soup')},0.291,0.44,1.37
{np.str_('Salad')},{np.str_('Ketchup')},0.234,0.33,1.05
"{np.str_('Ketchup'), np.str_('Coke')}",{np.str_('Pasta')},0.13,0.59,0.93
"{np.str_('Ketchup'), np.str_('Salad')}",{np.str_('Coke')},0.227,0.85,0.88
{np.str_('Sandwich')},{np.str_('Coke')},0.115,0.48,1.04
{np.str_('Ketchup')},{np.str_('Burger')},0.259,0.37,1.31
{np.str_('IceCream')},{np.str_('Soup')},0.065,0.48,1.09
{np.str_('Pasta')},{np.str_('Ketchup')},0.275,0.4,1.31
"{np.str_('Fries'), np.str_('Coke')}",{np.str_('Burger')},0.299,0.25,1.26
{np.str_('Sandwich')},{np.str_('Pizza')},0.234,0.85,1.0
"{np.str_('Coke'), np.str_('Soup')}",{np.str_('Pasta')},0.244,0.43,1.15
{np.str_('Pizza')},{np.str_('Fries')},0.166,0.45,1.06
"{np.str_('Pizza'), np.str_('Burger')}",{np.str_('Coke')},0.298,0.7,1.02
"{np.str_('Pizza'), np.str_('Salad')}",{np.str_('Burger')},0.118,0.79,1.24
"{np.str_('Burger'), np.str_('IceCream')}",{np.str_('Salad')},0.176,0.76,1.01
{np.str_('Soup')},{np.str_('IceCream')},0.072,0.71,1.21
{np.str_('Ketchup')},{np.str_('Fries')},0.209,0.43,1.26
{np.str_('Pasta')},{np.str_('Fries')},0.244,0.2,1.5
"{np.str_('Pizza'), np.str_('Pasta')}",{np.str_('IceCream')},0.263,0.64,0.87
"{np.str_('Pizza'), np.str_('Fries')}",{np.str_('Coke')},0.132,0.4,1.27
{np.str_('IceCream')},{np.str_('Fries')},0.052,0.59,1.16
{np.str_('Pizza')},{np.str_('Pasta')},0.207,0.69,0.95
"{np.str_('Ketchup'), np.str_('Pasta')}",{np.str_('Sandwich')},0.163,0.85,0.99
"{np.str_('Coke'), np.str_('Soup')}",{np.str_('Ketchup')},0.21,0.43,1.05
"{np.str_('Ketchup'), np.str_('Burger')}",{np.str_('Coke')},0.248,0.42,0.83
{np.str_('Soup')},{np.str_('Fries')},0.139,0.67,0.91
{np.str_('Pasta')},{np.str_('Coke')},0.145,0.85,1.0
"{np.str_('Soup'), np.str_('Sandwich')}",{np.str_('Pasta')},0.12,0.49,1.19
{np.str_('Pasta')},{np.str_('Sandwich')},0.04,0.45,1.19
"{np.str_('Coke'), np.str_('Soup')}",{np.str_('Sandwich')},0.089,0.33,1.48
"{np.str_('Pasta'), np.str_('Sandwich')}",{np.str_('Soup')},0.189,0.21,1.48
"{np.str_('Pizza'), np.str_('Sandwich')}",{np.str_('Fries')},0.159,0.5,1.13
{np.str_('Ketchup')},{np.str_('Burger')},0.207,0.36,0.93
{np.str_('Fries')},{np.str_('Sandwich')},0.3,0.38,1.36
"{np.str_('Pizza'), np.str_('Coke')}",{np.str_('Ketchup')},0.017,0.49,1.1
"{np.str_('Pizza'), np.str_('Burger')}",{np.str_('Fries')},0.068,0.87,1.35
{np.str_('Soup')},{np.str_('Fries')},0.14,0.47,1.03
"{np.str_('Fries'), np.str_('IceCream')}",{np.str_('Pizza')},0.157,0.55,1.45
{np.str_('Pasta')},{np.str_('Coke')},0.044,0.52,0.91
{np.str_('Coke')},{np.str_('Salad')},0.17,0.55,1.42
{np.str_('Coke')},{np.str_('Pizza')},0.274,0.39,0.8
"{np.str_('Fries'), np.str_('Coke')}",{np.str_('Pasta')},0.229,0.8,1.33
"{np.str_('IceCream'), np.str_('Sandwich')}",{np.str_('Soup')},0.147,0.5,1.1
"{np.str_('Sandwich'), np.str_('Salad')}",{np.str_('Coke')},0.059,0.71,1.07
"{np.str_('Ketchup'), np.str_('Coke')}",{np.str_('IceCream')},0.07,0.67,1.5
"{np.str_('Fries'), np.str_('Burger')}",{np.str_('Sandwich')},0.119,0.82,1.41
{np.str_('Salad')},{np.str_('Burger')},0.279,0.4,1.08
{np.str_('Burger')},{np.str_('Pizza')},0.156,0.24,1.29
"{np.str_('Pasta'), np.str_('Salad')}",{np.str_('Burger')},0.128,0.83,1.39
{np.str_('Sandwich')},{np.str_('Salad')},0.247,0.25,1.37
"{np.str_('Pasta'), np.str_('Salad')}",{np.str_('Pizza')},0.065,0.27,1.32
{np.str_('Pasta')},{np.str_('Pizza')},0.012,0.15,0.99
"{np.str_('Coke'), np.str_('Soup')}",{np.str_('Pasta')},0.291,0.79,1.32
"{np.str_('Fries'), np.str_('Sandwich')}",{np.str_('Pasta')},0.164,0.37,0.91
{np.str_('IceCream')},{np.str_('Burger')},0.177,0.34,1.46
"{np.str_('Burger'), np.str_('Soup')}",{np.str_('Fries')},0.098,0.22,1.05
{np.str_('Sandwich')},{np.str_('Coke')},0.2,0.75,1.13
{np.str_('Ketchup')},{np.str_('Salad')},0.088,0.89,0.93
"{np.str_('Pizza'), np.str_('IceCream')}",{np.str_('Ketchup')},0.056,0.8,1.5
"{np.str_('Ketchup'), np.str_('Soup')}",{np.str_('Sandwich')},0.047,0.23,1.38
"{np.str_('Burger'), np.str_('Soup')}",{np.str_('Sandwich')},0.23,0.79,0.9
"{np.str_('IceCream'), np.str_('Soup')}",{np.str_('Salad')},0.199,0.74,1.45
"{np.str_('Coke'), np.str_('IceCream')}",{np.str_('Soup')},0.188,0.37,0.92
{np.str_('Sandwich')},{np.str_('Pasta')},0.237,0.62,0.85
"{np.str_('Ketchup'), np.str_('Salad')}",{np.str_('Burger')},0.296,0.17,1.27
"{np.str_('Ketchup'), np.str_('Salad')}",{np.str_('Soup')},0.197,0.8,1.12
{np.str_('Pizza')},{np.str_('Burger')},0.021,0.32,0.9
"{np.str_('Burger'), np.str_('Pasta')}",{np.str_('Pizza')},0.271,0.59,1.15
"{np.str_('Pizza'), np.str_('Coke')}",{np.str_('Burger')},0.148,0.19,1.12
{np.str_('Pizza')},{np.str_('Ketchup')},0.236,0.73,1.38
{np.str_('Pasta')},{np.str_('Burger')},0.187,0.18,1.15
"{np.str_('Soup'), np.str_('Sandwich')}",{np.str_('Pasta')},0.026,0.84,1.14
"{np.str_('Ketchup'), np.str_('Pasta')}",{np.str_('Burger')},0.072,0.33,1.26
{np.str_('Burger')},{np.str_('IceCream')},0.232,0.3,0.91
{np.str_('Ketchup')},{np.str_('Pasta')},0.272,0.69,1.47
{np.str_('Fries')},{np.str_('Sandwich')},0.15,0.39,1.09
{np.str_('Pasta')},{np.str_('Burger')},0.264,0.1,1.04
"{np.str_('Burger'), np.str_('Soup')}",{np.str_('Coke')},0.017,0.34,0.87
"{np.str_('Ketchup'), np.str_('Pasta')}",{np.str_('Soup')},0.264,0.24,1.24
{np.str_('Coke')},{np.str_('Burger')},0.046,0.34,1.2
{np.str_('Soup')},{np.str_('Pizza')},0.225,0.52,1.46
"{np.str_('Ketchup'), np.str_('Soup')}",{np.str_('Pasta')},0.117,0.56,1.49
{np.str_('Sandwich')},{np.str_('Pasta')},0.293,0.22,1.5
"{np.str_('Soup'), np.str_('IceCream')}",{np.str_('Sandwich')},0.063,0.72,1.04
"{np.str_('Burger'), np.str_('Pasta')}",{np.str_('Soup')},0.038,0.46,0.88
{np.str_('Pasta')},{np.str_('Salad')},0.22,0.11,1.02
{np.str_('Pizza')},{np.str_('Salad')},0.04,0.37,0.93
"{np.str_('Pizza'), np.str_('Fries')}",{np.str_('Coke')},0.179,0.13,1.01
{np.str_('Pasta')},{np.str_('IceCream')},0.255,0.15,1.03
{np.str_('Salad')},{np.str_('Pizza')},0.143,0.69,1.21
"{np.str_('Burger'), np.str_('IceCream')}",{np.str_('Pizza')},0.16,0.68,0.92
{np.str_('Burger')},{np.str_('Sandwich')},0.017,0.24,1.18
"{np.str_('Pasta'), np.str_('Soup')}",{np.str_('Ketchup')},0.287,0.8,1.22
"{np.str_('Coke'), np.str_('Sandwich')}",{np.str_('Pizza')},0.084,0.56,1.29
"{np.str_('Fries'), np.str_('Coke')}",{np.str_('Burger')},0.185,0.37,1.35
"{np.str_('Coke'), np.str_('Soup')}",{np.str_('Pasta')},0.013,0.17,0.96
{np.str_('Pasta')},{np.str_('IceCream')},0.12,0.37,1.24
"{np.str_('Pasta'), np.str_('Soup')}",{np.str_('Ketchup')},0.202,0.82,0.88
{np.str_('IceCream')},{np.str_('Sandwich')},0.063,0.49,0.94
"{np.str_('Pizza'), np.str_('Sandwich')}",{np.str_('Pasta')},0.091,0.24,1.29
{np.str_('Salad')},{np.str_('Ketchup')},0.232,0.26,1.04
{np.str_('Pasta')},{np.str_('Sandwich')},0.239,0.43,1.25
"{np.str_('Pizza'), np.str_('Coke')}",{np.str_('Pasta')},0.015,0.7,0.83
"{np.str_('Fries'), np.str_('Sandwich')}",{np.str_('Pasta')},0.283,0.27,0.85
"{np.str_('Ketchup'), np.str_('Burger')}",{np.str_('Fries')},0.171,0.55,1.36
{np.str_('Pizza')},{np.str_('Ketchup')},0.145,0.45,1.14
{np.str_('Burger')},{np.str_('Sandwich')},0.124,0.87,1.18
"{np.str_('Coke'), np.str_('Soup')}",{np.str_('Burger')},0.137,0.66,1.43
"{np.str_('Coke'), np.str_('Soup')}",{np.str_('Salad')},0.248,0.67,1.49
{np.str_('Burger')},{np.str_('Ketchup')},0.051,0.74,1.2
"{np.str_('Burger'), np.str_('Salad')}",{np.str_('Sandwich')},0.235,0.33,0.83
"{np.str_('Fries'), np.str_('Soup')}",{np.str_('Pizza')},0.265,0.58,1.48
"{np.str_('Coke'), np.str_('Soup')}",{np.str_('Burger')},0.193,0.54,1.16
{np.str_('Pasta')},{np.str_('Salad')},0.21,0.5,0.94
{np.str_('Soup')},{np.str_('Salad')},0.053,0.67,1.1
{np.str_('Ketchup')},{np.str_('Soup')},0.099,0.11,1.43
"{np.str_('Coke'), np.str_('Burger')}",{np.str_('Pasta')},0.074,0.43,1.38
{np.str_('Salad')},{np.str_('Sandwich')},0.077,0.62,0.91
{np.str_('Pizza')},{np.str_('Fries')},0.286,0.16,1.29
{np.str_('Coke')},{np.str_('Sandwich')},0.179,0.84,1.27
"{np.str_('Soup'), np.str_('Sandwich')}",{np.str_('Burger')},0.014,0.55,1.41
"{np.str_('Soup'), np.str_('Sandwich')}",{np.str_('Salad')},0.237,0.72,0.83
{np.str_('Ketchup')},{np.str_('Sandwich')},0.137,0.85,0.98
{np.str_('Pizza')},{np.str_('IceCream')},0.19,0.89,1.49
{np.str_('Fries')},{np.str_('Pizza')},0.025,0.31,1.15
{np.str_('Soup')},{np.str_('Sandwich')},0.198,0.59,1.06
{np.str_('Pasta')},{np.str_('Burger')},0.262,0.47,1.26
"{np.str_('Coke'), np.str_('Salad')}",{np.str_('Pasta')},0.026,0.69,1.22
"{np.str_('Pizza'), np.str_('Ketchup')}",{np.str_('IceCream')},0.225,0.5,0.83
{np.str_('IceCream')},{np.str_('Salad')},0.249,0.26,1.19
"{np.str_('Soup'), np.str_('Salad')}",{np.str_('Sandwich')},0.16,0.86,1.15
"{np.str_('Fries'), np.str_('Pasta')}",{np.str_('Ketchup')},0.08,0.63,1.38
"{np.str_('Fries'), np.str_('Salad')}",{np.str_('Soup')},0.283,0.88,1.48
{np.str_('Fries')},{np.str_('Pasta')},0.161,0.47,0.85
{np.str_('Burger')},{np.str_('Ketchup')},0.039,0.87,1.17
{np.str_('Pizza')},{np.str_('Burger')},0.192,0.8,0.88
"{np.str_('Fries'), np.str_('Salad')}",{np.str_('Sandwich')},0.066,0.15,1.18
"{np.str_('Ketchup'), np.str_('Coke')}",{np.str_('Pasta')},0.052,0.81,1.17
"{np.str_('Fries'), np.str_('Soup')}",{np.str_('Coke')},0.026,0.23,1.42
"{np.str_('Soup'), np.str_('IceCream')}",{np.str_('Pasta')},0.125,0.4,1.18
"{np.str_('Pizza'), np.str_('Coke')}",{np.str_('Burger')},0.281,0.72,1.32
"{np.str_('Coke'), np.str_('Pasta')}",{np.str_('Ketchup')},0.224,0.21,1.03
{np.str_('Salad')},{np.str_('Pizza')},0.125,0.8,0.95
{np.str_('Sandwich')},{np.str_('Pizza')},0.212,0.46,0.96
{np.str_('Ketchup')},{np.str_('IceCream')},0.121,0.73,1.1
{np.str_('Pasta')},{np.str_('Fries')},0.197,0.52,0.95
{np.str_('Coke')},{np.str_('Pizza')},0.141,0.52,1.01
"{np.str_('Fries'), np.str_('Soup')}",{np.str_('Sandwich')},0.207,0.16,1.43
{np.str_('Fries')},{np.str_('Salad')},0.143,0.64,1.11
{np.str_('Coke')},{np.str_('Burger')},0.226,0.28,0.93
"{np.str_('Ketchup'), np.str_('Coke')}",{np.str_('Fries')},0.088,0.31,1.31
"{np.str_('Ketchup'), np.str_('Coke')}",{np.str_('Fries')},0.158,0.37,1.34
{np.str_('Salad')},{np.str_('Coke')},0.241,0.13,0.99
{np.str_('Sandwich')},{np.str_('Pasta')},0.063,0.58,1.1
{np.str_('Ketchup')},{np.str_('Burger')},0.131,0.89,1.22
"{np.str_('Sandwich'), np.str_('Salad')}",{np.str_('Pizza')},0.048,0.76,1.47
{np.str_('Fries')},{np.str_('Pasta')},0.165,0.6,1.06
{np.str_('Salad')},{np.str_('Ketchup')},0.099,0.61,0.9
"{np.str_('Burger'), np.str_('Soup')}",{np.str_('Ketchup')},0.29,0.26,1.31
{np.str_('Pizza')},{np.str_('Soup')},0.054,0.28,0.94
"{np.str_('Burger'), np.str_('Soup')}",{np.str_('Sandwich')},0.121,0.4,1.01
"{np.str_('Pasta'), np.str_('IceCream')}",{np.str_('Soup')},0.156,0.53,1.34
{np.str_('Soup')},{np.str_('Fries')},0.04,0.13,0.84
{np.str_('Ketchup')},{np.str_('Coke')},0.117,0.16,1.03
"{np.str_('Fries'), np.str_('Coke')}",{np.str_('Sandwich')},0.121,0.4,1.43
"{np.str_('Pizza'), np.str_('IceCream')}",{np.str_('Pasta')},0.271,0.16,1.41
"{np.str_('Burger'), np.str_('Pasta')}",{np.str_('Pizza')},0.083,0.85,1.23
{np.str_('Sandwich')},{np.str_('Pizza')},0.236,0.63,0.8
{np.str_('IceCream')},{np.str_('Salad')},0.194,0.36,1.43
"{np.str_('Sandwich'), np.str_('Salad')}",{np.str_('Pasta')},0.182,0.89,1.28
{np.str_('Soup')},{np.str_('Burger')},0.064,0.17,1.42
{np.str_('Pizza')},{np.str_('Burger')},0.023,0.85,1.17
"{np.str_('Ketchup'), np.str_('Salad')}",{np.str_('Pasta')},0.284,0.33,1.07
{np.str_('Ketchup')},{np.str_('Soup')},0.289,0.15,0.85
{np.str_('Pizza')},{np.str_('IceCream')},0.165,0.51,1.24
"{np.str_('Pizza'), np.str_('Pasta')}",{np.str_('Fries')},0.01,0.47,1.08
{np.str_('Salad')},{np.str_('IceCream')},0.206,0.42,1.43
"{np.str_('Soup'), np.str_('Sandwich')}",{np.str_('Coke')},0.084,0.87,1.0
{np.str_('Burger')},{np.str_('IceCream')},0.229,0.15,1.31
{np.str_('Ketchup')},{np.str_('Soup')},0.277,0.25,1.45
{np.str_('Salad')},{np.str_('Coke')},0.21,0.41,1.39
"{np.str_('Fries'), np.str_('Burger')}",{np.str_('Sandwich')},0.04,0.76,1.06
{np.str_('IceCream')},{np.str_('Sandwich')},0.173,0.66,1.17
"{np.str_('Soup'), np.str_('Salad')}",{np.str_('Sandwich')},0.089,0.31,0.87
"{np.str_('Coke'), np.str_('Pasta')}",{np.str_('Salad')},0.242,0.54,1.2
"{np.str_('Coke'), np.str_('Salad')}",{np.str_('IceCream')},0.195,0.2,1.04
{np.str_('Fries')},{np.str_('Salad')},0.196,0.28,1.18
"{np.str_('Coke'), np.str_('IceCream')}",{np.str_('Fries')},0.062,0.17,1.46
"{np.str_('Ketchup'), np.str_('Burger')}",{np.str_('Soup')},0.138,0.12,1.03
{np.str_('Coke')},{np.str_('Salad')},0.179,0.81,1.32
{np.str_('Ketchup')},{np.str_('Sandwich')},0.013,0.22,1.15
{np.str_('Burger')},{np.str_('Pasta')},0.246,0.57,1.22
"{np.str_('Coke'), np.str_('Burger')}",{np.str_('Ketchup')},0.141,0.15,0.94
{np.str_('IceCream')},{np.str_('Sandwich')},0.096,0.61,1.03
{np.str_('Ketchup')},{np.str_('Burger')},0.298,0.35,1.03
"{np.str_('Burger'), np.str_('Soup')}",{np.str_('Sandwich')},0.16,0.55,0.84
{np.str_('Coke')},{np.str_('Fries')},0.297,0.38,1.47
"{np.str_('Pasta'), np.str_('Sandwich')}",{np.str_('Fries')},0.035,0.82,1.14
{np.str_('Pasta')},{np.str_('Burger')},0.275,0.11,1.02
"{np.str_('Burger'), np.str_('IceCream')}",{np.str_('Pasta')},0.298,0.24,0.93
{np.str_('Ketchup')},{np.str_('Soup')},0.138,0.52,0.89
{np.str_('Salad')},{np.str_('Fries')},0.241,0.48,0.81
{np.str_('Fries')},{np.str_('Pasta')},0.127,0.8,1.14
{np.str_('Pizza')},{np.str_('Ketchup')},0.102,0.59,1.41
"{np.str_('Pasta'), np.str_('Soup')}",{np.str_('Ketchup')},0.021,0.59,1.32
"{np.str_('Pizza'), np.str_('Coke')}",{np.str_('IceCream')},0.254,0.36,1.11
"{np.str_('Sandwich'), np.str_('Salad')}",{np.str_('Soup')},0.018,0.67,1.11
"{np.str_('Fries'), np.str_('Sandwich')}",{np.str_('Pizza')},0.179,0.79,1.5
{np.str_('Soup')},{np.str_('Fries')},0.18,0.65,1.35
{np.str_('Burger')},{np.str_('Fries')},0.083,0.45,1.15
{np.str_('Pizza')},{np.str_('Ketchup')},0.227,0.79,0.97
"{np.str_('Ketchup'), np.str_('Burger')}",{np.str_('Fries')},0.215,0.85,0.89
{np.str_('Fries')},{np.str_('Sandwich')},0.076,0.83,1.34
{np.str_('Fries')},{np.str_('Salad')},0.296,0.25,1.31
{np.str_('Coke')},{np.str_('Salad')},0.08,0.6,1.31
"{np.str_('Pasta'), np.str_('Sandwich')}",{np.str_('Fries')},0.207,0.63,1.27
{np.str_('Pasta')},{np.str_('Sandwich')},0.053,0.22,1.44
{np.str_('Salad')},{np.str_('Pasta')},0.222,0.67,0.94
"{np.str_('Pizza'), np.str_('IceCream')}",{np.str_('Soup')},0.226,0.69,0.96
"{np.str_('Ketchup'), np.str_('Salad')}",{np.str_('Fries')},0.185,0.5,1.42
"{np.str_('Coke'), np.str_('Pasta')}",{np.str_('Ketchup')},0.105,0.36,1.11
{np.str_('Soup')},{np.str_('Ketchup')},0.128,0.34,0.98
"{np.str_('Coke'), np.str_('IceCream')}",{np.str_('Salad')},0.125,0.62,0.97
{np.str_('Pizza')},{np.str_('Soup')},0.213,0.44,1.0
{np.str_('IceCream')},{np.str_('Sandwich')},0.06,0.5,1.0
"{np.str_('IceCream'), np.str_('Soup')}",{np.str_('Salad')},0.253,0.17,1.04
"{np.str_('Ketchup'), np.str_('Burger')}",{np.str_('Coke')},0.267,0.5,0.92
"{np.str_('Burger'), np.str_('Salad')}",{np.str_('IceCream')},0.136,0.57,1.44
{np.str_('Burger')},{np.str_('Coke')},0.194,0.37,0.93
{np.str_('Sandwich')},{np.str_('Salad')},0.178,0.71,1.09
{np.str_('Sandwich')},{np.str_('Salad')},0.039,0.62,1.06
{np.str_('Soup')},{np.str_('Coke')},0.042,0.76,1.43
"{np.str_('Soup'), np.str_('Salad')}",{np.str_('Sandwich')},0.267,0.75,0.9
{np.str_('Soup')},{np.str_('Burger')},0.21,0.43,1.15
"{np.str_('Coke'), np.str_('Salad')}",{np.str_('Burger')},0.225,0.31,1.48
{np.str_('Ketchup')},{np.str_('Coke')},0.184,0.53,0.95
{np.str_('Coke')},{np.str_('Pasta')},0.034,0.2,0.83
{np.str_('IceCream')},{np.str_('Salad')},0.074,0.26,1.06
"{np.str_('Fries'), np.str_('Salad')}",{np.str_('Sandwich')},0.125,0.27,0.84
"{np.str_('Pizza'), np.str_('Ketchup')}",{np.str_('Fries')},0.029,0.88,1.29
{np.str_('Soup')},{np.str_('Burger')},0.168,0.6,1.47
"{np.str_('Soup'), np.str_('Salad')}",{np.str_('Pasta')},0.063,0.9,0.82
{np.str_('Burger')},{np.str_('Ketchup')},0.142,0.48,0.89
"{np.str_('Pizza'), np.str_('IceCream')}",{np.str_('Pasta')},0.297,0.75,1.18
{np.str_('Burger')},{np.str_('Ketchup')},0.255,0.52,0.82
"{np.str_('Ketchup'), np.str_('IceCream')}",{np.str_('Salad')},0.22,0.66,1.37
{np.str_('Pasta')},{np.str_('Pizza')},0.289,0.2,1.21
{np.str_('Soup')},{np.str_('Salad')},0.154,0.44,1.3
{np.str_('Burger')},{np.str_('Pizza')},0.067,0.32,1.42
{np.str_('Pizza')},{np.str_('Salad')},0.012,0.51,0.8
"{np.str_('Pasta'), np.str_('Soup')}",{np.str_('Burger')},0.26,0.53,1.07
"{np.str_('Pizza'), np.str_('Burger')}",{np.str_('Soup')},0.123,0.29,1.35
"{np.str_('Burger'), np.str_('Soup')}",{np.str_('Salad')},0.228,0.46,1.35
"{np.str_('Fries'), np.str_('Burger')}",{np.str_('Sandwich')},0.285,0.39,0.9
"{np.str_('Ketchup'), np.str_('Soup')}",{np.str_('Burger')},0.157,0.76,0.9
"{np.str_('IceCream'), np.str_('Sandwich')}",{np.str_('Burger')},0.104,0.37,1.42
"{np.str_('Pizza'), np.str_('Coke')}",{np.str_('Sandwich')},0.073,0.77,1.13
"{np.str_('Ketchup'), np.str_('IceCream')}",{np.str_('Coke')},0.289,0.13,1.4
{np.str_('Salad')},{np.str_('Sandwich')},0.177,0.64,1.09
{np.str_('Burger')},{np.str_('Soup')},0.142,0.22,1.48
"{np.str_('IceCream'), np.str_('Salad')}",{np.str_('Sandwich')},0.046,0.78,0.83
{np.str_('Coke')},{np.str_('Fries')},0.017,0.8,1.17
{np.str_('IceCream')},{np.str_('Pasta')},0.213,0.6,1.07
{np.str_('Fries')},{np.str_('Pasta')},0.107,0.43,1.28
"{np.str_('Pizza'), np.str_('Ketchup')}",{np.str_('IceCream')},0.221,0.84,1.26
{np.str_('Burger')},{np.str_('Pasta')},0.274,0.82,1.04
"{np.str_('Pizza'), np.str_('Soup')}",{np.str_('Coke')},0.138,0.66,1.34
"{np.str_('Fries'), np.str_('Sandwich')}",{np.str_('Coke')},0.202,0.85,1.37
"{np.str_('Pizza'), np.str_('Coke')}",{np.str_('Sandwich')},0.013,0.5,1.37
{np.str_('Pizza')},{np.str_('Salad')},0.245,0.21,1.31
"{np.str_('Fries'), np.str_('Pizza')}",{np.str_('Coke')},0.26,0.2,1.26
"{np.str_('Fries'), np.str_('Pizza')}",{np.str_('Ketchup')},0.298,0.66,0.89
"{np.str_('Ketchup'), np.str_('Coke')}",{np.str_('Sandwich')},0.16,0.27,0.95
{np.str_('Sandwich')},{np.str_('Soup')},0.197,0.77,1.03
{np.str_('Pasta')},{np.str_('Ketchup')},0.078,0.52,1.1
{np.str_('Soup')},{np.str_('Pasta')},0.116,0.82,1.27
{np.str_('Ketchup')},{np.str_('Pizza')},0.045,0.81,1.36
"{np.str_('Ketchup'), np.str_('Burger')}",{np.str_('Sandwich')},0.018,0.75,1.35
"{np.str_('Ketchup'), np.str_('Coke')}",{np.str_('Fries')},0.077,0.48,0.95
"{np.str_('Ketchup'), np.str_('Burger')}",{np.str_('Soup')},0.073,0.84,0.89
{np.str_('Soup')},{np.str_('Pasta')},0.166,0.85,0.93
"{np.str_('Pasta'), np.str_('Soup')}",{np.str_('Ketchup')},0.272,0.57,1.45
{np.str_('Salad')},{np.str_('IceCream')},0.28,0.57,1.23
"{np.str_('Burger'), np.str_('Pasta')}",{np.str_('Coke')},0.099,0.64,0.82
{np.str_('Fries')},{np.str_('Salad')},0.136,0.48,1.09
{np.str_('Ketchup')},{np.str_('Salad')},0.096,0.6,1.38
"{np.str_('Pizza'), np.str_('Fries')}",{np.str_('Ketchup')},0.067,0.72,1.28
{np.str_('Salad')},{np.str_('Fries')},0.26,0.82,1.4
"{np.str_('Ketchup'), np.str_('Coke')}",{np.str_('Fries')},0.168,0.34,1.06
{np.str_('Pizza')},{np.str_('IceCream')},0.215,0.51,1.24
"{np.str_('Coke'), np.str_('Soup')}",{np.str_('Salad')},0.016,0.26,1.47
"{np.str_('Fries'), np.str_('Salad')}",{np.str_('Pasta')},0.237,0.55,1.03
"{np.str_('Ketchup'), np.str_('Sandwich')}",{np.str_('Soup')},0.114,0.44,1.21
"{np.str_('Coke'), np.str_('Salad')}",{np.str_('Pasta')},0.241,0.73,0.98
{np.str_('IceCream')},{np.str_('Pizza')},0.032,0.27,1.49
"{np.str_('Ketchup'), np.str_('Burger')}",{np.str_('Coke')},0.214,0.66,1.1
{np.str_('Salad')},{np.str_('Burger')},0.189,0.63,1.41
{np.str_('Salad')},{np.str_('Burger')},0.167,0.38,0.86
"{np.str_('Pizza'), np.str_('IceCream')}",{np.str_('Ketchup')},0.076,0.41,1.36
"{np.str_('Coke'), np.str_('Salad')}",{np.str_('Fries')},0.114,0.36,1.03
{np.str_('Soup')},{np.str_('Sandwich')},0.155,0.8,0.86
"{np.str_('Soup'), np.str_('Salad')}",{np.str_('Pizza')},0.221,0.35,1.08
{np.str_('Ketchup')},{np.str_('Salad')},0.29,0.7,1.26
{np.str_('Fries')},{np.str_('Soup')},0.269,0.14,1.41
{np.str_('Pizza')},{np.str_('Coke')},0.043,0.14,1.44
"{np.str_('IceCream'), np.str_('Sandwich')}",{np.str_('Fries')},0.226,0.17,1.45
"{np.str_('Burger'), np.str_('Pasta')}",{np.str_('Salad')},0.059,0.27,1.49
"{np.str_('Pizza'), np.str_('Sandwich')}",{np.str_('Fries')},0.262,0.14,1.09
{np.str_('Salad')},{np.str_('Soup')},0.193,0.77,1.41
{np.str_('Soup')},{np.str_('Fries')},0.068,0.42,1.2
"{np.str_('Pizza'), np.str_('Pasta')}",{np.str_('Ketchup')},0.28,0.27,1.39
{np.str_('Salad')},{np.str_('Coke')},0.144,0.69,1.04
{np.str_('Coke')},{np.str_('Soup')},0.244,0.87,1.0
"{np.str_('Ketchup'), np.str_('Coke')}",{np.str_('Salad')},0.01,0.3,1.02
{np.str_('Burger')},{np.str_('Fries')},0.199,0.34,0.86
{np.str_('Ketchup')},{np.str_('Coke')},0.281,0.14,0.98
"{np.str_('Burger'), np.str_('Pasta')}",{np.str_('Fries')},0.025,0.48,1.06
"{np.str_('IceCream'), np.str_('Salad')}",{np.str_('Burger')},0.106,0.32,1.06
{np.str_('IceCream')},{np.str_('Soup')},0.173,0.34,1.46
"{np.str_('IceCream'), np.str_('Sandwich')}",{np.str_('Burger')},0.192,0.87,1.07
"{np.str_('Fries'), np.str_('IceCream')}",{np.str_('Pizza')},0.142,0.75,1.01
"{np.str_('Pizza'), np.str_('Sandwich')}",{np.str_('Soup')},0.175,0.68,1.22
{np.str_('Pizza')},{np.str_('Fries')},0.034,0.5,0.99
{np.str_('Pizza')},{np.str_('Fries')},0.061,0.47,0.9
{np.str_('Coke')},{np.str_('Sandwich')},0.022,0.76,0.97
{np.str_('Pizza')},{np.str_('Soup')},0.12,0.37,0.83
{np.str_('Pasta')},{np.str_('IceCream')},0.129,0.39,0.85
{np.str_('Soup')},{np.str_('Pizza')},0.067,0.71,0.9
"{np.str_('Fries'), np.str_('Salad')}",{np.str_('Sandwich')},0.114,0.44,0.8
"{np.str_('Fries'), np.str_('Pizza')}",{np.str_('Pasta')},0.108,0.47,1.47
"{np.str_('Fries'), np.str_('Salad')}",{np.str_('Ketchup')},0.039,0.33,1.3
"{np.str_('Coke'), np.str_('Burger')}",{np.str_('Fries')},0.143,0.37,1.49
{np.str_('Soup')},{np.str_('Ketchup')},0.092,0.59,0.94
{np.str_('Salad')},{np.str_('Pasta')},0.288,0.21,1.34
"{np.str_('Soup'), np.str_('Salad')}",{np.str_('Fries')},0.237,0.68,0.85
"{np.str_('Burger'), np.str_('Salad')}",{np.str_('Sandwich')},0.02,0.78,0.89
"{np.str_('Pizza'), np.str_('Coke')}",{np.str_('Pasta')},0.295,0.71,1.34
{np.str_('IceCream')},{np.str_('Soup')},0.054,0.7,0.93
{np.str_('Sandwich')},{np.str_('IceCream')},0.079,0.43,1.0
{np.str_('Pasta')},{np.str_('Soup')},0.118,0.26,1.36
"{np.str_('Ketchup'), np.str_('Soup')}",{np.str_('IceCream')},0.161,0.29,0.87
"{np.str_('Ketchup'), np.str_('Pasta')}",{np.str_('Sandwich')},0.254,0.76,1.32
{np.str_('Burger')},{np.str_('Pasta')},0.15,0.82,1.39
{np.str_('Coke')},{np.str_('Ketchup')},0.069,0.45,1.1
"{np.str_('Pizza'), np.str_('Coke')}",{np.str_('Ketchup')},0.093,0.27,1.16
"{np.str_('Pizza'), np.str_('IceCream')}",{np.str_('Sandwich')},0.223,0.38,1.04
{np.str_('Pasta')},{np.str_('Coke')},0.283,0.85,0.92
"{np.str_('Fries'), np.str_('Coke')}",{np.str_('Burger')},0.011,0.43,1.26
{np.str_('Soup')},{np.str_('Sandwich')},0.111,0.25,1.15
{np.str_('Soup')},{np.str_('IceCream')},0.012,0.19,1.13
"{np.str_('Pasta'), np.str_('Salad')}",{np.str_('IceCream')},0.15,0.45,1.18
"{np.str_('Pizza'), np.str_('Salad')}",{np.str_('Sandwich')},0.293,0.11,1.27
"{np.str_('Pizza'), np.str_('Pasta')}",{np.str_('Coke')},0.266,0.48,0.89
"{np.str_('Burger'), np.str_('Coke')}",{np.str_('Salad')},0.225,0.34,1.22
{np.str_('Ketchup')},{np.str_('Soup')},0.269,0.5,1.2
"{np.str_('Fries'), np.str_('Pasta')}",{np.str_('Soup')},0.219,0.35,1.03
{np.str_('Sandwich')},{np.str_('Pizza')},0.187,0.41,1.42
"{np.str_('Sandwich'), np.str_('Salad')}",{np.str_('Pizza')},0.108,0.56,0.92
"{np.str_('Fries'), np.str_('Pizza')}",{np.str_('IceCream')},0.015,0.8,0.95
{np.str_('Soup')},{np.str_('Burger')},0.12,0.6,1.1
"{np.str_('Burger'), np.str_('IceCream')}",{np.str_('Sandwich')},0.173,0.51,0.95
{np.str_('Coke')},{np.str_('IceCream')},0.083,0.7,1.37
{np.str_('Fries')},{np.str_('Burger')},0.014,0.81,1.17
{np.str_('Pizza')},{np.str_('Pasta')},0.216,0.73,1.46
{np.str_('IceCream')},{np.str_('Soup')},0.275,0.12,1.37
{np.str_('IceCream')},{np.str_('Pasta')},0.264,0.39,1.49
{np.str_('Coke')},{np.str_('Fries')},0.017,0.66,1.0
"{np.str_('Ketchup'), np.str_('Salad')}",{np.str_('Coke')},0.104,0.87,1.14
{np.str_('Burger')},{np.str_('Ketchup')},0.112,0.64,1.4
{np.str_('Pasta')},{np.str_('Coke')},0.011,0.24,1.31
{np.str_('Coke')},{np.str_('Fries')},0.248,0.15,1.12
"{np.str_('Pasta'), np.str_('Soup')}",{np.str_('Ketchup')},0.023,0.74,0.94
"{np.str_('Fries'), np.str_('Pizza')}",{np.str_('Ketchup')},0.294,0.29,0.9
"{np.str_('Pizza'), np.str_('Coke')}",{np.str_('Ketchup')},0.213,0.35,1.05
"{np.str_('Fries'), np.str_('Pasta')}",{np.str_('Burger')},0.14,0.87,0.86
{np.str_('Soup')},{np.str_('Burger')},0.136,0.75,0.92
{np.str_('Salad')},{np.str_('Sandwich')},0.093,0.28,0.83
{np.str_('Sandwich')},{np.str_('Pasta')},0.274,0.19,0.88
{np.str_('Ketchup')},{np.str_('Sandwich')},0.056,0.25,1.04
{np.str_('Salad')},{np.str_('Sandwich')},0.115,0.22,0.86
{np.str_('Ketchup')},{np.str_('Burger')},0.02,0.46,1.24
"{np.str_('Pizza'), np.str_('Burger')}",{np.str_('Pasta')},0.011,0.74,1.35
"{np.str_('Pizza'), np.str_('Ketchup')}",{np.str_('Sandwich')},0.184,0.75,1.13
"{np.str_('Fries'), np.str_('Burger')}",{np.str_('Pizza')},0.251,0.64,1.16
"{np.str_('Coke'), np.str_('IceCream')}",{np.str_('Pasta')},0.217,0.32,1.14
"{np.str_('Pizza'), np.str_('Pasta')}",{np.str_('Burger')},0.037,0.75,1.09
"{np.str_('Pizza'), np.str_('Sandwich')}",{np.str_('Soup')},0.197,0.78,1.33
"{np.str_('Burger'), np.str_('Pasta')}",{np.str_('Fries')},0.283,0.27,1.4
"{np.str_('Fries'), np.str_('Salad')}",{np.str_('Ketchup')},0.067,0.72,1.1
{np.str_('Ketchup')},{np.str_('IceCream')},0.068,0.65,1.07
"{np.str_('Sandwich'), np.str_('Salad')}",{np.str_('Soup')},0.2,0.57,1.48
"{np.str_('Burger'), np.str_('Sandwich')}",{np.str_('Fries')},0.2,0.48,1.12
{np.str_('Coke')},{np.str_('Burger')},0.228,0.57,1.4
{np.str_('Fries')},{np.str_('Burger')},0.129,0.67,0.91
"{np.str_('Pizza'), np.str_('Coke')}",{np.str_('Sandwich')},0.225,0.86,1.15
{np.str_('Pasta')},{np.str_('Ketchup')},0.242,0.61,1.41
{np.str_('Burger')},{np.str_('Fries')},0.072,0.73,0.8
{np.str_('Sandwich')},{np.str_('Fries')},0.241,0.26,1.4
{np.str_('Salad')},{np.str_('Ketchup')},0.089,0.41,1.47
"{np.str_('Coke'), np.str_('Pasta')}",{np.str_('Soup')},0.117,0.33,1.29
"{np.str_('Fries'), np.str_('Ketchup')}",{np.str_('Burger')},0.257,0.3,0.94
"{np.str_('Fries'), np.str_('Burger')}",{np.str_('IceCream')},0.117,0.24,0.9
{np.str_('Soup')},{np.str_('Ketchup')},0.181,0.37,1.38
{np.str_('Burger')},{np.str_('Pasta')},0.293,0.85,1.29
"{np.str_('Fries'), np.str_('Sandwich')}",{np.str_('Burger')},0.21,0.73,1.24
"{np.str_('Coke'), np.str_('Soup')}",{np.str_('Sandwich')},0.152,0.33,0.91
"{np.str_('Pizza'), np.str_('IceCream')}",{np.str_('Ketchup')},0.249,0.68,1.18
{np.str_('Soup')},{np.str_('Coke')},0.25,0.62,0.83
"{np.str_('Pasta'), np.str_('Soup')}",{np.str_('Coke')},0.134,0.37,0.88
{np.str_('Ketchup')},{np.str_('Coke')},0.111,0.47,1.13
"{np.str_('Soup'), np.str_('Salad')}",{np.str_('Burger')},0.295,0.14,0.9
"{np.str_('Pizza'), np.str_('IceCream')}",{np.str_('Coke')},0.089,0.33,1.25
"{np.str_('Coke'), np.str_('IceCream')}",{np.str_('Sandwich')},0.039,0.23,1.35
"{np.str_('Coke'), np.str_('Pasta')}",{np.str_('Ketchup')},0.092,0.49,1.06
{np.str_('Soup')},{np.str_('Sandwich')},0.154,0.43,1.33
{np.str_('Soup')},{np.str_('Salad')},0.028,0.68,1.35
"{np.str_('Burger'), np.str_('Soup')}",{np.str_('IceCream')},0.279,0.76,0.9
"{np.str_('Ketchup'), np.str_('Pasta')}",{np.str_('IceCream')},0.289,0.33,1.15
{np.str_('IceCream')},{np.str_('Pasta')},0.26,0.33,0.96
"{np.str_('Fries'), np.str_('Coke')}",{np.str_('Pasta')},0.284,0.61,1.35
{np.str_('Burger')},{np.str_('Coke')},0.139,0.63,1.45
"{np.str_('Pasta'), np.str_('Soup')}",{np.str_('Ketchup')},0.063,0.84,1.49
"{np.str_('Fries'), np.str_('Soup')}",{np.str_('Pizza')},0.013,0.82,0.82
"{np.str_('Pizza'), np.str_('IceCream')}",{np.str_('Salad')},0.264,0.55,1.18
"{np.str_('Ketchup'), np.str_('IceCream')}",{np.str_('Pasta')},0.051,0.33,0.83
{np.str_('Fries')},{np.str_('Burger')},0.087,0.5,1.07
"{np.str_('Fries'), np.str_('Ketchup')}",{np.str_('Salad')},0.189,0.6,0.98
"{np.str_('Burger'), np.str_('Sandwich')}",{np.str_('Soup')},0.047,0.8,1.04
"{np.str_('Ketchup'), np.str_('Pasta')}",{np.str_('Pizza')},0.095,0.16,1.05
"{np.str_('Pasta'), np.str_('Salad')}",{np.str_('Burger')},0.062,0.85,1.2
"{np.str_('IceCream'), np.str_('Salad')}",{np.str_('Pizza')},0.141,0.85,1.02
{np.str_('Soup')},{np.str_('Pasta')},0.102,0.67,1.49
{np.str_('Sandwich')},{np.str_('Pizza')},0.15,0.88,1.03
{np.str_('Pizza')},{np.str_('Soup')},0.294,0.49,0.9
{np.str_('Fries')},{np.str_('Coke')},0.258,0.75,1.17
{np.str_('Salad')},{np.str_('Burger')},0.165,0.15,0.81
{np.str_('Pizza')},{np.str_('Soup')},0.172,0.77,1.41
"{np.str_('Burger'), np.str_('Sandwich')}",{np.str_('Pizza')},0.28,0.73,1.16
{np.str_('Fries')},{np.str_('Soup')},0.09,0.74,1.03
"{np.str_('Fries'), np.str_('Soup')}",{np.str_('Ketchup')},0.04,0.33,1.41
"{np.str_('Coke'), np.str_('IceCream')}",{np.str_('Pasta')},0.119,0.64,1.0
{np.str_('Fries')},{np.str_('Sandwich')},0.03,0.47,1.04
"{np.str_('Pizza'), np.str_('Soup')}",{np.str_('Burger')},0.244,0.52,0.93
{np.str_('Burger')},{np.str_('Pasta')},0.165,0.39,1.01
"{np.str_('Ketchup'), np.str_('Pasta')}",{np.str_('Salad')},0.158,0.26,1.34
"{np.str_('Pizza'), np.str_('IceCream')}",{np.str_('Coke')},0.267,0.44,1.05
"{np.str_('Fries'), np.str_('Pizza')}",{np.str_('Ketchup')},0.058,0.44,1.28
"{np.str_('Pizza'), np.str_('Pasta')}",{np.str_('Salad')},0.223,0.33,1.23
"{np.str_('Pizza'), np.str_('Soup')}",{np.str_('Ketchup')},0.225,0.79,1.06
"{np.str_('Sandwich'), np.str_('Salad')}",{np.str_('Fries')},0.173,0.68,1.17
{np.str_('Fries')},{np.str_('Salad')},0.215,0.5,1.09
{np.str_('Soup')},{np.str_('IceCream')},0.101,0.74,1.49
"{np.str_('Sandwich'), np.str_('Salad')}",{np.str_('Burger')},0.146,0.23,1.07
{np.str_('Pizza')},{np.str_('Soup')},0.142,0.59,1.19
"{np.str_('Pasta'), np.str_('Sandwich')}",{np.str_('Burger')},0.121,0.61,1.19
"{np.str_('Fries'), np.str_('Soup')}",{np.str_('Salad')},0.021,0.46,1.12
"{np.str_('Burger'), np.str_('Coke')}",{np.str_('Pizza')},0.04,0.55,1.38
"{np.str_('Burger'), np.str_('IceCream')}",{np.str_('Pasta')},0.23,0.38,1.41
{np.str_('Ketchup')},{np.str_('Coke')},0.085,0.41,1.45
"{np.str_('IceCream'), np.str_('Soup')}",{np.str_('Ketchup')},0.168,0.4,1.37
{np.str_('Sandwich')},{np.str_('Ketchup')},0.179,0.74,1.2
{np.str_('Sandwich')},{np.str_('Ketchup')},0.082,0.45,1.23
"{np.str_('Soup'), np.str_('IceCream')}",{np.str_('Fries')},0.132,0.85,0.84
{np.str_('Sandwich')},{np.str_('Salad')},0.064,0.24,1.05
"{np.str_('Pasta'), np.str_('Soup')}",{np.str_('Ketchup')},0.034,0.7,0.83
"{np.str_('IceCream'), np.str_('Salad')}",{np.str_('Ketchup')},0.15,0.71,1.15
"{np.str_('Ketchup'), np.str_('Pasta')}",{np.str_('Sandwich')},0.225,0.17,1.03
{np.str_('Burger')},{np.str_('Soup')},0.276,0.53,1.02
{np.str_('Pizza')},{np.str_('Salad')},0.258,0.22,0.99
"{np.str_('Ketchup'), np.str_('IceCream')}",{np.str_('Pasta')},0.169,0.14,1.09
{np.str_('Sandwich')},{np.str_('IceCream')},0.188,0.75,1.09
{np.str_('Burger')},{np.str_('IceCream')},0.273,0.39,0.89
"{np.str_('IceCream'), np.str_('Salad')}",{np.str_('Pizza')},0.148,0.66,1.16
"{np.str_('Pizza'), np.str_('Coke')}",{np.str_('Pasta')},0.266,0.44,1.25
{np.str_('Salad')},{np.str_('Coke')},0.217,0.78,0.9
{np.str_('Soup')},{np.str_('Coke')},0.093,0.61,1.19
"{np.str_('Pasta'), np.str_('IceCream')}",{np.str_('Fries')},0.201,0.74,0.98
"{np.str_('Ketchup'), np.str_('Soup')}",{np.str_('Fries')},0.248,0.73,1.39
"{np.str_('Pizza'), np.str_('Salad')}",{np.str_('IceCream')},0.174,0.4,1.15
"{np.str_('Fries'), np.str_('Burger')}",{np.str_('Pizza')},0.073,0.68,0.82
{np.str_('Fries')},{np.str_('Pasta')},0.155,0.1,1.48
"{np.str_('Soup'), np.str_('Sandwich')}",{np.str_('Burger')},0.144,0.59,0.9
"{np.str_('Fries'), np.str_('Burger')}",{np.str_('Soup')},0.173,0.19,1.2
"{np.str_('Fries'), np.str_('Coke')}",{np.str_('Burger')},0.049,0.8,1.48
{np.str_('IceCream')},{np.str_('Soup')},0.105,0.68,1.09
"{np.str_('Fries'), np.str_('IceCream')}",{np.str_('Sandwich')},0.144,0.21,1.44
{np.str_('Pasta')},{np.str_('Coke')},0.061,0.39,1.19
"{np.str_('Pizza'), np.str_('Coke')}",{np.str_('Soup')},0.058,0.54,1.45
{np.str_('IceCream')},{np.str_('Burger')},0.042,0.83,1.02
{np.str_('Salad')},{np.str_('IceCream')},0.097,0.35,1.11
{np.str_('Coke')},{np.str_('IceCream')},0.252,0.43,1.2
"{np.str_('Burger'), np.str_('Soup')}",{np.str_('Pizza')},0.171,0.38,1.32
"{np.str_('Fries'), np.str_('IceCream')}",{np.str_('Ketchup')},0.048,0.17,1.47
"{np.str_('Ketchup'), np.str_('Burger')}",{np.str_('IceCream')},0.287,0.32,1.26
"{np.str_('Fries'), np.str_('Pasta')}",{np.str_('Soup')},0.24,0.63,1.48
"{np.str_('Pizza'), np.str_('Burger')}",{np.str_('Coke')},0.196,0.14,1.33
"{np.str_('Pizza'), np.str_('Salad')}",{np.str_('Fries')},0.238,0.18,1.49
"{np.str_('Fries'), np.str_('Salad')}",{np.str_('Burger')},0.179,0.89,0.99
{np.str_('Salad')},{np.str_('Fries')},0.234,0.17,1.49
{np.str_('Pasta')},{np.str_('Burger')},0.06,0.86,1.11
{np.str_('Coke')},{np.str_('Salad')},0.022,0.75,0.99
"{np.str_('Fries'), np.str_('Coke')}",{np.str_('Sandwich')},0.02,0.64,1.15
"{np.str_('Soup'), np.str_('IceCream')}",{np.str_('Burger')},0.101,0.8,1.14
{np.str_('Soup')},{np.str_('Burger')},0.046,0.16,1.12
{np.str_('IceCream')},{np.str_('Sandwich')},0.088,0.58,1.11
{np.str_('Pizza')},{np.str_('IceCream')},0.282,0.53,1.4
"{np.str_('IceCream'), np.str_('Salad')}",{np.str_('Pizza')},0.084,0.32,1.32
{np.str_('Sandwich')},{np.str_('Burger')},0.112,0.79,0.89
{np.str_('Pasta')},{np.str_('Sandwich')},0.059,0.43,1.24
{np.str_('Salad')},{np.str_('Pasta')},0.032,0.85,1.18
{np.str_('Soup')},{np.str_('Fries')},0.3,0.16,0.99
{np.str_('Salad')},{np.str_('Sandwich')},0.041,0.26,1.02
{np.str_('Pizza')},{np.str_('Coke')},0.011,0.83,1.25
"{np.str_('Soup'), np.str_('Sandwich')}",{np.str_('Salad')},0.177,0.89,0.93
"{np.str_('Soup'), np.str_('Sandwich')}",{np.str_('Salad')},0.121,0.63,1.11
"{np.str_('Ketchup'), np.str_('Soup')}",{np.str_('Sandwich')},0.12,0.16,1.14
{np.str_('Soup')},{np.str_('Sandwich')},0.235,0.66,1.2
"{np.str_('Pizza'), np.str_('Ketchup')}",{np.str_('Salad')},0.097,0.63,1.09
{np.str_('Burger')},{np.str_('IceCream')},0.089,0.47,0.87
{np.str_('Ketchup')},{np.str_('Sandwich')},0.139,0.39,1.45
{np.str_('Fries')},{np.str_('Salad')},0.111,0.58,1.41
{np.str_('Pizza')},{np.str_('Ketchup')},0.24,0.4,0.87
{np.str_('Pizza')},{np.str_('Soup')},0.277,0.23,1.2
{np.str_('Fries')},{np.str_('Soup')},0.136,0.48,1.48
"{np.str_('IceCream'), np.str_('Salad')}",{np.str_('Soup')},0.088,0.22,1.19
"{np.str_('Pizza'), np.str_('IceCream')}",{np.str_('Fries')},0.101,0.66,1.3
"{np.str_('Burger'), np.str_('Pasta')}",{np.str_('IceCream')},0.137,0.15,1.35
"{np.str_('Pasta'), np.str_('IceCream')}",{np.str_('Ketchup')},0.289,0.49,1.06
{np.str_('Pasta')},{np.str_('Pizza')},0.224,0.24,1.07
"{np.str_('Coke'), np.str_('IceCream')}",{np.str_('Burger')},0.296,0.89,0.91
{np.str_('Burger')},{np.str_('Fries')},0.066,0.51,1.41
"{np.str_('Pasta'), np.str_('Soup')}",{np.str_('Fries')},0.188,0.41,1.02
"{np.str_('Pasta'), np.str_('Soup')}",{np.str_('Pizza')},0.046,0.21,0.95
"{np.str_('Ketchup'), np.str_('Pasta')}",{np.str_('Soup')},0.254,0.11,1.19
"{np.str_('Coke'), np.str_('Soup')}",{np.str_('Pizza')},0.085,0.5,1.08
"{np.str_('Coke'), np.str_('Soup')}",{np.str_('Fries')},0.257,0.49,1.34
{np.str_('Soup')},{np.str_('Fries')},0.122,0.27,1.32
{np.str_('Pasta')},{np.str_('Fries')},0.293,0.15,1.38
{np.str_('Pizza')},{np.str_('Pasta')},0.079,0.15,1.29
"{np.str_('Pasta'), np.str_('IceCream')}",{np.str_('Soup')},0.158,0.84,1.28
{np.str_('Fries')},{np.str_('Coke')},0.2,0.52,1.16
"{np.str_('Pizza'), np.str_('Pasta')}",{np.str_('Ketchup')},0.014,0.49,1.29
"{np.str_('Fries'), np.str_('Pasta')}",{np.str_('Soup')},0.244,0.82,1.04
{np.str_('Burger')},{np.str_('Coke')},0.173,0.71,0.92
"{np.str_('Fries'), np.str_('Coke')}",{np.str_('Soup')},0.159,0.32,1.32
"{np.str_('Pizza'), np.str_('Soup')}",{np.str_('Burger')},0.054,0.79,1.26
"{np.str_('Pizza'), np.str_('Soup')}",{np.str_('Coke')},0.102,0.48,1.5
{np.str_('Sandwich')},{np.str_('Pasta')},0.197,0.53,0.86
{np.str_('IceCream')},{np.str_('Coke')},0.247,0.1,1.06
{np.str_('Fries')},{np.str_('Pizza')},0.156,0.85,1.16
{np.str_('Pasta')},{np.str_('Soup')},0.208,0.45,1.14
{np.str_('Sandwich')},{np.str_('Fries')},0.097,0.4,1.38
{np.str_('Burger')},{np.str_('Pasta')},0.23,0.45,1.39
"{np.str_('Coke'), np.str_('IceCream')}",{np.str_('Ketchup')},0.121,0.87,1.34
"{np.str_('Coke'), np.str_('Soup')}",{np.str_('Ketchup')},0.116,0.29,1.42
"{np.str_('Fries'), np.str_('Ketchup')}",{np.str_('Pasta')},0.02,0.34,1.29
{np.str_('Sandwich')},{np.str_('Coke')},0.139,0.31,1.05
{np.str_('Sandwich')},{np.str_('Salad')},0.028,0.3,0.94
"{np.str_('Sandwich'), np.str_('Salad')}",{np.str_('IceCream')},0.095,0.12,1.2
{np.str_('Coke')},{np.str_('Burger')},0.268,0.6,0.94
"{np.str_('Ketchup'), np.str_('Salad')}",{np.str_('Sandwich')},0.011,0.2,0.97
{np.str_('Sandwich')},{np.str_('Coke')},0.011,0.77,0.93
{np.str_('Pizza')},{np.str_('IceCream')},0.244,0.24,1.16
"{np.str_('Pasta'), np.str_('IceCream')}",{np.str_('Sandwich')},0.178,0.31,1.26
{np.str_('Coke')},{np.str_('Salad')},0.078,0.28,1.43
"{np.str_('Burger'), np.str_('Pasta')}",{np.str_('Pizza')},0.176,0.72,1.07
"{np.str_('IceCream'), np.str_('Sandwich')}",{np.str_('Fries')},0.278,0.35,0.88
"{np.str_('Burger'), np.str_('IceCream')}",{np.str_('Coke')},0.241,0.85,0.8
{np.str_('Soup')},{np.str_('Fries')},0.205,0.77,1.03
"{np.str_('Pizza'), np.str_('Ketchup')}",{np.str_('IceCream')},0.206,0.88,0.97
"{np.str_('Pasta'), np.str_('Soup')}",{np.str_('Sandwich')},0.101,0.46,1.37
{np.str_('Burger')},{np.str_('Pasta')},0.216,0.76,1.32
{np.str_('Soup')},{np.str_('Pasta')},0.075,0.73,0.91
"{np.str_('Fries'), np.str_('Soup')}",{np.str_('Pasta')},0.154,0.59,0.86
"{np.str_('Ketchup'), np.str_('Burger')}",{np.str_('Sandwich')},0.251,0.77,1.13
{np.str_('Salad')},{np.str_('IceCream')},0.281,0.77,0.98
"{np.str_('IceCream'), np.str_('Salad')}",{np.str_('Sandwich')},0.189,0.43,1.03
"{np.str_('Burger'), np.str_('Pasta')}",{np.str_('Ketchup')},0.263,0.34,1.38
{np.str_('Salad')},{np.str_('Ketchup')},0.069,0.31,1.12
"{np.str_('Coke'), np.str_('IceCream')}",{np.str_('Ketchup')},0.016,0.4,1.23
{np.str_('Pasta')},{np.str_('Burger')},0.289,0.7,1.04
{np.str_('IceCream')},{np.str_('Pasta')},0.165,0.59,1.36
{np.str_('Salad')},{np.str_('Coke')},0.162,0.8,0.97
"{np.str_('Pizza'), np.str_('Sandwich')}",{np.str_('Pasta')},0.218,0.86,1.19
{np.str_('Fries')},{np.str_('Pizza')},0.224,0.8,0.87
{np.str_('Pasta')},{np.str_('Pizza')},0.226,0.21,0.87
"{np.str_('Coke'), np.str_('Soup')}",{np.str_('Sandwich')},0.218,0.23,1.08
{np.str_('Coke')},{np.str_('IceCream')},0.07,0.25,1.15
{np.str_('Fries')},{np.str_('Ketchup')},0.165,0.47,1.14
"{np.str_('Soup'), np.str_('Salad')}",{np.str_('Sandwich')},0.163,0.71,1.04
{np.str_('Fries')},{np.str_('Ketchup')},0.046,0.69,1.49
{np.str_('Pizza')},{np.str_('IceCream')},0.04,0.16,1.37
{np.str_('Sandwich')},{np.str_('IceCream')},0.04,0.69,0.99
{np.str_('Ketchup')},{np.str_('Salad')},0.143,0.77,1.2
{np.str_('Coke')},{np.str_('Soup')},0.051,0.32,0.88
"{np.str_('Pasta'), np.str_('IceCream')}",{np.str_('Soup')},0.263,0.72,1.1
{np.str_('IceCream')},{np.str_('Pizza')},0.194,0.58,1.13
"{np.str_('Fries'), np.str_('Pizza')}",{np.str_('Sandwich')},0.238,0.83,1.21
"{np.str_('Ketchup'), np.str_('Sandwich')}",{np.str_('Pizza')},0.11,0.7,0.85
{np.str_('Salad')},{np.str_('Ketchup')},0.07,0.26,0.9
"{np.str_('Fries'), np.str_('Coke')}",{np.str_('IceCream')},0.087,0.64,1.22
{np.str_('Sandwich')},{np.str_('Ketchup')},0.085,0.42,0.9
{np.str_('Coke')},{np.str_('Fries')},0.141,0.89,0.82
{np.str_('IceCream')},{np.str_('Pasta')},0.166,0.5,0.91
{np.str_('Coke')},{np.str_('Fries')},0.141,0.17,1.04
"{np.str_('Burger'), np.str_('Sandwich')}",{np.str_('Salad')},0.27,0.34,1.24
"{np.str_('Coke'), np.str_('Burger')}",{np.str_('Pasta')},0.071,0.42,0.96
{np.str_('Pasta')},{np.str_('Fries')},0.019,0.29,0.89
"{np.str_('Fries'), np.str_('Ketchup')}",{np.str_('Sandwich')},0.062,0.89,0.94
"{np.str_('Burger'), np.str_('Coke')}",{np.str_('Ketchup')},0.041,0.8,0.87
"{np.str_('Ketchup'), np.str_('Salad')}",{np.str_('IceCream')},0.137,0.29,0.92
"{np.str_('Ketchup'), np.str_('Soup')}",{np.str_('Fries')},0.19,0.12,1.01
"{np.str_('Fries'), np.str_('Ketchup')}",{np.str_('Coke')},0.256,0.56,1.28
"{np.str_('Ketchup'), np.str_('Soup')}",{np.str_('Burger')},0.051,0.84,1.27
{np.str_('Ketchup')},{np.str_('Fries')},0.286,0.59,0.88
{np.str_('Coke')},{np.str_('Fries')},0.067,0.44,1.26
{np.str_('Sandwich')},{np.str_('Fries')},0.217,0.63,0.81
"{np.str_('Ketchup'), np.str_('Salad')}",{np.str_('Coke')},0.286,0.65,1.37
{np.str_('Salad')},{np.str_('Fries')},0.116,0.71,1.17
{np.str_('Coke')},{np.str_('Pizza')},0.039,0.18,1.25
{np.str_('Fries')},{np.str_('Ketchup')},0.095,0.33,1.3
{np.str_('Ketchup')},{np.str_('Coke')},0.288,0.3,1.3
"{np.str_('Fries'), np.str_('Salad')}",{np.str_('Burger')},0.114,0.38,1.14
{np.str_('Ketchup')},{np.str_('Fries')},0.072,0.31,1.21
{np.str_('Coke')},{np.str_('Salad')},0.244,0.21,1.07
{np.str_('Fries')},{np.str_('Soup')},0.218,0.21,0.99
"{np.str_('Sandwich'), np.str_('Salad')}",{np.str_('Coke')},0.255,0.33,1.22
"{np.str_('Fries'), np.str_('Burger')}",{np.str_('Sandwich')},0.222,0.85,1.27
"{np.str_('Ketchup'), np.str_('IceCream')}",{np.str_('Fries')},0.267,0.57,1.31
"{np.str_('Ketchup'), np.str_('Sandwich')}",{np.str_('Pasta')},0.291,0.33,0.84
"{np.str_('Pizza'), np.str_('Sandwich')}",{np.str_('Salad')},0.155,0.85,0.81
"{np.str_('Fries'), np.str_('IceCream')}",{np.str_('Soup')},0.134,0.87,0.92
{np.str_('Salad')},{np.str_('Pizza')},0.239,0.85,1.46
"{np.str_('Ketchup'), np.str_('Soup')}",{np.str_('Coke')},0.135,0.21,1.25
"{np.str_('Coke'), np.str_('Sandwich')}",{np.str_('Salad')},0.06,0.4,0.99
{np.str_('Pasta')},{np.str_('IceCream')},0.117,0.85,1.0
{np.str_('Sandwich')},{np.str_('Salad')},0.181,0.84,0.8
{np.str_('Pasta')},{np.str_('Burger')},0.278,0.89,1.49
{np.str_('Fries')},{np.str_('Ketchup')},0.067,0.41,1.48
"{np.str_('Fries'), np.str_('Pasta')}",{np.str_('Coke')},0.26,0.37,0.92
{np.str_('Soup')},{np.str_('Coke')},0.06,0.86,1.03
"{np.str_('Fries'), np.str_('Pizza')}",{np.str_('Coke')},0.014,0.89,0.84
"{np.str_('Burger'), np.str_('IceCream')}",{np.str_('Ketchup')},0.011,0.31,1.37
{np.str_('Pasta')},{np.str_('IceCream')},0.09,0.71,1.48
{np.str_('Ketchup')},{np.str_('IceCream')},0.21,0.78,1.08
{np.str_('Ketchup')},{np.str_('Coke')},0.053,0.41,1.12
{np.str_('Burger')},{np.str_('Sandwich')},0.14,0.33,0.87
"{np.str_('Burger'), np.str_('Sandwich')}",{np.str_('Soup')},0.263,0.59,1.13
{np.str_('IceCream')},{np.str_('Fries')},0.101,0.26,0.85
{np.str_('Salad')},{np.str_('Ketchup')},0.239,0.37,1.48
"{np.str_('Pizza'), np.str_('Soup')}",{np.str_('Salad')},0.109,0.26,0.88
"{np.str_('Coke'), np.str_('Salad')}",{np.str_('Pasta')},0.214,0.32,0.92
"{np.str_('Fries'), np.str_('Sandwich')}",{np.str_('Salad')},0.012,0.33,1.45
"{np.str_('Ketchup'), np.str_('Burger')}",{np.str_('Soup')},0.047,0.34,1.27
"{np.str_('Soup'), np.str_('Sandwich')}",{np.str_('Fries')},0.232,0.7,1.39
"{np.str_('Ketchup'), np.str_('Burger')}",{np.str_('Sandwich')},0.069,0.63,1.35
{np.str_('Ketchup')},{np.str_('Pasta')},0.054,0.7,1.01
{np.str_('Sandwich')},{np.str_('Fries')},0.156,0.59,1.04
"{np.str_('Soup'), np.str_('Sandwich')}",{np.str_('Salad')},0.076,0.67,1.15
"{np.str_('Pizza'), np.str_('Salad')}",{np.str_('Coke')},0.247,0.88,1.3
"{np.str_('Coke'), np.str_('Soup')}",{np.str_('Burger')},0.093,0.45,1.35
"{np.str_('Burger'), np.str_('Pasta')}",{np.str_('Sandwich')},0.178,0.75,0.81
{np.str_('Salad')},{np.str_('Sandwich')},0.282,0.77,1.18
{np.str_('Pasta')},{np.str_('IceCream')},0.224,0.4,1.14
{np.str_('Coke')},{np.str_('Fries')},0.172,0.71,1.06
{np.str_('Sandwich')},{np.str_('Coke')},0.234,0.69,0.87
"{np.str_('Fries'), np.str_('Burger')}",{np.str_('IceCream')},0.208,0.59,1.4
"{np.str_('IceCream'), np.str_('Salad')}",{np.str_('Ketchup')},0.054,0.21,1.02
{np.str_('Burger')},{np.str_('Pasta')},0.213,0.59,1.05
{np.str_('Soup')},{np.str_('Ketchup')},0.164,0.51,1.34
"{np.str_('Coke'), np.str_('IceCream')}",{np.str_('Pizza')},0.044,0.34,1.08
"{np.str_('Coke'), np.str_('Burger')}",{np.str_('Sandwich')},0.083,0.48,0.9
{np.str_('Sandwich')},{np.str_('Pasta')},0.251,0.14,0.82
"{np.str_('Soup'), np.str_('Salad')}",{np.str_('Sandwich')},0.293,0.88,0.89
"{np.str_('Ketchup'), np.str_('Sandwich')}",{np.str_('Coke')},0.259,0.13,1.2
"{np.str_('Pizza'), np.str_('Fries')}",{np.str_('Soup')},0.279,0.46,1.12
{np.str_('Pasta')},{np.str_('Coke')},0.292,0.46,0.87
"{np.str_('Ketchup'), np.str_('IceCream')}",{np.str_('Sandwich')},0.25,0.16,0.98
{np.str_('Pizza')},{np.str_('Coke')},0.139,0.31,0.93
"{np.str_('Pasta'), np.str_('Sandwich')}",{np.str_('IceCream')},0.125,0.69,1.49
"{np.str_('Fries'), np.str_('Pasta')}",{np.str_('Burger')},0.182,0.56,0.94
{np.str_('Pasta')},{np.str_('Soup')},0.269,0.11,1.43
{np.str_('Soup')},{np.str_('Fries')},0.071,0.82,1.38
"{np.str_('Pizza'), np.str_('Coke')}",{np.str_('Ketchup')},0.136,0.64,1.26
"{np.str_('Coke'), np.str_('Soup')}",{np.str_('IceCream')},0.126,0.74,0.89
{np.str_('Soup')},{np.str_('Pasta')},0.154,0.41,1.28
"{np.str_('Pasta'), np.str_('Salad')}",{np.str_('Fries')},0.272,0.82,1.24
{np.str_('Salad')},{np.str_('Fries')},0.091,0.23,0.94
"{np.str_('Coke'), np.str_('Pasta')}",{np.str_('Salad')},0.189,0.57,1.02
{np.str_('Soup')},{np.str_('Salad')},0.192,0.89,1.4
{np.str_('Ketchup')},{np.str_('Pasta')},0.084,0.29,1.49
{np.str_('Pizza')},{np.str_('Salad')},0.276,0.79,1.13
"{np.str_('Soup'), np.str_('Salad')}",{np.str_('IceCream')},0.156,0.7,1.45
"{np.str_('Ketchup'), np.str_('Coke')}",{np.str_('Sandwich')},0.207,0.45,1.08
{np.str_('Sandwich')},{np.str_('Coke')},0.147,0.42,1.45
{np.str_('IceCream')},{np.str_('Sandwich')},0.246,0.39,1.38
{np.str_('Sandwich')},{np.str_('Coke')},0.069,0.49,1.01
"{np.str_('Pizza'), np.str_('Coke')}",{np.str_('Fries')},0.161,0.42,1.08
{np.str_('Ketchup')},{np.str_('Burger')},0.12,0.6,1.1
"{np.str_('Pasta'), np.str_('Sandwich')}",{np.str_('Salad')},0.126,0.63,0.92
{np.str_('Sandwich')},{np.str_('Pizza')},0.165,0.53,0.96
"{np.str_('Coke'), np.str_('Soup')}",{np.str_('Pizza')},0.037,0.55,1.14
{np.str_('Pasta')},{np.str_('Fries')},0.037,0.46,1.39
{np.str_('Salad')},{np.str_('IceCream')},0.079,0.64,1.48
"{np.str_('Sandwich'), np.str_('Salad')}",{np.str_('Soup')},0.215,0.72,1.45
{np.str_('Pizza')},{np.str_('Pasta')},0.1,0.75,1.21
{np.str_('Pizza')},{np.str_('Sandwich')},0.066,0.38,1.27
{np.str_('Burger')},{np.str_('Coke')},0.058,0.76,1.14
{np.str_('IceCream')},{np.str_('Ketchup')},0.093,0.71,1.04
"{np.str_('Soup'), np.str_('Sandwich')}",{np.str_('Pizza')},0.111,0.44,1.12
{np.str_('Ketchup')},{np.str_('Pizza')},0.187,0.3,1.07
{np.str_('Salad')},{np.str_('Pizza')},0.282,0.26,0.93
"{np.str_('Coke'), np.str_('IceCream')}",{np.str_('Burger')},0.029,0.6,0.81
{np.str_('Soup')},{np.str_('Pasta')},0.147,0.64,0.86
{np.str_('Coke')},{np.str_('Pizza')},0.203,0.75,0.9
{np.str_('Salad')},{np.str_('Ketchup')},0.287,0.56,1.17
{np.str_('Salad')},{np.str_('Coke')},0.051,0.28,1.18
{np.str_('Pasta')},{np.str_('Salad')},0.103,0.78,1.1
"{np.str_('Pizza'), np.str_('Coke')}",{np.str_('Sandwich')},0.057,0.17,0.97
{np.str_('Pizza')},{np.str_('Burger')},0.058,0.35,1.09
{np.str_('Pizza')},{np.str_('Ketchup')},0.146,0.36,1.06
{np.str_('Soup')},{np.str_('IceCream')},0.298,0.39,0.85
{np.str_('Burger')},{np.str_('IceCream')},0.059,0.13,1.38
{np.str_('Coke')},{np.str_('Fries')},0.284,0.4,1.38
{np.str_('Pasta')},{np.str_('IceCream')},0.145,0.17,1.33
"{np.str_('Soup'), np.str_('Salad')}",{np.str_('Fries')},0.123,0.79,1.08
{np.str_('Pasta')},{np.str_('Pizza')},0.228,0.28,1.01
"{np.str_('Burger'), np.str_('Soup')}",{np.str_('Pizza')},0.011,0.14,1.41
"{np.str_('Pizza'), np.str_('IceCream')}",{np.str_('Sandwich')},0.287,0.79,0.92
"{np.str_('Ketchup'), np.str_('Burger')}",{np.str_('Coke')},0.031,0.52,1.02
"{np.str_('Ketchup'), np.str_('Pasta')}",{np.str_('Sandwich')},0.024,0.44,1.4
{np.str_('IceCream')},{np.str_('Fries')},0.134,0.16,1.43
{np.str_('Salad')},{np.str_('Pasta')},0.224,0.5,1.02
"{np.str_('Burger'), np.str_('IceCream')}",{np.str_('Salad')},0.179,0.36,1.29
"{np.str_('Pizza'), np.str_('Burger')}",{np.str_('Soup')},0.052,0.32,1.1
{np.str_('Salad')},{np.str_('Pasta')},0.05,0.77,1.34
"{np.str_('Fries'), np.str_('Ketchup')}",{np.str_('Coke')},0.095,0.8,1.27
{np.str_('Pasta')},{np.str_('Salad')},0.168,0.85,1.43
"{np.str_('Fries'), np.str_('Coke')}",{np.str_('Sandwich')},0.155,0.47,0.93
"{np.str_('Pizza'), np.str_('Pasta')}",{np.str_('Sandwich')},0.243,0.85,0.87
{np.str_('Coke')},{np.str_('Pizza')},0.185,0.85,1.31
"{np.str_('Burger'), np.str_('Salad')}",{np.str_('Sandwich')},0.116,0.81,1.45
{np.str_('Fries')},{np.str_('Pizza')},0.023,0.83,1.27
"{np.str_('Fries'), np.str_('Coke')}",{np.str_('Ketchup')},0.161,0.48,1.0
{np.str_('Soup')},{np.str_('Sandwich')},0.012,0.21,1.02
"{np.str_('Ketchup'), np.str_('Salad')}",{np.str_('Burger')},0.281,0.1,0.8
"{np.str_('Burger'), np.str_('Salad')}",{np.str_('Coke')},0.245,0.74,0.99
"{np.str_('Fries'), np.str_('IceCream')}",{np.str_('Salad')},0.055,0.61,1.22
{np.str_('Pasta')},{np.str_('Salad')},0.075,0.63,1.17
"{np.str_('Fries'), np.str_('Soup')}",{np.str_('Pizza')},0.132,0.19,1.26
"{np.str_('Ketchup'), np.str_('Burger')}",{np.str_('Pizza')},0.272,0.55,0.91
{np.str_('Sandwich')},{np.str_('Pizza')},0.232,0.58,1.3
{np.str_('Sandwich')},{np.str_('Burger')},0.167,0.23,0.85
"{np.str_('Ketchup'), np.str_('Soup')}",{np.str_('Pizza')},0.24,0.51,1.33
"{np.str_('Ketchup'), np.str_('Salad')}",{np.str_('Pizza')},0.196,0.19,0.88
"{np.str_('Ketchup'), np.str_('Sandwich')}",{np.str_('Pasta')},0.076,0.82,1.18
"{np.str_('Coke'), np.str_('Sandwich')}",{np.str_('Pizza')},0.2,0.23,1.11
{np.str_('Coke')},{np.str_('Fries')},0.054,0.49,1.12
"{np.str_('Pizza'), np.str_('Coke')}",{np.str_('Salad')},0.082,0.64,1.22
"{np.str_('Pasta'), np.str_('IceCream')}",{np.str_('Salad')},0.207,0.61,1.03
{np.str_('IceCream')},{np.str_('Soup')},0.27,0.74,1.13
"{np.str_('Burger'), np.str_('Coke')}",{np.str_('Sandwich')},0.293,0.87,1.01
{np.str_('Salad')},{np.str_('Soup')},0.201,0.55,0.88
{np.str_('Ketchup')},{np.str_('Pasta')},0.112,0.3,0.83
"{np.str_('Ketchup'), np.str_('Sandwich')}",{np.str_('IceCream')},0.248,0.76,1.22
"{np.str_('Burger'), np.str_('Salad')}",{np.str_('Pizza')},0.213,0.27,1.05
"{np.str_('Fries'), np.str_('Ketchup')}",{np.str_('Sandwich')},0.046,0.36,1.4
"{np.str_('Coke'), np.str_('Pasta')}",{np.str_('Ketchup')},0.138,0.18,1.12
"{np.str_('Burger'), np.str_('IceCream')}",{np.str_('Pasta')},0.15,0.47,0.99
"{np.str_('Pasta'), np.str_('Soup')}",{np.str_('IceCream')},0.248,0.31,0.88
{np.str_('Fries')},{np.str_('Sandwich')},0.054,0.85,0.95
"{np.str_('IceCream'), np.str_('Salad')}",{np.str_('Soup')},0.214,0.74,1.39
"{np.str_('Coke'), np.str_('Pasta')}",{np.str_('Sandwich')},0.015,0.12,1.2
{np.str_('Pizza')},{np.str_('Coke')},0.02,0.71,1.09
{np.str_('Salad')},{np.str_('Ketchup')},0.207,0.38,0.95
"{np.str_('Ketchup'), np.str_('Burger')}",{np.str_('Salad')},0.176,0.37,0.91
"{np.str_('Burger'), np.str_('Sandwich')}",{np.str_('Soup')},0.277,0.21,1.08
{np.str_('Pizza')},{np.str_('Fries')},0.146,0.52,1.03
"{np.str_('Soup'), np.str_('Salad')}",{np.str_('Burger')},0.037,0.13,1.09
{np.str_('Coke')},{np.str_('Salad')},0.108,0.77,1.45
{np.str_('Coke')},{np.str_('Soup')},0.256,0.74,1.11
{np.str_('Pasta')},{np.str_('Soup')},0.114,0.67,0.81
{np.str_('Fries')},{np.str_('Ketchup')},0.038,0.61,1.49
"{np.str_('Pasta'), np.str_('Soup')}",{np.str_('Salad')},0.298,0.72,0.83
{np.str_('Burger')},{np.str_('Ketchup')},0.108,0.24,0.9
{np.str_('IceCream')},{np.str_('Pasta')},0.21,0.29,1.13
{np.str_('Burger')},{np.str_('Soup')},0.262,0.35,1.35
"{np.str_('Soup'), np.str_('Salad')}",{np.str_('Coke')},0.247,0.35,1.14
{np.str_('Burger')},{np.str_('Pizza')},0.019,0.41,1.01
"{np.str_('Ketchup'), np.str_('Pasta')}",{np.str_('Sandwich')},0.272,0.89,0.92
{np.str_('IceCream')},{np.str_('Pizza')},0.225,0.77,1.16
{np.str_('Ketchup')},{np.str_('Burger')},0.271,0.87,1.41
{np.str_('IceCream')},{np.str_('Coke')},0.106,0.85,1.03
{np.str_('Salad')},{np.str_('Sandwich')},0.057,0.35,1.3
"{np.str_('Ketchup'), np.str_('Soup')}",{np.str_('Coke')},0.173,0.73,1.04
"{np.str_('Pizza'), np.str_('IceCream')}",{np.str_('Salad')},0.042,0.69,0.9
{np.str_('IceCream')},{np.str_('Coke')},0.163,0.78,1.49
"{np.str_('Fries'), np.str_('Salad')}",{np.str_('Sandwich')},0.278,0.31,1.45
{np.str_('Ketchup')},{np.str_('Salad')},0.15,0.41,1.45
{np.str_('Sandwich')},{np.str_('Ketchup')},0.12,0.38,1.25
"{np.str_('Coke'), np.str_('Salad')}",{np.str_('Fries')},0.039,0.8,1.28
{np.str_('Coke')},{np.str_('Ketchup')},0.185,0.55,1.15
{np.str_('Salad')},{np.str_('Sandwich')},0.093,0.33,1.16
{np.str_('Burger')},{np.str_('Sandwich')},0.212,0.53,0.92
{np.str_('Fries')},{np.str_('Pasta')},0.279,0.65,1.33
"{np.str_('Ketchup'), np.str_('Burger')}",{np.str_('Sandwich')},0.187,0.56,0.93
"{np.str_('Pizza'), np.str_('IceCream')}",{np.str_('Salad')},0.056,0.26,1.0
{np.str_('Sandwich')},{np.str_('Pizza')},0.04,0.18,1.04
"{np.str_('Ketchup'), np.str_('IceCream')}",{np.str_('Soup')},0.256,0.55,1.46
{np.str_('Pizza')},{np.str_('Ketchup')},0.258,0.34,1.14
{np.str_('Fries')},{np.str_('Coke')},0.271,0.88,0.88
{np.str_('Ketchup')},{np.str_('Burger')},0.022,0.54,1.41
"{np.str_('Fries'), np.str_('Coke')}",{np.str_('Soup')},0.111,0.83,1.41
"{np.str_('Pasta'), np.str_('IceCream')}",{np.str_('Salad')},0.193,0.88,1.21
{np.str_('Fries')},{np.str_('Ketchup')},0.114,0.75,0.95
{np.str_('Coke')},{np.str_('Pasta')},0.083,0.22,1.45
{np.str_('Fries')},{np.str_('Burger')},0.109,0.49,0.96
{np.str_('Sandwich')},{np.str_('Fries')},0.205,0.18,1.28
{np.str_('Sandwich')},{np.str_('IceCream')},0.28,0.31,1.4
{np.str_('Coke')},{np.str_('Ketchup')},0.259,0.13,1.37
{np.str_('Soup')},{np.str_('Pizza')},0.07,0.67,1.28
{np.str_('Burger')},{np.str_('Salad')},0.062,0.7,1.05
"{np.str_('Pizza'), np.str_('IceCream')}",{np.str_('Pasta')},0.288,0.16,0.8
"{np.str_('Burger'), np.str_('Coke')}",{np.str_('Fries')},0.058,0.82,1.25
"{np.str_('Pasta'), np.str_('IceCream')}",{np.str_('Soup')},0.239,0.3,1.44
{np.str_('Soup')},{np.str_('Pasta')},0.135,0.85,1.41
"{np.str_('Burger'), np.str_('Soup')}",{np.str_('Pasta')},0.012,0.43,1.03
"{np.str_('Ketchup'), np.str_('Burger')}",{np.str_('Pizza')},0.29,0.12,1.42
"{np.str_('Ketchup'), np.str_('Sandwich')}",{np.str_('Fries')},0.03,0.69,1.06
{np.str_('Coke')},{np.str_('Fries')},0.125,0.4,0.84
"{np.str_('Pizza'), np.str_('Pasta')}",{np.str_('Ketchup')},0.135,0.84,1.01
{np.str_('Burger')},{np.str_('IceCream')},0.166,0.9,1.3
{np.str_('Burger')},{np.str_('Ketchup')},0.016,0.56,1.24
{np.str_('Soup')},{np.str_('IceCream')},0.086,0.42,1.1
{np.str_('Salad')},{np.str_('Pasta')},0.259,0.5,1.43
{np.str_('Pizza')},{np.str_('Pasta')},0.054,0.28,1.01
"{np.str_('Pasta'), np.str_('Sandwich')}",{np.str_('Pizza')},0.186,0.64,0.86
{np.str_('Coke')},{np.str_('Sandwich')},0.043,0.37,1.06
{np.str_('Pizza')},{np.str_('Pasta')},0.242,0.76,1.48
"{np.str_('Soup'), np.str_('Salad')}",{np.str_('Sandwich')},0.144,0.16,0.87
"{np.str_('Fries'), np.str_('Coke')}",{np.str_('Pizza')},0.266,0.61,1.29
{np.str_('Pasta')},{np.str_('IceCream')},0.205,0.82,1.45
"{np.str_('Pizza'), np.str_('Soup')}",{np.str_('Coke')},0.122,0.77,1.38
"{np.str_('Sandwich'), np.str_('Salad')}",{np.str_('Pizza')},0.082,0.39,1.14
"{np.str_('Fries'), np.str_('Ketchup')}",{np.str_('Salad')},0.037,0.66,1.01
"{np.str_('Pizza'), np.str_('Sandwich')}",{np.str_('Burger')},0.056,0.64,0.96
"{np.str_('Fries'), np.str_('Ketchup')}",{np.str_('Pizza')},0.204,0.28,0.88
"{np.str_('Pasta'), np.str_('Sandwich')}",{np.str_('IceCream')},0.289,0.47,1.28
"{np.str_('Pizza'), np.str_('Salad')}",{np.str_('Burger')},0.028,0.41,1.43
"{np.str_('Pizza'), np.str_('Fries')}",{np.str_('Soup')},0.01,0.87,0.89
"{np.str_('Ketchup'), np.str_('Burger')}",{np.str_('Fries')},0.268,0.38,1.02
"{np.str_('Fries'), np.str_('IceCream')}",{np.str_('Ketchup')},0.256,0.75,0.92
{np.str_('Coke')},{np.str_('Ketchup')},0.269,0.27,1.0
{np.str_('Soup')},{np.str_('Fries')},0.251,0.38,0.83
"{np.str_('Burger'), np.str_('Pasta')}",{np.str_('Ketchup')},0.248,0.74,1.11
"{np.str_('Burger'), np.str_('Soup')}",{np.str_('Ketchup')},0.126,0.31,0.85
"{np.str_('Pasta'), np.str_('Soup')}",{np.str_('Burger')},0.061,0.3,1.49
"{np.str_('Ketchup'), np.str_('Soup')}",{np.str_('Pasta')},0.05,0.61,1.19
{np.str_('Burger')},{np.str_('Salad')},0.253,0.73,1.14
"{np.str_('Fries'), np.str_('Burger')}",{np.str_('Sandwich')},0.108,0.11,1.37
{np.str_('Coke')},{np.str_('Soup')},0.285,0.78,0.91
"{np.str_('Fries'), np.str_('Coke')}",{np.str_('Salad')},0.08,0.8,1.05
"{np.str_('Soup'), np.str_('Sandwich')}",{np.str_('Ketchup')},0.071,0.2,1.0
"{np.str_('Ketchup'), np.str_('Salad')}",{np.str_('Coke')},0.114,0.1,1.15
{np.str_('Soup')},{np.str_('Burger')},0.11,0.4,1.21
{np.str_('Soup')},{np.str_('IceCream')},0.176,0.64,0.91
"{np.str_('Pizza'), np.str_('Sandwich')}",{np.str_('Pasta')},0.255,0.84,1.31
{np.str_('Pasta')},{np.str_('IceCream')},0.086,0.35,0.94
{np.str_('Coke')},{np.str_('Ketchup')},0.258,0.16,0.97
"{np.str_('Soup'), np.str_('Sandwich')}",{np.str_('IceCream')},0.198,0.24,1.38
{np.str_('Pizza')},{np.str_('Burger')},0.235,0.58,1.02
{np.str_('IceCream')},{np.str_('Ketchup')},0.114,0.35,0.86
"{np.str_('Pizza'), np.str_('IceCream')}",{np.str_('Coke')},0.223,0.9,1.02
"{np.str_('Fries'), np.str_('Burger')}",{np.str_('Salad')},0.125,0.31,1.08
{np.str_('Fries')},{np.str_('Burger')},0.06,0.64,1.32
"{np.str_('Pizza'), np.str_('Ketchup')}",{np.str_('Sandwich')},0.273,0.26,0.96
"{np.str_('Burger'), np.str_('Sandwich')}",{np.str_('Coke')},0.262,0.16,0.98
"{np.str_('Fries'), np.str_('Ketchup')}",{np.str_('Pizza')},0.071,0.39,0.8
{np.str_('Sandwich')},{np.str_('Salad')},0.113,0.25,1.36
"{np.str_('Ketchup'), np.str_('IceCream')}",{np.str_('Burger')},0.081,0.21,0.91
"{np.str_('Fries'), np.str_('Sandwich')}",{np.str_('Burger')},0.06,0.8,0.85
"{np.str_('Fries'), np.str_('Ketchup')}",{np.str_('Sandwich')},0.248,0.32,1.46
{np.str_('Coke')},{np.str_('Pizza')},0.137,0.42,0.93
"{np.str_('Coke'), np.str_('Soup')}",{np.str_('Fries')},0.125,0.44,1.12
"{np.str_('Pasta'), np.str_('Sandwich')}",{np.str_('Salad')},0.266,0.88,1.34
"{np.str_('Pasta'), np.str_('Salad')}",{np.str_('Fries')},0.135,0.12,1.36
{np.str_('Coke')},{np.str_('Pasta')},0.126,0.7,1.1
{np.str_('Pizza')},{np.str_('Soup')},0.14,0.9,1.21
"{np.str_('Ketchup'), np.str_('IceCream')}",{np.str_('Sandwich')},0.272,0.39,0.87
"{np.str_('Burger'), np.str_('Soup')}",{np.str_('Coke')},0.162,0.68,1.42
"{np.str_('Ketchup'), np.str_('Salad')}",{np.str_('Sandwich')},0.211,0.53,1.27
"{np.str_('Coke'), np.str_('Sandwich')}",{np.str_('IceCream')},0.023,0.5,1.32
"{np.str_('Ketchup'), np.str_('Sandwich')}",{np.str_('Salad')},0.073,0.22,1.19
"{np.str_('IceCream'), np.str_('Salad')}",{np.str_('Ketchup')},0.177,0.46,1.31
{np.str_('Salad')},{np.str_('Burger')},0.178,0.32,0.87
"{np.str_('Pizza'), np.str_('Ketchup')}",{np.str_('Burger')},0.011,0.77,0.84
{np.str_('Fries')},{np.str_('Burger')},0.079,0.63,1.3
{np.str_('IceCream')},{np.str_('Fries')},0.23,0.88,1.02
{np.str_('Sandwich')},{np.str_('IceCream')},0.065,0.68,1.1
"{np.str_('Burger'), np.str_('Coke')}",{np.str_('IceCream')},0.171,0.16,1.32
"{np.str_('IceCream'), np.str_('Soup')}",{np.str_('Pizza')},0.127,0.51,1.0
{np.str_('Pasta')},{np.str_('Fries')},0.057,0.39,1.19
"{np.str_('Pizza'), np.str_('Salad')}",{np.str_('Pasta')},0.17,0.77,0.86
{np.str_('IceCream')},{np.str_('Sandwich')},0.168,0.64,1.27
{np.str_('Pizza')},{np.str_('Burger')},0.017,0.23,1.31
"{np.str_('Fries'), np.str_('Pasta')}",{np.str_('Soup')},0.09,0.4,1.45
{np.str_('Salad')},{np.str_('IceCream')},0.111,0.84,0.99
"{np.str_('Soup'), np.str_('IceCream')}",{np.str_('Burger')},0.097,0.33,0.99
"{np.str_('Fries'), np.str_('IceCream')}",{np.str_('Ketchup')},0.121,0.78,1.22
"{np.str_('Fries'), np.str_('Burger')}",{np.str_('IceCream')},0.212,0.14,1.13
"{np.str_('Fries'), np.str_('IceCream')}",{np.str_('Salad')},0.137,0.12,1.17
{np.str_('Sandwich')},{np.str_('Coke')},0.014,0.37,1.25
{np.str_('Ketchup')},{np.str_('Sandwich')},0.284,0.21,1.28
"{np.str_('Fries'), np.str_('Pizza')}",{np.str_('IceCream')},0.128,0.66,1.26
{np.str_('Coke')},{np.str_('Salad')},0.108,0.67,1.07
"{np.str_('Fries'), np.str_('Sandwich')}",{np.str_('IceCream')},0.228,0.88,1.3
{np.str_('IceCream')},{np.str_('Coke')},0.038,0.83,0.91
{np.str_('Burger')},{np.str_('IceCream')},0.054,0.16,0.97
{np.str_('Salad')},{np.str_('Burger')},0.055,0.89,1.11
{np.str_('Sandwich')},{np.str_('IceCream')},0.072,0.14,1.45
"{np.str_('Sandwich'), np.str_('Salad')}",{np.str_('Fries')},0.025,0.89,1.34
"{np.str_('Coke'), np.str_('Pasta')}",{np.str_('IceCream')},0.167,0.73,1.42
{np.str_('Burger')},{np.str_('Sandwich')},0.226,0.6,1.46
{np.str_('Coke')},{np.str_('Ketchup')},0.042,0.65,1.06
"{np.str_('Burger'), np.str_('Coke')}",{np.str_('IceCream')},0.249,0.7,0.97
"{np.str_('Pizza'), np.str_('Sandwich')}",{np.str_('IceCream')},0.285,0.47,1.14
"{np.str_('Pizza'), np.str_('Coke')}",{np.str_('Ketchup')},0.299,0.62,0.99
"{np.str_('Coke'), np.str_('Sandwich')}",{np.str_('Pasta')},0.217,0.37,1.02
"{np.str_('Pizza'), np.str_('Pasta')}",{np.str_('Fries')},0.25,0.18,0.96
{np.str_('Coke')},{np.str_('IceCream')},0.131,0.25,1.36
{np.str_('Pizza')},{np.str_('Fries')},0.233,0.75,0.81
{np.str_('Fries')},{np.str_('Pizza')},0.221,0.26,0.92
"{np.str_('Ketchup'), np.str_('Sandwich')}",{np.str_('Coke')},0.168,0.27,1.39
"{np.str_('Fries'), np.str_('Soup')}",{np.str_('Salad')},0.274,0.59,1.43
{np.str_('Fries')},{np.str_('Pasta')},0.258,0.18,1.42
{np.str_('Soup')},{np.str_('Burger')},0.249,0.57,1.22
{np.str_('Burger')},{np.str_('Fries')},0.188,0.54,0.86
{np.str_('Ketchup')},{np.str_('IceCream')},0.06,0.7,1.35
{np.str_('Soup')},{np.str_('Burger')},0.045,0.9,1.06
{np.str_('Coke')},{np.str_('Sandwich')},0.202,0.26,0.8
{np.str_('Fries')},{np.str_('Burger')},0.024,0.89,1.41
"{np.str_('Ketchup'), np.str_('IceCream')}",{np.str_('Salad')},0.015,0.75,1.36
{np.str_('Ketchup')},{np.str_('Burger')},0.077,0.36,0.81
"{np.str_('Coke'), np.str_('IceCream')}",{np.str_('Burger')},0.179,0.64,1.01
"{np.str_('Pizza'), np.str_('Coke')}",{np.str_('Fries')},0.192,0.89,1.11
"{np.str_('Pizza'), np.str_('Ketchup')}",{np.str_('Sandwich')},0.132,0.87,0.83
"{np.str_('Ketchup'), np.str_('Sandwich')}",{np.str_('Pasta')},0.239,0.55,1.43
"{np.str_('Ketchup'), np.str_('Coke')}",{np.str_('IceCream')},0.241,0.11,1.45
"{np.str_('IceCream'), np.str_('Soup')}",{np.str_('Ketchup')},0.087,0.27,1.28
"{np.str_('Fries'), np.str_('Pasta')}",{np.str_('Salad')},0.256,0.56,1.5
{np.str_('Soup')},{np.str_('Ketchup')},0.163,0.39,1.1
"{np.str_('Sandwich'), np.str_('Salad')}",{np.str_('Coke')},0.1,0.88,1.04
{np.str_('IceCream')},{np.str_('Pasta')},0.032,0.62,1.06
"{np.str_('Coke'), np.str_('Salad')}",{np.str_('Ketchup')},0.298,0.17,1.45
"{np.str_('Ketchup'), np.str_('Salad')}",{np.str_('Burger')},0.208,0.79,0.96
"{np.str_('Ketchup'), np.str_('Pasta')}",{np.str_('Salad')},0.227,0.63,1.03
{np.str_('Coke')},{np.str_('Pizza')},0.136,0.15,1.04
"{np.str_('Pizza'), np.str_('Burger')}",{np.str_('Coke')},0.085,0.15,1.11
"{np.str_('Burger'), np.str_('Pasta')}",{np.str_('Fries')},0.145,0.7,0.89
{np.str_('Sandwich')},{np.str_('Ketchup')},0.142,0.38,0.88
"{np.str_('Pasta'), np.str_('IceCream')}",{np.str_('Salad')},0.068,0.68,0.86
"{np.str_('Soup'), np.str_('Sandwich')}",{np.str_('Salad')},0.202,0.7,0.89
{np.str_('Ketchup')},{np.str_('Sandwich')},0.238,0.4,1.49
"{np.str_('Pizza'), np.str_('Fries')}",{np.str_('Coke')},0.015,0.72,0.99
"{np.str_('Fries'), np.str_('Salad')}",{np.str_('Coke')},0.176,0.21,0.99
"{np.str_('Coke'), np.str_('IceCream')}",{np.str_('Sandwich')},0.258,0.22,0.92
{np.str_('Sandwich')},{np.str_('Ketchup')},0.196,0.48,0.82
"{np.str_('Pizza'), np.str_('Sandwich')}",{np.str_('Pasta')},0.194,0.14,1.31
{np.str_('IceCream')},{np.str_('Pizza')},0.104,0.24,1.08
{np.str_('Pasta')},{np.str_('Burger')},0.157,0.53,1.26
"{np.str_('Pizza'), np.str_('Burger')}",{np.str_('Salad')},0.226,0.13,0.85
{np.str_('Salad')},{np.str_('Soup')},0.096,0.36,1.11
{np.str_('Salad')},{np.str_('Fries')},0.129,0.46,0.89
{np.str_('IceCream')},{np.str_('Pizza')},0.24,0.32,0.9
{np.str_('IceCream')},{np.str_('Pasta')},0.046,0.62,1.05
{np.str_('Pizza')},{np.str_('Salad')},0.23,0.32,1.08
"{np.str_('Ketchup'), np.str_('Salad')}",{np.str_('Pizza')},0.143,0.8,1.18
"{np.str_('Pasta'), np.str_('IceCream')}",{np.str_('Pizza')},0.255,0.36,1.15
{np.str_('Soup')},{np.str_('Salad')},0.139,0.69,1.24
{np.str_('Pizza')},{np.str_('Sandwich')},0.196,0.16,1.12
"{np.str_('Coke'), np.str_('Soup')}",{np.str_('Pasta')},0.19,0.55,1.14
{np.str_('Ketchup')},{np.str_('Fries')},0.215,0.74,0.8
{np.str_('Pizza')},{np.str_('Fries')},0.29,0.2,1.41
"{np.str_('Pizza'), np.str_('IceCream')}",{np.str_('Soup')},0.176,0.24,1.15
{np.str_('Ketchup')},{np.str_('IceCream')},0.235,0.13,1.47
"{np.str_('Pizza'), np.str_('Fries')}",{np.str_('Burger')},0.195,0.74,0.93
{np.str_('Sandwich')},{np.str_('Ketchup')},0.126,0.67,0.89
{np.str_('Sandwich')},{np.str_('Fries')},0.025,0.16,0.85
{np.str_('Burger')},{np.str_('Fries')},0.064,0.34,1.46
{np.str_('Fries')},{np.str_('IceCream')},0.252,0.29,0.83
{np.str_('Fries')},{np.str_('Ketchup')},0.057,0.44,1.24
"{np.str_('Fries'), np.str_('Soup')}",{np.str_('Sandwich')},0.194,0.52,0.99
"{np.str_('Ketchup'), np.str_('Pasta')}",{np.str_('Salad')},0.158,0.54,1.05
{np.str_('Burger')},{np.str_('Pizza')},0.054,0.55,1.09
{np.str_('Soup')},{np.str_('Fries')},0.071,0.83,0.9
"{np.str_('Sandwich'), np.str_('Salad')}",{np.str_('Coke')},0.299,0.35,1.39
{np.str_('Burger')},{np.str_('Pizza')},0.02,0.19,0.85
{np.str_('Coke')},{np.str_('Pasta')},0.209,0.64,1.49
"{np.str_('Sandwich'), np.str_('Salad')}",{np.str_('Ketchup')},0.041,0.71,1.07
{np.str_('Ketchup')},{np.str_('Burger')},0.296,0.78,1.12
"{np.str_('Pizza'), np.str_('Burger')}",{np.str_('Fries')},0.036,0.76,0.93
"{np.str_('Fries'), np.str_('Burger')}",{np.str_('Pasta')},0.299,0.48,1.48
{np.str_('Fries')},{np.str_('Coke')},0.176,0.21,1.36
{np.str_('Fries')},{np.str_('Coke')},0.139,0.34,1.04
{np.str_('Pasta')},{np.str_('Pizza')},0.162,0.47,0.96
"{np.str_('Pizza'), np.str_('Coke')}",{np.str_('Ketchup')},0.219,0.71,1.45
"{np.str_('Burger'), np.str_('Coke')}",{np.str_('IceCream')},0.199,0.81,0.92
{np.str_('Soup')},{np.str_('Coke')},0.07,0.26,1.22
"{np.str_('Pizza'), np.str_('Salad')}",{np.str_('Coke')},0.248,0.24,1.35
"{np.str_('Fries'), np.str_('Salad')}",{np.str_('Pizza')},0.284,0.16,1.2
{np.str_('Coke')},{np.str_('Burger')},0.157,0.28,1.29
"{np.str_('Pizza'), np.str_('Salad')}",{np.str_('Sandwich')},0.198,0.23,0.94
{np.str_('Pasta')},{np.str_('Burger')},0.179,0.65,1.11
{np.str_('IceCream')},{np.str_('Pasta')},0.162,0.43,1.05
"{np.str_('Soup'), np.str_('Salad')}",{np.str_('Ketchup')},0.016,0.68,0.9
{np.str_('IceCream')},{np.str_('Coke')},0.196,0.78,1.15
"{np.str_('IceCream'), np.str_('Salad')}",{np.str_('Fries')},0.071,0.19,0.99
"{np.str_('Coke'), np.str_('Soup')}",{np.str_('IceCream')},0.076,0.2,1.41
"{np.str_('Coke'), np.str_('Salad')}",{np.str_('Sandwich')},0.141,0.45,1.03
{np.str_('Fries')},{np.str_('Sandwich')},0.212,0.2,1.19
"{np.str_('Pasta'), np.str_('Soup')}",{np.str_('Salad')},0.091,0.57,0.93
"{np.str_('Burger'), np.str_('Pasta')}",{np.str_('Pizza')},0.158,0.67,1.49
{np.str_('Burger')},{np.str_('Salad')},0.1,0.41,0.93
"{np.str_('Fries'), np.str_('Soup')}",{np.str_('Burger')},0.236,0.8,1.04
{np.str_('Pizza')},{np.str_('Coke')},0.186,0.17,1.21
"{np.str_('Sandwich'), np.str_('Salad')}",{np.str_('Pizza')},0.276,0.22,1.48
"{np.str_('Burger'), np.str_('Sandwich')}",{np.str_('Coke')},0.146,0.68,1.11
"{np.str_('Pizza'), np.str_('IceCream')}",{np.str_('Soup')},0.07,0.62,1.07
{np.str_('Burger')},{np.str_('IceCream')},0.064,0.72,1.2
"{np.str_('Coke'), np.str_('Salad')}",{np.str_('Pizza')},0.148,0.58,1.26
{np.str_('Soup')},{np.str_('Pizza')},0.086,0.54,1.28
"{np.str_('Pizza'), np.str_('Burger')}",{np.str_('Sandwich')},0.123,0.55,0.81
"{np.str_('Pizza'), np.str_('Pasta')}",{np.str_('IceCream')},0.104,0.62,1.4
"{np.str_('Soup'), np.str_('Sandwich')}",{np.str_('Pasta')},0.024,0.18,1.2
{np.str_('Pizza')},{np.str_('Pasta')},0.176,0.19,1.18
{np.str_('Pasta')},{np.str_('Soup')},0.295,0.84,0.81
{np.str_('Sandwich')},{np.str_('Pizza')},0.252,0.52,0.94
{np.str_('Pizza')},{np.str_('Ketchup')},0.057,0.84,1.47
{np.str_('IceCream')},{np.str_('Burger')},0.073,0.72,1.13
"{np.str_('Pasta'), np.str_('Salad')}",{np.str_('IceCream')},0.215,0.54,1.41
"{np.str_('Coke'), np.str_('Burger')}",{np.str_('Ketchup')},0.205,0.31,1.25
"{np.str_('Fries'), np.str_('Salad')}",{np.str_('IceCream')},0.145,0.48,0.96
{np.str_('Ketchup')},{np.str_('Coke')},0.17,0.76,1.39
"{np.str_('Pasta'), np.str_('Sandwich')}",{np.str_('Burger')},0.145,0.76,1.42
{np.str_('Fries')},{np.str_('Pasta')},0.015,0.17,0.91
"{np.str_('Fries'), np.str_('Salad')}",{np.str_('Soup')},0.182,0.73,0.94
"{np.str_('Burger'), np.str_('Salad')}",{np.str_('IceCream')},0.292,0.12,1.35
{np.str_('Coke')},{np.str_('Ketchup')},0.114,0.59,0.81
{np.str_('Coke')},{np.str_('Fries')},0.191,0.85,1.2
"{np.str_('IceCream'), np.str_('Sandwich')}",{np.str_('Salad')},0.144,0.62,0.99
"{np.str_('Ketchup'), np.str_('Sandwich')}",{np.str_('Pasta')},0.187,0.89,1.05
{np.str_('Pizza')},{np.str_('Pasta')},0.063,0.55,1.39
"{np.str_('Coke'), np.str_('Soup')}",{np.str_('Fries')},0.235,0.73,1.27
"{np.str_('Ketchup'), np.str_('Sandwich')}",{np.str_('Coke')},0.062,0.37,0.86
"{np.str_('Soup'), np.str_('Salad')}",{np.str_('Pizza')},0.064,0.46,1.47
{np.str_('Pasta')},{np.str_('Sandwich')},0.216,0.21,0.98
"{np.str_('Ketchup'), np.str_('Coke')}",{np.str_('Soup')},0.196,0.71,0.94
"{np.str_('Pizza'), np.str_('Pasta')}",{np.str_('Burger')},0.087,0.79,1.01
"{np.str_('Fries'), np.str_('IceCream')}",{np.str_('Soup')},0.249,0.67,1.47
"{np.str_('Ketchup'), np.str_('Sandwich')}",{np.str_('IceCream')},0.119,0.67,1.36
"{np.str_('Pasta'), np.str_('Soup')}",{np.str_('Salad')},0.114,0.39,1.1
{np.str_('Pizza')},{np.str_('Ketchup')},0.208,0.34,1.35
"{np.str_('Coke'), np.str_('Pasta')}",{np.str_('Soup')},0.065,0.41,1.44
{np.str_('Soup')},{np.str_('Pasta')},0.187,0.15,1.48
"{np.str_('Pasta'), np.str_('IceCream')}",{np.str_('Ketchup')},0.256,0.18,1.06
"{np.str_('Pizza'), np.str_('IceCream')}",{np.str_('Fries')},0.115,0.83,0.82
{np.str_('Sandwich')},{np.str_('Pasta')},0.028,0.73,0.89
"{np.str_('Coke'), np.str_('Sandwich')}",{np.str_('Salad')},0.119,0.43,0.93
"{np.str_('Pasta'), np.str_('Soup')}",{np.str_('Ketchup')},0.286,0.41,0.87
"{np.str_('Fries'), np.str_('Ketchup')}",{np.str_('Pizza')},0.081,0.56,1.46
{np.str_('Pasta')},{np.str_('Coke')},0.051,0.81,1.13
"{np.str_('Coke'), np.str_('Sandwich')}",{np.str_('Fries')},0.236,0.59,1.2
"{np.str_('Fries'), np.str_('Pasta')}",{np.str_('Coke')},0.016,0.45,1.45
{np.str_('IceCream')},{np.str_('Fries')},0.174,0.41,1.43
{np.str_('IceCream')},{np.str_('Pizza')},0.183,0.64,0.8
"{np.str_('Pasta'), np.str_('Salad')}",{np.str_('Pizza')},0.065,0.62,1.1
{np.str_('Sandwich')},{np.str_('Pasta')},0.075,0.18,0.8
"{np.str_('Fries'), np.str_('Burger')}",{np.str_('Ketchup')},0.015,0.14,1.47
"{np.str_('Coke'), np.str_('Pasta')}",{np.str_('IceCream')},0.16,0.88,1.22
{np.str_('Sandwich')},{np.str_('IceCream')},0.109,0.66,1.33
"{np.str_('Burger'), np.str_('IceCream')}",{np.str_('Sandwich')},0.186,0.9,1.02
{np.str_('Burger')},{np.str_('Coke')},0.158,0.86,1.04
"{np.str_('Pizza'), np.str_('Salad')}",{np.str_('Ketchup')},0.049,0.33,1.03
"{np.str_('Fries'), np.str_('IceCream')}",{np.str_('Pasta')},0.133,0.12,1.47
{np.str_('IceCream')},{np.str_('Coke')},0.198,0.2,1.28
{np.str_('Pizza')},{np.str_('Salad')},0.156,0.16,1.44
{np.str_('IceCream')},{np.str_('Salad')},0.243,0.39,1.06
{np.str_('Pasta')},{np.str_('Fries')},0.235,0.11,1.3
"{np.str_('Fries'), np.str_('Salad')}",{np.str_('Coke')},0.056,0.88,0.94
"{np.str_('Burger'), np.str_('IceCream')}",{np.str_('Coke')},0.07,0.6,1.36
"{np.str_('Fries'), np.str_('IceCream')}",{np.str_('Sandwich')},0.248,0.74,1.49
{np.str_('Fries')},{np.str_('Soup')},0.222,0.85,1.06
{np.str_('Coke')},{np.str_('Salad')},0.239,0.46,0.8
{np.str_('Burger')},{np.str_('Soup')},0.142,0.86,0.87
{np.str_('Salad')},{np.str_('IceCream')},0.06,0.84,1.07
"{np.str_('Pasta'), np.str_('Sandwich')}",{np.str_('Ketchup')},0.274,0.16,1.11
"{np.str_('Pasta'), np.str_('Salad')}",{np.str_('Burger')},0.129,0.46,1.14
"{np.str_('Ketchup'), np.str_('Pasta')}",{np.str_('Soup')},0.126,0.26,0.85
"{np.str_('Ketchup'), np.str_('Burger')}",{np.str_('Fries')},0.211,0.73,1.02
"{np.str_('Pizza'), np.str_('Sandwich')}",{np.str_('Soup')},0.248,0.87,1.23
"{np.str_('Pizza'), np.str_('Fries')}",{np.str_('Burger')},0.144,0.27,1.38
"{np.str_('Ketchup'), np.str_('Soup')}",{np.str_('IceCream')},0.25,0.3,1.38
"{np.str_('Burger'), np.str_('Salad')}",{np.str_('Sandwich')},0.054,0.87,1.22
{np.str_('IceCream')},{np.str_('Pasta')},0.204,0.22,1.09
"{np.str_('IceCream'), np.str_('Salad')}",{np.str_('Sandwich')},0.048,0.57,1.01
{np.str_('Fries')},{np.str_('Burger')},0.17,0.78,0.98
"{np.str_('Burger'), np.str_('Soup')}",{np.str_('Pizza')},0.067,0.56,1.38
"{np.str_('Pizza'), np.str_('Sandwich')}",{np.str_('Burger')},0.128,0.54,0.99
"{np.str_('Pizza'), np.str_('Burger')}",{np.str_('Ketchup')},0.072,0.74,1.45
{np.str_('Pizza')},{np.str_('Pasta')},0.22,0.21,1.19
{np.str_('Pasta')},{np.str_('Soup')},0.06,0.19,1.23
{np.str_('Salad')},{np.str_('Soup')},0.068,0.23,1.0
{np.str_('IceCream')},{np.str_('Pasta')},0.192,0.32,0.88
{np.str_('Burger')},{np.str_('IceCream')},0.018,0.1,1.11
{np.str_('IceCream')},{np.str_('Ketchup')},0.107,0.77,0.98
"{np.str_('Pizza'), np.str_('Fries')}",{np.str_('Pasta')},0.209,0.17,1.11
"{np.str_('Burger'), np.str_('Soup')}",{np.str_('Salad')},0.071,0.48,0.89
{np.str_('Sandwich')},{np.str_('Pizza')},0.067,0.13,1.34
"{np.str_('IceCream'), np.str_('Soup')}",{np.str_('Ketchup')},0.036,0.82,0.88
"{np.str_('Fries'), np.str_('Sandwich')}",{np.str_('IceCream')},0.209,0.44,1.15
{np.str_('Sandwich')},{np.str_('IceCream')},0.021,0.86,1.21
"{np.str_('Pizza'), np.str_('Soup')}",{np.str_('Sandwich')},0.136,0.8,1.43
"{np.str_('Pasta'), np.str_('IceCream')}",{np.str_('Ketchup')},0.221,0.17,0.83
"{np.str_('Soup'), np.str_('Salad')}",{np.str_('Ketchup')},0.184,0.5,1.28
{np.str_('Coke')},{np.str_('Soup')},0.116,0.84,1.24
{np.str_('Fries')},{np.str_('Salad')},0.043,0.75,1.34
"{np.str_('Ketchup'), np.str_('Burger')}",{np.str_('Soup')},0.136,0.33,1.49
"{np.str_('Coke'), np.str_('Soup')}",{np.str_('Pizza')},0.068,0.31,0.9
"{np.str_('Ketchup'), np.str_('Soup')}",{np.str_('Fries')},0.148,0.74,1.24
{np.str_('Coke')},{np.str_('IceCream')},0.15,0.2,1.33
{np.str_('Burger')},{np.str_('Soup')},0.113,0.13,0.83
"{np.str_('Sandwich'), np.str_('Salad')}",{np.str_('Soup')},0.193,0.53,1.03
"{np.str_('Ketchup'), np.str_('Salad')}",{np.str_('Pizza')},0.213,0.51,0.92
"{np.str_('Sandwich'), np.str_('Salad')}",{np.str_('Pizza')},0.17,0.36,1.43
"{np.str_('Burger'), np.str_('Soup')}",{np.str_('Coke')},0.028,0.79,0.92
{np.str_('Ketchup')},{np.str_('Sandwich')},0.116,0.39,1.25
{np.str_('Pizza')},{np.str_('IceCream')},0.238,0.41,1.42
{np.str_('Salad')},{np.str_('Pizza')},0.217,0.88,0.81
"{np.str_('Coke'), np.str_('Pasta')}",{np.str_('Sandwich')},0.047,0.24,1.33
"{np.str_('Ketchup'), np.str_('Coke')}",{np.str_('Burger')},0.208,0.35,0.81
"{np.str_('Coke'), np.str_('Salad')}",{np.str_('Fries')},0.183,0.46,0.84
"{np.str_('Soup'), np.str_('Sandwich')}",{np.str_('Salad')},0.289,0.3,1.46
"{np.str_('Ketchup'), np.str_('Salad')}",{np.str_('Pasta')},0.249,0.7,0.88
"{np.str_('Fries'), np.str_('Ketchup')}",{np.str_('Pasta')},0.202,0.35,1.11
"{np.str_('Burger'), np.str_('Sandwich')}",{np.str_('Soup')},0.241,0.84,0.89
{np.str_('IceCream')},{np.str_('Soup')},0.052,0.8,1.0
{np.str_('Fries')},{np.str_('IceCream')},0.22,0.48,1.42
{np.str_('Ketchup')},{np.str_('Pasta')},0.115,0.52,0.99
{np.str_('Pizza')},{np.str_('Fries')},0.147,0.54,1.34
"{np.str_('Fries'), np.str_('Salad')}",{np.str_('Sandwich')},0.042,0.81,0.97
"{np.str_('Pasta'), np.str_('Soup')}",{np.str_('IceCream')},0.216,0.8,0.91
{np.str_('Pasta')},{np.str_('Pizza')},0.076,0.55,0.93
{np.str_('IceCream')},{np.str_('Soup')},0.195,0.48,1.18
"{np.str_('Burger'), np.str_('Sandwich')}",{np.str_('IceCream')},0.012,0.34,1.21
{np.str_('Coke')},{np.str_('IceCream')},0.241,0.27,1.24
"{np.str_('Fries'), np.str_('Soup')}",{np.str_('IceCream')},0.058,0.26,1.13
{np.str_('Burger')},{np.str_('Pizza')},0.215,0.65,1.31
"{np.str_('Pizza'), np.str_('Ketchup')}",{np.str_('Coke')},0.275,0.5,1.34
{np.str_('Pizza')},{np.str_('Soup')},0.097,0.63,0.94
"{np.str_('Fries'), np.str_('IceCream')}",{np.str_('Pasta')},0.154,0.61,0.96
{np.str_('Ketchup')},{np.str_('Pasta')},0.021,0.29,0.88
{np.str_('Pasta')},{np.str_('Sandwich')},0.195,0.1,1.28
{np.str_('Soup')},{np.str_('Pasta')},0.169,0.78,1.04
{np.str_('Pizza')},{np.str_('Pasta')},0.291,0.27,1.5
{np.str_('Coke')},{np.str_('Ketchup')},0.114,0.66,1.09
{np.str_('Pizza')},{np.str_('Soup')},0.105,0.8,1.24
{np.str_('Sandwich')},{np.str_('Soup')},0.085,0.41,1.39
"{np.str_('Pasta'), np.str_('Sandwich')}",{np.str_('Soup')},0.13,0.31,1.21
"{np.str_('Ketchup'), np.str_('Pasta')}",{np.str_('Sandwich')},0.262,0.84,1.16
"{np.str_('Soup'), np.str_('Salad')}",{np.str_('Pasta')},0.092,0.33,1.08
{np.str_('Burger')},{np.str_('IceCream')},0.035,0.12,1.07
{np.str_('Fries')},{np.str_('Coke')},0.063,0.71,1.43
"{np.str_('Sandwich'), np.str_('Salad')}",{np.str_('IceCream')},0.166,0.52,1.3
"{np.str_('IceCream'), np.str_('Salad')}",{np.str_('Coke')},0.114,0.46,1.09
"{np.str_('Ketchup'), np.str_('Sandwich')}",{np.str_('IceCream')},0.088,0.46,0.9
"{np.str_('Fries'), np.str_('Sandwich')}",{np.str_('Pasta')},0.147,0.54,1.23
"{np.str_('Ketchup'), np.str_('Salad')}",{np.str_('Fries')},0.247,0.82,0.87
"{np.str_('Fries'), np.str_('Soup')}",{np.str_('Pasta')},0.218,0.29,0.91
"{np.str_('Coke'), np.str_('Soup')}",{np.str_('Pasta')},0.22,0.38,0.94
{np.str_('Pizza')},{np.str_('Pasta')},0.065,0.9,0.8
{np.str_('Fries')},{np.str_('Salad')},0.025,0.68,1.11
"{np.str_('Sandwich'), np.str_('Salad')}",{np.str_('Pizza')},0.162,0.52,0.93
"{np.str_('Pasta'), np.str_('IceCream')}",{np.str_('Coke')},0.163,0.59,1.22
{np.str_('Ketchup')},{np.str_('Burger')},0.168,0.85,1.3
"{np.str_('Sandwich'), np.str_('Salad')}",{np.str_('Coke')},0.121,0.63,1.46
{np.str_('Fries')},{np.str_('Pizza')},0.189,0.46,0.99
{np.str_('Soup')},{np.str_('Coke')},0.066,0.65,1.35
"{np.str_('Burger'), np.str_('Sandwich')}",{np.str_('Salad')},0.069,0.68,1.15
{np.str_('Sandwich')},{np.str_('Ketchup')},0.238,0.57,1.43
{np.str_('Pizza')},{np.str_('Soup')},0.258,0.49,0.82
{np.str_('Salad')},{np.str_('Sandwich')},0.082,0.29,1.49
{np.str_('Ketchup')},{np.str_('IceCream')},0.278,0.27,1.18
"{np.str_('Coke'), np.str_('Sandwich')}",{np.str_('Salad')},0.125,0.4,1.44
"{np.str_('Coke'), np.str_('Sandwich')}",{np.str_('Pizza')},0.292,0.21,0.91
"{np.str_('IceCream'), np.str_('Salad')}",{np.str_('Ketchup')},0.212,0.12,1.02
"{np.str_('Fries'), np.str_('Pizza')}",{np.str_('Pasta')},0.075,0.16,1.5
"{np.str_('Ketchup'), np.str_('Sandwich')}",{np.str_('Soup')},0.024,0.22,1.2
{np.str_('Pasta')},{np.str_('Burger')},0.249,0.55,0.95
"{np.str_('Fries'), np.str_('Pasta')}",{np.str_('Coke')},0.12,0.88,1.45
"{np.str_('Ketchup'), np.str_('Coke')}",{np.str_('Burger')},0.073,0.55,1.46
"{np.str_('Coke'), np.str_('IceCream')}",{np.str_('Salad')},0.185,0.22,1.08
"{np.str_('Pizza'), np.str_('Sandwich')}",{np.str_('Soup')},0.017,0.8,1.49
{np.str_('Burger')},{np.str_('IceCream')},0.193,0.28,1.2
"{np.str_('Soup'), np.str_('Sandwich')}",{np.str_('Pizza')},0.249,0.42,1.39
{np.str_('Sandwich')},{np.str_('IceCream')},0.102,0.68,1.11
{np.str_('Pasta')},{np.str_('Pizza')},0.268,0.13,1.06
"{np.str_('Pasta'), np.str_('Salad')}",{np.str_('Pizza')},0.078,0.1,1.38
{np.str_('Burger')},{np.str_('Fries')},0.293,0.39,1.36
"{np.str_('Pizza'), np.str_('Coke')}",{np.str_('Burger')},0.285,0.48,0.86
{np.str_('Fries')},{np.str_('Sandwich')},0.07,0.25,0.84
"{np.str_('Pizza'), np.str_('IceCream')}",{np.str_('Fries')},0.086,0.59,0.84
"{np.str_('Fries'), np.str_('Soup')}",{np.str_('Pasta')},0.025,0.13,1.06
{np.str_('Fries')},{np.str_('Pasta')},0.225,0.34,1.37
{np.str_('Sandwich')},{np.str_('Soup')},0.196,0.13,0.96
{np.str_('Coke')},{np.str_('Ketchup')},0.147,0.74,1.07
{np.str_('Pasta')},{np.str_('IceCream')},0.277,0.76,0.8
{np.str_('Ketchup')},{np.str_('IceCream')},0.085,0.13,1.38
{np.str_('Soup')},{np.str_('Ketchup')},0.119,0.37,0.86
"{np.str_('Fries'), np.str_('Salad')}",{np.str_('Pasta')},0.284,0.82,0.82
{np.str_('Burger')},{np.str_('Fries')},0.069,0.13,0.87
{np.str_('Coke')},{np.str_('Soup')},0.099,0.82,1.23
"{np.str_('Burger'), np.str_('Coke')}",{np.str_('Sandwich')},0.087,0.49,0.94
"{np.str_('Pizza'), np.str_('Coke')}",{np.str_('Burger')},0.137,0.5,1.37
"{np.str_('Ketchup'), np.str_('Coke')}",{np.str_('Burger')},0.277,0.44,1.15
"{np.str_('Pasta'), np.str_('Salad')}",{np.str_('Sandwich')},0.206,0.26,0.95
{np.str_('Sandwich')},{np.str_('Soup')},0.142,0.66,1.2
"{np.str_('Coke'), np.str_('IceCream')}",{np.str_('Fries')},0.218,0.61,0.9
"{np.str_('Fries'), np.str_('IceCream')}",{np.str_('Sandwich')},0.208,0.56,0.97
{np.str_('Fries')},{np.str_('Burger')},0.059,0.14,1.1
"{np.str_('Pasta'), np.str_('Soup')}",{np.str_('Salad')},0.132,0.25,0.87
"{np.str_('Ketchup'), np.str_('Coke')}",{np.str_('Sandwich')},0.102,0.9,1.0
{np.str_('IceCream')},{np.str_('Coke')},0.263,0.16,0.84
"{np.str_('Ketchup'), np.str_('IceCream')}",{np.str_('Pasta')},0.054,0.18,0.83
"{np.str_('Ketchup'), np.str_('Burger')}",{np.str_('Coke')},0.011,0.59,1.14
{np.str_('IceCream')},{np.str_('Pasta')},0.1,0.81,0.98
{np.str_('Pasta')},{np.str_('Soup')},0.207,0.44,1.43
"{np.str_('Fries'), np.str_('IceCream')}",{np.str_('Pasta')},0.143,0.84,1.11
"{np.str_('Coke'), np.str_('IceCream')}",{np.str_('Soup')},0.159,0.61,0.97
"{np.str_('Coke'), np.str_('Salad')}",{np.str_('Ketchup')},0.252,0.21,1.3
{np.str_('Pasta')},{np.str_('Soup')},0.269,0.86,0.87
{np.str_('Pasta')},{np.str_('Pizza')},0.082,0.85,0.93
"{np.str_('Fries'), np.str_('Pasta')}",{np.str_('Ketchup')},0.193,0.43,1.13
{np.str_('Coke')},{np.str_('Ketchup')},0.284,0.33,1.26
{np.str_('Burger')},{np.str_('Fries')},0.251,0.88,1.09
{np.str_('IceCream')},{np.str_('Pasta')},0.26,0.22,0.97
{np.str_('Burger')},{np.str_('Pizza')},0.033,0.42,1.06
{np.str_('Coke')},{np.str_('Soup')},0.065,0.87,1.44
{np.str_('Ketchup')},{np.str_('Pasta')},0.214,0.3,1.0
{np.str_('Salad')},{np.str_('Burger')},0.029,0.14,0.98
{np.str_('Ketchup')},{np.str_('Soup')},0.135,0.42,0.97
"{np.str_('Pizza'), np.str_('Soup')}",{np.str_('Salad')},0.219,0.6,0.96
{np.str_('Pasta')},{np.str_('Burger')},0.017,0.61,1.16
"{np.str_('Fries'), np.str_('IceCream')}",{np.str_('Burger')},0.033,0.18,1.1
"{np.str_('IceCream'), np.str_('Salad')}",{np.str_('Coke')},0.068,0.41,1.48
"{np.str_('Ketchup'), np.str_('Sandwich')}",{np.str_('Coke')},0.135,0.23,1.39
"{np.str_('Fries'), np.str_('Pasta')}",{np.str_('Pizza')},0.206,0.72,1.29
{np.str_('Fries')},{np.str_('Coke')},0.137,0.53,1.04
"{np.str_('Fries'), np.str_('Sandwich')}",{np.str_('Coke')},0.163,0.77,1.04
"{np.str_('Fries'), np.str_('IceCream')}",{np.str_('Pasta')},0.219,0.32,1.05
"{np.str_('Pizza'), np.str_('Sandwich')}",{np.str_('Soup')},0.147,0.17,0.85
"{np.str_('IceCream'), np.str_('Salad')}",{np.str_('Pasta')},0.178,0.41,1.45
{np.str_('Burger')},{np.str_('Fries')},0.123,0.25,1.32
"{np.str_('Ketchup'), np.str_('Soup')}",{np.str_('Salad')},0.248,0.31,1.26
"{np.str_('Pizza'), np.str_('Soup')}",{np.str_('Burger')},0.211,0.5,1.0
{np.str_('Sandwich')},{np.str_('Fries')},0.086,0.71,1.03
"{np.str_('Soup'), np.str_('Salad')}",{np.str_('Fries')},0.274,0.85,1.41
"{np.str_('Pizza'), np.str_('Salad')}",{np.str_('Soup')},0.245,0.6,1.48
"{np.str_('Soup'), np.str_('Salad')}",{np.str_('Sandwich')},0.083,0.84,1.25
{np.str_('Pasta')},{np.str_('Pizza')},0.068,0.25,1.29
{np.str_('Fries')},{np.str_('Pizza')},0.123,0.62,1.33
"{np.str_('Ketchup'), np.str_('Sandwich')}",{np.str_('Fries')},0.101,0.57,1.11
{np.str_('Pizza')},{np.str_('Pasta')},0.231,0.32,1.31
{np.str_('Sandwich')},{np.str_('Burger')},0.085,0.88,1.09
"{np.str_('Burger'), np.str_('Sandwich')}",{np.str_('Salad')},0.266,0.25,0.84
"{np.str_('Fries'), np.str_('Soup')}",{np.str_('IceCream')},0.298,0.6,1.21
{np.str_('Salad')},{np.str_('Coke')},0.25,0.14,1.18
{np.str_('Sandwich')},{np.str_('Pizza')},0.261,0.39,1.42
{np.str_('Coke')},{np.str_('Ketchup')},0.189,0.13,0.93
"{np.str_('Ketchup'), np.str_('Burger')}",{np.str_('Sandwich')},0.019,0.25,1.23
{np.str_('Pasta')},{np.str_('Burger')},0.16,0.2,1.11
{np.str_('Salad')},{np.str_('Fries')},0.114,0.33,1.22
"{np.str_('Coke'), np.str_('Pasta')}",{np.str_('Pizza')},0.157,0.32,1.1
"{np.str_('Pizza'), np.str_('Coke')}",{np.str_('Salad')},0.216,0.77,1.31
{np.str_('Coke')},{np.str_('Burger')},0.294,0.4,1.09
{np.str_('Sandwich')},{np.str_('Coke')},0.143,0.7,1.24
"{np.str_('Pizza'), np.str_('Ketchup')}",{np.str_('Burger')},0.279,0.2,0.82
{np.str_('Sandwich')},{np.str_('Coke')},0.092,0.78,1.36
"{np.str_('Fries'), np.str_('Coke')}",{np.str_('Burger')},0.039,0.19,1.05
"{np.str_('Fries'), np.str_('Sandwich')}",{np.str_('Salad')},0.036,0.19,1.42
"{np.str_('Pizza'), np.str_('Ketchup')}",{np.str_('Pasta')},0.202,0.27,1.28
{np.str_('Fries')},{np.str_('Coke')},0.144,0.88,0.84
{np.str_('Pizza')},{np.str_('Salad')},0.169,0.16,1.26
{np.str_('Burger')},{np.str_('IceCream')},0.176,0.79,1.24
"{np.str_('Pasta'), np.str_('IceCream')}",{np.str_('Coke')},0.189,0.68,1.04
{np.str_('Soup')},{np.str_('Coke')},0.082,0.15,1.06
{np.str_('Pizza')},{np.str_('Coke')},0.022,0.28,0.88
{np.str_('Ketchup')},{np.str_('Pizza')},0.241,0.57,1.06
{np.str_('Coke')},{np.str_('IceCream')},0.057,0.71,1.3
{np.str_('Burger')},{np.str_('Coke')},0.289,0.54,1.2
{np.str_('Pizza')},{np.str_('Salad')},0.064,0.88,0.85
{np.str_('Fries')},{np.str_('Burger')},0.218,0.59,0.92
{np.str_('Pasta')},{np.str_('Salad')},0.115,0.44,0.86
"{np.str_('Ketchup'), np.str_('Coke')}",{np.str_('IceCream')},0.071,0.16,1.23
{np.str_('Salad')},{np.str_('IceCream')},0.122,0.28,1.03
{np.str_('Salad')},{np.str_('Coke')},0.23,0.6,1.06
{np.str_('Burger')},{np.str_('Fries')},0.074,0.51,1.34
{np.str_('Coke')},{np.str_('Ketchup')},0.264,0.86,0.85
"{np.str_('Pizza'), np.str_('IceCream')}",{np.str_('Fries')},0.121,0.43,1.25
{np.str_('IceCream')},{np.str_('Fries')},0.218,0.3,1.21
"{np.str_('Pizza'), np.str_('Pasta')}",{np.str_('Burger')},0.205,0.67,0.85
{np.str_('Pizza')},{np.str_('Ketchup')},0.053,0.89,1.31
"{np.str_('Burger'), np.str_('Pasta')}",{np.str_('Fries')},0.148,0.71,1.09
{np.str_('Salad')},{np.str_('Pizza')},0.196,0.38,1.43
{np.str_('Burger')},{np.str_('Ketchup')},0.158,0.38,1.09
"{np.str_('Coke'), np.str_('Sandwich')}",{np.str_('Ketchup')},0.088,0.59,1.33
{np.str_('Fries')},{np.str_('Coke')},0.133,0.17,0.89
{np.str_('Salad')},{np.str_('Pasta')},0.121,0.28,1.31
{np.str_('Fries')},{np.str_('Coke')},0.248,0.26,1.09
{np.str_('IceCream')},{np.str_('Coke')},0.026,0.35,1.37
"{np.str_('Pizza'), np.str_('Salad')}",{np.str_('Fries')},0.155,0.84,1.37
"{np.str_('Burger'), np.str_('Salad')}",{np.str_('Soup')},0.22,0.68,1.32
"{np.str_('Ketchup'), np.str_('Soup')}",{np.str_('Pasta')},0.03,0.12,1.12
"{np.str_('Fries'), np.str_('Soup')}",{np.str_('Pizza')},0.027,0.61,1.35
{np.str_('Pasta')},{np.str_('IceCream')},0.075,0.19,1.5
"{np.str_('Ketchup'), np.str_('Sandwich')}",{np.str_('Salad')},0.123,0.67,0.99
"{np.str_('Pizza'), np.str_('IceCream')}",{np.str_('Salad')},0.107,0.3,1.15
{np.str_('Coke')},{np.str_('Fries')},0.201,0.67,1.37
{np.str_('Pizza')},{np.str_('Sandwich')},0.077,0.3,0.91
"{np.str_('Soup'), np.str_('Sandwich')}",{np.str_('Burger')},0.281,0.76,1.08
"{np.str_('Pizza'), np.str_('Salad')}",{np.str_('Ketchup')},0.124,0.52,1.18
{np.str_('Salad')},{np.str_('IceCream')},0.205,0.74,1.19
{np.str_('IceCream')},{np.str_('Burger')},0.112,0.45,0.96
{np.str_('Burger')},{np.str_('Sandwich')},0.059,0.55,1.47
{np.str_('Salad')},{np.str_('Pasta')},0.189,0.8,1.1
"{np.str_('Fries'), np.str_('Salad')}",{np.str_('IceCream')},0.055,0.38,0.84
"{np.str_('Fries'), np.str_('Soup')}",{np.str_('Salad')},0.237,0.28,1.09
{np.str_('Burger')},{np.str_('Pasta')},0.261,0.47,0.89
{np.str_('IceCream')},{np.str_('Sandwich')},0.102,0.14,1.21
"{np.str_('Burger'), np.str_('Pasta')}",{np.str_('Sandwich')},0.215,0.35,0.93
"{np.str_('Pizza'), np.str_('Salad')}",{np.str_('Fries')},0.134,0.28,1.27
"{np.str_('Fries'), np.str_('Burger')}",{np.str_('Ketchup')},0.227,0.29,1.14
"{np.str_('Fries'), np.str_('Soup')}",{np.str_('Burger')},0.129,0.51,1.48
{np.str_('Pizza')},{np.str_('IceCream')},0.217,0.3,1.35
{np.str_('Ketchup')},{np.str_('Salad')},0.262,0.16,1.01
{np.str_('Soup')},{np.str_('Sandwich')},0.03,0.11,1.48
"{np.str_('Burger'), np.str_('IceCream')}",{np.str_('Pizza')},0.122,0.57,1.32
"{np.str_('Burger'), np.str_('Soup')}",{np.str_('Pizza')},0.203,0.6,0.97
"{np.str_('Fries'), np.str_('Pasta')}",{np.str_('Burger')},0.072,0.49,1.07
{np.str_('Ketchup')},{np.str_('Fries')},0.092,0.8,1.46
{np.str_('Sandwich')},{np.str_('Ketchup')},0.143,0.16,1.45
{np.str_('Burger')},{np.str_('IceCream')},0.179,0.7,0.86
"{np.str_('Pizza'), np.str_('Burger')}",{np.str_('Soup')},0.039,0.84,0.98
{np.str_('Pasta')},{np.str_('Soup')},0.064,0.38,1.01
{np.str_('IceCream')},{np.str_('Pizza')},0.151,0.89,1.46
"{np.str_('Coke'), np.str_('Salad')}",{np.str_('Burger')},0.223,0.71,0.86
{np.str_('Salad')},{np.str_('IceCream')},0.061,0.78,1.1
{np.str_('Ketchup')},{np.str_('Burger')},0.172,0.37,1.4
{np.str_('Burger')},{np.str_('IceCream')},0.087,0.21,1.29
"{np.str_('Ketchup'), np.str_('Soup')}",{np.str_('Coke')},0.244,0.2,1.33
{np.str_('Salad')},{np.str_('Coke')},0.059,0.86,1.27
"{np.str_('Pizza'), np.str_('Salad')}",{np.str_('Sandwich')},0.095,0.24,1.28
"{np.str_('IceCream'), np.str_('Salad')}",{np.str_('Pasta')},0.208,0.71,1.18
{np.str_('Pizza')},{np.str_('Salad')},0.013,0.89,0.95
"{np.str_('Pasta'), np.str_('Sandwich')}",{np.str_('Coke')},0.214,0.31,0.96
{np.str_('Salad')},{np.str_('Sandwich')},0.129,0.56,1.27
{np.str_('Pasta')},{np.str_('IceCream')},0.119,0.37,1.25
{np.str_('Salad')},{np.str_('Burger')},0.086,0.18,1.5
"{np.str_('Soup'), np.str_('Salad')}",{np.str_('Pizza')},0.026,0.59,1.39
