antecedents,consequents,antecedent support,consequent support,support,confidence,lift,representativity,leverage,conviction,zhangs_metric,jaccard,certainty,kulczynski
frozenset({'BBQ Chicken Pizza'}),frozenset({'Aloo Paratha'}),0.10324729392173189,0.13322231473771856,0.014154870940882597,0.13709677419354838,1.0290826612903226,1.0,0.0004000274542238953,1.004490027780588,0.031514555682997485,0.06367041198501873,0.004469957547023638,0.1216733870967742
frozenset({'Aloo Paratha'}),frozenset({'BBQ Chicken Pizza'}),0.13322231473771856,0.10324729392173189,0.014154870940882597,0.10625,1.0290826612903226,1.0,0.0004000274542238953,1.0033596711365236,0.032604396225348976,0.06367041198501873,0.0033484215413184756,0.1216733870967742
frozenset({'BBQ Lamb Chops'}),frozenset({'Aloo Paratha'}),0.16319733555370525,0.13322231473771856,0.041631973355537054,0.25510204081632654,1.914859693877551,1.0,0.019890446554044264,1.1636193582973093,0.5709452736318408,0.16339869281045752,0.1406124409417946,0.28380102040816324
frozenset({'Aloo Paratha'}),frozenset({'BBQ Lamb Chops'}),0.13322231473771856,0.16319733555370525,0.041631973355537054,0.3125,1.914859693877551,1.0,0.019890446554044264,1.2171675119218832,0.5512007684918347,0.16339869281045752,0.17842039800995027,0.28380102040816324
frozenset({'BBQ Platter Mix'}),frozenset({'Aloo Paratha'}),0.12489592006661115,0.13322231473771856,0.02331390507910075,0.18666666666666668,1.401166666666667,1.0,0.006674981506529738,1.0657102687651,0.3271714013864347,0.09929078014184398,0.06165866154338778,0.18083333333333335
frozenset({'Aloo Paratha'}),frozenset({'BBQ Platter Mix'}),0.13322231473771856,0.12489592006661115,0.02331390507910075,0.17500000000000002,1.401166666666667,1.0,0.006674981506529738,1.0607322181010774,0.33031425826814875,0.09929078014184398,0.05725499524262609,0.18083333333333335
frozenset({'Barbeque Chicken Tikka'}),frozenset({'Aloo Paratha'}),0.1115736885928393,0.13322231473771856,0.019150707743547043,0.17164179104477612,1.2883861940298509,1.0,0.004286602685383606,1.0463802686950063,0.25194572348315064,0.08487084870848709,0.04432448707471289,0.15769589552238805
frozenset({'Aloo Paratha'}),frozenset({'Barbeque Chicken Tikka'}),0.13322231473771856,0.1115736885928393,0.019150707743547043,0.14375,1.2883861940298507,1.0,0.004286602685383606,1.0375781739061731,0.2582383160005012,0.08487084870848709,0.0362171977507029,0.15769589552238805
frozenset({'Beef Sausage Breakfast'}),frozenset({'Aloo Paratha'}),0.10074937552039967,0.13322231473771856,0.02164862614487927,0.21487603305785125,1.612913223140496,1.0,0.008226561129671987,1.1040010517551164,0.42257834757834767,0.1019607843137255,0.09420376148172847,0.18868801652892564
frozenset({'Aloo Paratha'}),frozenset({'Beef Sausage Breakfast'}),0.13322231473771856,0.10074937552039967,0.02164862614487927,0.16250000000000003,1.6129132231404961,1.0,0.008226561129671987,1.0737320889308661,0.4384098130495826,0.1019607843137255,0.06866898148148151,0.18868801652892564
frozenset({'Breakfast Burrito'}),frozenset({'Aloo Paratha'}),0.09408825978351373,0.13322231473771856,0.01582014987510408,0.16814159292035402,1.2621128318584074,1.0,0.003285494117100588,1.0419774301557214,0.22924729102167204,0.07480314960629922,0.04028631421454869,0.14344579646017702
frozenset({'Aloo Paratha'}),frozenset({'Breakfast Burrito'}),0.13322231473771856,0.09408825978351373,0.01582014987510408,0.11875000000000002,1.2621128318584074,1.0,0.003285494117100588,1.0279849534371475,0.23959755296021054,0.07480314960629922,0.02722311580882356,0.14344579646017702
frozenset({'Chicken Biryani'}),frozenset({'Aloo Paratha'}),0.12822647793505412,0.13322231473771856,0.020815986677768527,0.16233766233766234,1.218547077922078,1.0,0.003733358476595623,1.034757856824739,0.20573065902578808,0.08650519031141869,0.03359032897937798,0.15929383116883117
frozenset({'Aloo Paratha'}),frozenset({'Chicken Biryani'}),0.13322231473771856,0.12822647793505412,0.020815986677768527,0.15625,1.218547077922078,1.0,0.003733358476595623,1.033213063188084,0.20691642651296843,0.08650519031141869,0.03214541547277937,0.15929383116883117
frozenset({'Chicken Tandoori'}),frozenset({'Aloo Paratha'}),0.08326394671107411,0.13322231473771856,0.012489592006661115,0.15,1.1259375,1.0,0.0013969762916137742,1.0197384532497429,0.12201029367241897,0.06122448979591836,0.01935638808837656,0.121875
frozenset({'Aloo Paratha'}),frozenset({'Chicken Tandoori'}),0.13322231473771856,0.08326394671107411,0.012489592006661115,0.09375,1.1259375,1.0,0.0013969762916137742,1.011570817422263,0.12904258725584372,0.06122448979591836,0.01143846503178928,0.121875
frozenset({'Dal Makhani'}),frozenset({'Aloo Paratha'}),0.10491257285595337,0.13322231473771856,0.01665278934221482,0.15873015873015872,1.191468253968254,1.0,0.00267609354125517,1.030320644745731,0.17953488372093016,0.07518796992481203,0.02942835795861732,0.14186507936507936
frozenset({'Aloo Paratha'}),frozenset({'Dal Makhani'}),0.13322231473771856,0.10491257285595337,0.01665278934221482,0.125,1.191468253968254,1.0,0.00267609354125517,1.0229570595931963,0.18539865513928908,0.07518796992481203,0.022441860465116276,0.14186507936507936
frozenset({'Fish Masala Curry'}),frozenset({'Aloo Paratha'}),0.11490424646128226,0.13322231473771856,0.026644462947543714,0.2318840579710145,1.7405797101449276,1.0,0.011336653260778384,1.1284464204358005,0.4807149576669803,0.12030075187969926,0.11382589204917234,0.21594202898550724
frozenset({'Aloo Paratha'}),frozenset({'Fish Masala Curry'}),0.13322231473771856,0.11490424646128226,0.026644462947543714,0.2,1.7405797101449276,1.0,0.011336653260778384,1.1063696919233972,0.49087415946205565,0.12030075187969926,0.09614299153339606,0.21594202898550724
frozenset({'Four-Cheese Pizza'}),frozenset({'Aloo Paratha'}),0.1357202331390508,0.13322231473771856,0.03663613655287261,0.26993865030674846,2.0262269938650306,1.0,0.018555172937345443,1.1872669134264864,0.5860045542126467,0.15770609318996417,0.15772941308204122,0.27246932515337424
frozenset({'Aloo Paratha'}),frozenset({'Four-Cheese Pizza'}),0.13322231473771856,0.1357202331390508,0.03663613655287261,0.275,2.0262269938650306,1.0,0.018555172937345443,1.1921100232564816,0.5843157802811981,0.15770609318996417,0.16115125240847786,0.27246932515337424
frozenset({'French Toast'}),frozenset({'Aloo Paratha'}),0.10824313072439634,0.13322231473771856,0.03413821815154038,0.3153846153846154,2.367355769230769,1.0,0.019717817721978836,1.2660797649898494,0.6476964769647695,0.1646586345381526,0.21016034877706347,0.28581730769230773
frozenset({'Aloo Paratha'}),frozenset({'French Toast'}),0.13322231473771856,0.10824313072439634,0.03413821815154038,0.25625000000000003,2.3673557692307696,1.0,0.019717817721978836,1.1990008326394672,0.6663620814882499,0.1646586345381526,0.16597222222222224,0.28581730769230773
frozenset({'Grilled Chicken Breast'}),frozenset({'Aloo Paratha'}),0.14238134887593673,0.13322231473771856,0.019983347210657785,0.14035087719298245,1.0535087719298246,1.0,0.0010149743379268307,1.0082924093867356,0.05922330097087373,0.07817589576547232,0.00822421086337361,0.14517543859649124
frozenset({'Aloo Paratha'}),frozenset({'Grilled Chicken Breast'}),0.13322231473771856,0.14238134887593673,0.019983347210657785,0.15,1.0535087719298244,1.0,0.0010149743379268307,1.0089631189694863,0.058597502401536924,0.07817589576547232,0.008883495145631047,0.14517543859649124
frozenset({'Iced Caramel Latte'}),frozenset({'Aloo Paratha'}),0.05245628642797669,0.13322231473771856,0.01498751040799334,0.2857142857142857,2.1446428571428573,1.0,0.007999162507513514,1.2134887593671941,0.5632688927943762,0.08780487804878051,0.17592973788939203,0.19910714285714287
frozenset({'Aloo Paratha'}),frozenset({'Iced Caramel Latte'}),0.13322231473771856,0.05245628642797669,0.01498751040799334,0.11250000000000002,2.1446428571428573,1.0,0.007999162507513514,1.0676548885318573,0.6157540826128722,0.08780487804878051,0.06336775043936733,0.19910714285714287
frozenset({'Korean BBQ Short Ribs'}),frozenset({'Aloo Paratha'}),0.13322231473771856,0.13322231473771856,0.03413821815154038,0.25625000000000003,1.9234765625000003,1.0,0.01639003300746464,1.1654153751425635,0.5538998617651882,0.14695340501792115,0.14193683957732953,0.25625000000000003
frozenset({'Aloo Paratha'}),frozenset({'Korean BBQ Short Ribs'}),0.13322231473771856,0.13322231473771856,0.03413821815154038,0.25625000000000003,1.9234765625000003,1.0,0.01639003300746464,1.1654153751425635,0.5538998617651882,0.14695340501792115,0.14193683957732953,0.25625000000000003
frozenset({'Margherita Pizza'}),frozenset({'Aloo Paratha'}),0.0749375520399667,0.13322231473771856,0.014154870940882597,0.18888888888888886,1.417847222222222,1.0,0.004171516797339989,1.0686300229261005,0.31857891671520083,0.07296137339055794,0.0642224356921763,0.14756944444444442
frozenset({'Aloo Paratha'}),frozenset({'Margherita Pizza'}),0.13322231473771856,0.0749375520399667,0.014154870940882597,0.10625,1.417847222222222,1.0,0.004171516797339989,1.0350349068084288,0.340001130135051,0.07296137339055794,0.03384900990099009,0.14756944444444442
frozenset({'Mediterranean Olive Pizza'}),frozenset({'Aloo Paratha'}),0.08825978351373855,0.13322231473771856,0.028309741881765195,0.32075471698113206,2.4076650943396225,1.0,0.016551569223815014,1.2760893699694698,0.6412570507655116,0.14655172413793105,0.2163558262193464,0.266627358490566
frozenset({'Aloo Paratha'}),frozenset({'Mediterranean Olive Pizza'}),0.13322231473771856,0.08825978351373855,0.028309741881765195,0.2125,2.4076650943396225,1.0,0.016551569223815014,1.1577653542682687,0.67452110527208,0.14655172413793105,0.13626712328767124,0.266627358490566
frozenset({'Mushroom Alfredo Pizza'}),frozenset({'Aloo Paratha'}),0.09908409658617819,0.13322231473771856,0.027477102414654453,0.27731092436974786,2.0815651260504198,1.0,0.014276889713748117,1.1993784249559476,0.5767378031703355,0.13414634146341464,0.1662347936292672,0.24178046218487392
frozenset({'Aloo Paratha'}),frozenset({'Mushroom Alfredo Pizza'}),0.13322231473771856,0.09908409658617819,0.027477102414654453,0.20625,2.08156512605042,1.0,0.014276889713748117,1.1350121617811928,0.5994527406631153,0.13414634146341464,0.11895217190388169,0.24178046218487392
frozenset({'Omelette with Cheese'}),frozenset({'Aloo Paratha'}),0.08825978351373855,0.13322231473771856,0.018318068276436304,0.2075471698113208,1.5579009433962268,1.0,0.006559895618486123,1.09379088854526,0.39277708592777094,0.09016393442622953,0.08574846392257086,0.1725235849056604
frozenset({'Aloo Paratha'}),frozenset({'Omelette with Cheese'}),0.13322231473771856,0.08825978351373855,0.018318068276436304,0.1375,1.5579009433962265,1.0,0.006559895618486123,1.0570901060710278,0.41315168980875033,0.09016393442622953,0.05400684931506851,0.1725235849056604
frozenset({'Paneer Tikka Masala'}),frozenset({'Aloo Paratha'}),0.11074104912572856,0.13322231473771856,0.026644462947543714,0.2406015037593985,1.8060150375939852,1.0,0.011891284046530752,1.1414003182166677,0.5018726591760301,0.12260536398467434,0.12388319501924842,0.22030075187969927
frozenset({'Aloo Paratha'}),frozenset({'Paneer Tikka Masala'}),0.13322231473771856,0.11074104912572856,0.026644462947543714,0.2,1.806015037593985,1.0,0.011891284046530752,1.1115736885928391,0.5148895292987512,0.12260536398467434,0.100374531835206,0.22030075187969927
frozenset({'Paratha with Omelette'}),frozenset({'Aloo Paratha'}),0.12489592006661115,0.13322231473771856,0.030807660283097418,0.24666666666666667,1.8515416666666669,1.0,0.014168736710526406,1.150589847693294,0.5255483837786407,0.13553113553113552,0.13088056356067884,0.23895833333333333
frozenset({'Aloo Paratha'}),frozenset({'Paratha with Omelette'}),0.13322231473771856,0.12489592006661115,0.030807660283097418,0.23125,1.8515416666666669,1.0,0.014168736710526406,1.1383467706450587,0.5305968793000493,0.13553113553113552,0.12153306374881066,0.23895833333333333
frozenset({'Peach Iced Tea'}),frozenset({'Aloo Paratha'}),0.049125728559533725,0.13322231473771856,0.010824313072439634,0.22033898305084745,1.6539194915254238,1.0,0.004279669800561703,1.1117365963146653,0.41580223629260404,0.06310679611650485,0.10050635796740422,0.15079449152542374
frozenset({'Aloo Paratha'}),frozenset({'Peach Iced Tea'}),0.13322231473771856,0.049125728559533725,0.010824313072439634,0.08125000000000002,1.653919491525424,1.0,0.004279669800561703,1.0349651934045891,0.45614424000591147,0.06310679611650485,0.03378393169877409,0.15079449152542374
frozenset({'Pepperoni Pizza'}),frozenset({'Aloo Paratha'}),0.07577019150707744,0.13322231473771856,0.02414654454621149,0.3186813186813187,2.3921016483516486,1.0,0.014052264245518411,1.2722059574010904,0.6296675986331158,0.13063063063063066,0.21396374998680479,0.24996565934065937
frozenset({'Aloo Paratha'}),frozenset({'Pepperoni Pizza'}),0.13322231473771856,0.07577019150707744,0.02414654454621149,0.18125000000000002,2.3921016483516486,1.0,0.014052264245518411,1.1288303004493712,0.6714034913379046,0.13063063063063066,0.11412725225225227,0.24996565934065937
frozenset({'Scrambled Eggs Meal'}),frozenset({'Aloo Paratha'}),0.06078268109908409,0.13322231473771856,0.01498751040799334,0.24657534246575344,1.850856164383562,1.0,0.006889900936008782,1.1504503822572099,0.48946020488573694,0.08372093023255815,0.1307752029792218,0.17953767123287673
frozenset({'Aloo Paratha'}),frozenset({'Scrambled Eggs Meal'}),0.13322231473771856,0.06078268109908409,0.01498751040799334,0.11250000000000002,1.850856164383562,1.0,0.006889900936008782,1.0582730353813137,0.5303661009712884,0.08372093023255815,0.05506427304964542,0.17953767123287673
frozenset({'Smoked Beef Ribs'}),frozenset({'Aloo Paratha'}),0.16902581182348042,0.13322231473771856,0.03413821815154038,0.2019704433497537,1.5160406403940887,1.0,0.011620208249994282,1.0861473463471798,0.40962412630138334,0.12732919254658387,0.07931460371090701,0.22911022167487688
frozenset({'Aloo Paratha'}),frozenset({'Smoked Beef Ribs'}),0.13322231473771856,0.16902581182348042,0.03413821815154038,0.25625000000000003,1.516040640394089,1.0,0.011620208249994282,1.1172762193970012,0.3927040134954664,0.12732919254658387,0.10496618236472952,0.22911022167487688
frozenset({'Smoked Sausage Combo'}),frozenset({'Aloo Paratha'}),0.16402997502081598,0.13322231473771856,0.03330557868442964,0.20304568527918782,1.5241116751269037,1.0,0.01145312572578638,1.0876127643099964,0.4113545816733068,0.1261829652996845,0.08055510856897653,0.2265228426395939
frozenset({'Aloo Paratha'}),frozenset({'Smoked Sausage Combo'}),0.13322231473771856,0.16402997502081598,0.03330557868442964,0.25,1.5241116751269035,1.0,0.01145312572578638,1.1146266999722454,0.39673390970220945,0.1261829652996845,0.1028386454183267,0.2265228426395939
frozenset({'Strawberry Milkshake'}),frozenset({'Aloo Paratha'}),0.051623646960865945,0.13322231473771856,0.01498751040799334,0.2903225806451613,2.1792338709677423,1.0,0.008110088664663988,1.221368556505942,0.5705784801482783,0.08823529411764708,0.18124632022558956,0.20141129032258065
frozenset({'Aloo Paratha'}),frozenset({'Strawberry Milkshake'}),0.13322231473771856,0.051623646960865945,0.01498751040799334,0.11250000000000002,2.1792338709677423,1.0,0.008110088664663988,1.0685930738469116,0.6242928807770307,0.08823529411764708,0.06419007901668132,0.20141129032258065
frozenset({'Tandoori Chicken Pizza'}),frozenset({'Aloo Paratha'}),0.10241465445462115,0.13322231473771856,0.02997502081598668,0.2926829268292683,2.196951219512195,1.0,0.016331103486478447,1.225444313646674,0.6069882498453927,0.14574898785425103,0.18396944776364188,0.25884146341463415
frozenset({'Aloo Paratha'}),frozenset({'Tandoori Chicken Pizza'}),0.13322231473771856,0.10241465445462115,0.02997502081598668,0.22500000000000003,2.1969512195121954,1.0,0.016331103486478447,1.1581746394133923,0.6285622798591097,0.14574898785425103,0.13657235621521338,0.25884146341463415
frozenset({'Turkey Bacon & Eggs'}),frozenset({'Aloo Paratha'}),0.10990840965861781,0.13322231473771856,0.02331390507910075,0.21212121212121213,1.5922348484848485,1.0,0.008671652335238261,1.100140908217511,0.417880529199519,0.10606060606060606,0.0910255290658749,0.19356060606060607
frozenset({'Aloo Paratha'}),frozenset({'Turkey Bacon & Eggs'}),0.13322231473771856,0.10990840965861781,0.02331390507910075,0.17500000000000002,1.5922348484848488,1.0,0.008671652335238261,1.0788988973834936,0.4291203513105531,0.10606060606060606,0.07312909260991583,0.19356060606060607
frozenset({'Veggie Supreme Pizza'}),frozenset({'Aloo Paratha'}),0.11323896752706078,0.13322231473771856,0.01665278934221482,0.14705882352941177,1.1038602941176472,1.0,0.0015668319697504374,1.0162221137557783,0.10610328638497656,0.07246376811594203,0.015963157597332894,0.1360294117647059
frozenset({'Aloo Paratha'}),frozenset({'Veggie Supreme Pizza'}),0.13322231473771856,0.11323896752706078,0.01665278934221482,0.125,1.1038602941176472,1.0,0.0015668319697504374,1.0134411799690735,0.10854947166186361,0.07246376811594203,0.013262910798122068,0.1360294117647059
frozenset({'BBQ Chicken Pizza'}),frozenset({'Avocado Toast'}),0.10324729392173189,0.09658617818484597,0.018318068276436304,0.1774193548387097,1.8369021134593992,1.0,0.008345806748608743,1.0982677833831285,0.5080611125179371,0.10091743119266056,0.08947524899658095,0.1835372636262514
frozenset({'Avocado Toast'}),frozenset({'BBQ Chicken Pizza'}),0.09658617818484597,0.10324729392173189,0.018318068276436304,0.1896551724137931,1.8369021134593992,1.0,0.008345806748608743,1.1066309989902032,0.5043150397989107,0.10091743119266056,0.09635641789133288,0.1835372636262514
frozenset({'Avocado Toast'}),frozenset({'BBQ Lamb Chops'}),0.09658617818484597,0.16319733555370525,0.018318068276436304,0.1896551724137931,1.162121745249824,1.0,0.002555461345354032,1.0326500965507468,0.15441977377461252,0.07586206896551724,0.031617773202950755,0.1509500351864884
frozenset({'BBQ Lamb Chops'}),frozenset({'Avocado Toast'}),0.16319733555370525,0.09658617818484597,0.018318068276436304,0.11224489795918367,1.162121745249824,1.0,0.002555461345354032,1.0176385579067253,0.1667118950701041,0.07586206896551724,0.017332831750211598,0.1509500351864884
frozenset({'Avocado Toast'}),frozenset({'Barbeque Chicken Tikka'}),0.09658617818484597,0.1115736885928393,0.019983347210657785,0.20689655172413793,1.85434894493052,1.0,0.009206871043489292,1.1201896969916374,0.5099846390168971,0.10619469026548671,0.10729405681414214,0.19300051466803914
frozenset({'Barbeque Chicken Tikka'}),frozenset({'Avocado Toast'}),0.1115736885928393,0.09658617818484597,0.019983347210657785,0.17910447761194032,1.85434894493052,1.0,0.009206871043489292,1.1005222920293696,0.5185879412683536,0.10619469026548671,0.09134053236123531,0.19300051466803914
frozenset({'Beef Steak Ribeye'}),frozenset({'Avocado Toast'}),0.12489592006661115,0.09658617818484597,0.01582014987510408,0.12666666666666668,1.3114367816091954,1.0,0.003756930284990098,1.0344433074219321,0.27137062446792537,0.07692307692307693,0.033296466973886336,0.14522988505747128
frozenset({'Avocado Toast'}),frozenset({'Beef Steak Ribeye'}),0.09658617818484597,0.12489592006661115,0.01582014987510408,0.16379310344827588,1.3114367816091956,1.0,0.003756930284990098,1.0465162193017847,0.2628668445306816,0.07692307692307693,0.04444863676629813,0.14522988505747128
frozenset({'Avocado Toast'}),frozenset({'Butter Chicken'}),0.09658617818484597,0.10741049125728559,0.013322231473771857,0.13793103448275862,1.2841486233627373,1.0,0.0029478626262738304,1.0354038301415487,0.2449308755760368,0.06986899563318777,0.0341932578486876,0.1309810211173483
frozenset({'Butter Chicken'}),frozenset({'Avocado Toast'}),0.10741049125728559,0.09658617818484597,0.013322231473771857,0.124031007751938,1.2841486233627373,1.0,0.0029478626262738304,1.0313308231341138,0.24790111940298504,0.06986899563318777,0.030379023327260394,0.1309810211173483
frozenset({'Avocado Toast'}),frozenset({'Chicken Biryani'}),0.09658617818484597,0.12822647793505412,0.01665278934221482,0.17241379310344826,1.3446036721898789,1.0,0.004267883896364464,1.0533930058284762,0.2836866359447004,0.07999999999999999,0.05068669103843492,0.15114196148678904
frozenset({'Chicken Biryani'}),frozenset({'Avocado Toast'}),0.12822647793505412,0.09658617818484597,0.01665278934221482,0.12987012987012986,1.3446036721898789,1.0,0.004267883896364464,1.0382517056681622,0.2939828080229226,0.07999999999999999,0.03684242025255848,0.15114196148678904
frozenset({'Avocado Toast'}),frozenset({'Chicken Tandoori'}),0.09658617818484597,0.08326394671107411,0.010824313072439634,0.11206896551724138,1.3459482758620689,1.0,0.002782166679030312,1.032440603704033,0.28450903934774907,0.06403940886699508,0.03142127846158664,0.12103448275862069
frozenset({'Chicken Tandoori'}),frozenset({'Avocado Toast'}),0.08326394671107411,0.09658617818484597,0.010824313072439634,0.13,1.3459482758620689,1.0,0.002782166679030312,1.0384066917415564,0.28037448473415777,0.06403940886699508,0.036986175115207374,0.12103448275862069
frozenset({'Avocado Toast'}),frozenset({'Dal Makhani'}),0.09658617818484597,0.10491257285595337,0.017485428809325562,0.1810344827586207,1.7255747126436782,1.0,0.007352324353629815,1.0929488584074674,0.4654377880184331,0.09502262443438915,0.08504410585404971,0.17385057471264367
frozenset({'Dal Makhani'}),frozenset({'Avocado Toast'}),0.10491257285595337,0.09658617818484597,0.017485428809325562,0.16666666666666666,1.725574712643678,1.0,0.007352324353629815,1.0840965861781848,0.46976744186046504,0.09502262443438915,0.07757296466973884,0.17385057471264367
frozenset({'Fish Masala Curry'}),frozenset({'Avocado Toast'}),0.11490424646128226,0.09658617818484597,0.011656952539550375,0.10144927536231885,1.0503498250874563,1.0,0.0005587905166455093,1.00541215653622,0.054159387179142544,0.058333333333333334,0.005383022774327124,0.11106946526736632
frozenset({'Avocado Toast'}),frozenset({'Fish Masala Curry'}),0.09658617818484597,0.11490424646128226,0.011656952539550375,0.12068965517241378,1.0503498250874561,1.0,0.0005587905166455093,1.006579484416581,0.05306122448979587,0.058333333333333334,0.006536477762999959,0.11106946526736632
frozenset({'Avocado Toast'}),frozenset({'French Toast'}),0.09658617818484597,0.10824313072439634,0.019150707743547043,0.1982758620689655,1.8317639257294427,1.0,0.008695917432114923,1.1122988907093552,0.5026247245041073,0.10313901345291479,0.1009610740848063,0.1875994694960212
frozenset({'French Toast'}),frozenset({'Avocado Toast'}),0.10824313072439634,0.09658617818484597,0.019150707743547043,0.1769230769230769,1.8317639257294427,1.0,0.008695917432114923,1.097605577906262,0.5091949823407622,0.10313901345291479,0.08892591279688052,0.1875994694960212
frozenset({'Granola Yogurt Bowl'}),frozenset({'Avocado Toast'}),0.11323896752706078,0.09658617818484597,0.02164862614487927,0.1911764705882353,1.9793356997971603,1.0,0.01071130704984259,1.116947997880554,0.5579631635969664,0.11504424778761063,0.10470317159121714,0.20765720081135902
frozenset({'Avocado Toast'}),frozenset({'Granola Yogurt Bowl'}),0.09658617818484597,0.11323896752706078,0.02164862614487927,0.22413793103448276,1.9793356997971603,1.0,0.01071130704984259,1.1429364418540107,0.5476781283232895,0.11504424778761063,0.12506070908207867,0.20765720081135902
frozenset({'Avocado Toast'}),frozenset({'Grilled Chicken Breast'}),0.09658617818484597,0.14238134887593673,0.01665278934221482,0.17241379310344826,1.2109296229078441,1.0,0.0029007190094848777,1.0362892034415765,0.19281105990783395,0.07490636704119849,0.035018413123535284,0.1446864287154668
frozenset({'Grilled Chicken Breast'}),frozenset({'Avocado Toast'}),0.14238134887593673,0.09658617818484597,0.01665278934221482,0.11695906432748536,1.2109296229078441,1.0,0.0029007190094848777,1.0230712816582208,0.2031067961165047,0.07490636704119849,0.022551001158810976,0.1446864287154668
frozenset({'Avocado Toast'}),frozenset({'Grilled Prawns'}),0.09658617818484597,0.10824313072439634,0.01498751040799334,0.15517241379310345,1.433554376657825,1.0,0.00453272009656122,1.0555489473058166,0.3347670250896057,0.07894736842105263,0.05262564796033355,0.14681697612732098
frozenset({'Grilled Prawns'}),frozenset({'Avocado Toast'}),0.10824313072439634,0.09658617818484597,0.01498751040799334,0.13846153846153847,1.433554376657825,1.0,0.00453272009656122,1.0486053288925894,0.33914306463326066,0.07894736842105263,0.046352357320099256,0.14681697612732098
frozenset({'Avocado Toast'}),frozenset({'Hawaiian Pizza'}),0.09658617818484597,0.10574521232306411,0.01665278934221482,0.17241379310344826,1.6304642954113493,1.0,0.0064392634225849815,1.0805578684429642,0.4280184331797235,0.08968609865470852,0.07455210942015025,0.16494705403203908
frozenset({'Hawaiian Pizza'}),frozenset({'Avocado Toast'}),0.10574521232306411,0.09658617818484597,0.01665278934221482,0.15748031496062992,1.6304642954113493,1.0,0.0064392634225849815,1.0722762184161174,0.43240223463687155,0.08968609865470852,0.06740447766609818,0.16494705403203908
frozenset({'Avocado Toast'}),frozenset({'Korean BBQ Short Ribs'}),0.09658617818484597,0.13322231473771856,0.017485428809325562,0.1810344827586207,1.3588900862068967,1.0,0.0046179945798706466,1.0583811735834174,0.2923414527101163,0.08235294117647059,0.05516082016628574,0.15614224137931035
frozenset({'Korean BBQ Short Ribs'}),frozenset({'Avocado Toast'}),0.13322231473771856,0.09658617818484597,0.017485428809325562,0.13125,1.3588900862068964,1.0,0.0046179945798706466,1.0399008020893858,0.3046978637756736,0.08235294117647059,0.038369815668202766,0.15614224137931035
frozenset({'Avocado Toast'}),frozenset({'Mango Smoothie'}),0.09658617818484597,0.06328059950041633,0.013322231473771857,0.13793103448275862,2.1796733212341195,1.0,0.007210200214780771,1.0865945045795171,0.5990783410138248,0.09090909090909088,0.0796934865900383,0.17422867513611615
frozenset({'Mango Smoothie'}),frozenset({'Avocado Toast'}),0.06328059950041633,0.09658617818484597,0.013322231473771857,0.21052631578947367,2.1796733212341195,1.0,0.007210200214780771,1.1443241742991952,0.5777777777777777,0.09090909090909088,0.12612175600291048,0.17422867513611615
frozenset({'Avocado Toast'}),frozenset({'Mediterranean Olive Pizza'}),0.09658617818484597,0.08825978351373855,0.012489592006661115,0.1293103448275862,1.465110605074821,1.0,0.0039649168296472335,1.0471471793307556,0.3513978494623656,0.07246376811594202,0.04502440560541646,0.13540988939492515
frozenset({'Mediterranean Olive Pizza'}),frozenset({'Avocado Toast'}),0.08825978351373855,0.09658617818484597,0.012489592006661115,0.14150943396226415,1.465110605074821,1.0,0.0039649168296472335,1.0523281880484212,0.3481887366818874,0.07246376811594202,0.04972611077297625,0.13540988939492515
frozenset({'Avocado Toast'}),frozenset({'Mushroom Alfredo Pizza'}),0.09658617818484597,0.09908409658617819,0.02164862614487927,0.22413793103448276,2.262097942625326,1.0,0.012078471936722174,1.1611804977333704,0.6175824175824175,0.1244019138755981,0.13880744470648226,0.22131266299623298
frozenset({'Mushroom Alfredo Pizza'}),frozenset({'Avocado Toast'}),0.09908409658617819,0.09658617818484597,0.02164862614487927,0.21848739495798322,2.262097942625326,1.0,0.012078471936722174,1.1559811268387454,0.6192947533058438,0.1244019138755981,0.1349339735894358,0.22131266299623298
frozenset({'Avocado Toast'}),frozenset({'Naan Garlic Bread'}),0.09658617818484597,0.1015820149875104,0.02331390507910075,0.24137931034482757,2.376201243640475,1.0,0.013502486479141377,1.184278252971009,0.6410796576695195,0.13333333333333333,0.15560384775174968,0.2354437535330695
frozenset({'Naan Garlic Bread'}),frozenset({'Avocado Toast'}),0.1015820149875104,0.09658617818484597,0.02331390507910075,0.22950819672131148,2.376201243640475,1.0,0.013502486479141377,1.1725158112920084,0.6446445121143917,0.13333333333333333,0.14713303618644707,0.2354437535330695
frozenset({'Paneer Tikka Masala'}),frozenset({'Avocado Toast'}),0.11074104912572856,0.09658617818484597,0.020815986677768527,0.1879699248120301,1.9461368939590356,1.0,0.010119931974534127,1.1125373916797732,0.5467041198501873,0.11160714285714286,0.10115380617442224,0.2017435830956702
frozenset({'Avocado Toast'}),frozenset({'Paneer Tikka Masala'}),0.09658617818484597,0.11074104912572856,0.020815986677768527,0.21551724137931033,1.9461368939590353,1.0,0.010119931974534127,1.133560860455115,0.5381382488479263,0.11160714285714286,0.11782416376081621,0.2017435830956702
frozenset({'Avocado Toast'}),frozenset({'Paratha with Omelette'}),0.09658617818484597,0.12489592006661115,0.020815986677768527,0.21551724137931033,1.725574712643678,1.0,0.008752767087654543,1.1155172887062978,0.46543778801843316,0.10373443983402489,0.10355490665704253,0.1910919540229885
frozenset({'Paratha with Omelette'}),frozenset({'Avocado Toast'}),0.12489592006661115,0.09658617818484597,0.020815986677768527,0.16666666666666669,1.7255747126436782,1.0,0.008752767087654543,1.084096586178185,0.48049476688867737,0.10373443983402489,0.07757296466973887,0.1910919540229885
frozenset({'Peri Peri Grilled Wings'}),frozenset({'Avocado Toast'}),0.11074104912572856,0.09658617818484597,0.01498751040799334,0.13533834586466165,1.4012185636505055,1.0,0.00429145570475894,1.0448177243601346,0.32199334165626303,0.07792207792207793,0.04289525657461625,0.14525537982888254
frozenset({'Avocado Toast'}),frozenset({'Peri Peri Grilled Wings'}),0.09658617818484597,0.11074104912572856,0.01498751040799334,0.15517241379310345,1.4012185636505057,1.0,0.00429145570475894,1.052592227565464,0.31694828469022013,0.07792207792207793,0.04996448405010978,0.14525537982888254
frozenset({'Avocado Toast'}),frozenset({'Spicy Chicken Fajita Pizza'}),0.09658617818484597,0.08326394671107411,0.010824313072439634,0.11206896551724138,1.3459482758620689,1.0,0.002782166679030312,1.032440603704033,0.28450903934774907,0.06403940886699508,0.03142127846158664,0.12103448275862069
frozenset({'Spicy Chicken Fajita Pizza'}),frozenset({'Avocado Toast'}),0.08326394671107411,0.09658617818484597,0.010824313072439634,0.13,1.3459482758620689,1.0,0.002782166679030312,1.0384066917415564,0.28037448473415777,0.06403940886699508,0.036986175115207374,0.12103448275862069
frozenset({'Avocado Toast'}),frozenset({'Tandoori Chicken Pizza'}),0.09658617818484597,0.10241465445462115,0.01582014987510408,0.16379310344827588,1.599313148303897,1.0,0.005928309811210614,1.0734010317862264,0.41479505214649526,0.08636363636363638,0.06838174141129809,0.1591323240818615
frozenset({'Tandoori Chicken Pizza'}),frozenset({'Avocado Toast'}),0.10241465445462115,0.09658617818484597,0.01582014987510408,0.15447154471544716,1.599313148303897,1.0,0.005928309811210614,1.068460577723692,0.41748852651108287,0.08636363636363638,0.06407403244539359,0.1591323240818615
frozenset({'Avocado Toast'}),frozenset({'Turkey Bacon & Eggs'}),0.09658617818484597,0.10990840965861781,0.022481265611990008,0.23275862068965517,2.1177507836990594,1.0,0.011865632372689703,1.1601193761752846,0.5842293906810035,0.12217194570135746,0.1380197412986678,0.21865203761755486
frozenset({'Turkey Bacon & Eggs'}),frozenset({'Avocado Toast'}),0.10990840965861781,0.09658617818484597,0.022481265611990008,0.20454545454545456,2.1177507836990594,1.0,0.011865632372689703,1.1357202331390508,0.5929737033572394,0.12217194570135746,0.11950146627565983,0.21865203761755486
frozenset({'Avocado Toast'}),frozenset({'Veggie Supreme Pizza'}),0.09658617818484597,0.11323896752706078,0.011656952539550375,0.12068965517241378,1.0657961460446248,1.0,0.0007196334445136957,1.0084733310476564,0.06833443054641206,0.058823529411764705,0.008402136959689162,0.11181541582150101
frozenset({'Veggie Supreme Pizza'}),frozenset({'Avocado Toast'}),0.11323896752706078,0.09658617818484597,0.011656952539550375,0.10294117647058824,1.0657961460446248,1.0,0.0007196334445136957,1.0070842603841061,0.0696177062374245,0.058823529411764705,0.007034426673895369,0.11181541582150101
frozenset({'BBQ Chicken Pizza'}),frozenset({'BBQ Lamb Chops'}),0.10324729392173189,0.16319733555370525,0.019150707743547043,0.18548387096774194,1.1365618828176431,1.0,0.0023010244723901327,1.0273616870429758,0.13398732388680312,0.07744107744107744,0.026632964211202058,0.15141540487162608
frozenset({'BBQ Lamb Chops'}),frozenset({'BBQ Chicken Pizza'}),0.16319733555370525,0.10324729392173189,0.019150707743547043,0.1173469387755102,1.1365618828176431,1.0,0.0023010244723901327,1.015974164111795,0.1435864157473502,0.07744107744107744,0.015723002292839135,0.15141540487162608
frozenset({'BBQ Chicken Pizza'}),frozenset({'BBQ Platter Mix'}),0.10324729392173189,0.12489592006661115,0.017485428809325562,0.16935483870967744,1.355967741935484,1.0,0.004590263040583029,1.05352335836641,0.29274439580846273,0.08300395256916997,0.05080414965777602,0.15467741935483872
frozenset({'BBQ Platter Mix'}),frozenset({'BBQ Chicken Pizza'}),0.12489592006661115,0.10324729392173189,0.017485428809325562,0.14,1.355967741935484,1.0,0.004590263040583029,1.0427357047421721,0.2999864075030584,0.08300395256916997,0.04098421541318479,0.15467741935483872
frozenset({'BBQ Chicken Pizza'}),frozenset({'Barbeque Chicken Tikka'}),0.10324729392173189,0.1115736885928393,0.018318068276436304,0.1774193548387097,1.5901540683678383,1.0,0.006798386856359641,1.0800476726910582,0.41386004895754214,0.09322033898305086,0.07411494391873509,0.17079922965816083
frozenset({'Barbeque Chicken Tikka'}),frozenset({'BBQ Chicken Pizza'}),0.1115736885928393,0.10324729392173189,0.018318068276436304,0.16417910447761197,1.5901540683678386,1.0,0.006798386856359641,1.072900559057928,0.4177387748146887,0.09322033898305086,0.06794717221690992,0.17079922965816083
frozenset({'BBQ Chicken Pizza'}),frozenset({'Beef Sausage Breakfast'}),0.10324729392173189,0.10074937552039967,0.014154870940882597,0.13709677419354838,1.3607704612103437,1.0,0.003752770554096953,1.0421222190230883,0.2956469495876345,0.07456140350877193,0.04041965352449222,0.1387963209810717
frozenset({'Beef Sausage Breakfast'}),frozenset({'BBQ Chicken Pizza'}),0.10074937552039967,0.10324729392173189,0.014154870940882597,0.14049586776859505,1.360770461210344,1.0,0.003752770554096953,1.0433372830333696,0.2948257080610021,0.07456140350877193,0.041537174735452785,0.1387963209810717
frozenset({'BBQ Chicken Pizza'}),frozenset({'Beef Steak Ribeye'}),0.10324729392173189,0.12489592006661115,0.02331390507910075,0.22580645161290322,1.8079569892473117,1.0,0.010418739310358216,1.1303427699139608,0.49834195516646773,0.11382113821138212,0.11531260550627666,0.20623655913978495
frozenset({'Beef Steak Ribeye'}),frozenset({'BBQ Chicken Pizza'}),0.12489592006661115,0.10324729392173189,0.02331390507910075,0.18666666666666668,1.807956989247312,1.0,0.010418739310358216,1.1025648025552477,0.5106701100992252,0.11382113821138212,0.09302383163107399,0.20623655913978495
frozenset({'BBQ Chicken Pizza'}),frozenset({'Butter Chicken'}),0.10324729392173189,0.10741049125728559,0.012489592006661115,0.12096774193548386,1.1262190547636908,1.0,0.0013997494455425356,1.0154229273770328,0.12497678737233049,0.06302521008403361,0.015188673567645635,0.11862340585146286
frozenset({'Butter Chicken'}),frozenset({'BBQ Chicken Pizza'}),0.10741049125728559,0.10324729392173189,0.012489592006661115,0.11627906976744186,1.126219054763691,1.0,0.0013997494455425356,1.0147464831938295,0.12555970149253726,0.06302521008403361,0.01453218457817797,0.11862340585146286
frozenset({'BBQ Chicken Pizza'}),frozenset({'Dal Makhani'}),0.10324729392173189,0.10491257285595337,0.014154870940882597,0.13709677419354838,1.3067716333845365,1.0,0.0033229316951388695,1.0372975791202035,0.2617838221639631,0.07296137339055794,0.035956489122280555,0.13600870455709163
frozenset({'Dal Makhani'}),frozenset({'BBQ Chicken Pizza'}),0.10491257285595337,0.10324729392173189,0.014154870940882597,0.1349206349206349,1.3067716333845365,1.0,0.0033229316951388695,1.0366132198702915,0.2622708618331054,0.07296137339055794,0.03532003949831247,0.13600870455709163
frozenset({'BBQ Chicken Pizza'}),frozenset({'Fish Masala Curry'}),0.10324729392173189,0.11490424646128226,0.012489592006661115,0.12096774193548386,1.0527699859747546,1.0,0.0006260394994179845,1.0068979214568898,0.05589600742804088,0.06072874493927125,0.006850666100203309,0.11483169705469845
frozenset({'Fish Masala Curry'}),frozenset({'BBQ Chicken Pizza'}),0.11490424646128226,0.10324729392173189,0.012489592006661115,0.10869565217391304,1.0527699859747546,1.0,0.0006260394994179845,1.006112792185374,0.056632173095014136,0.06072874493927125,0.006075652981308787,0.11483169705469845
frozenset({'BBQ Chicken Pizza'}),frozenset({'French Toast'}),0.10324729392173189,0.10824313072439634,0.02164862614487927,0.20967741935483872,1.9370967741935483,1.0,0.010472815811969072,1.1283454264303558,0.5394614670380687,0.11403508771929827,0.11374657389837656,0.20483870967741935
frozenset({'French Toast'}),frozenset({'BBQ Chicken Pizza'}),0.10824313072439634,0.10324729392173189,0.02164862614487927,0.2,1.9370967741935485,1.0,0.010472815811969072,1.120940882597835,0.5424836601307189,0.11403508771929827,0.10789229340761376,0.20483870967741935
frozenset({'BBQ Chicken Pizza'}),frozenset({'Granola Yogurt Bowl'}),0.10324729392173189,0.11323896752706078,0.025811823480432972,0.25,2.2077205882352944,1.0,0.014120206516773075,1.1823480432972524,0.6100278551532033,0.13537117903930132,0.15422535211267605,0.2389705882352941
frozenset({'Granola Yogurt Bowl'}),frozenset({'BBQ Chicken Pizza'}),0.11323896752706078,0.10324729392173189,0.025811823480432972,0.22794117647058823,2.207720588235294,1.0,0.014120206516773075,1.1615082669204233,0.6169014084507042,0.13537117903930132,0.13905046698345078,0.2389705882352941
frozenset({'BBQ Chicken Pizza'}),frozenset({'Grilled Prawns'}),0.10324729392173189,0.10824313072439634,0.02497918401332223,0.24193548387096772,2.235111662531017,1.0,0.013803373680412033,1.176360125427392,0.6162178891983906,0.13392857142857142,0.14992018312701422,0.23635235732009924
frozenset({'Grilled Prawns'}),frozenset({'BBQ Chicken Pizza'}),0.10824313072439634,0.10324729392173189,0.02497918401332223,0.23076923076923075,2.2351116625310175,1.0,0.013803373680412033,1.1657785179017484,0.6196700902583254,0.13392857142857142,0.14220412827655166,0.23635235732009924
frozenset({'BBQ Chicken Pizza'}),frozenset({'Hawaiian Pizza'}),0.10324729392173189,0.10574521232306411,0.019150707743547043,0.18548387096774194,1.7540640081280163,1.0,0.008232800726011697,1.0978969670489114,0.47939122360825154,0.10087719298245615,0.08916771790713042,0.18329311658623315
frozenset({'Hawaiian Pizza'}),frozenset({'BBQ Chicken Pizza'}),0.10574521232306411,0.10324729392173189,0.019150707743547043,0.1811023622047244,1.754064008128016,1.0,0.008232800726011697,1.0950730160763467,0.48073030523844223,0.10087719298245615,0.08681888301566759,0.18329311658623315
frozenset({'BBQ Chicken Pizza'}),frozenset({'Korean BBQ Short Ribs'}),0.10324729392173189,0.13322231473771856,0.02414654454621149,0.2338709677419355,1.7554939516129033,1.0,0.01039170105955279,1.131372978658136,0.4799090705343708,0.11372549019607844,0.11611818660717053,0.20756048387096776
frozenset({'Korean BBQ Short Ribs'}),frozenset({'BBQ Chicken Pizza'}),0.13322231473771856,0.10324729392173189,0.02414654454621149,0.18125000000000002,1.7554939516129036,1.0,0.01039170105955279,1.0952704807062816,0.49650534963066023,0.11372549019607844,0.08698351903435472,0.20756048387096776
frozenset({'BBQ Chicken Pizza'}),frozenset({'Mutton Karahi'}),0.10324729392173189,0.10657785179017486,0.013322231473771857,0.12903225806451613,1.2106854838709677,1.0,0.0023183566844448937,1.025780984981651,0.1940575673166202,0.06779661016949153,0.02513303069476595,0.12701612903225806
frozenset({'Mutton Karahi'}),frozenset({'BBQ Chicken Pizza'}),0.10657785179017486,0.10324729392173189,0.013322231473771857,0.125,1.2106854838709677,1.0,0.0023183566844448937,1.0248602355180207,0.1947809878844361,0.06779661016949153,0.024257195914577534,0.12701612903225806
frozenset({'BBQ Chicken Pizza'}),frozenset({'Naan Garlic Bread'}),0.10324729392173189,0.1015820149875104,0.028309741881765195,0.27419354838709675,2.6992332099418297,1.0,0.017821673723187936,1.2378203349060968,0.7020044786716917,0.16037735849056603,0.19212831474782502,0.27644103648863033
frozenset({'Naan Garlic Bread'}),frozenset({'BBQ Chicken Pizza'}),0.1015820149875104,0.10324729392173189,0.028309741881765195,0.2786885245901639,2.6992332099418297,1.0,0.017821673723187936,1.243225342517599,0.7007032655508915,0.16037735849056603,0.19564059241670093,0.27644103648863033
frozenset({'BBQ Chicken Pizza'}),frozenset({'Paneer Tikka Masala'}),0.10324729392173189,0.11074104912572856,0.02164862614487927,0.20967741935483872,1.893402861993694,1.0,0.010214912496594222,1.125184794983772,0.526176701664167,0.11255411255411257,0.11125709798236078,0.202583070579675
frozenset({'Paneer Tikka Masala'}),frozenset({'BBQ Chicken Pizza'}),0.11074104912572856,0.10324729392173189,0.02164862614487927,0.1954887218045113,1.893402861993694,1.0,0.010214912496594222,1.1146552327888752,0.5306107749927975,0.11255411255411257,0.10286161085164167,0.202583070579675
frozenset({'BBQ Chicken Pizza'}),frozenset({'Smoked Beef Ribs'}),0.10324729392173189,0.16902581182348042,0.02997502081598668,0.2903225806451613,1.7176227554425554,1.0,0.01252356314228845,1.170918174248732,0.46590322913442694,0.12371134020618559,0.14596935807098071,0.23383124106149694
frozenset({'Smoked Beef Ribs'}),frozenset({'BBQ Chicken Pizza'}),0.16902581182348042,0.10324729392173189,0.02997502081598668,0.17733990147783255,1.7176227554425556,1.0,0.01252356314228845,1.0900646666699905,0.5027833444667112,0.12371134020618559,0.08262323275290334,0.23383124106149694
frozenset({'BBQ Chicken Pizza'}),frozenset({'Smoked Sausage Combo'}),0.10324729392173189,0.16402997502081598,0.022481265611990008,0.21774193548387097,1.327452104142787,1.0,0.005545614569041481,1.068662712344524,0.27507823515251567,0.09183673469387754,0.06425106027502892,0.17739888652366137
frozenset({'Smoked Sausage Combo'}),frozenset({'BBQ Chicken Pizza'}),0.16402997502081598,0.10324729392173189,0.022481265611990008,0.13705583756345177,1.327452104142787,1.0,0.005545614569041481,1.0391781358671695,0.29507894348531805,0.09183673469387754,0.03770107791430416,0.17739888652366137
frozenset({'BBQ Chicken Pizza'}),frozenset({'Turkey Bacon & Eggs'}),0.10324729392173189,0.10990840965861781,0.014154870940882597,0.13709677419354838,1.2473729227761485,1.0,0.002807125064389168,1.031508011236742,0.22114806925555744,0.07112970711297072,0.03054558073568906,0.13294232649071358
frozenset({'Turkey Bacon & Eggs'}),frozenset({'BBQ Chicken Pizza'}),0.10990840965861781,0.10324729392173189,0.014154870940882597,0.12878787878787878,1.2473729227761485,1.0,0.002807125064389168,1.0293161495854903,0.2228030594838497,0.07112970711297072,0.028481190737458147,0.13294232649071358
frozenset({'BBQ Chicken Pizza'}),frozenset({'Veggie Supreme Pizza'}),0.10324729392173189,0.11323896752706078,0.019983347210657785,0.1935483870967742,1.709203036053131,1.0,0.008291730246997888,1.0995836802664447,0.4627050448777469,0.10169491525423728,0.09056489474481295,0.18500948766603414
frozenset({'Veggie Supreme Pizza'}),frozenset({'BBQ Chicken Pizza'}),0.11323896752706078,0.10324729392173189,0.019983347210657785,0.17647058823529413,1.709203036053131,1.0,0.008291730246997888,1.088914000237897,0.46791862284820035,0.10169491525423728,0.08165383144901417,0.18500948766603414
frozenset({'BBQ Platter Mix'}),frozenset({'BBQ Lamb Chops'}),0.12489592006661115,0.16319733555370525,0.0324729392173189,0.26,1.5931632653061225,1.0,0.01209025784091941,1.1308144114139118,0.4254556100417185,0.1270358306188925,0.11568159203980101,0.22948979591836732
frozenset({'BBQ Lamb Chops'}),frozenset({'BBQ Platter Mix'}),0.16319733555370525,0.12489592006661115,0.0324729392173189,0.19897959183673466,1.5931632653061223,1.0,0.01209025784091941,1.0924866220824472,0.4449292001530808,0.1270358306188925,0.08465698363075008,0.22948979591836732
frozenset({'Barbeque Chicken Tikka'}),frozenset({'BBQ Lamb Chops'}),0.1115736885928393,0.16319733555370525,0.020815986677768527,0.1865671641791045,1.143199817240329,1.0,0.0026074579815183185,1.0287298810624173,0.14099343955014074,0.0819672131147541,0.02792752654637263,0.15705909229363388
frozenset({'BBQ Lamb Chops'}),frozenset({'Barbeque Chicken Tikka'}),0.16319733555370525,0.1115736885928393,0.020815986677768527,0.12755102040816327,1.143199817240329,1.0,0.0026074579815183185,1.0183131990397865,0.14969154228855738,0.0819672131147541,0.017983857085477124,0.15705909229363388
frozenset({'Beef Sausage Breakfast'}),frozenset({'BBQ Lamb Chops'}),0.10074937552039967,0.16319733555370525,0.030807660283097418,0.30578512396694213,1.8737139483892729,1.0,0.014365630639468496,1.2053943142619246,0.5185435435435435,0.13214285714285712,0.17039595411372888,0.24728031708551187
frozenset({'BBQ Lamb Chops'}),frozenset({'Beef Sausage Breakfast'}),0.16319733555370525,0.10074937552039967,0.030807660283097418,0.18877551020408162,1.8737139483892729,1.0,0.014365630639468496,1.1085102037610166,0.5572408229124647,0.13214285714285712,0.09788832199546484,0.24728031708551187
frozenset({'Beef Steak Ribeye'}),frozenset({'BBQ Lamb Chops'}),0.12489592006661115,0.16319733555370525,0.020815986677768527,0.16666666666666669,1.0212585034013606,1.0,0.00043330530136903925,1.0041631973355538,0.02378686964795446,0.0778816199376947,0.0041459369817578974,0.147108843537415
frozenset({'BBQ Lamb Chops'}),frozenset({'Beef Steak Ribeye'}),0.16319733555370525,0.12489592006661115,0.020815986677768527,0.12755102040816327,1.0212585034013606,1.0,0.00043330530136903925,1.0030432729061065,0.024875621890547407,0.0778816199376947,0.003034039495912548,0.147108843537415
frozenset({'Butter Chicken'}),frozenset({'BBQ Lamb Chops'}),0.10741049125728559,0.16319733555370525,0.02414654454621149,0.2248062015503876,1.3775114697041608,1.0,0.006617438562507932,1.07947543713572,0.3070316520844057,0.09797297297297299,0.07362412742489106,0.1863826926119285
frozenset({'BBQ Lamb Chops'}),frozenset({'Butter Chicken'}),0.16319733555370525,0.10741049125728559,0.02414654454621149,0.14795918367346939,1.3775114697041608,1.0,0.006617438562507932,1.0475900821171977,0.3275004288900327,0.09797297297297299,0.04542815260432531,0.1863826926119285
frozenset({'BBQ Lamb Chops'}),frozenset({'Chana Masala'}),0.16319733555370525,0.10741049125728559,0.020815986677768527,0.12755102040816327,1.1875098876760006,1.0,0.0032868806940649677,1.0230850509565614,0.18869651741293547,0.08333333333333334,0.02256415625951874,0.16067473501028318
frozenset({'Chana Masala'}),frozenset({'BBQ Lamb Chops'}),0.10741049125728559,0.16319733555370525,0.020815986677768527,0.1937984496124031,1.1875098876760006,1.0,0.0032868806940649677,1.0379571510920387,0.17690298507462698,0.08333333333333334,0.036569092521886705,0.16067473501028318
frozenset({'BBQ Lamb Chops'}),frozenset({'Chicken Biryani'}),0.16319733555370525,0.12822647793505412,0.028309741881765195,0.17346938775510204,1.3528359395706335,1.0,0.007383522335328387,1.0547383353378357,0.3116769095697981,0.10759493670886078,0.05189754985088591,0.1971243042671614
frozenset({'Chicken Biryani'}),frozenset({'BBQ Lamb Chops'}),0.12822647793505412,0.16319733555370525,0.028309741881765195,0.22077922077922077,1.3528359395706333,1.0,0.007383522335328387,1.073896752706078,0.29917411090510704,0.10759493670886078,0.06881178522969567,0.1971243042671614
frozenset({'Chicken Tandoori'}),frozenset({'BBQ Lamb Chops'}),0.08326394671107411,0.16319733555370525,0.017485428809325562,0.21,1.2867857142857142,1.0,0.0038969745583925693,1.0592438790459426,0.24311232213139572,0.07636363636363637,0.05593034825870646,0.15857142857142856
frozenset({'BBQ Lamb Chops'}),frozenset({'Chicken Tandoori'}),0.16319733555370525,0.08326394671107411,0.017485428809325562,0.10714285714285714,1.2867857142857142,1.0,0.0038969745583925693,1.0267443796835969,0.2663349917081261,0.07636363636363637,0.026047748799792384,0.15857142857142856
frozenset({'Cold Brew Coffee'}),frozenset({'BBQ Lamb Chops'}),0.06411323896752706,0.16319733555370525,0.017485428809325562,0.2727272727272727,1.6711502782931353,1.0,0.007022319036107158,1.1506036636136552,0.4291221826809015,0.08333333333333333,0.13089099954771594,0.18993506493506493
frozenset({'BBQ Lamb Chops'}),frozenset({'Cold Brew Coffee'}),0.16319733555370525,0.06411323896752706,0.017485428809325562,0.10714285714285714,1.6711502782931353,1.0,0.007022319036107158,1.0481931723563696,0.479933665008292,0.08333333333333333,0.045977376715810876,0.18993506493506493
frozenset({'BBQ Lamb Chops'}),frozenset({'Dal Makhani'}),0.16319733555370525,0.10491257285595337,0.025811823480432972,0.15816326530612246,1.5075720764496277,1.0,0.008690371124257402,1.063255368001413,0.40234312309420645,0.10652920962199312,0.05949216896060751,0.20209750566893425
frozenset({'Dal Makhani'}),frozenset({'BBQ Lamb Chops'}),0.10491257285595337,0.16319733555370525,0.025811823480432972,0.24603174603174602,1.5075720764496274,1.0,0.008690371124257402,1.1098645865287697,0.37614403600900226,0.10652920962199312,0.09898918107873331,0.20209750566893425
frozenset({'Fish Masala Curry'}),frozenset({'BBQ Lamb Chops'}),0.11490424646128226,0.16319733555370525,0.028309741881765195,0.24637681159420288,1.5096864832889676,1.0,0.009557675015477666,1.1103727662845064,0.38143987604449126,0.11333333333333331,0.09940154300958971,0.20992309967465245
frozenset({'BBQ Lamb Chops'}),frozenset({'Fish Masala Curry'}),0.16319733555370525,0.11490424646128226,0.028309741881765195,0.17346938775510204,1.5096864832889678,1.0,0.009557675015477666,1.0708565907011647,0.40345332162715836,0.11333333333333331,0.0661681417628199,0.20992309967465245
frozenset({'Four-Cheese Pizza'}),frozenset({'BBQ Lamb Chops'}),0.1357202331390508,0.16319733555370525,0.02414654454621149,0.17791411042944785,1.090177788906974,1.0,0.0019973641171907135,1.0179017485428807,0.09570792638362907,0.08787878787878789,0.01758691206543967,0.1629366470514586
frozenset({'BBQ Lamb Chops'}),frozenset({'Four-Cheese Pizza'}),0.16319733555370525,0.1357202331390508,0.02414654454621149,0.14795918367346939,1.0901777889069737,1.0,0.0019973641171907135,1.0143642772739283,0.09885057471264376,0.08787878787878789,0.014160866658802243,0.1629366470514586
frozenset({'BBQ Lamb Chops'}),frozenset({'French Toast'}),0.16319733555370525,0.10824313072439634,0.0324729392173189,0.19897959183673466,1.8382653061224485,1.0,0.014807948691106007,1.1132760915797344,0.5449419568822553,0.13588850174216024,0.1017502238990834,0.24948979591836734
frozenset({'French Toast'}),frozenset({'BBQ Lamb Chops'}),0.10824313072439634,0.16319733555370525,0.0324729392173189,0.3,1.838265306122449,1.0,0.014807948691106007,1.195432377780421,0.5113600995953936,0.13588850174216024,0.1634825870646766,0.24948979591836734
frozenset({'Granola Yogurt Bowl'}),frozenset({'BBQ Lamb Chops'}),0.11323896752706078,0.16319733555370525,0.02164862614487927,0.1911764705882353,1.1714435774309724,1.0,0.0031683283636104002,1.0345923851336007,0.1650415312387145,0.08496732026143791,0.03343576236464737,0.16191476590636256
frozenset({'BBQ Lamb Chops'}),frozenset({'Granola Yogurt Bowl'}),0.16319733555370525,0.11323896752706078,0.02164862614487927,0.1326530612244898,1.1714435774309724,1.0,0.0031683283636104002,1.0223833080276241,0.17489475698430942,0.08496732026143791,0.02189326434799273,0.16191476590636256
frozenset({'BBQ Lamb Chops'}),frozenset({'Grilled Chicken Breast'}),0.16319733555370525,0.14238134887593673,0.029142381348875937,0.17857142857142858,1.2541771094402672,1.0,0.0059061245797805174,1.0440574883249467,0.24218905472636815,0.10542168674698794,0.04219833564493758,0.19162489557226398
frozenset({'Grilled Chicken Breast'}),frozenset({'BBQ Lamb Chops'}),0.14238134887593673,0.16319733555370525,0.029142381348875937,0.2046783625730994,1.2541771094402672,1.0,0.0059061245797805174,1.052156291325856,0.23631067961165042,0.10542168674698794,0.04957085915451979,0.19162489557226398
frozenset({'BBQ Lamb Chops'}),frozenset({'Mango Smoothie'}),0.16319733555370525,0.06328059950041633,0.010824313072439634,0.0663265306122449,1.0481337271750806,1.0,0.0004970878417305587,1.0032623087317947,0.05487944890929963,0.0501930501930502,0.003251700680272106,0.11868958109559613
frozenset({'Mango Smoothie'}),frozenset({'BBQ Lamb Chops'}),0.06328059950041633,0.16319733555370525,0.010824313072439634,0.17105263157894737,1.0481337271750806,1.0,0.0004970878417305587,1.0094762301256888,0.049025641025641,0.0501930501930502,0.009387274155538103,0.11868958109559613
frozenset({'Margherita Pizza'}),frozenset({'BBQ Lamb Chops'}),0.0749375520399667,0.16319733555370525,0.014154870940882597,0.18888888888888886,1.157426303854875,1.0,0.0019252621150429028,1.0316745178105002,0.1470323502938528,0.06319702602230483,0.03070204532891096,0.13781179138321994
frozenset({'BBQ Lamb Chops'}),frozenset({'Margherita Pizza'}),0.16319733555370525,0.0749375520399667,0.014154870940882597,0.08673469387755102,1.157426303854875,1.0,0.0019252621150429028,1.0129175407830533,0.16254023997658754,0.06319702602230483,0.012752805892834172,0.13781179138321994
frozenset({'Mint Margarita'}),frozenset({'BBQ Lamb Chops'}),0.05995004163197336,0.16319733555370525,0.011656952539550375,0.19444444444444445,1.191468253968254,1.0,0.0018732654788786197,1.0387895144850554,0.17094774136403898,0.05511811023622047,0.037341072415699283,0.13293650793650794
frozenset({'BBQ Lamb Chops'}),frozenset({'Mint Margarita'}),0.16319733555370525,0.05995004163197336,0.011656952539550375,0.07142857142857142,1.191468253968254,1.0,0.0018732654788786197,1.0123614936271055,0.19203980099502488,0.05511811023622047,0.012210552954574206,0.13293650793650794
frozenset({'Naan Garlic Bread'}),frozenset({'BBQ Lamb Chops'}),0.1015820149875104,0.16319733555370525,0.01665278934221482,0.16393442622950818,1.0045165607226496,1.0,7.487515607657036e-05,1.0008816182592937,0.005004633920296625,0.06711409395973154,0.0008808416931734603,0.13298762127801939
frozenset({'BBQ Lamb Chops'}),frozenset({'Naan Garlic Bread'}),0.16319733555370525,0.1015820149875104,0.01665278934221482,0.1020408163265306,1.0045165607226496,1.0,7.487515607657036e-05,1.000510937854818,0.0053731343283582676,0.06711409395973154,0.0005106769306424976,0.13298762127801939
frozenset({'Pancakes with Maple Syrup'}),frozenset({'BBQ Lamb Chops'}),0.08825978351373855,0.16319733555370525,0.030807660283097418,0.34905660377358494,2.1388621486330384,1.0,0.016403898777108447,1.2855229337870615,0.5840059237319511,0.13962264150943396,0.22210644888763734,0.26891605698883325
frozenset({'BBQ Lamb Chops'}),frozenset({'Pancakes with Maple Syrup'}),0.16319733555370525,0.08825978351373855,0.030807660283097418,0.18877551020408162,2.138862148633038,1.0,0.016403898777108447,1.123906178813253,0.636304961678096,0.13962264150943396,0.11024601621470505,0.26891605698883325
frozenset({'Paratha with Omelette'}),frozenset({'BBQ Lamb Chops'}),0.12489592006661115,0.16319733555370525,0.02331390507910075,0.18666666666666668,1.1438095238095238,1.0,0.002931223702701262,1.0288557349749525,0.14367269267364424,0.08805031446540881,0.028046434494195697,0.16476190476190478
frozenset({'BBQ Lamb Chops'}),frozenset({'Paratha with Omelette'}),0.16319733555370525,0.12489592006661115,0.02331390507910075,0.14285714285714285,1.1438095238095238,1.0,0.002931223702701262,1.020954759922287,0.15024875621890557,0.08805031446540881,0.020524670381949158,0.16476190476190478
frozenset({'Peach Iced Tea'}),frozenset({'BBQ Lamb Chops'}),0.049125728559533725,0.16319733555370525,0.02497918401332223,0.5084745762711864,3.1157039086821166,1.0,0.016961996005271762,1.7024605931838408,0.7141272621132515,0.1333333333333333,0.41261489164347753,0.3307679003804912
frozenset({'BBQ Lamb Chops'}),frozenset({'Peach Iced Tea'}),0.16319733555370525,0.049125728559533725,0.02497918401332223,0.15306122448979592,3.1157039086821166,1.0,0.016961996005271762,1.1227190192911531,0.8114759535655057,0.1333333333333333,0.10930519318059972,0.3307679003804912
frozenset({'BBQ Lamb Chops'}),frozenset({'Pepperoni Pizza'}),0.16319733555370525,0.07577019150707744,0.01498751040799334,0.09183673469387756,1.2120430589818345,1.0,0.0026220170396443164,1.0176912498011956,0.20906578220011066,0.06691449814126395,0.0173837102408531,0.14481946624803768
frozenset({'Pepperoni Pizza'}),frozenset({'BBQ Lamb Chops'}),0.07577019150707744,0.16319733555370525,0.01498751040799334,0.19780219780219782,1.2120430589818345,1.0,0.0026220170396443164,1.0431375680083947,0.18928928928928937,0.06691449814126395,0.0413536712044175,0.14481946624803768
frozenset({'Peri Peri Grilled Wings'}),frozenset({'BBQ Lamb Chops'}),0.11074104912572856,0.16319733555370525,0.019983347210657785,0.18045112781954886,1.1057234924044805,1.0,0.001910703056916905,1.0210527923977724,0.10752184769038704,0.07868852459016394,0.020618710956495704,0.1514500537056928
frozenset({'BBQ Lamb Chops'}),frozenset({'Peri Peri Grilled Wings'}),0.16319733555370525,0.11074104912572856,0.019983347210657785,0.12244897959183673,1.1057234924044805,1.0,0.001910703056916905,1.0133415951823093,0.11426202321724714,0.07868852459016394,0.013165940533516773,0.1514500537056928
frozenset({'Smoked Beef Ribs'}),frozenset({'BBQ Lamb Chops'}),0.16902581182348042,0.16319733555370525,0.03913405495420483,0.2315270935960591,1.4186940786166682,1.0,0.011549492824810853,1.0889162877089604,0.35515712275615063,0.13352272727272727,0.0816557606058378,0.23566150598170302
frozenset({'BBQ Lamb Chops'}),frozenset({'Smoked Beef Ribs'}),0.16319733555370525,0.16902581182348042,0.03913405495420483,0.23979591836734693,1.4186940786166684,1.0,0.011549492824810853,1.0930935629704552,0.352683391552874,0.13352272727272727,0.0851652284160157,0.23566150598170302
frozenset({'BBQ Lamb Chops'}),frozenset({'Strawberry Milkshake'}),0.16319733555370525,0.051623646960865945,0.017485428809325562,0.10714285714285714,2.0754608294930876,1.0,0.009060587173747107,1.06218151540383,0.6192371475953566,0.08860759493670886,0.05854132697855261,0.222926267281106
frozenset({'Strawberry Milkshake'}),frozenset({'BBQ Lamb Chops'}),0.051623646960865945,0.16319733555370525,0.017485428809325562,0.33870967741935487,2.0754608294930876,1.0,0.009060587173747107,1.26540890721147,0.5463857184664912,0.08860759493670886,0.2097416145081047,0.222926267281106
frozenset({'BBQ Lamb Chops'}),frozenset({'Tandoori Chicken Pizza'}),0.16319733555370525,0.10241465445462115,0.02497918401332223,0.15306122448979592,1.4945246391239422,1.0,0.008265385284674649,1.059799564619845,0.3954228855721393,0.1038062283737024,0.056425353072583395,0.19848183175709305
frozenset({'Tandoori Chicken Pizza'}),frozenset({'BBQ Lamb Chops'}),0.10241465445462115,0.16319733555370525,0.02497918401332223,0.2439024390243902,1.494524639123942,1.0,0.008265385284674649,1.1067390078160673,0.3686456400742114,0.1038062283737024,0.09644460623710711,0.19848183175709305
frozenset({'Turkey Bacon & Eggs'}),frozenset({'BBQ Lamb Chops'}),0.10990840965861781,0.16319733555370525,0.02331390507910075,0.21212121212121213,1.2997835497835497,1.0,0.005377145467869198,1.062095689489528,0.2591206735266604,0.09333333333333334,0.05846524951002564,0.17748917748917747
frozenset({'BBQ Lamb Chops'}),frozenset({'Turkey Bacon & Eggs'}),0.16319733555370525,0.10990840965861781,0.02331390507910075,0.14285714285714285,1.2997835497835497,1.0,0.005377145467869198,1.0384401887316124,0.27562189054726366,0.09333333333333334,0.037017239075237206,0.17748917748917747
frozenset({'Veggie Supreme Pizza'}),frozenset({'BBQ Lamb Chops'}),0.11323896752706078,0.16319733555370525,0.02497918401332223,0.22058823529411764,1.3516656662665065,1.0,0.0064988862320533615,1.073633607214114,0.29339593114241,0.09933774834437084,0.06858355282411471,0.18682472989195678
frozenset({'BBQ Lamb Chops'}),frozenset({'Veggie Supreme Pizza'}),0.16319733555370525,0.11323896752706078,0.02497918401332223,0.15306122448979592,1.3516656662665067,1.0,0.0064988862320533615,1.0470190503897356,0.3109121061359868,0.09933774834437084,0.04490754048098113,0.18682472989195678
frozenset({'BBQ Platter Mix'}),frozenset({'Beef Sausage Breakfast'}),0.12489592006661115,0.10074937552039967,0.013322231473771857,0.10666666666666667,1.0587327823691461,1.0,0.0007390455220150291,1.006623833372687,0.06339200761179828,0.06274509803921569,0.006580246913580251,0.11944903581267219
frozenset({'Beef Sausage Breakfast'}),frozenset({'BBQ Platter Mix'}),0.10074937552039967,0.12489592006661115,0.013322231473771857,0.1322314049586777,1.0587327823691461,1.0,0.0007390455220150291,1.0084532730660958,0.06168981481481481,0.06274509803921569,0.008382414229659284,0.11944903581267219
frozenset({'Beef Steak Ribeye'}),frozenset({'BBQ Platter Mix'}),0.12489592006661115,0.12489592006661115,0.01582014987510408,0.12666666666666668,1.0141777777777778,1.0,0.00022115902581875888,1.0020275724428118,0.01597476087936319,0.06761565836298933,0.002023469711385997,0.12666666666666668
frozenset({'BBQ Platter Mix'}),frozenset({'Beef Steak Ribeye'}),0.12489592006661115,0.12489592006661115,0.01582014987510408,0.12666666666666668,1.0141777777777778,1.0,0.00022115902581875888,1.0020275724428118,0.01597476087936319,0.06761565836298933,0.002023469711385997,0.12666666666666668
frozenset({'BBQ Platter Mix'}),frozenset({'Chana Masala'}),0.12489592006661115,0.10741049125728559,0.019983347210657785,0.16,1.4896124031007754,1.0,0.006568215080272407,1.062606558027041,0.37559467174119887,0.09411764705882353,0.05891791044776121,0.1730232558139535
frozenset({'Chana Masala'}),frozenset({'BBQ Platter Mix'}),0.10741049125728559,0.12489592006661115,0.019983347210657785,0.18604651162790697,1.4896124031007751,1.0,0.006568215080272407,1.075127869632449,0.3682369402985075,0.09411764705882353,0.06987807846347885,0.1730232558139535
frozenset({'BBQ Platter Mix'}),frozenset({'Chicken Biryani'}),0.12489592006661115,0.12822647793505412,0.019983347210657785,0.16,1.247792207792208,1.0,0.003968383272058187,1.0378256215058879,0.22692673644148437,0.08571428571428573,0.03644699140401147,0.1579220779220779
frozenset({'Chicken Biryani'}),frozenset({'BBQ Platter Mix'}),0.12822647793505412,0.12489592006661115,0.019983347210657785,0.15584415584415584,1.247792207792208,1.0,0.003968383272058187,1.0366617562287839,0.2277936962750717,0.08571428571428573,0.03536520567919235,0.1579220779220779
frozenset({'Chicken Tandoori'}),frozenset({'BBQ Platter Mix'}),0.08326394671107411,0.12489592006661115,0.010824313072439634,0.13,1.0408666666666668,1.0,0.00042498583958275153,1.0058667585441252,0.04282819814154966,0.05485232067510549,0.005832540437678409,0.10833333333333334
frozenset({'BBQ Platter Mix'}),frozenset({'Chicken Tandoori'}),0.12489592006661115,0.08326394671107411,0.010824313072439634,0.08666666666666667,1.0408666666666666,1.0,0.00042498583958275153,1.0037256057907948,0.044865695674449264,0.05485232067510549,0.0037117771722676354,0.10833333333333334
frozenset({'BBQ Platter Mix'}),frozenset({'Dal Makhani'}),0.12489592006661115,0.10491257285595337,0.02164862614487927,0.17333333333333334,1.6521693121693122,1.0,0.008545473831479597,1.0827670489645727,0.4510722388933616,0.10400000000000001,0.07644031007751938,0.18984126984126987
frozenset({'Dal Makhani'}),frozenset({'BBQ Platter Mix'}),0.10491257285595337,0.12489592006661115,0.02164862614487927,0.20634920634920637,1.6521693121693124,1.0,0.008545473831479597,1.10263114071607,0.4410017889087657,0.10400000000000001,0.0930783985018048,0.18984126984126987
frozenset({'BBQ Platter Mix'}),frozenset({'French Toast'}),0.12489592006661115,0.10824313072439634,0.018318068276436304,0.14666666666666667,1.354974358974359,1.0,0.004798942873722357,1.0450275811823482,0.2993685667329816,0.08527131782945738,0.043087457205104256,0.15794871794871795
frozenset({'French Toast'}),frozenset({'BBQ Platter Mix'}),0.10824313072439634,0.12489592006661115,0.018318068276436304,0.16923076923076924,1.354974358974359,1.0,0.004798942873722357,1.0533660221420422,0.2937781173075291,0.08527131782945738,0.05066237283173535,0.15794871794871795
frozenset({'BBQ Platter Mix'}),frozenset({'Grilled Prawns'}),0.12489592006661115,0.10824313072439634,0.01665278934221482,0.13333333333333333,1.2317948717948717,1.0,0.003133663939500873,1.0289502337795426,0.21503330161750708,0.07692307692307691,0.028135698723934007,0.14358974358974358
frozenset({'Grilled Prawns'}),frozenset({'BBQ Platter Mix'}),0.10824313072439634,0.12489592006661115,0.01665278934221482,0.15384615384615383,1.2317948717948717,1.0,0.003133663939500873,1.0342139126485506,0.21101774042950508,0.07692307692307691,0.03308204640269338,0.14358974358974358
frozenset({'BBQ Platter Mix'}),frozenset({'Mango Smoothie'}),0.12489592006661115,0.06328059950041633,0.014154870940882597,0.11333333333333333,1.7909649122807014,1.0,0.006251382243911367,1.0564504516912598,0.5046734202720098,0.0813397129186603,0.05343407407407406,0.16850877192982455
frozenset({'Mango Smoothie'}),frozenset({'BBQ Platter Mix'}),0.06328059950041633,0.12489592006661115,0.014154870940882597,0.22368421052631576,1.7909649122807016,1.0,0.006251382243911367,1.1272527131345347,0.47147712418300647,0.0813397129186603,0.11288747558716006,0.16850877192982455
frozenset({'BBQ Platter Mix'}),frozenset({'Mediterranean Olive Pizza'}),0.12489592006661115,0.08825978351373855,0.01498751040799334,0.12000000000000001,1.3596226415094341,1.0,0.003964223541165044,1.0360684278252972,0.30225182366000636,0.07563025210084034,0.03481278538812787,0.1449056603773585
frozenset({'Mediterranean Olive Pizza'}),frozenset({'BBQ Platter Mix'}),0.08825978351373855,0.12489592006661115,0.01498751040799334,0.169811320754717,1.3596226415094341,1.0,0.003964223541165044,1.0541026417379458,0.29010654490106547,0.07563025210084034,0.051325781376227515,0.1449056603773585
frozenset({'BBQ Platter Mix'}),frozenset({'Omelette with Cheese'}),0.12489592006661115,0.08825978351373855,0.01582014987510408,0.12666666666666668,1.4351572327044027,1.0,0.0047968630082757865,1.0439773471216736,0.3464870549351496,0.08016877637130804,0.04212480974124811,0.1529559748427673
frozenset({'Omelette with Cheese'}),frozenset({'BBQ Platter Mix'}),0.08825978351373855,0.12489592006661115,0.01582014987510408,0.17924528301886794,1.4351572327044027,1.0,0.0047968630082757865,1.0662187640567728,0.3325642874309061,0.08016877637130804,0.062106170224224926,0.1529559748427673
frozenset({'Pancakes with Maple Syrup'}),frozenset({'BBQ Platter Mix'}),0.08825978351373855,0.12489592006661115,0.012489592006661115,0.14150943396226415,1.1330188679245283,1.0,0.00146630513983282,1.0193520051971343,0.1287671232876712,0.06224066390041494,0.018984614832235246,0.12075471698113208
frozenset({'BBQ Platter Mix'}),frozenset({'Pancakes with Maple Syrup'}),0.12489592006661115,0.08825978351373855,0.012489592006661115,0.09999999999999999,1.1330188679245283,1.0,0.00146630513983282,1.013044684984735,0.1341579448144624,0.06224066390041494,0.01287671232876712,0.12075471698113208
frozenset({'Paneer Tikka Masala'}),frozenset({'BBQ Platter Mix'}),0.11074104912572856,0.12489592006661115,0.01498751040799334,0.13533834586466165,1.083609022556391,1.0,0.0011564051882936854,1.012076892444702,0.08676654182272162,0.06792452830188679,0.011932781525650466,0.12766917293233082
frozenset({'BBQ Platter Mix'}),frozenset({'Paneer Tikka Masala'}),0.12489592006661115,0.11074104912572856,0.01498751040799334,0.12000000000000001,1.083609022556391,1.0,0.0011564051882936854,1.0105215350843992,0.08816999682841738,0.06792452830188679,0.0104119850187266,0.12766917293233082
frozenset({'BBQ Platter Mix'}),frozenset({'Pepperoni Pizza'}),0.12489592006661115,0.07577019150707744,0.012489592006661115,0.09999999999999999,1.3197802197802198,1.0,0.003026204224761353,1.0269220094365805,0.2768791627021884,0.06637168141592921,0.026216216216216205,0.13241758241758242
frozenset({'Pepperoni Pizza'}),frozenset({'BBQ Platter Mix'}),0.07577019150707744,0.12489592006661115,0.012489592006661115,0.16483516483516483,1.3197802197802198,1.0,0.003026204224761353,1.0478219904465578,0.2621621621621622,0.06637168141592921,0.045639422423437645,0.13241758241758242
frozenset({'BBQ Platter Mix'}),frozenset({'Scrambled Eggs Meal'}),0.12489592006661115,0.06078268109908409,0.012489592006661115,0.09999999999999999,1.6452054794520548,1.0,0.004898083126675591,1.0435747987787953,0.4481446241674595,0.07211538461538462,0.04175531914893617,0.15273972602739724
frozenset({'Scrambled Eggs Meal'}),frozenset({'BBQ Platter Mix'}),0.06078268109908409,0.12489592006661115,0.012489592006661115,0.2054794520547945,1.6452054794520548,1.0,0.004898083126675591,1.101424100605817,0.4175531914893617,0.07211538461538462,0.0920845118152314,0.15273972602739724
frozenset({'Smoked Beef Ribs'}),frozenset({'BBQ Platter Mix'}),0.16902581182348042,0.12489592006661115,0.028309741881765195,0.16748768472906406,1.3410180623973729,1.0,0.007199107599065727,1.0511605220501654,0.30602381233054354,0.1065830721003135,0.048670513187065584,0.19707717569786537
frozenset({'BBQ Platter Mix'}),frozenset({'Smoked Beef Ribs'}),0.12489592006661115,0.16902581182348042,0.028309741881765195,0.22666666666666666,1.3410180623973729,1.0,0.007199107599065727,1.0745355881592926,0.29059159344042096,0.1065830721003135,0.06936539746158984,0.19707717569786537
frozenset({'Smoked Sausage Combo'}),frozenset({'BBQ Platter Mix'}),0.16402997502081598,0.12489592006661115,0.02497918401332223,0.15228426395939085,1.2192893401015228,1.0,0.004492509364594173,1.0323084056699259,0.2151394422310757,0.09463722397476339,0.03129724168908507,0.17614213197969542
frozenset({'BBQ Platter Mix'}),frozenset({'Smoked Sausage Combo'}),0.12489592006661115,0.16402997502081598,0.02497918401332223,0.19999999999999998,1.2192893401015228,1.0,0.004492509364594173,1.04496253122398,0.2055185537583254,0.09463722397476339,0.04302788844621512,0.17614213197969542
frozenset({'BBQ Platter Mix'}),frozenset({'Strawberry Milkshake'}),0.12489592006661115,0.051623646960865945,0.011656952539550375,0.09333333333333334,1.807956989247312,1.0,0.005209369655179108,1.0460033305578684,0.5106701100992252,0.07070707070707072,0.04398009950248757,0.15956989247311829
frozenset({'Strawberry Milkshake'}),frozenset({'BBQ Platter Mix'}),0.051623646960865945,0.12489592006661115,0.011656952539550375,0.22580645161290322,1.8079569892473117,1.0,0.005209369655179108,1.1303427699139608,0.47121535181236684,0.07070707070707072,0.11531260550627666,0.15956989247311829
frozenset({'BBQ Platter Mix'}),frozenset({'Tandoori Chicken Pizza'}),0.12489592006661115,0.10241465445462115,0.018318068276436304,0.14666666666666667,1.4320867208672086,1.0,0.005526895780022339,1.0518578268109908,0.34477986333362165,0.08764940239043825,0.049301175015460726,0.16276422764227644
frozenset({'Tandoori Chicken Pizza'}),frozenset({'BBQ Platter Mix'}),0.10241465445462115,0.12489592006661115,0.018318068276436304,0.17886178861788618,1.4320867208672088,1.0,0.005526895780022339,1.0657208102159093,0.3361443751054141,0.08764940239043825,0.061667943035281926,0.16276422764227644
frozenset({'BBQ Platter Mix'}),frozenset({'Veggie Supreme Pizza'}),0.12489592006661115,0.11323896752706078,0.022481265611990008,0.18,1.5895588235294118,1.0,0.008338180575304648,1.081415893259682,0.42382915741621735,0.10424710424710425,0.07528638497652582,0.18926470588235295
frozenset({'Veggie Supreme Pizza'}),frozenset({'BBQ Platter Mix'}),0.11323896752706078,0.12489592006661115,0.022481265611990008,0.19852941176470587,1.5895588235294118,1.0,0.008338180575304648,1.0918729804673475,0.41825769431403237,0.10424710424710425,0.08414255331057255,0.18926470588235295
frozenset({'Barbeque Chicken Tikka'}),frozenset({'Beef Sausage Breakfast'}),0.1115736885928393,0.10074937552039967,0.013322231473771857,0.11940298507462688,1.1851486369803874,1.0,0.002081252023535757,1.021182912544631,0.17584348641049669,0.06694560669456066,0.02074350469872859,0.12581719501665228
frozenset({'Beef Sausage Breakfast'}),frozenset({'Barbeque Chicken Tikka'}),0.10074937552039967,0.1115736885928393,0.013322231473771857,0.1322314049586777,1.1851486369803874,1.0,0.002081252023535757,1.0238055588596804,0.17372685185185183,0.06694560669456066,0.023252031260892137,0.12581719501665228
frozenset({'Butter Chicken'}),frozenset({'Barbeque Chicken Tikka'}),0.10741049125728559,0.1115736885928393,0.014154870940882597,0.13178294573643412,1.181129237533264,1.0,0.002170686237738327,1.023276733674319,0.17180640913081657,0.06910569105691057,0.022747251948882274,0.1293243086891126
frozenset({'Barbeque Chicken Tikka'}),frozenset({'Butter Chicken'}),0.1115736885928393,0.10741049125728559,0.014154870940882597,0.12686567164179105,1.181129237533264,1.0,0.002170686237738327,1.0222820014660148,0.1726115000826948,0.06910569105691057,0.021796335486745387,0.1293243086891126
frozenset({'Chicken Tandoori'}),frozenset({'Barbeque Chicken Tikka'}),0.08326394671107411,0.1115736885928393,0.01498751040799334,0.18,1.6132835820895524,1.0,0.005697444746641191,1.0834467212282446,0.41467352911494604,0.08333333333333334,0.07701968134957826,0.1571641791044776
frozenset({'Barbeque Chicken Tikka'}),frozenset({'Chicken Tandoori'}),0.1115736885928393,0.08326394671107411,0.01498751040799334,0.13432835820895522,1.6132835820895521,1.0,0.005697444746641191,1.0589881994889316,0.4278871186087681,0.08333333333333334,0.055702414358724084,0.1571641791044776
frozenset({'Barbeque Chicken Tikka'}),frozenset({'Dal Makhani'}),0.1115736885928393,0.10491257285595337,0.020815986677768527,0.1865671641791045,1.7783108268182897,1.0,0.009110503944464821,1.1003827085991031,0.4926335520149954,0.10638297872340424,0.09122526900381812,0.19248993129590147
frozenset({'Dal Makhani'}),frozenset({'Barbeque Chicken Tikka'}),0.10491257285595337,0.1115736885928393,0.020815986677768527,0.19841269841269843,1.7783108268182897,1.0,0.009110503944464821,1.1083338142307153,0.48896744186046515,0.10638297872340424,0.09774475238392767,0.19248993129590147
frozenset({'Barbeque Chicken Tikka'}),frozenset({'French Toast'}),0.1115736885928393,0.10824313072439634,0.02331390507910075,0.20895522388059704,1.9304247990815155,1.0,0.011236819719342957,1.1273152875748198,0.5425090373543983,0.11864406779661017,0.11293671697534736,0.2121699196326062
frozenset({'French Toast'}),frozenset({'Barbeque Chicken Tikka'}),0.10824313072439634,0.1115736885928393,0.02331390507910075,0.21538461538461537,1.9304247990815155,1.0,0.011236819719342957,1.1323080439503028,0.5404828598105909,0.11864406779661017,0.11684810035325499,0.2121699196326062
frozenset({'Granola Yogurt Bowl'}),frozenset({'Barbeque Chicken Tikka'}),0.11323896752706078,0.1115736885928393,0.01665278934221482,0.14705882352941177,1.3180421422300264,1.0,0.0040183000427759,1.0416032616497746,0.27211267605633804,0.07999999999999999,0.03994156237940351,0.14815627743634768
frozenset({'Barbeque Chicken Tikka'}),frozenset({'Granola Yogurt Bowl'}),0.1115736885928393,0.11323896752706078,0.01665278934221482,0.14925373134328357,1.3180421422300264,1.0,0.0040183000427759,1.042333143433104,0.2716026241799438,0.07999999999999999,0.04061383224721462,0.14815627743634768
frozenset({'Barbeque Chicken Tikka'}),frozenset({'Grilled Chicken Breast'}),0.1115736885928393,0.14238134887593673,0.01665278934221482,0.14925373134328357,1.0482674347560441,1.0,0.0007667770613026467,1.008078063601969,0.05182755388940951,0.07017543859649122,0.008013331401246167,0.13310639783538447
frozenset({'Grilled Chicken Breast'}),frozenset({'Barbeque Chicken Tikka'}),0.14238134887593673,0.1115736885928393,0.01665278934221482,0.11695906432748536,1.0482674347560441,1.0,0.0007667770613026467,1.006098670533937,0.05368932038834946,0.07017543859649122,0.00606170220928765,0.13310639783538447
frozenset({'Barbeque Chicken Tikka'}),frozenset({'Grilled Prawns'}),0.1115736885928393,0.10824313072439634,0.019983347210657785,0.17910447761194032,1.6546498277841561,1.0,0.007906261850899992,1.086322004390281,0.4453295845048423,0.1,0.07946263082347367,0.18185993111366244
frozenset({'Grilled Prawns'}),frozenset({'Barbeque Chicken Tikka'}),0.10824313072439634,0.1115736885928393,0.019983347210657785,0.1846153846153846,1.6546498277841561,1.0,0.007906261850899992,1.0895794385182158,0.44366635543106125,0.1,0.08221469252397086,0.18185993111366244
frozenset({'Barbeque Chicken Tikka'}),frozenset({'Hawaiian Pizza'}),0.1115736885928393,0.10574521232306411,0.017485428809325562,0.15671641791044777,1.4820190386649432,1.0,0.005687045419408334,1.0604437305195522,0.36609095371981976,0.08750000000000002,0.05699852691848024,0.1610353743095546
frozenset({'Hawaiian Pizza'}),frozenset({'Barbeque Chicken Tikka'}),0.10574521232306411,0.1115736885928393,0.017485428809325562,0.16535433070866143,1.4820190386649432,1.0,0.005687045419408334,1.064435297629334,0.36370488605125484,0.08750000000000002,0.060534724630836347,0.1610353743095546
frozenset({'Korean BBQ Short Ribs'}),frozenset({'Barbeque Chicken Tikka'}),0.13322231473771856,0.1115736885928393,0.030807660283097418,0.23125,2.0726212686567167,1.0,0.01594355522493398,1.155676502643461,0.5970610379832281,0.14396887159533076,0.13470595126522963,0.2536847014925373
frozenset({'Barbeque Chicken Tikka'}),frozenset({'Korean BBQ Short Ribs'}),0.1115736885928393,0.13322231473771856,0.030807660283097418,0.27611940298507465,2.0726212686567167,1.0,0.01594355522493398,1.1974042250015022,0.5825122216874794,0.14396887159533076,0.16486013735357796,0.2536847014925373
frozenset({'Barbeque Chicken Tikka'}),frozenset({'Mango Smoothie'}),0.1115736885928393,0.06328059950041633,0.014154870940882597,0.12686567164179105,2.0048114689709347,1.0,0.007094421038254964,1.072823928777301,0.5641435580792767,0.08808290155440415,0.06788059701492537,0.1752749410840534
frozenset({'Mango Smoothie'}),frozenset({'Barbeque Chicken Tikka'}),0.06328059950041633,0.1115736885928393,0.014154870940882597,0.22368421052631576,2.0048114689709347,1.0,0.007094421038254964,1.1444135536770204,0.5350588235294117,0.08808290155440415,0.12619000641246977,0.1752749410840534
frozenset({'Barbeque Chicken Tikka'}),frozenset({'Mediterranean Olive Pizza'}),0.1115736885928393,0.08825978351373855,0.014154870940882597,0.12686567164179105,1.4374119966206704,1.0,0.004307401339849321,1.044215290676573,0.34252163845857003,0.07623318385650225,0.04234307912492334,0.14362151506617854
frozenset({'Mediterranean Olive Pizza'}),frozenset({'Barbeque Chicken Tikka'}),0.08825978351373855,0.1115736885928393,0.014154870940882597,0.16037735849056603,1.4374119966206702,1.0,0.004307401339849321,1.058125719204034,0.33376309427880746,0.07623318385650225,0.05493271560184612,0.14362151506617854
frozenset({'Barbeque Chicken Tikka'}),frozenset({'Mint Margarita'}),0.1115736885928393,0.05995004163197336,0.01582014987510408,0.14179104477611942,2.3651533996683254,1.0,0.009131302598930535,1.095362560185353,0.6496818428451636,0.10160427807486633,0.08706026995227584,0.20283996683250416
frozenset({'Mint Margarita'}),frozenset({'Barbeque Chicken Tikka'}),0.05995004163197336,0.1115736885928393,0.01582014987510408,0.2638888888888889,2.3651533996683254,1.0,0.009131302598930535,1.2069187626663314,0.6140040091371032,0.10160427807486633,0.17144381963969596,0.20283996683250416
frozenset({'Barbeque Chicken Tikka'}),frozenset({'Mushroom Alfredo Pizza'}),0.1115736885928393,0.09908409658617819,0.012489592006661115,0.11194029850746269,1.129750407625737,1.0,0.0014344138696520594,1.0144767315752279,0.12927210246797877,0.06302521008403361,0.01427014649488234,0.11899535933776495
frozenset({'Mushroom Alfredo Pizza'}),frozenset({'Barbeque Chicken Tikka'}),0.09908409658617819,0.1115736885928393,0.012489592006661115,0.12605042016806722,1.129750407625737,1.0,0.0014344138696520594,1.0165647217062703,0.1274799753542822,0.06302521008403361,0.016294802832098165,0.11899535933776495
frozenset({'Naan Garlic Bread'}),frozenset({'Barbeque Chicken Tikka'}),0.1015820149875104,0.1115736885928393,0.014154870940882597,0.13934426229508196,1.248898947883533,1.0,0.002820990834032977,1.0322667618254628,0.2218284904323175,0.07112970711297072,0.03125816215219628,0.1331049669684365
frozenset({'Barbeque Chicken Tikka'}),frozenset({'Naan Garlic Bread'}),0.1115736885928393,0.1015820149875104,0.014154870940882597,0.12686567164179105,1.2488989478835333,1.0,0.002820990834032977,1.0289573503561846,0.22432328132752635,0.07112970711297072,0.02814242042798059,0.1331049669684365
frozenset({'Barbeque Chicken Tikka'}),frozenset({'Omelette with Cheese'}),0.1115736885928393,0.08825978351373855,0.012489592006661115,0.11194029850746269,1.2683047029005916,1.0,0.002642122405627839,1.0266654538584792,0.23811308965948144,0.06666666666666667,0.025972875349281003,0.12672486623486343
frozenset({'Omelette with Cheese'}),frozenset({'Barbeque Chicken Tikka'}),0.08825978351373855,0.1115736885928393,0.012489592006661115,0.14150943396226415,1.2683047029005914,1.0,0.002642122405627839,1.0348702088918575,0.23202435312024358,0.06666666666666667,0.03369524853671907,0.12672486623486343
frozenset({'Paneer Tikka Masala'}),frozenset({'Barbeque Chicken Tikka'}),0.11074104912572856,0.1115736885928393,0.022481265611990008,0.20300751879699247,1.8194927617551342,1.0,0.01012547828239165,1.1147235794070978,0.5064849493688445,0.1125,0.10291661675275349,0.20225002805521264
frozenset({'Barbeque Chicken Tikka'}),frozenset({'Paneer Tikka Masala'}),0.1115736885928393,0.11074104912572856,0.022481265611990008,0.20149253731343283,1.819492761755134,1.0,0.01012547828239165,1.1136513964219847,0.5069596306709708,0.1125,0.10205293755939404,0.20225002805521264
frozenset({'Barbeque Chicken Tikka'}),frozenset({'Paratha with Omelette'}),0.1115736885928393,0.12489592006661115,0.02164862614487927,0.1940298507462687,1.553532338308458,1.0,0.007713527652851047,1.0857772843617974,0.40105255569173104,0.10077519379844964,0.07900080946362388,0.183681592039801
frozenset({'Paratha with Omelette'}),frozenset({'Barbeque Chicken Tikka'}),0.12489592006661115,0.1115736885928393,0.02164862614487927,0.17333333333333334,1.5535323383084578,1.0,0.007713527652851047,1.0747092476699525,0.4071580180048306,0.10077519379844964,0.06951577631990005,0.183681592039801
frozenset({'Peri Peri Grilled Wings'}),frozenset({'Barbeque Chicken Tikka'}),0.11074104912572856,0.1115736885928393,0.01498751040799334,0.13533834586466165,1.2129951745034226,1.0,0.0026317230783949822,1.0274843427578466,0.19746150645027055,0.07228915662650603,0.026749159684591045,0.13483335203680843
frozenset({'Barbeque Chicken Tikka'}),frozenset({'Peri Peri Grilled Wings'}),0.1115736885928393,0.11074104912572856,0.01498751040799334,0.13432835820895522,1.2129951745034226,1.0,0.0026317230783949822,1.0272474087685548,0.19764656878058942,0.07228915662650603,0.026524679970931855,0.13483335203680843
frozenset({'Smoked Sausage Combo'}),frozenset({'Barbeque Chicken Tikka'}),0.16402997502081598,0.1115736885928393,0.0324729392173189,0.1979695431472081,1.7743389650731116,1.0,0.014171509864455166,1.107721413589941,0.5220400449484114,0.13356164383561642,0.09724594313008149,0.24450715963330555
frozenset({'Barbeque Chicken Tikka'}),frozenset({'Smoked Sausage Combo'}),0.1115736885928393,0.16402997502081598,0.0324729392173189,0.291044776119403,1.7743389650731116,1.0,0.014171509864455166,1.1791577194443228,0.4912166870929757,0.13356164383561642,0.1519370280073735,0.24450715963330555
frozenset({'Beef Steak Ribeye'}),frozenset({'Beef Sausage Breakfast'}),0.12489592006661115,0.10074937552039967,0.01498751040799334,0.12000000000000001,1.1910743801652892,1.0,0.0024043244562365115,1.0218757096359095,0.1833174754202347,0.07114624505928854,0.021407407407407413,0.1343801652892562
frozenset({'Beef Sausage Breakfast'}),frozenset({'Beef Steak Ribeye'}),0.10074937552039967,0.12489592006661115,0.01498751040799334,0.1487603305785124,1.1910743801652892,1.0,0.0024043244562365115,1.0280348900188354,0.17839506172839506,0.07114624505928854,0.02727036824433244,0.1343801652892562
frozenset({'Butter Chicken'}),frozenset({'Beef Sausage Breakfast'}),0.10741049125728559,0.10074937552039967,0.01665278934221482,0.15503875968992248,1.5388557883272471,1.0,0.005831249423703949,1.0642507390630134,0.39230410447761194,0.08695652173913042,0.060371805914441565,0.16016400794413477
frozenset({'Beef Sausage Breakfast'}),frozenset({'Butter Chicken'}),0.10074937552039967,0.10741049125728559,0.01665278934221482,0.16528925619834708,1.538855788327247,1.0,0.005831249423703949,1.069339906513549,0.3893981481481481,0.08695652173913042,0.06484365363266312,0.16016400794413477
frozenset({'Beef Sausage Breakfast'}),frozenset({'Dal Makhani'}),0.10074937552039967,0.10491257285595337,0.02164862614487927,0.21487603305785125,2.0481437754165026,1.0,0.011078749945403534,1.1400587229939962,0.5690883190883191,0.11764705882352942,0.12285220065346915,0.2106126197035288
frozenset({'Dal Makhani'}),frozenset({'Beef Sausage Breakfast'}),0.10491257285595337,0.10074937552039967,0.02164862614487927,0.20634920634920637,2.0481437754165026,1.0,0.011078749945403534,1.1330557868442965,0.5717352415026834,0.11764705882352942,0.11743092298647856,0.2106126197035288
frozenset({'Fish Masala Curry'}),frozenset({'Beef Sausage Breakfast'}),0.11490424646128226,0.10074937552039967,0.02414654454621149,0.2101449275362319,2.085818660917475,1.0,0.01257001347059521,1.138500790625549,0.588153242287605,0.12608695652173915,0.12165190552871713,0.2249071745119176
frozenset({'Beef Sausage Breakfast'}),frozenset({'Fish Masala Curry'}),0.10074937552039967,0.11490424646128226,0.02414654454621149,0.2396694214876033,2.085818660917475,1.0,0.01257001347059521,1.1640933280237482,0.5788952745849297,0.12608695652173915,0.1409623473251285,0.2249071745119176
frozenset({'Four-Cheese Pizza'}),frozenset({'Beef Sausage Breakfast'}),0.1357202331390508,0.10074937552039967,0.028309741881765195,0.2085889570552147,2.0703746894488666,1.0,0.014636013147522775,1.1362624169780997,0.5981808908534512,0.13599999999999998,0.11992160872528969,0.2447903462962024
frozenset({'Beef Sausage Breakfast'}),frozenset({'Four-Cheese Pizza'}),0.10074937552039967,0.1357202331390508,0.028309741881765195,0.2809917355371901,2.0703746894488666,1.0,0.014636013147522775,1.2020442734502856,0.5749183006535947,0.13599999999999998,0.16808388668609373,0.2447903462962024
frozenset({'Granola Yogurt Bowl'}),frozenset({'Beef Sausage Breakfast'}),0.11323896752706078,0.10074937552039967,0.011656952539550375,0.10294117647058824,1.0217549829849295,1.0,0.000248197276624184,1.0024433190920135,0.024010731052984544,0.05761316872427984,0.0024373638344226648,0.10932182790471562
frozenset({'Beef Sausage Breakfast'}),frozenset({'Granola Yogurt Bowl'}),0.10074937552039967,0.11323896752706078,0.011656952539550375,0.11570247933884298,1.0217549829849295,1.0,0.000248197276624184,1.002785840460053,0.02367724867724865,0.05761316872427984,0.00277810111356847,0.10932182790471562
frozenset({'Beef Sausage Breakfast'}),frozenset({'Grilled Chicken Breast'}),0.10074937552039967,0.14238134887593673,0.019983347210657785,0.1983471074380165,1.3930694504857182,1.0,0.005638515225655,1.0698129565568213,0.31377314814814805,0.08955223880597014,0.0652571611971435,0.1693489923154995
frozenset({'Grilled Chicken Breast'}),frozenset({'Beef Sausage Breakfast'}),0.14238134887593673,0.10074937552039967,0.019983347210657785,0.14035087719298245,1.3930694504857184,1.0,0.005638515225655,1.0460670529660656,0.32900485436893195,0.08955223880597014,0.04403833658219622,0.1693489923154995
frozenset({'Beef Sausage Breakfast'}),frozenset({'Grilled Prawns'}),0.10074937552039967,0.10824313072439634,0.011656952539550375,0.11570247933884298,1.0689129052765416,1.0,0.0007515247146944563,1.0084353381527855,0.0716931216931216,0.05907172995780591,0.008364778418254351,0.11169739351557534
frozenset({'Grilled Prawns'}),frozenset({'Beef Sausage Breakfast'}),0.10824313072439634,0.10074937552039967,0.011656952539550375,0.10769230769230768,1.0689129052765416,1.0,0.0007515247146944563,1.007780872261621,0.07229558490062682,0.05907172995780591,0.007720797720797709,0.11169739351557534
frozenset({'Hawaiian Pizza'}),frozenset({'Beef Sausage Breakfast'}),0.10574521232306411,0.10074937552039967,0.013322231473771857,0.12598425196850394,1.2504717901997786,1.0,0.0026684673679510766,1.0288723361162995,0.2239874301675978,0.06896551724137931,0.028062117235345577,0.1291078284635908
frozenset({'Beef Sausage Breakfast'}),frozenset({'Hawaiian Pizza'}),0.10074937552039967,0.10574521232306411,0.013322231473771857,0.1322314049586777,1.2504717901997788,1.0,0.0026684673679510766,1.0305221838943737,0.2227430555555556,0.06896551724137931,0.029618172584145168,0.1291078284635908
frozenset({'Korean BBQ Short Ribs'}),frozenset({'Beef Sausage Breakfast'}),0.13322231473771856,0.10074937552039967,0.020815986677768527,0.15625,1.5508780991735536,1.0,0.007393921662561245,1.0657785179017485,0.40979827089337184,0.09765625,0.061718749999999996,0.18143078512396693
frozenset({'Beef Sausage Breakfast'}),frozenset({'Korean BBQ Short Ribs'}),0.10074937552039967,0.13322231473771856,0.020815986677768527,0.2066115702479339,1.5508780991735538,1.0,0.007393921662561245,1.0925010407993339,0.3950000000000001,0.09765625,0.08466906423416773,0.18143078512396693
frozenset({'Beef Sausage Breakfast'}),frozenset({'Mediterranean Olive Pizza'}),0.10074937552039967,0.08825978351373855,0.014154870940882597,0.14049586776859505,1.591844690472478,1.0,0.005262752868307774,1.060774674950362,0.4134531590413944,0.08095238095238096,0.05729272802747274,0.15043661312958054
frozenset({'Mediterranean Olive Pizza'}),frozenset({'Beef Sausage Breakfast'}),0.08825978351373855,0.10074937552039967,0.014154870940882597,0.16037735849056603,1.5918446904724777,1.0,0.005262752868307774,1.0710175976948049,0.40778941713671774,0.08095238095238096,0.0663085255066387,0.15043661312958054
frozenset({'Mint Margarita'}),frozenset({'Beef Sausage Breakfast'}),0.05995004163197336,0.10074937552039967,0.011656952539550375,0.19444444444444445,1.929981634527089,1.0,0.005617023282707097,1.1163111200436417,0.5125901556370998,0.0782122905027933,0.10419238683127571,0.15507346189164373
frozenset({'Beef Sausage Breakfast'}),frozenset({'Mint Margarita'}),0.10074937552039967,0.05995004163197336,0.011656952539550375,0.11570247933884298,1.929981634527089,1.0,0.005617023282707097,1.0630471491825348,0.5358465608465608,0.0782122905027933,0.05930795189189585,0.15507346189164373
frozenset({'Beef Sausage Breakfast'}),frozenset({'Mushroom Alfredo Pizza'}),0.10074937552039967,0.09908409658617819,0.011656952539550375,0.11570247933884298,1.1677199805542051,1.0,0.0016742916844899574,1.018792750589462,0.15972222222222215,0.06194690265486725,0.018446097676479128,0.1166747690811862
frozenset({'Mushroom Alfredo Pizza'}),frozenset({'Beef Sausage Breakfast'}),0.09908409658617819,0.10074937552039967,0.011656952539550375,0.11764705882352941,1.1677199805542051,1.0,0.0016742916844899574,1.019150707743547,0.15942698706099812,0.06194690265486725,0.01879084967320261,0.1166747690811862
frozenset({'Naan Garlic Bread'}),frozenset({'Beef Sausage Breakfast'}),0.1015820149875104,0.10074937552039967,0.010824313072439634,0.10655737704918034,1.0576480151740957,1.0,0.0005899884983440809,1.0065006989588188,0.06066871034433597,0.05652173913043479,0.006458712811171832,0.10699769678905298
frozenset({'Beef Sausage Breakfast'}),frozenset({'Naan Garlic Bread'}),0.10074937552039967,0.1015820149875104,0.010824313072439634,0.10743801652892562,1.0576480151740957,1.0,0.0005899884983440809,1.0065608906158447,0.060612535612535656,0.05652173913043479,0.006518125904763371,0.10699769678905298
frozenset({'Beef Sausage Breakfast'}),frozenset({'Omelette with Cheese'}),0.10074937552039967,0.08825978351373855,0.01498751040799334,0.1487603305785124,1.6854826134414471,1.0,0.006095392335418516,1.0710734582023071,0.4522633744855968,0.0861244019138756,0.06635722102720858,0.1592858256666147
frozenset({'Omelette with Cheese'}),frozenset({'Beef Sausage Breakfast'}),0.08825978351373855,0.10074937552039967,0.01498751040799334,0.169811320754717,1.6854826134414471,1.0,0.006095392335418516,1.0831882522140641,0.44606798579401324,0.0861244019138756,0.07679944095038437,0.1592858256666147
frozenset({'Pancakes with Maple Syrup'}),frozenset({'Beef Sausage Breakfast'}),0.08825978351373855,0.10074937552039967,0.02997502081598668,0.339622641509434,3.3709652268828942,1.0,0.021082902743411853,1.3617223742119664,0.7714358193810248,0.18848167539267016,0.26563591893780575,0.3185716513332294
frozenset({'Beef Sausage Breakfast'}),frozenset({'Pancakes with Maple Syrup'}),0.10074937552039967,0.08825978351373855,0.02997502081598668,0.2975206611570248,3.3709652268828942,1.0,0.021082902743411853,1.2978890140569135,0.7821502057613168,0.18848167539267016,0.2295180950224537,0.3185716513332294
frozenset({'Paratha with Omelette'}),frozenset({'Beef Sausage Breakfast'}),0.12489592006661115,0.10074937552039967,0.019150707743547043,0.15333333333333332,1.5219283746556471,1.0,0.006567521791790215,1.0621070367869296,0.3918835063914284,0.09274193548387097,0.05847530864197529,0.17170798898071624
frozenset({'Beef Sausage Breakfast'}),frozenset({'Paratha with Omelette'}),0.10074937552039967,0.12489592006661115,0.019150707743547043,0.19008264462809915,1.5219283746556473,1.0,0.006567521791790215,1.0804856497136741,0.3813607085346215,0.09274193548387097,0.0744902532810153,0.17170798898071624
frozenset({'Peach Iced Tea'}),frozenset({'Beef Sausage Breakfast'}),0.049125728559533725,0.10074937552039967,0.01665278934221482,0.3389830508474576,3.3646168931222857,1.0,0.011703402867857135,1.3604047908793955,0.7390980735551663,0.12499999999999997,0.264924670433145,0.25213615352290236
frozenset({'Beef Sausage Breakfast'}),frozenset({'Peach Iced Tea'}),0.10074937552039967,0.049125728559533725,0.01665278934221482,0.16528925619834708,3.3646168931222853,1.0,0.011703402867857135,1.1391662063791725,0.7815277777777777,0.12499999999999997,0.12216497083556464,0.25213615352290236
frozenset({'Beef Sausage Breakfast'}),frozenset({'Pepperoni Pizza'}),0.10074937552039967,0.07577019150707744,0.010824313072439634,0.10743801652892562,1.4179456906729635,1.0,0.0031905135950404924,1.0354796928485521,0.32777777777777783,0.06532663316582915,0.0342640160821979,0.12514757969303425
frozenset({'Pepperoni Pizza'}),frozenset({'Beef Sausage Breakfast'}),0.07577019150707744,0.10074937552039967,0.010824313072439634,0.14285714285714288,1.4179456906729635,1.0,0.0031905135950404924,1.049125728559534,0.318918918918919,0.06532663316582915,0.04682539682539684,0.12514757969303425
frozenset({'Beef Sausage Breakfast'}),frozenset({'Scrambled Eggs Meal'}),0.10074937552039967,0.06078268109908409,0.017485428809325562,0.17355371900826447,2.8553152949167897,1.0,0.01136161164613724,1.1364529558701082,0.7225749559082894,0.12138728323699421,0.12006916358947307,0.2306124759424884
frozenset({'Scrambled Eggs Meal'}),frozenset({'Beef Sausage Breakfast'}),0.06078268109908409,0.10074937552039967,0.017485428809325562,0.28767123287671237,2.8553152949167897,1.0,0.01136161164613724,1.262409530519439,0.6918270854441068,0.12138728323699421,0.20786402841197366,0.2306124759424884
frozenset({'Smoked Beef Ribs'}),frozenset({'Beef Sausage Breakfast'}),0.16902581182348042,0.10074937552039967,0.03663613655287261,0.21674876847290644,2.151365875503807,1.0,0.01960689156482837,1.1480998538953389,0.6440380761523047,0.1571428571428572,0.1289956212370006,0.29019256605463506
frozenset({'Beef Sausage Breakfast'}),frozenset({'Smoked Beef Ribs'}),0.10074937552039967,0.16902581182348042,0.03663613655287261,0.36363636363636365,2.1513658755038065,1.0,0.01960689156482837,1.3058165814202451,0.595138888888889,0.1571428571428572,0.23419566405538353,0.29019256605463506
frozenset({'Smoked Sausage Combo'}),frozenset({'Beef Sausage Breakfast'}),0.16402997502081598,0.10074937552039967,0.019983347210657785,0.1218274111675127,1.2092125686957251,1.0,0.003457429660683818,1.0240021561993138,0.20696381142098275,0.08163265306122448,0.023439556307576614,0.1600872593027646
frozenset({'Beef Sausage Breakfast'}),frozenset({'Smoked Sausage Combo'}),0.10074937552039967,0.16402997502081598,0.019983347210657785,0.1983471074380165,1.2092125686957251,1.0,0.003457429660683818,1.0428079693039307,0.1923996913580247,0.08163265306122448,0.04105067333969903,0.1600872593027646
frozenset({'Beef Sausage Breakfast'}),frozenset({'Tandoori Chicken Pizza'}),0.10074937552039967,0.10241465445462115,0.014154870940882597,0.14049586776859505,1.371833635691729,1.0,0.0038366584604419985,1.044306027028758,0.30141612200435725,0.07488986784140969,0.04242628681825848,0.1393536249412081
frozenset({'Tandoori Chicken Pizza'}),frozenset({'Beef Sausage Breakfast'}),0.10241465445462115,0.10074937552039967,0.014154870940882597,0.13821138211382114,1.371833635691729,1.0,0.0038366584604419985,1.0434700642546306,0.3019753355887809,0.07488986784140969,0.04165913881361036,0.1393536249412081
frozenset({'Veggie Supreme Pizza'}),frozenset({'Beef Sausage Breakfast'}),0.11323896752706078,0.10074937552039967,0.012489592006661115,0.11029411764705882,1.0947374817695672,1.0,0.0010808367437349243,1.0107279746216997,0.09758998435054764,0.06198347107438016,0.010614106753812629,0.11713052989790956
frozenset({'Beef Sausage Breakfast'}),frozenset({'Veggie Supreme Pizza'}),0.10074937552039967,0.11323896752706078,0.012489592006661115,0.12396694214876032,1.0947374817695672,1.0,0.0010808367437349243,1.012246084237978,0.09623456790123448,0.06198347107438016,0.012097931944282768,0.11713052989790956
frozenset({'Beef Steak Ribeye'}),frozenset({'Chana Masala'}),0.12489592006661115,0.10741049125728559,0.017485428809325562,0.14,1.3034108527131785,1.0,0.004070296678940185,1.0378947776078074,0.2660051651488379,0.08139534883720932,0.036511194029850765,0.15139534883720931
frozenset({'Chana Masala'}),frozenset({'Beef Steak Ribeye'}),0.10741049125728559,0.12489592006661115,0.017485428809325562,0.16279069767441862,1.3034108527131785,1.0,0.004070296678940185,1.0452632065871035,0.26079424307036253,0.08139534883720932,0.043303166419578265,0.15139534883720931
frozenset({'Beef Steak Ribeye'}),frozenset({'Dal Makhani'}),0.12489592006661115,0.10491257285595337,0.019150707743547043,0.15333333333333332,1.4615343915343915,1.0,0.0060475554301473704,1.0571898745795827,0.3608571546767053,0.0909090909090909,0.054096124031007733,0.16793650793650794
frozenset({'Dal Makhani'}),frozenset({'Beef Steak Ribeye'}),0.10491257285595337,0.12489592006661115,0.019150707743547043,0.18253968253968253,1.4615343915343915,1.0,0.0060475554301473704,1.0705156705981262,0.3528008088978765,0.0909090909090909,0.06587075045685892,0.16793650793650794
frozenset({'Beef Steak Ribeye'}),frozenset({'Fish Masala Curry'}),0.12489592006661115,0.11490424646128226,0.01498751040799334,0.12000000000000001,1.0443478260869565,1.0,0.0006364388266508429,1.0057906290212701,0.04852521408182695,0.06666666666666667,0.005757290686735666,0.12521739130434784
frozenset({'Fish Masala Curry'}),frozenset({'Beef Steak Ribeye'}),0.11490424646128226,0.12489592006661115,0.01498751040799334,0.13043478260869565,1.0443478260869565,1.0,0.0006364388266508429,1.0063696919233973,0.047977422389463904,0.06666666666666667,0.006329375749803499,0.12521739130434784
frozenset({'Beef Steak Ribeye'}),frozenset({'French Toast'}),0.12489592006661115,0.10824313072439634,0.01498751040799334,0.12000000000000001,1.1086153846153846,1.0,0.0014683850052793924,1.013360078722277,0.11195686647637175,0.06870229007633588,0.013183940242763776,0.12923076923076923
frozenset({'French Toast'}),frozenset({'Beef Steak Ribeye'}),0.10824313072439634,0.12489592006661115,0.01498751040799334,0.13846153846153847,1.1086153846153848,1.0,0.0014683850052793924,1.0157458070655407,0.10986616868969813,0.06870229007633588,0.015501719973651478,0.12923076923076923
frozenset({'Beef Steak Ribeye'}),frozenset({'Granola Yogurt Bowl'}),0.12489592006661115,0.11323896752706078,0.025811823480432972,0.20666666666666667,1.8250490196078433,1.0,0.011668738443747613,1.117766007318831,0.5165894232835088,0.1215686274509804,0.105358372456964,0.21730392156862743
frozenset({'Granola Yogurt Bowl'}),frozenset({'Beef Steak Ribeye'}),0.11323896752706078,0.12489592006661115,0.025811823480432972,0.22794117647058823,1.825049019607843,1.0,0.011668738443747613,1.1334681416280084,0.5097985764046645,0.1215686274509804,0.11775200089550567,0.21730392156862743
frozenset({'Beef Steak Ribeye'}),frozenset({'Grilled Chicken Breast'}),0.12489592006661115,0.14238134887593673,0.02414654454621149,0.19333333333333336,1.3578557504873294,1.0,0.006363694978026222,1.0631636170959462,0.3011581744807901,0.09931506849315068,0.059411003236245964,0.18146198830409357
frozenset({'Grilled Chicken Breast'}),frozenset({'Beef Steak Ribeye'}),0.14238134887593673,0.12489592006661115,0.02414654454621149,0.1695906432748538,1.3578557504873294,1.0,0.006363694978026222,1.0538225187930246,0.30729829260127217,0.09931506849315068,0.05107360853767783,0.18146198830409357
frozenset({'Beef Steak Ribeye'}),frozenset({'Grilled Prawns'}),0.12489592006661115,0.10824313072439634,0.0324729392173189,0.26,2.402,1.0,0.018953813814604953,1.2050768503724374,0.6669838249286394,0.16182572614107882,0.17017740429505135,0.28
frozenset({'Grilled Prawns'}),frozenset({'Beef Steak Ribeye'}),0.10824313072439634,0.12489592006661115,0.0324729392173189,0.3,2.402,1.0,0.018953813814604953,1.250148685619127,0.6545284780578898,0.16182572614107882,0.2000951474785918,0.28
frozenset({'Iced Caramel Latte'}),frozenset({'Beef Steak Ribeye'}),0.05245628642797669,0.12489592006661115,0.012489592006661115,0.23809523809523808,1.9063492063492062,1.0,0.005938015849961279,1.148574104912573,0.5017574692442882,0.07575757575757576,0.12935526256173258,0.16904761904761903
frozenset({'Beef Steak Ribeye'}),frozenset({'Iced Caramel Latte'}),0.12489592006661115,0.05245628642797669,0.012489592006661115,0.09999999999999999,1.9063492063492062,1.0,0.005938015849961279,1.052826348413359,0.5432921027592768,0.07575757575757576,0.05017574692442882,0.16904761904761903
frozenset({'Beef Steak Ribeye'}),frozenset({'Korean BBQ Short Ribs'}),0.12489592006661115,0.13322231473771856,0.028309741881765195,0.22666666666666666,1.7014166666666666,1.0,0.011670818309194184,1.120833213701226,0.4710919572396037,0.12318840579710144,0.1078065962215818,0.21958333333333332
frozenset({'Korean BBQ Short Ribs'}),frozenset({'Beef Steak Ribeye'}),0.13322231473771856,0.12489592006661115,0.028309741881765195,0.2125,1.7014166666666666,1.0,0.011670818309194184,1.1112432761058908,0.47561733627168445,0.12318840579710144,0.10010704091341578,0.21958333333333332
frozenset({'Beef Steak Ribeye'}),frozenset({'Mango Smoothie'}),0.12489592006661115,0.06328059950041633,0.012489592006661115,0.09999999999999999,1.5802631578947366,1.0,0.004586103309689884,1.0407993338884263,0.4196003805899143,0.07109004739336493,0.039199999999999985,0.14868421052631578
frozenset({'Mango Smoothie'}),frozenset({'Beef Steak Ribeye'}),0.06328059950041633,0.12489592006661115,0.012489592006661115,0.19736842105263155,1.5802631578947366,1.0,0.004586103309689884,1.0902936077858616,0.39199999999999996,0.07109004739336493,0.08281586459011464,0.14868421052631578
frozenset({'Beef Steak Ribeye'}),frozenset({'Margherita Pizza'}),0.12489592006661115,0.0749375520399667,0.01498751040799334,0.12000000000000001,1.6013333333333333,1.0,0.005628115898422145,1.0512073272273106,0.4291151284490961,0.08108108108108107,0.048712871287128715,0.16
frozenset({'Margherita Pizza'}),frozenset({'Beef Steak Ribeye'}),0.0749375520399667,0.12489592006661115,0.01498751040799334,0.19999999999999998,1.6013333333333333,1.0,0.005628115898422145,1.093880099916736,0.40594059405940597,0.08108108108108107,0.0858230256898192,0.16
frozenset({'Beef Steak Ribeye'}),frozenset({'Mediterranean Olive Pizza'}),0.12489592006661115,0.08825978351373855,0.01498751040799334,0.12000000000000001,1.3596226415094341,1.0,0.003964223541165044,1.0360684278252972,0.30225182366000636,0.07563025210084034,0.03481278538812787,0.1449056603773585
frozenset({'Mediterranean Olive Pizza'}),frozenset({'Beef Steak Ribeye'}),0.08825978351373855,0.12489592006661115,0.01498751040799334,0.169811320754717,1.3596226415094341,1.0,0.003964223541165044,1.0541026417379458,0.29010654490106547,0.07563025210084034,0.051325781376227515,0.1449056603773585
frozenset({'Beef Steak Ribeye'}),frozenset({'Mutton Karahi'}),0.12489592006661115,0.10657785179017486,0.018318068276436304,0.14666666666666667,1.3761458333333334,1.0,0.0050069294183794945,1.046979079933389,0.31234322290459304,0.0859375,0.04487107797452625,0.15927083333333333
frozenset({'Mutton Karahi'}),frozenset({'Beef Steak Ribeye'}),0.10657785179017486,0.12489592006661115,0.018318068276436304,0.171875,1.3761458333333334,1.0,0.0050069294183794945,1.0567294550139035,0.30593916800813353,0.0859375,0.053683991436726926,0.15927083333333333
frozenset({'Beef Steak Ribeye'}),frozenset({'Naan Garlic Bread'}),0.12489592006661115,0.1015820149875104,0.017485428809325562,0.14,1.3781967213114756,1.0,0.004798249585240166,1.0446720755959182,0.31357890444474656,0.08366533864541834,0.042761816496756276,0.1560655737704918
frozenset({'Naan Garlic Bread'}),frozenset({'Beef Steak Ribeye'}),0.1015820149875104,0.12489592006661115,0.017485428809325562,0.1721311475409836,1.3781967213114754,1.0,0.004798249585240166,1.0570564133848857,0.30544154640540183,0.08366533864541834,0.05397669666671866,0.1560655737704918
frozenset({'Beef Steak Ribeye'}),frozenset({'Omelette with Cheese'}),0.12489592006661115,0.08825978351373855,0.014154870940882597,0.11333333333333333,1.2840880503144654,1.0,0.0031315840740543024,1.0282784396461595,0.252812447528964,0.07112970711297072,0.02750076103500761,0.13685534591194967
frozenset({'Omelette with Cheese'}),frozenset({'Beef Steak Ribeye'}),0.08825978351373855,0.12489592006661115,0.014154870940882597,0.16037735849056603,1.2840880503144654,1.0,0.0031315840740543024,1.0422587918307777,0.24265377383830242,0.07112970711297072,0.04054539252823007,0.13685534591194967
frozenset({'Pancakes with Maple Syrup'}),frozenset({'Beef Steak Ribeye'}),0.08825978351373855,0.12489592006661115,0.01582014987510408,0.17924528301886794,1.4351572327044027,1.0,0.0047968630082757865,1.0662187640567728,0.3325642874309061,0.08016877637130804,0.062106170224224926,0.1529559748427673
frozenset({'Beef Steak Ribeye'}),frozenset({'Pancakes with Maple Syrup'}),0.12489592006661115,0.08825978351373855,0.01582014987510408,0.12666666666666668,1.4351572327044027,1.0,0.0047968630082757865,1.0439773471216736,0.3464870549351496,0.08016877637130804,0.04212480974124811,0.1529559748427673
frozenset({'Beef Steak Ribeye'}),frozenset({'Paneer Tikka Masala'}),0.12489592006661115,0.11074104912572856,0.02997502081598668,0.24000000000000002,2.167218045112782,1.0,0.016143915596287025,1.170077566939831,0.6154456073580716,0.14574898785425103,0.14535580524344574,0.25533834586466164
frozenset({'Paneer Tikka Masala'}),frozenset({'Beef Steak Ribeye'}),0.11074104912572856,0.12489592006661115,0.02997502081598668,0.2706766917293233,2.167218045112782,1.0,0.016143915596287025,1.1998849755787704,0.6056491885143571,0.14574898785425103,0.1665867809390269,0.25533834586466164
frozenset({'Peri Peri Grilled Wings'}),frozenset({'Beef Steak Ribeye'}),0.11074104912572856,0.12489592006661115,0.01665278934221482,0.15037593984962405,1.2040100250626566,1.0,0.002821684122515166,1.0299897577977055,0.1905430711610486,0.07604562737642584,0.02911655923824785,0.14185463659147868
frozenset({'Beef Steak Ribeye'}),frozenset({'Peri Peri Grilled Wings'}),0.12489592006661115,0.11074104912572856,0.01665278934221482,0.13333333333333333,1.2040100250626566,1.0,0.002821684122515166,1.026068020239544,0.19362511893434814,0.07604562737642584,0.025405742821473155,0.14185463659147868
frozenset({'Beef Steak Ribeye'}),frozenset({'Spicy Chicken Fajita Pizza'}),0.12489592006661115,0.08326394671107411,0.011656952539550375,0.09333333333333334,1.1209333333333333,1.0,0.0012576253066934918,1.0111059411274919,0.12328394726111182,0.05932203389830508,0.010983953981229186,0.11666666666666667
frozenset({'Spicy Chicken Fajita Pizza'}),frozenset({'Beef Steak Ribeye'}),0.08326394671107411,0.12489592006661115,0.011656952539550375,0.13999999999999999,1.1209333333333333,1.0,0.0012576253066934918,1.0175628836434756,0.1176852212274555,0.05932203389830508,0.017259752616555647,0.11666666666666667
frozenset({'Beef Steak Ribeye'}),frozenset({'Strawberry Milkshake'}),0.12489592006661115,0.051623646960865945,0.012489592006661115,0.09999999999999999,1.9370967741935483,1.0,0.0060420091222898485,1.0537515033768157,0.5528068506184586,0.07614213197969542,0.05100965759438103,0.17096774193548386
frozenset({'Strawberry Milkshake'}),frozenset({'Beef Steak Ribeye'}),0.051623646960865945,0.12489592006661115,0.012489592006661115,0.24193548387096772,1.9370967741935483,1.0,0.0060420091222898485,1.1543926160823428,0.5100965759438104,0.07614213197969542,0.13374359289156254,0.17096774193548386
frozenset({'Beef Steak Ribeye'}),frozenset({'Tandoori Chicken Pizza'}),0.12489592006661115,0.10241465445462115,0.017485428809325562,0.14,1.3669918699186991,1.0,0.004694256312911597,1.0437038901690452,0.3067826559739024,0.08333333333333333,0.041873840445269025,0.15536585365853658
frozenset({'Tandoori Chicken Pizza'}),frozenset({'Beef Steak Ribeye'}),0.10241465445462115,0.12489592006661115,0.017485428809325562,0.17073170731707316,1.3669918699186991,1.0,0.004694256312911597,1.0552725669784984,0.29909886032335015,0.08333333333333333,0.05237752662969064,0.15536585365853658
frozenset({'Beef Steak Ribeye'}),frozenset({'Turkey Bacon & Eggs'}),0.12489592006661115,0.10990840965861781,0.014154870940882597,0.11333333333333333,1.0311616161616162,1.0,0.0004277589935115147,1.0038626958737393,0.03453293781832441,0.06415094339622641,0.003847832865606487,0.12106060606060606
frozenset({'Turkey Bacon & Eggs'}),frozenset({'Beef Steak Ribeye'}),0.10990840965861781,0.12489592006661115,0.014154870940882597,0.12878787878787878,1.0311616161616162,1.0,0.0004277589935115147,1.004467291749629,0.03395146646123383,0.06415094339622641,0.0044474238099357025,0.12106060606060606
frozenset({'Beef Steak Ribeye'}),frozenset({'Veggie Supreme Pizza'}),0.12489592006661115,0.11323896752706078,0.018318068276436304,0.14666666666666667,1.2951960784313725,1.0,0.004174983239750945,1.0391730849292258,0.2604445982181473,0.08333333333333334,0.037696400625978094,0.15421568627450982
frozenset({'Veggie Supreme Pizza'}),frozenset({'Beef Steak Ribeye'}),0.11323896752706078,0.12489592006661115,0.018318068276436304,0.16176470588235295,1.2951960784313727,1.0,0.004174983239750945,1.043983814657376,0.2570209133589416,0.08333333333333334,0.04213074382940618,0.15421568627450982
frozenset({'Breakfast Burrito'}),frozenset({'Chana Masala'}),0.09408825978351373,0.10741049125728559,0.017485428809325562,0.18584070796460178,1.7301913974068739,1.0,0.007379362604435245,1.0963327661731166,0.46586134453781525,0.09502262443438915,0.0878681812178048,0.1743157028195102
frozenset({'Chana Masala'}),frozenset({'Breakfast Burrito'}),0.10741049125728559,0.09408825978351373,0.017485428809325562,0.16279069767441862,1.730191397406874,1.0,0.007379362604435245,1.082061245258581,0.47281449893390204,0.09502262443438915,0.07583789329685364,0.1743157028195102
frozenset({'Breakfast Burrito'}),frozenset({'Chicken Biryani'}),0.09408825978351373,0.12822647793505412,0.012489592006661115,0.13274336283185842,1.035225836110792,1.0,0.00042498583958275153,1.0052082448299886,0.03756127450980395,0.05952380952380952,0.005181259561663763,0.11507298011722791
frozenset({'Chicken Biryani'}),frozenset({'Breakfast Burrito'}),0.12822647793505412,0.09408825978351373,0.012489592006661115,0.0974025974025974,1.0352258361107918,1.0,0.00042498583958275153,1.0036719999520782,0.03903215536453361,0.05952380952380952,0.003658565699006871,0.11507298011722791
frozenset({'Chocolate Shake'}),frozenset({'Breakfast Burrito'}),0.05245628642797669,0.09408825978351373,0.012489592006661115,0.23809523809523808,2.53055204382638,1.0,0.007554071301947239,1.1890091590341383,0.6383128295254833,0.09316770186335402,0.15896358543417366,0.18541930046354826
frozenset({'Breakfast Burrito'}),frozenset({'Chocolate Shake'}),0.09408825978351373,0.05245628642797669,0.012489592006661115,0.13274336283185842,2.5305520438263804,1.0,0.007554071301947239,1.0925759146289655,0.6676470588235294,0.09316770186335402,0.08473179152993143,0.18541930046354826
frozenset({'Cold Brew Coffee'}),frozenset({'Breakfast Burrito'}),0.06411323896752706,0.09408825978351373,0.014154870940882597,0.22077922077922077,2.3465118951844617,1.0,0.008122567857343416,1.162586733277824,0.6131463261461169,0.09826589595375725,0.13984912146676853,0.18561084932766347
frozenset({'Breakfast Burrito'}),frozenset({'Cold Brew Coffee'}),0.09408825978351373,0.06411323896752706,0.014154870940882597,0.1504424778761062,2.3465118951844617,1.0,0.008122567857343416,1.1016167082986401,0.6334342560553633,0.09826589595375725,0.09224325260605298,0.18561084932766347
frozenset({'Dal Makhani'}),frozenset({'Breakfast Burrito'}),0.10491257285595337,0.09408825978351373,0.014154870940882597,0.1349206349206349,1.4339794915016153,1.0,0.004283829531454845,1.0472007272227273,0.33811217510259917,0.07657657657657659,0.04507323762838469,0.14268155639837055
frozenset({'Breakfast Burrito'}),frozenset({'Dal Makhani'}),0.09408825978351373,0.10491257285595337,0.014154870940882597,0.1504424778761062,1.4339794915016155,1.0,0.004283829531454845,1.0535924923674715,0.33407223183391005,0.07657657657657659,0.05086643342251493,0.14268155639837055
frozenset({'Fish Masala Curry'}),frozenset({'Breakfast Burrito'}),0.11490424646128226,0.09408825978351373,0.01582014987510408,0.13768115942028988,1.4633192253430811,1.0,0.005009009283826067,1.0505531105031523,0.35772639500915987,0.08189655172413794,0.048120471014492794,0.15291137617032197
frozenset({'Breakfast Burrito'}),frozenset({'Fish Masala Curry'}),0.09408825978351373,0.11490424646128226,0.01582014987510408,0.16814159292035402,1.4633192253430811,1.0,0.005009009283826067,1.063998086700799,0.34950657894736853,0.08189655172413794,0.06014868588649594,0.15291137617032197
frozenset({'Four-Cheese Pizza'}),frozenset({'Breakfast Burrito'}),0.1357202331390508,0.09408825978351373,0.014154870940882597,0.10429447852760736,1.108474944350942,1.0,0.001385190387416536,1.01139461407731,0.11322679360761641,0.06563706563706564,0.011266239624684229,0.1273684782018568
frozenset({'Breakfast Burrito'}),frozenset({'Four-Cheese Pizza'}),0.09408825978351373,0.1357202331390508,0.014154870940882597,0.1504424778761062,1.108474944350942,1.0,0.001385190387416536,1.0173293089092423,0.10802335640138404,0.06563706563706564,0.01703411939229629,0.1273684782018568
frozenset({'Granola Yogurt Bowl'}),frozenset({'Breakfast Burrito'}),0.11323896752706078,0.09408825978351373,0.013322231473771857,0.11764705882352942,1.250390421655388,1.0,0.0026677740794688876,1.0266999722453511,0.2258215962441316,0.06866952789699571,0.026005622837370262,0.12961998958875587
frozenset({'Breakfast Burrito'}),frozenset({'Granola Yogurt Bowl'}),0.09408825978351373,0.11323896752706078,0.013322231473771857,0.1415929203539823,1.2503904216553878,1.0,0.0026677740794688876,1.0330308934994035,0.22104779411764724,0.06866952789699571,0.03197473929120445,0.12961998958875587
frozenset({'Breakfast Burrito'}),frozenset({'Grilled Chicken Breast'}),0.09408825978351373,0.14238134887593673,0.01582014987510408,0.16814159292035402,1.1809242871189776,1.0,0.002423736533737845,1.0309671018831825,0.16911764705882357,0.07169811320754717,0.030036944754704042,0.13962635201573256
frozenset({'Grilled Chicken Breast'}),frozenset({'Breakfast Burrito'}),0.14238134887593673,0.09408825978351373,0.01582014987510408,0.11111111111111112,1.1809242871189776,1.0,0.002423736533737845,1.019150707743547,0.17864077669902914,0.07169811320754717,0.018790849673202627,0.13962635201573256
frozenset({'Grilled Prawns'}),frozenset({'Breakfast Burrito'}),0.10824313072439634,0.09408825978351373,0.01582014987510408,0.14615384615384616,1.5533696392103473,1.0,0.005635742071726242,1.060977713767056,0.3994790898815668,0.08482142857142858,0.057473133484162914,0.1571477195371001
frozenset({'Breakfast Burrito'}),frozenset({'Grilled Prawns'}),0.09408825978351373,0.10824313072439634,0.01582014987510408,0.16814159292035402,1.5533696392103475,1.0,0.005635742071726242,1.0720055981717365,0.3932372291021673,0.08482142857142858,0.06716905051105991,0.1571477195371001
frozenset({'Iced Caramel Latte'}),frozenset({'Breakfast Burrito'}),0.05245628642797669,0.09408825978351373,0.014154870940882597,0.2698412698412698,2.8679589830032306,1.0,0.009219350236168721,1.2407052094269266,0.6873772356042592,0.1069182389937107,0.19400676937441644,0.21014187385868802
frozenset({'Breakfast Burrito'}),frozenset({'Iced Caramel Latte'}),0.09408825978351373,0.05245628642797669,0.014154870940882597,0.1504424778761062,2.867958983003231,1.0,0.009219350236168721,1.1153379128504024,0.7189662629757786,0.1069182389937107,0.10341073455993283,0.21014187385868802
frozenset({'Korean BBQ Short Ribs'}),frozenset({'Breakfast Burrito'}),0.13322231473771856,0.09408825978351373,0.014154870940882597,0.10625,1.1292588495575222,1.0,0.0016202151828791037,1.0136075415009635,0.13205628072554682,0.06640625,0.013424862132352944,0.1283462389380531
frozenset({'Breakfast Burrito'}),frozenset({'Korean BBQ Short Ribs'}),0.09408825978351373,0.13322231473771856,0.014154870940882597,0.1504424778761062,1.1292588495575222,1.0,0.0016202151828791037,1.0202695670274773,0.12635164359861603,0.06640625,0.019866874091453948,0.1283462389380531
frozenset({'Margherita Pizza'}),frozenset({'Breakfast Burrito'}),0.0749375520399667,0.09408825978351373,0.011656952539550375,0.15555555555555553,1.653294001966568,1.0,0.004606208675673408,1.0727902186774179,0.42715700141442714,0.07407407407407408,0.06785130718954246,0.13972468043264502
frozenset({'Breakfast Burrito'}),frozenset({'Margherita Pizza'}),0.09408825978351373,0.0749375520399667,0.011656952539550375,0.12389380530973453,1.6532940019665683,1.0,0.004606208675673408,1.0558793597927654,0.4361869747899159,0.07407407407407408,0.052922106369929035,0.13972468043264502
frozenset({'Mediterranean Olive Pizza'}),frozenset({'Breakfast Burrito'}),0.08825978351373855,0.09408825978351373,0.012489592006661115,0.14150943396226415,1.5040073468024713,1.0,0.0041853825669838,1.0552378512411817,0.3675494672754947,0.07352941176470587,0.0523463512763596,0.13712639839706128
frozenset({'Breakfast Burrito'}),frozenset({'Mediterranean Olive Pizza'}),0.09408825978351373,0.08825978351373855,0.012489592006661115,0.13274336283185842,1.5040073468024715,1.0,0.0041853825669838,1.0512922904382402,0.36991421568627453,0.07352941176470587,0.04878975229320728,0.13712639839706128
frozenset({'Mutton Karahi'}),frozenset({'Breakfast Burrito'}),0.10657785179017486,0.09408825978351373,0.019150707743547043,0.17968749999999997,1.9097759955752212,1.0,0.009122983137144247,1.1043495499781928,0.5332063697880789,0.10550458715596331,0.09448960248161763,0.19161366150442477
frozenset({'Breakfast Burrito'}),frozenset({'Mutton Karahi'}),0.09408825978351373,0.10657785179017486,0.019150707743547043,0.20353982300884954,1.909775995575221,1.0,0.009122983137144247,1.1217411416412248,0.525855179028133,0.10550458715596331,0.10852873013385675,0.19161366150442477
frozenset({'Paratha with Omelette'}),frozenset({'Breakfast Burrito'}),0.12489592006661115,0.09408825978351373,0.013322231473771857,0.10666666666666667,1.1336873156342184,1.0,0.0015709917006435804,1.0140803062124846,0.13475261655566131,0.06477732793522267,0.01388480392156864,0.1241297935103245
frozenset({'Breakfast Burrito'}),frozenset({'Paratha with Omelette'}),0.09408825978351373,0.12489592006661115,0.013322231473771857,0.1415929203539823,1.1336873156342182,1.0,0.0015709917006435804,1.0194511446646695,0.13017003676470595,0.06477732793522267,0.019080016503456462,0.1241297935103245
frozenset({'Breakfast Burrito'}),frozenset({'Scrambled Eggs Meal'}),0.09408825978351373,0.06078268109908409,0.01498751040799334,0.15929203539823011,2.6206812947023885,1.0,0.009268573718404245,1.1171742845874053,0.6826491013071896,0.10714285714285715,0.10488451641247729,0.20293368893199176
frozenset({'Scrambled Eggs Meal'}),frozenset({'Breakfast Burrito'}),0.06078268109908409,0.09408825978351373,0.01498751040799334,0.24657534246575344,2.6206812947023885,1.0,0.009268573718404245,1.2023919461055181,0.6584416863672183,0.10714285714285715,0.1683244359387591,0.20293368893199176
frozenset({'Smoked Beef Ribs'}),frozenset({'Breakfast Burrito'}),0.16902581182348042,0.09408825978351373,0.027477102414654453,0.1625615763546798,1.727756223026287,1.0,0.011573757921687518,1.0817651956702747,0.5068925730248376,0.11660777385159009,0.07558497536945813,0.22729848729238417
frozenset({'Breakfast Burrito'}),frozenset({'Smoked Beef Ribs'}),0.09408825978351373,0.16902581182348042,0.027477102414654453,0.2920353982300885,1.7277562230262873,1.0,0.011573757921687518,1.173751040799334,0.46496212121212116,0.11660777385159009,0.14803057442318268,0.22729848729238417
frozenset({'Smoked Sausage Combo'}),frozenset({'Breakfast Burrito'}),0.16402997502081598,0.09408825978351373,0.020815986677768527,0.1269035532994924,1.348771393917614,1.0,0.005382691775726724,1.0375849582712082,0.30932270916334675,0.08771929824561404,0.03622349955210513,0.1740712456762949
frozenset({'Breakfast Burrito'}),frozenset({'Smoked Sausage Combo'}),0.09408825978351373,0.16402997502081598,0.020815986677768527,0.22123893805309736,1.3487713939176138,1.0,0.005382691775726724,1.0734615093482704,0.28544117647058836,0.08771929824561404,0.0684342276910059,0.1740712456762949
frozenset({'Breakfast Burrito'}),frozenset({'Spicy Chicken Fajita Pizza'}),0.09408825978351373,0.08326394671107411,0.013322231473771857,0.1415929203539823,1.7005309734513274,1.0,0.005488071625019672,1.0679502476458622,0.454733455882353,0.08121827411167513,0.06362679141247296,0.15079646017699117
frozenset({'Spicy Chicken Fajita Pizza'}),frozenset({'Breakfast Burrito'}),0.08326394671107411,0.09408825978351373,0.013322231473771857,0.16,1.7005309734513276,1.0,0.005488071625019672,1.0784663574005788,0.4493642143505904,0.08121827411167513,0.07275735294117648,0.15079646017699117
frozenset({'Breakfast Burrito'}),frozenset({'Tandoori Chicken Pizza'}),0.09408825978351373,0.10241465445462115,0.010824313072439634,0.11504424778761063,1.1233182243326858,1.0,0.0011882964584744478,1.014271440466278,0.12118212669683272,0.05829596412556055,0.01407063227543633,0.11036765234908988
frozenset({'Tandoori Chicken Pizza'}),frozenset({'Breakfast Burrito'}),0.10241465445462115,0.09408825978351373,0.010824313072439634,0.10569105691056911,1.123318224332686,1.0,0.0011882964584744478,1.0129740367875255,0.12230626516340815,0.05829596412556055,0.01280786704925874,0.11036765234908988
frozenset({'Butter Chicken'}),frozenset({'Chicken Biryani'}),0.10741049125728559,0.12822647793505412,0.01498751040799334,0.13953488372093023,1.0881908788885533,1.0,0.0012146414207976856,1.0131422013187208,0.09079601990049764,0.06792452830188679,0.012971724306434772,0.12820900030202356
frozenset({'Chicken Biryani'}),frozenset({'Butter Chicken'}),0.12822647793505412,0.10741049125728559,0.01498751040799334,0.11688311688311688,1.0881908788885533,1.0,0.0012146414207976856,1.0107263554880737,0.09296402419611602,0.06792452830188679,0.010612521806551659,0.12820900030202356
frozenset({'Butter Chicken'}),frozenset({'Dal Makhani'}),0.10741049125728559,0.10491257285595337,0.012489592006661115,0.11627906976744186,1.108342561830934,1.0,0.0012208810171373975,1.0128620886103685,0.1095149253731343,0.06249999999999999,0.012698756084369926,0.11766334440753046
frozenset({'Dal Makhani'}),frozenset({'Butter Chicken'}),0.10491257285595337,0.10741049125728559,0.012489592006661115,0.11904761904761904,1.108342561830934,1.0,0.0012208810171373975,1.0132097126268649,0.10920930232558136,0.06249999999999999,0.013037491115849321,0.11766334440753046
frozenset({'Fish Masala Curry'}),frozenset({'Butter Chicken'}),0.11490424646128226,0.10741049125728559,0.014154870940882597,0.12318840579710144,1.146893607459836,1.0,0.0018129493809280507,1.0179946463346659,0.14470698909855578,0.068,0.017676562837983988,0.12748567576676778
frozenset({'Butter Chicken'}),frozenset({'Fish Masala Curry'}),0.10741049125728559,0.11490424646128226,0.014154870940882597,0.13178294573643412,1.1468936074598362,1.0,0.0018129493809280507,1.0194406447008446,0.14349209833187015,0.068,0.019069913292057743,0.12748567576676778
frozenset({'Four-Cheese Pizza'}),frozenset({'Butter Chicken'}),0.1357202331390508,0.10741049125728559,0.022481265611990008,0.1656441717791411,1.5421600798972748,1.0,0.00790348869697123,1.0697947788607531,0.40676514664953967,0.1018867924528302,0.06524127827122057,0.1874732486802682
frozenset({'Butter Chicken'}),frozenset({'Four-Cheese Pizza'}),0.10741049125728559,0.1357202331390508,0.022481265611990008,0.20930232558139536,1.542160079897275,1.0,0.00790348869697123,1.0930597051476711,0.3938640132669983,0.1018867924528302,0.085136891159206,0.1874732486802682
frozenset({'Granola Yogurt Bowl'}),frozenset({'Butter Chicken'}),0.11323896752706078,0.10741049125728559,0.014154870940882597,0.125,1.1637596899224807,1.0,0.001991817809333189,1.0201022957059593,0.15868544600938975,0.06854838709677419,0.019706156716417914,0.12839147286821706
frozenset({'Butter Chicken'}),frozenset({'Granola Yogurt Bowl'}),0.10741049125728559,0.11323896752706078,0.014154870940882597,0.13178294573643412,1.1637596899224807,1.0,0.001991817809333189,1.0213586891875819,0.15764925373134336,0.06854838709677419,0.02091203552061726,0.12839147286821706
frozenset({'Butter Chicken'}),frozenset({'Hawaiian Pizza'}),0.10741049125728559,0.10574521232306411,0.013322231473771857,0.124031007751938,1.1729231520478547,1.0,0.0019640862700455713,1.0208749346046437,0.16517024253731355,0.06666666666666667,0.02044808222539808,0.12500762986022096
frozenset({'Hawaiian Pizza'}),frozenset({'Butter Chicken'}),0.10574521232306411,0.10741049125728559,0.013322231473771857,0.12598425196850394,1.1729231520478545,1.0,0.0019640862700455713,1.021251059552475,0.164862662942272,0.06666666666666667,0.020808849453519806,0.12500762986022096
frozenset({'Butter Chicken'}),frozenset({'Korean BBQ Short Ribs'}),0.10741049125728559,0.13322231473771856,0.01582014987510408,0.14728682170542637,1.1055717054263567,1.0,0.001510675602693013,1.0164938308984939,0.10698153967007093,0.07037037037037039,0.016226198720669622,0.1330184108527132
frozenset({'Korean BBQ Short Ribs'}),frozenset({'Butter Chicken'}),0.13322231473771856,0.10741049125728559,0.01582014987510408,0.11875000000000002,1.1055717054263567,1.0,0.001510675602693013,1.012867527651307,0.110167349208757,0.07037037037037039,0.012704057835820924,0.1330184108527132
frozenset({'Butter Chicken'}),frozenset({'Naan Garlic Bread'}),0.10741049125728559,0.1015820149875104,0.01498751040799334,0.13953488372093023,1.3736179946626002,1.0,0.0040765362752799,1.044107387987488,0.3047263681592041,0.07725321888412018,0.04224411061059982,0.1435379336637438
frozenset({'Naan Garlic Bread'}),frozenset({'Butter Chicken'}),0.1015820149875104,0.10741049125728559,0.01498751040799334,0.14754098360655737,1.3736179946626002,1.0,0.0040765362752799,1.0470761544866456,0.30274945937596554,0.07725321888412018,0.044959628089062884,0.1435379336637438
frozenset({'Butter Chicken'}),frozenset({'Omelette with Cheese'}),0.10741049125728559,0.08825978351373855,0.01498751040799334,0.13953488372093023,1.5809565598946906,1.0,0.005507483702521007,1.0595899813218714,0.41169154228855737,0.08294930875576038,0.05623871721354996,0.1546731022378236
frozenset({'Omelette with Cheese'}),frozenset({'Butter Chicken'}),0.08825978351373855,0.10741049125728559,0.01498751040799334,0.169811320754717,1.5809565598946909,1.0,0.005507483702521007,1.0751646355309967,0.40304414003044153,0.08294930875576038,0.06990988453956634,0.1546731022378236
frozenset({'Pancakes with Maple Syrup'}),frozenset({'Butter Chicken'}),0.08825978351373855,0.10741049125728559,0.017485428809325562,0.19811320754716982,1.8444493198771392,1.0,0.00800540210385323,1.1131116226673852,0.5021526418786694,0.09813084112149532,0.10161750211208112,0.18045195261079422
frozenset({'Butter Chicken'}),frozenset({'Pancakes with Maple Syrup'}),0.10741049125728559,0.08825978351373855,0.017485428809325562,0.16279069767441862,1.8444493198771392,1.0,0.00800540210385323,1.0890230363585902,0.5129264392324095,0.09813084112149532,0.08174577891048106,0.18045195261079422
frozenset({'Butter Chicken'}),frozenset({'Paratha with Omelette'}),0.10741049125728559,0.12489592006661115,0.017485428809325562,0.16279069767441862,1.3034108527131785,1.0,0.004070296678940185,1.0452632065871035,0.26079424307036253,0.08139534883720932,0.043303166419578265,0.15139534883720931
frozenset({'Paratha with Omelette'}),frozenset({'Butter Chicken'}),0.12489592006661115,0.10741049125728559,0.017485428809325562,0.14,1.3034108527131785,1.0,0.004070296678940185,1.0378947776078074,0.2660051651488379,0.08139534883720932,0.036511194029850765,0.15139534883720931
frozenset({'Butter Chicken'}),frozenset({'Peach Iced Tea'}),0.10741049125728559,0.049125728559533725,0.017485428809325562,0.16279069767441862,3.3137564052029957,1.0,0.01220881017137398,1.1357664908872238,0.7822494669509595,0.125748502994012,0.11953732741416527,0.25936145053212456
frozenset({'Peach Iced Tea'}),frozenset({'Butter Chicken'}),0.049125728559533725,0.10741049125728559,0.017485428809325562,0.3559322033898305,3.3137564052029957,1.0,0.01220881017137398,1.3858626583110565,0.734300725544158,0.125748502994012,0.2784277763723754,0.25936145053212456
frozenset({'Peri Peri Grilled Wings'}),frozenset({'Butter Chicken'}),0.11074104912572856,0.10741049125728559,0.013322231473771857,0.12030075187969926,1.1200093256396806,1.0,0.001427480984830155,1.0146530313058206,0.12049391385767792,0.06504065040650406,0.01444142071596904,0.12216587981581863
frozenset({'Butter Chicken'}),frozenset({'Peri Peri Grilled Wings'}),0.10741049125728559,0.11074104912572856,0.013322231473771857,0.124031007751938,1.1200093256396806,1.0,0.001427480984830155,1.015171722679478,0.12004430970149256,0.06504065040650406,0.014944981563743008,0.12216587981581863
frozenset({'Butter Chicken'}),frozenset({'Scrambled Eggs Meal'}),0.10741049125728559,0.06078268109908409,0.011656952539550375,0.10852713178294573,1.7854943187851757,1.0,0.005128254902762824,1.0535568185932012,0.4928704690831557,0.07446808510638299,0.05083429545329595,0.15015397685037699
frozenset({'Scrambled Eggs Meal'}),frozenset({'Butter Chicken'}),0.06078268109908409,0.10741049125728559,0.011656952539550375,0.19178082191780824,1.785494318785176,1.0,0.005128254902762824,1.1043904091223415,0.4684017223910842,0.07446808510638299,0.09452310365978331,0.15015397685037699
frozenset({'Smoked Beef Ribs'}),frozenset({'Butter Chicken'}),0.16902581182348042,0.10741049125728559,0.02164862614487927,0.12807881773399016,1.1924237216939704,1.0,0.003493480661757725,1.0237043518348645,0.19419608447664577,0.08496732026143793,0.02315546650981547,0.1648146026654447
frozenset({'Butter Chicken'}),frozenset({'Smoked Beef Ribs'}),0.10741049125728559,0.16902581182348042,0.02164862614487927,0.20155038759689925,1.1924237216939706,1.0,0.003493480661757725,1.0407346628618546,0.18079075774971315,0.08496732026143793,0.03914029609606815,0.1648146026654447
frozenset({'Smoked Sausage Combo'}),frozenset({'Butter Chicken'}),0.16402997502081598,0.10741049125728559,0.03996669442131557,0.2436548223350254,2.26844528390981,1.0,0.022348154223409442,1.1801351222974144,0.6688869521912352,0.1726618705035971,0.15263940450034097,0.3078739227954197
frozenset({'Butter Chicken'}),frozenset({'Smoked Sausage Combo'}),0.10741049125728559,0.16402997502081598,0.03996669442131557,0.37209302325581395,2.26844528390981,1.0,0.022348154223409442,1.331359669411293,0.6264575559701494,0.1726618705035971,0.24888816825720372,0.3078739227954197
frozenset({'Butter Chicken'}),frozenset({'Spicy Chicken Fajita Pizza'}),0.10741049125728559,0.08326394671107411,0.020815986677768527,0.1937984496124031,2.3275193798449614,1.0,0.011872565257511607,1.1371052968679947,0.6389925373134329,0.12254901960784313,0.12057396728837069,0.22189922480620156
frozenset({'Spicy Chicken Fajita Pizza'}),frozenset({'Butter Chicken'}),0.08326394671107411,0.10741049125728559,0.020815986677768527,0.25,2.3275193798449614,1.0,0.011872565257511607,1.1901193449902858,0.6221616712079927,0.12254901960784313,0.15974813432835824,0.22189922480620156
frozenset({'Butter Chicken'}),frozenset({'Tandoori Chicken Pizza'}),0.10741049125728559,0.10241465445462115,0.01665278934221482,0.15503875968992248,1.5138337429885926,1.0,0.005652380995298809,1.0622799043610447,0.3802705223880596,0.08620689655172413,0.05862852540593404,0.15882019285309132
frozenset({'Tandoori Chicken Pizza'}),frozenset({'Butter Chicken'}),0.10241465445462115,0.10741049125728559,0.01665278934221482,0.16260162601626016,1.5138337429885926,1.0,0.005652380995298809,1.065907859954892,0.3781539888682745,0.08620689655172413,0.061832605266351176,0.15882019285309132
frozenset({'Butter Chicken'}),frozenset({'Turkey Bacon & Eggs'}),0.10741049125728559,0.10990840965861781,0.012489592006661115,0.11627906976744186,1.0579633544749825,1.0,0.0006842757319219829,1.007208904859985,0.06138059701492539,0.06097560975609757,0.007157308503926736,0.11495771670190275
frozenset({'Turkey Bacon & Eggs'}),frozenset({'Butter Chicken'}),0.10990840965861781,0.10741049125728559,0.012489592006661115,0.11363636363636363,1.0579633544749825,1.0,0.0006842757319219829,1.0070240611456265,0.06155285313376989,0.06097560975609757,0.0069750678426051555,0.11495771670190275
frozenset({'Butter Chicken'}),frozenset({'Veggie Supreme Pizza'}),0.10741049125728559,0.11323896752706078,0.019983347210657785,0.18604651162790697,1.6429548563611491,1.0,0.007820294079108376,1.0894492684667538,0.4384328358208956,0.0995850622406639,0.08210503330057867,0.18125854993160057
frozenset({'Veggie Supreme Pizza'}),frozenset({'Butter Chicken'}),0.11323896752706078,0.10741049125728559,0.019983347210657785,0.17647058823529413,1.6429548563611494,1.0,0.007820294079108376,1.0838586891875819,0.4413145539906104,0.0995850622406639,0.07737050043898158,0.18125854993160057
frozenset({'Chicken Biryani'}),frozenset({'Chana Masala'}),0.12822647793505412,0.10741049125728559,0.03913405495420483,0.3051948051948052,2.841387294875667,1.0,0.025361185967009175,1.2846615359474582,0.7433802759657787,0.19915254237288132,0.22158485171544876,0.3347679452330615
frozenset({'Chana Masala'}),frozenset({'Chicken Biryani'}),0.10741049125728559,0.12822647793505412,0.03913405495420483,0.3643410852713178,2.8413872948756667,1.0,0.025361185967009175,1.3714485895899757,0.7260439822165767,0.19915254237288132,0.2708439765146635,0.3347679452330615
frozenset({'Cold Brew Coffee'}),frozenset({'Chana Masala'}),0.06411323896752706,0.10741049125728559,0.020815986677768527,0.3246753246753247,3.0227524413570928,1.0,0.0139295521841707,1.3217190802536347,0.7150177935943062,0.13812154696132597,0.24340957549912776,0.2592368871438639
frozenset({'Chana Masala'}),frozenset({'Cold Brew Coffee'}),0.10741049125728559,0.06411323896752706,0.020815986677768527,0.1937984496124031,3.0227524413570928,1.0,0.0139295521841707,1.1608595401268174,0.7497014925373136,0.13812154696132597,0.13856933984385775,0.2592368871438639
frozenset({'Dal Makhani'}),frozenset({'Chana Masala'}),0.10491257285595337,0.10741049125728559,0.018318068276436304,0.17460317460317462,1.62556909068537,1.0,0.007049357286912587,1.0814065202075194,0.42993657505285415,0.0944206008583691,0.07527837005448948,0.17257290513104467
frozenset({'Chana Masala'}),frozenset({'Dal Makhani'}),0.10741049125728559,0.10491257285595337,0.018318068276436304,0.17054263565891475,1.62556909068537,1.0,0.007049357286912587,1.0791240944073086,0.43113975576662145,0.0944206008583691,0.07332251667568057,0.17257290513104467
frozenset({'Fish Masala Curry'}),frozenset({'Chana Masala'}),0.11490424646128226,0.10741049125728559,0.018318068276436304,0.15942028985507248,1.4842152567127291,1.0,0.0059761467164817575,1.0618737259180568,0.36859659625416924,0.08979591836734695,0.05826844040666236,0.1649814627569936
frozenset({'Chana Masala'}),frozenset({'Fish Masala Curry'}),0.10741049125728559,0.11490424646128226,0.018318068276436304,0.17054263565891475,1.4842152567127291,1.0,0.0059761467164817575,1.0670780580046224,0.3655020352781548,0.08979591836734695,0.0628614350200909,0.1649814627569936
frozenset({'Four-Cheese Pizza'}),frozenset({'Chana Masala'}),0.1357202331390508,0.10741049125728559,0.018318068276436304,0.13496932515337423,1.2565748799162981,1.0,0.003740291361417526,1.0318587937947692,0.2362497810474689,0.08148148148148149,0.030875148795897814,0.1527559804061445
frozenset({'Chana Masala'}),frozenset({'Four-Cheese Pizza'}),0.10741049125728559,0.1357202331390508,0.018318068276436304,0.17054263565891475,1.2565748799162983,1.0,0.003740291361417526,1.0419821488323595,0.2287567842605156,0.08148148148148149,0.04029066033367689,0.1527559804061445
frozenset({'Granola Yogurt Bowl'}),frozenset({'Chana Masala'}),0.11323896752706078,0.10741049125728559,0.014154870940882597,0.125,1.1637596899224807,1.0,0.001991817809333189,1.0201022957059593,0.15868544600938975,0.06854838709677419,0.019706156716417914,0.12839147286821706
frozenset({'Chana Masala'}),frozenset({'Granola Yogurt Bowl'}),0.10741049125728559,0.11323896752706078,0.014154870940882597,0.13178294573643412,1.1637596899224807,1.0,0.001991817809333189,1.0213586891875819,0.15764925373134336,0.06854838709677419,0.02091203552061726,0.12839147286821706
frozenset({'Grilled Chicken Breast'}),frozenset({'Chana Masala'}),0.14238134887593673,0.10741049125728559,0.02164862614487927,0.15204678362573099,1.4155673421279296,1.0,0.006355375516239936,1.0526400413448562,0.3423076923076923,0.09489051094890512,0.05000763725233481,0.17679858561131512
frozenset({'Chana Masala'}),frozenset({'Grilled Chicken Breast'}),0.10741049125728559,0.14238134887593673,0.02164862614487927,0.20155038759689925,1.4155673421279298,1.0,0.006355375516239936,1.0741049125728561,0.328896383467279,0.09489051094890512,0.06899224806201551,0.17679858561131512
frozenset({'Grilled Prawns'}),frozenset({'Chana Masala'}),0.10824313072439634,0.10741049125728559,0.01665278934221482,0.15384615384615383,1.4323196183661298,1.0,0.005026341495880826,1.0548785103322988,0.33846872082166196,0.08368200836820083,0.05202353616532719,0.15444245676803814
frozenset({'Chana Masala'}),frozenset({'Grilled Prawns'}),0.10741049125728559,0.10824313072439634,0.01665278934221482,0.15503875968992248,1.43231961836613,1.0,0.005026341495880826,1.0553819829041549,0.3381529850746269,0.08368200836820083,0.0524757706700251,0.15444245676803814
frozenset({'Hawaiian Pizza'}),frozenset({'Chana Masala'}),0.10574521232306411,0.10741049125728559,0.01498751040799334,0.14173228346456695,1.3195385460538365,1.0,0.0036293652042670536,1.0399896111038964,0.2707945375543142,0.07563025210084034,0.038451933247150114,0.14063358359274858
frozenset({'Chana Masala'}),frozenset({'Hawaiian Pizza'}),0.10741049125728559,0.10574521232306411,0.01498751040799334,0.13953488372093023,1.3195385460538362,1.0,0.0036293652042670536,1.0392690775704931,0.2712997512437812,0.07563025210084034,0.03778528430990429,0.14063358359274858
frozenset({'Korean BBQ Short Ribs'}),frozenset({'Chana Masala'}),0.13322231473771856,0.10741049125728559,0.017485428809325562,0.13125,1.2219476744186046,1.0,0.0031759545369144937,1.0274411611426928,0.20955125566076585,0.0783582089552239,0.026708255597014938,0.14702034883720932
frozenset({'Chana Masala'}),frozenset({'Korean BBQ Short Ribs'}),0.10741049125728559,0.13322231473771856,0.017485428809325562,0.16279069767441862,1.2219476744186049,1.0,0.0031759545369144937,1.0353177907299473,0.20349147121535194,0.0783582089552239,0.03411299510756653,0.14702034883720932
frozenset({'Mushroom Alfredo Pizza'}),frozenset({'Chana Masala'}),0.09908409658617819,0.10741049125728559,0.011656952539550375,0.11764705882352941,1.0953032375740994,1.0,0.0010142810494446416,1.011601443241743,0.09658040665434385,0.05982905982905983,0.011468393327480248,0.11308709530323757
frozenset({'Chana Masala'}),frozenset({'Mushroom Alfredo Pizza'}),0.10741049125728559,0.09908409658617819,0.011656952539550375,0.10852713178294573,1.0953032375740994,1.0,0.0010142810494446416,1.010592622090287,0.09748134328358213,0.05982905982905983,0.010481594520626457,0.11308709530323757
frozenset({'Mutton Karahi'}),frozenset({'Chana Masala'}),0.10657785179017486,0.10741049125728559,0.02497918401332223,0.23437499999999997,2.182049418604651,1.0,0.013531604595393374,1.1658311950925249,0.6063373718546132,0.13215859030837002,0.14224288712686564,0.23346656976744184
frozenset({'Chana Masala'}),frozenset({'Mutton Karahi'}),0.10741049125728559,0.10657785179017486,0.02497918401332223,0.23255813953488372,2.182049418604651,1.0,0.013531604595393374,1.1641561325158327,0.6069029850746269,0.13215859030837002,0.14100869112897985,0.23346656976744184
frozenset({'Naan Garlic Bread'}),frozenset({'Chana Masala'}),0.1015820149875104,0.10741049125728559,0.012489592006661115,0.12295081967213115,1.1446816622188334,1.0,0.0015786178739476756,1.0177188791272072,0.14068582020389256,0.0635593220338983,0.017410386591632004,0.11961494471978651
frozenset({'Chana Masala'}),frozenset({'Naan Garlic Bread'}),0.10741049125728559,0.1015820149875104,0.012489592006661115,0.11627906976744186,1.1446816622188334,1.0,0.0015786178739476756,1.0166308777772908,0.1416044776119404,0.0635593220338983,0.016358816302778197,0.11961494471978651
frozenset({'Pancakes with Maple Syrup'}),frozenset({'Chana Masala'}),0.08825978351373855,0.10741049125728559,0.011656952539550375,0.1320754716981132,1.2296328799180927,1.0,0.0021769258340780424,1.028418347029649,0.2048271363339858,0.06334841628959276,0.02763306110954661,0.12030130174052947
frozenset({'Chana Masala'}),frozenset({'Pancakes with Maple Syrup'}),0.10741049125728559,0.08825978351373855,0.011656952539550375,0.10852713178294573,1.229632879918093,1.0,0.0021769258340780424,1.0227346776237194,0.20922174840085306,0.06334841628959276,0.022229301617641858,0.12030130174052947
frozenset({'Paneer Tikka Masala'}),frozenset({'Chana Masala'}),0.11074104912572856,0.10741049125728559,0.01498751040799334,0.13533834586466165,1.2600104913446406,1.0,0.0030927599190516374,1.0322991709807043,0.23205368289637957,0.07377049180327869,0.03128857591740545,0.13743661479279595
frozenset({'Chana Masala'}),frozenset({'Paneer Tikka Masala'}),0.10741049125728559,0.11074104912572856,0.01498751040799334,0.13953488372093023,1.2600104913446406,1.0,0.0030927599190516374,1.0334631050700993,0.23118781094527366,0.07377049180327869,0.03237958365995993,0.13743661479279595
frozenset({'Paratha with Omelette'}),frozenset({'Chana Masala'}),0.12489592006661115,0.10741049125728559,0.01665278934221482,0.13333333333333333,1.241343669250646,1.0,0.0032376572118294426,1.029910971626209,0.22216936251189343,0.07722007722007722,0.029042288557213934,0.14418604651162792
frozenset({'Chana Masala'}),frozenset({'Paratha with Omelette'}),0.10741049125728559,0.12489592006661115,0.01665278934221482,0.15503875968992248,1.241343669250646,1.0,0.0032376572118294426,1.0356736358844696,0.2178171641791045,0.07722007722007722,0.034444862404944716,0.14418604651162792
frozenset({'Peri Peri Grilled Wings'}),frozenset({'Chana Masala'}),0.11074104912572856,0.10741049125728559,0.01582014987510408,0.14285714285714288,1.330011074197121,1.0,0.003925399386162379,1.0413544268665003,0.2790262172284645,0.07818930041152264,0.0397121535181237,0.14507198228128462
frozenset({'Chana Masala'}),frozenset({'Peri Peri Grilled Wings'}),0.10741049125728559,0.11074104912572856,0.01582014987510408,0.14728682170542637,1.3300110741971207,1.0,0.003925399386162379,1.0428582242071003,0.2779850746268658,0.07818930041152264,0.04109688470806842,0.14507198228128462
frozenset({'Scrambled Eggs Meal'}),frozenset({'Chana Masala'}),0.06078268109908409,0.10741049125728559,0.017485428809325562,0.28767123287671237,2.678241478177764,1.0,0.010956731172538012,1.2530583488118876,0.6671732522796353,0.11602209944751381,0.20195256593743618,0.2252309652755655
frozenset({'Chana Masala'}),frozenset({'Scrambled Eggs Meal'}),0.10741049125728559,0.06078268109908409,0.017485428809325562,0.16279069767441862,2.678241478177764,1.0,0.010956731172538012,1.121842908687205,0.7020255863539446,0.11602209944751381,0.10860959920831274,0.2252309652755655
frozenset({'Smoked Beef Ribs'}),frozenset({'Chana Masala'}),0.16902581182348042,0.10741049125728559,0.030807660283097418,0.18226600985221675,1.6969106808721885,1.0,0.012652514799975874,1.0915401823781385,0.4942317066565564,0.12542372881355934,0.08386331887361224,0.23454385763928667
frozenset({'Chana Masala'}),frozenset({'Smoked Beef Ribs'}),0.10741049125728559,0.16902581182348042,0.030807660283097418,0.2868217054263566,1.6969106808721888,1.0,0.012652514799975874,1.1651703290735982,0.4601149657119807,0.12542372881355934,0.1417563809790123,0.23454385763928667
frozenset({'Spicy Chicken Fajita Pizza'}),frozenset({'Chana Masala'}),0.08326394671107411,0.10741049125728559,0.02414654454621149,0.29,2.6999224806201547,1.0,0.015203123125954572,1.2571683221728371,0.6868050988129912,0.145,0.20456156716417911,0.2574031007751938
frozenset({'Chana Masala'}),frozenset({'Spicy Chicken Fajita Pizza'}),0.10741049125728559,0.08326394671107411,0.02414654454621149,0.2248062015503876,2.699922480620155,1.0,0.015203123125954572,1.1825895087427143,0.7053847143592382,0.145,0.1543980454695872,0.2574031007751938
frozenset({'Tandoori Chicken Pizza'}),frozenset({'Chana Masala'}),0.10241465445462115,0.10741049125728559,0.018318068276436304,0.17886178861788618,1.665217117287452,1.0,0.007317659929520293,1.0870149462906322,0.4450581885646821,0.09565217391304348,0.08004944788253854,0.17470221213840048
frozenset({'Chana Masala'}),frozenset({'Tandoori Chicken Pizza'}),0.10741049125728559,0.10241465445462115,0.018318068276436304,0.17054263565891475,1.6652171172874521,1.0,0.007317659929520293,1.08213560350798,0.4475491858887381,0.09565217391304348,0.07590139649940317,0.17470221213840048
frozenset({'Turkey Bacon & Eggs'}),frozenset({'Chana Masala'}),0.10990840965861781,0.10741049125728559,0.019983347210657785,0.18181818181818182,1.6927413671599718,1.0,0.008178030935918653,1.0909427329077621,0.45977549111318994,0.10126582278481014,0.0833616010854817,0.1839323467230444
frozenset({'Chana Masala'}),frozenset({'Turkey Bacon & Eggs'}),0.10741049125728559,0.10990840965861781,0.019983347210657785,0.18604651162790697,1.6927413671599718,1.0,0.008178030935918653,1.0935410967051267,0.4584888059701493,0.10126582278481014,0.08553962625361673,0.1839323467230444
frozenset({'Veggie Supreme Pizza'}),frozenset({'Chana Masala'}),0.11323896752706078,0.10741049125728559,0.019983347210657785,0.17647058823529413,1.6429548563611494,1.0,0.007820294079108376,1.0838586891875819,0.4413145539906104,0.0995850622406639,0.07737050043898158,0.18125854993160057
frozenset({'Chana Masala'}),frozenset({'Veggie Supreme Pizza'}),0.10741049125728559,0.11323896752706078,0.019983347210657785,0.18604651162790697,1.6429548563611491,1.0,0.007820294079108376,1.0894492684667538,0.4384328358208956,0.0995850622406639,0.08210503330057867,0.18125854993160057
frozenset({'Chicken Tandoori'}),frozenset({'Chicken Biryani'}),0.08326394671107411,0.12822647793505412,0.011656952539550375,0.13999999999999999,1.0918181818181818,1.0,0.0009803099138173087,1.0136901419359836,0.09173478655767482,0.058333333333333334,0.013505253104106954,0.11545454545454545
frozenset({'Chicken Biryani'}),frozenset({'Chicken Tandoori'}),0.12822647793505412,0.08326394671107411,0.011656952539550375,0.09090909090909091,1.0918181818181818,1.0,0.0009803099138173087,1.0084096586178186,0.09646609360076408,0.058333333333333334,0.008339526050697712,0.11545454545454545
frozenset({'Chocolate Shake'}),frozenset({'Chicken Biryani'}),0.05245628642797669,0.12822647793505412,0.017485428809325562,0.3333333333333333,2.5995670995670994,1.0,0.01075914395511373,1.3076602830974187,0.649384885764499,0.10714285714285714,0.23527539000318368,0.23484848484848483
frozenset({'Chicken Biryani'}),frozenset({'Chocolate Shake'}),0.12822647793505412,0.05245628642797669,0.017485428809325562,0.13636363636363635,2.5995670995670994,1.0,0.01075914395511373,1.097155878872869,0.7058261700095511,0.10714285714285714,0.08855248442243169,0.23484848484848483
frozenset({'Classic Lemonade'}),frozenset({'Chicken Biryani'}),0.03996669442131557,0.12822647793505412,0.014154870940882597,0.3541666666666667,2.7620400432900434,1.0,0.009030082480530725,1.3498428728747551,0.6645069129126064,0.0918918918918919,0.25917303406558423,0.23227813852813853
frozenset({'Chicken Biryani'}),frozenset({'Classic Lemonade'}),0.12822647793505412,0.03996669442131557,0.014154870940882597,0.11038961038961038,2.7620400432900434,1.0,0.009030082480530725,1.079161525978959,0.731782684420473,0.0918918918918919,0.07335465921762538,0.23227813852813853
frozenset({'Cold Brew Coffee'}),frozenset({'Chicken Biryani'}),0.06411323896752706,0.12822647793505412,0.018318068276436304,0.28571428571428575,2.2282003710575142,1.0,0.010097053454621844,1.2204829308909244,0.5889679715302492,0.10526315789473686,0.18065220357483971,0.2142857142857143
frozenset({'Chicken Biryani'}),frozenset({'Cold Brew Coffee'}),0.12822647793505412,0.06411323896752706,0.018318068276436304,0.14285714285714288,2.2282003710575142,1.0,0.010097053454621844,1.0918678878712185,0.6322827125119389,0.10526315789473686,0.08413828164717847,0.2142857142857143
frozenset({'Dal Makhani'}),frozenset({'Chicken Biryani'}),0.10491257285595337,0.12822647793505412,0.019983347210657785,0.19047619047619047,1.4854669140383425,1.0,0.006530777502234122,1.076896703727286,0.3651162790697674,0.09375,0.07140583071815162,0.17316017316017315
frozenset({'Chicken Biryani'}),frozenset({'Dal Makhani'}),0.12822647793505412,0.10491257285595337,0.019983347210657785,0.15584415584415584,1.4854669140383425,1.0,0.006530777502234122,1.06033433677064,0.3748806112702961,0.09375,0.05690123829658713,0.17316017316017315
frozenset({'Fish Masala Curry'}),frozenset({'Chicken Biryani'}),0.11490424646128226,0.12822647793505412,0.01582014987510408,0.13768115942028988,1.0737342367777152,1.0,0.0010863830515924506,1.0109642524786768,0.07758578006634659,0.06959706959706961,0.010845341417161557,0.13052889139845664
frozenset({'Chicken Biryani'}),frozenset({'Fish Masala Curry'}),0.12822647793505412,0.11490424646128226,0.01582014987510408,0.12337662337662339,1.0737342367777152,1.0,0.0010863830515924506,1.009664785518241,0.0787714271351733,0.06959706959706961,0.00957227156662718,0.13052889139845664
frozenset({'Four-Cheese Pizza'}),frozenset({'Chicken Biryani'}),0.1357202331390508,0.12822647793505412,0.03330557868442964,0.24539877300613494,1.9137917297426497,1.0,0.015902651204484742,1.1552771064763103,0.5524566473988438,0.14440433212996387,0.13440680647599623,0.25256951637319736
frozenset({'Chicken Biryani'}),frozenset({'Four-Cheese Pizza'}),0.12822647793505412,0.1357202331390508,0.03330557868442964,0.2597402597402597,1.9137917297426497,1.0,0.015902651204484742,1.1675358254086508,0.5477077363896848,0.14440433212996387,0.14349523309060877,0.25256951637319736
frozenset({'Granola Yogurt Bowl'}),frozenset({'Chicken Biryani'}),0.11323896752706078,0.12822647793505412,0.020815986677768527,0.18382352941176472,1.433584797555386,1.0,0.006295752706771558,1.068118909917411,0.34107042253521136,0.09433962264150943,0.06377465026125065,0.17308059587471353
frozenset({'Chicken Biryani'}),frozenset({'Granola Yogurt Bowl'}),0.12822647793505412,0.11323896752706078,0.020815986677768527,0.16233766233766234,1.4335847975553857,1.0,0.006295752706771558,1.0586139457428887,0.34693409742120346,0.09433962264150943,0.05536857508688495,0.17308059587471353
frozenset({'Grilled Chicken Breast'}),frozenset({'Chicken Biryani'}),0.14238134887593673,0.12822647793505412,0.028309741881765195,0.19883040935672514,1.5506189716716032,1.0,0.010052682991761652,1.0881260749861732,0.41404911479154766,0.11683848797250859,0.080988845881019,0.20980481506797294
frozenset({'Chicken Biryani'}),frozenset({'Grilled Chicken Breast'}),0.12822647793505412,0.14238134887593673,0.028309741881765195,0.22077922077922077,1.550618971671603,1.0,0.010052682991761652,1.1006106022758813,0.40732625428394853,0.11683848797250859,0.091413440928004,0.20980481506797294
frozenset({'Grilled Prawns'}),frozenset({'Chicken Biryani'}),0.10824313072439634,0.12822647793505412,0.01498751040799334,0.13846153846153847,1.0798201798201799,1.0,0.0011078749945403529,1.0118799809682406,0.08289241622574953,0.06766917293233082,0.011740504004114327,0.12767232767232767
frozenset({'Chicken Biryani'}),frozenset({'Grilled Prawns'}),0.12822647793505412,0.10824313072439634,0.01498751040799334,0.11688311688311688,1.0798201798201796,1.0,0.0011078749945403529,1.0097835137385514,0.0847925289186034,0.06766917293233082,0.00968872397443825,0.12767232767232767
frozenset({'Hawaiian Pizza'}),frozenset({'Chicken Biryani'}),0.10574521232306411,0.12822647793505412,0.017485428809325562,0.16535433070866143,1.2895490336435218,1.0,0.0039260926746445685,1.0444833707759258,0.25108628181253884,0.08076923076923076,0.042588874098474096,0.1508589835361489
frozenset({'Chicken Biryani'}),frozenset({'Hawaiian Pizza'}),0.12822647793505412,0.10574521232306411,0.017485428809325562,0.13636363636363635,1.2895490336435218,1.0,0.0039260926746445685,1.0354529120469784,0.25756128621458135,0.08076923076923076,0.03423903842898256,0.1508589835361489
frozenset({'Iced Caramel Latte'}),frozenset({'Chicken Biryani'}),0.05245628642797669,0.12822647793505412,0.010824313072439634,0.20634920634920637,1.609255823541538,1.0,0.004098028218227803,1.098434637801832,0.3995538731918346,0.06372549019607843,0.08961355952759967,0.1453823953823954
frozenset({'Chicken Biryani'}),frozenset({'Iced Caramel Latte'}),0.12822647793505412,0.05245628642797669,0.010824313072439634,0.08441558441558442,1.6092558235415377,1.0,0.004098028218227803,1.0349058999297276,0.4342810961722137,0.06372549019607843,0.03372857371099902,0.1453823953823954
frozenset({'Mango Smoothie'}),frozenset({'Chicken Biryani'}),0.06328059950041633,0.12822647793505412,0.018318068276436304,0.2894736842105263,2.2575187969924815,1.0,0.010203819880879173,1.2269405125358497,0.5946666666666667,0.10576923076923077,0.18496456039813,0.21616541353383462
frozenset({'Chicken Biryani'}),frozenset({'Mango Smoothie'}),0.12822647793505412,0.06328059950041633,0.018318068276436304,0.14285714285714288,2.2575187969924815,1.0,0.010203819880879173,1.0928393005828476,0.6389684813753581,0.10576923076923077,0.08495238095238096,0.21616541353383462
frozenset({'Mediterranean Olive Pizza'}),frozenset({'Chicken Biryani'}),0.08825978351373855,0.12822647793505412,0.01665278934221482,0.18867924528301888,1.4714530752266601,1.0,0.005335548158937772,1.0745115504521425,0.3514155251141553,0.08333333333333331,0.06934457840010093,0.15927468757657437
frozenset({'Chicken Biryani'}),frozenset({'Mediterranean Olive Pizza'}),0.12822647793505412,0.08825978351373855,0.01665278934221482,0.12987012987012986,1.4714530752266601,1.0,0.005335548158937772,1.0478208458125693,0.36752626552053497,0.08333333333333331,0.04563837988495522,0.15927468757657437
frozenset({'Mushroom Alfredo Pizza'}),frozenset({'Chicken Biryani'}),0.09908409658617819,0.12822647793505412,0.014154870940882597,0.14285714285714285,1.114100185528757,1.0,0.001449666216260248,1.01706910907577,0.11367837338262467,0.06640625,0.016782644289807604,0.1266233766233766
frozenset({'Chicken Biryani'}),frozenset({'Mushroom Alfredo Pizza'}),0.12822647793505412,0.09908409658617819,0.014154870940882597,0.11038961038961038,1.114100185528757,1.0,0.001449666216260248,1.0127083877790406,0.11747851002865319,0.06640625,0.012548911347432598,0.1266233766233766
frozenset({'Mutton Karahi'}),frozenset({'Chicken Biryani'}),0.10657785179017486,0.12822647793505412,0.029142381348875937,0.2734375,2.1324573863636362,1.0,0.015476278787937612,1.1998603314442264,0.594408201304753,0.1417004048582996,0.16656966332378223,0.25035511363636365
frozenset({'Chicken Biryani'}),frozenset({'Mutton Karahi'}),0.12822647793505412,0.10657785179017486,0.029142381348875937,0.22727272727272727,2.1324573863636362,1.0,0.015476278787937612,1.1561933682715384,0.6091690544412608,0.1417004048582996,0.1350927730238075,0.25035511363636365
frozenset({'Omelette with Cheese'}),frozenset({'Chicken Biryani'}),0.08825978351373855,0.12822647793505412,0.01665278934221482,0.18867924528301888,1.4714530752266601,1.0,0.005335548158937772,1.0745115504521425,0.3514155251141553,0.08333333333333331,0.06934457840010093,0.15927468757657437
frozenset({'Chicken Biryani'}),frozenset({'Omelette with Cheese'}),0.12822647793505412,0.08825978351373855,0.01665278934221482,0.12987012987012986,1.4714530752266601,1.0,0.005335548158937772,1.0478208458125693,0.36752626552053497,0.08333333333333331,0.04563837988495522,0.15927468757657437
frozenset({'Pancakes with Maple Syrup'}),frozenset({'Chicken Biryani'}),0.08825978351373855,0.12822647793505412,0.012489592006661115,0.14150943396226415,1.1035898064199952,1.0,0.0011723508233840666,1.0154724542734535,0.10295281582952823,0.06122448979591836,0.01523670505126957,0.11945601568243078
frozenset({'Chicken Biryani'}),frozenset({'Pancakes with Maple Syrup'}),0.12822647793505412,0.08825978351373855,0.012489592006661115,0.0974025974025974,1.1035898064199952,1.0,0.0011723508233840666,1.0101294484811818,0.1076727156956384,0.06122448979591836,0.010027871671707284,0.11945601568243078
frozenset({'Paneer Tikka Masala'}),frozenset({'Chicken Biryani'}),0.11074104912572856,0.12822647793505412,0.017485428809325562,0.15789473684210525,1.2313738892686261,1.0,0.0032854941171005844,1.0352310574521233,0.2112983770287141,0.07894736842105264,0.03403207158296887,0.1471291866028708
frozenset({'Chicken Biryani'}),frozenset({'Paneer Tikka Masala'}),0.12822647793505412,0.11074104912572856,0.017485428809325562,0.13636363636363635,1.231373889268626,1.0,0.0032854941171005844,1.0296682589070512,0.21553645335880292,0.07894736842105264,0.028813415049370093,0.1471291866028708
frozenset({'Paratha with Omelette'}),frozenset({'Chicken Biryani'}),0.12489592006661115,0.12822647793505412,0.020815986677768527,0.16666666666666669,1.29978354978355,1.0,0.0048010227391689295,1.046128226477935,0.26355851569933403,0.0896057347670251,0.044094237503979644,0.1645021645021645
frozenset({'Chicken Biryani'}),frozenset({'Paratha with Omelette'}),0.12822647793505412,0.12489592006661115,0.020815986677768527,0.16233766233766234,1.2997835497835497,1.0,0.0048010227391689295,1.0446978938739682,0.26456542502387786,0.0896057347670251,0.042785473327813954,0.1645021645021645
frozenset({'Pepperoni Pizza'}),frozenset({'Chicken Biryani'}),0.07577019150707744,0.12822647793505412,0.010824313072439634,0.14285714285714288,1.1141001855287571,1.0,0.0011085682830225436,1.0170691090757702,0.1108108108108108,0.05603448275862069,0.016782644289807636,0.11363636363636365
frozenset({'Chicken Biryani'}),frozenset({'Pepperoni Pizza'}),0.12822647793505412,0.07577019150707744,0.010824313072439634,0.08441558441558442,1.114100185528757,1.0,0.0011085682830225436,1.0094424858717026,0.1174785100286533,0.05603448275862069,0.009354159354159354,0.11363636363636365
frozenset({'Peri Peri Grilled Wings'}),frozenset({'Chicken Biryani'}),0.11074104912572856,0.12822647793505412,0.025811823480432972,0.23308270676691728,1.8177424079679718,1.0,0.011611888788207994,1.1367242983788017,0.5058898151504169,0.12109375000000001,0.12027920804877522,0.21719070403280927
frozenset({'Chicken Biryani'}),frozenset({'Peri Peri Grilled Wings'}),0.12822647793505412,0.11074104912572856,0.025811823480432972,0.20129870129870128,1.8177424079679718,1.0,0.011611888788207994,1.1133811254848602,0.5160366022737777,0.12109375000000001,0.10183496279001895,0.21719070403280927
frozenset({'Chicken Biryani'}),frozenset({'Scrambled Eggs Meal'}),0.12822647793505412,0.06078268109908409,0.011656952539550375,0.09090909090909091,1.4956413449564137,1.0,0.003863003422765237,1.0331390507910074,0.3801337153772685,0.06572769953051642,0.032076079948420384,0.14134495641344957
frozenset({'Scrambled Eggs Meal'}),frozenset({'Chicken Biryani'}),0.06078268109908409,0.12822647793505412,0.011656952539550375,0.19178082191780824,1.4956413449564137,1.0,0.003863003422765237,1.0786350357752719,0.3528368794326242,0.06572769953051642,0.07290235637372272,0.14134495641344957
frozenset({'Smoked Beef Ribs'}),frozenset({'Chicken Biryani'}),0.16902581182348042,0.12822647793505412,0.02497918401332223,0.1477832512315271,1.1525174333056107,1.0,0.0033055994830841068,1.0229481212669596,0.159251837007348,0.09174311926605504,0.022433318747912184,0.17129422301836095
frozenset({'Chicken Biryani'}),frozenset({'Smoked Beef Ribs'}),0.12822647793505412,0.16902581182348042,0.02497918401332223,0.1948051948051948,1.1525174333056105,1.0,0.0033055994830841068,1.0320163304772905,0.15179879019420564,0.09174311926605504,0.031023085131301555,0.17129422301836095
frozenset({'Smoked Sausage Combo'}),frozenset({'Chicken Biryani'}),0.16402997502081598,0.12822647793505412,0.029142381348875937,0.17766497461928935,1.385556068297185,1.0,0.008109395376181796,1.0601196533752737,0.3328685258964143,0.11075949367088607,0.05671025264352102,0.2024688509460083
frozenset({'Chicken Biryani'}),frozenset({'Smoked Sausage Combo'}),0.12822647793505412,0.16402997502081598,0.029142381348875937,0.22727272727272727,1.385556068297185,1.0,0.008109395376181796,1.0818435617377675,0.31919770773638967,0.11075949367088607,0.07565193770373052,0.2024688509460083
frozenset({'Spicy Chicken Fajita Pizza'}),frozenset({'Chicken Biryani'}),0.08326394671107411,0.12822647793505412,0.025811823480432972,0.31,2.4175974025974027,1.0,0.015135180854699906,1.2634398870506462,0.6396238024083677,0.13901345291479822,0.20851002865329513,0.2556493506493506
frozenset({'Chicken Biryani'}),frozenset({'Spicy Chicken Fajita Pizza'}),0.12822647793505412,0.08326394671107411,0.025811823480432972,0.20129870129870128,2.4175974025974023,1.0,0.015135180854699906,1.1477833512723137,0.6726129956557908,0.13901345291479822,0.12875544074454154,0.2556493506493506
frozenset({'Tandoori Chicken Pizza'}),frozenset({'Chicken Biryani'}),0.10241465445462115,0.12822647793505412,0.01582014987510408,0.15447154471544716,1.2046774363847534,1.0,0.00268787944545241,1.0310398385960418,0.18928815545356903,0.07364341085271318,0.0301053726869647,0.1389240840460353
frozenset({'Chicken Biryani'}),frozenset({'Tandoori Chicken Pizza'}),0.12822647793505412,0.10241465445462115,0.01582014987510408,0.12337662337662339,1.2046774363847534,1.0,0.00268787944545241,1.0239121719554691,0.1948926758156136,0.07364341085271318,0.02335373346505073,0.1389240840460353
frozenset({'Turkey Bacon & Eggs'}),frozenset({'Chicken Biryani'}),0.10990840965861781,0.12822647793505412,0.028309741881765195,0.25757575757575757,2.0087563951200313,1.0,0.014216573615797548,1.1742255603323761,0.5641886314862709,0.1349206349206349,0.1483748661399091,0.23917748917748916
frozenset({'Chicken Biryani'}),frozenset({'Turkey Bacon & Eggs'}),0.12822647793505412,0.10990840965861781,0.028309741881765195,0.22077922077922077,2.0087563951200313,1.0,0.014216573615797548,1.1422842076047737,0.5760435979549413,0.1349206349206349,0.12456112643203382,0.23917748917748916
frozenset({'Veggie Supreme Pizza'}),frozenset({'Chicken Biryani'}),0.11323896752706078,0.12822647793505412,0.02997502081598668,0.2647058823529412,2.0643621084797554,1.0,0.01545478684498971,1.1856119900083262,0.5814293166405843,0.14173228346456695,0.1565537389740997,0.24923605805958748
frozenset({'Chicken Biryani'}),frozenset({'Veggie Supreme Pizza'}),0.12822647793505412,0.11323896752706078,0.02997502081598668,0.23376623376623376,2.0643621084797554,1.0,0.01545478684498971,1.1572982966172258,0.5914252361243766,0.14173228346456695,0.13591854155234437,0.24923605805958748
frozenset({'Chicken Tandoori'}),frozenset({'Cold Brew Coffee'}),0.08326394671107411,0.06411323896752706,0.010824313072439634,0.13,2.0276623376623375,1.0,0.005485991759573101,1.0757319092327275,0.5528540487668553,0.07926829268292683,0.07040035587188613,0.14941558441558442
frozenset({'Cold Brew Coffee'}),frozenset({'Chicken Tandoori'}),0.06411323896752706,0.08326394671107411,0.010824313072439634,0.16883116883116883,2.0276623376623375,1.0,0.005485991759573101,1.102948064113239,0.5415411990145086,0.07926829268292683,0.09333899524635218,0.14941558441558442
frozenset({'Chicken Tandoori'}),frozenset({'French Toast'}),0.08326394671107411,0.10824313072439634,0.012489592006661115,0.15,1.3857692307692306,1.0,0.0034768417381851498,1.049125728559534,0.30366333636088394,0.0697674418604651,0.04682539682539681,0.1326923076923077
frozenset({'French Toast'}),frozenset({'Chicken Tandoori'}),0.10824313072439634,0.08326394671107411,0.012489592006661115,0.11538461538461538,1.3857692307692306,1.0,0.0034768417381851498,1.0363103211092206,0.31216931216931204,0.0697674418604651,0.035038077272409686,0.1326923076923077
frozenset({'Granola Yogurt Bowl'}),frozenset({'Chicken Tandoori'}),0.11323896752706078,0.08326394671107411,0.01498751040799334,0.1323529411764706,1.5895588235294118,1.0,0.005558787050203099,1.0565771461635078,0.41825769431403237,0.08256880733944956,0.05354757706897473,0.1561764705882353
frozenset({'Chicken Tandoori'}),frozenset({'Granola Yogurt Bowl'}),0.08326394671107411,0.11323896752706078,0.01498751040799334,0.18,1.5895588235294118,1.0,0.005558787050203099,1.081415893259682,0.4045816934100313,0.08256880733944956,0.07528638497652582,0.1561764705882353
frozenset({'Chicken Tandoori'}),frozenset({'Grilled Prawns'}),0.08326394671107411,0.10824313072439634,0.011656952539550375,0.13999999999999999,1.2933846153846151,1.0,0.0026442022710744095,1.0369265921809345,0.24743739457635908,0.06481481481481481,0.035611577964519116,0.12384615384615383
frozenset({'Grilled Prawns'}),frozenset({'Chicken Tandoori'}),0.10824313072439634,0.08326394671107411,0.011656952539550375,0.10769230769230768,1.2933846153846154,1.0,0.0026442022710744095,1.027376611444486,0.2543684140322795,0.06481481481481481,0.026647104031300203,0.12384615384615383
frozenset({'Chicken Tandoori'}),frozenset({'Hawaiian Pizza'}),0.08326394671107411,0.10574521232306411,0.011656952539550375,0.13999999999999999,1.3239370078740156,1.0,0.0028521888157315486,1.0398311484615534,0.2669002205786947,0.06572769953051642,0.038305400372439465,0.12511811023622046
frozenset({'Hawaiian Pizza'}),frozenset({'Chicken Tandoori'}),0.10574521232306411,0.08326394671107411,0.011656952539550375,0.11023622047244096,1.3239370078740158,1.0,0.0028521888157315486,1.0303139713955185,0.27361000266028207,0.06572769953051642,0.029422071559856117,0.12511811023622046
frozenset({'Korean BBQ Short Ribs'}),frozenset({'Chicken Tandoori'}),0.13322231473771856,0.08326394671107411,0.020815986677768527,0.15625,1.8765625,1.0,0.009723370962721186,1.0865019890831715,0.5389048991354467,0.10638297872340424,0.07961512261580381,0.203125
frozenset({'Chicken Tandoori'}),frozenset({'Korean BBQ Short Ribs'}),0.08326394671107411,0.13322231473771856,0.020815986677768527,0.25,1.8765625000000001,1.0,0.009723370962721186,1.1557035803497087,0.5095367847411444,0.10638297872340424,0.13472622478386168,0.203125
frozenset({'Mutton Karahi'}),frozenset({'Chicken Tandoori'}),0.10657785179017486,0.08326394671107411,0.013322231473771857,0.125,1.50125,1.0,0.004448138901733983,1.0476983466159153,0.3737185461323392,0.07547169811320754,0.04552679382379654,0.14250000000000002
frozenset({'Chicken Tandoori'}),frozenset({'Mutton Karahi'}),0.08326394671107411,0.10657785179017486,0.013322231473771857,0.16,1.50125,1.0,0.004448138901733983,1.063597795487887,0.3642143505903723,0.07547169811320754,0.05979496738117428,0.14250000000000002
frozenset({'Chicken Tandoori'}),frozenset({'Omelette with Cheese'}),0.08326394671107411,0.08825978351373855,0.012489592006661115,0.15,1.6995283018867924,1.0,0.005140734095442251,1.0726355488073664,0.448985770511656,0.07853403141361257,0.06771689497716894,0.14575471698113207
frozenset({'Omelette with Cheese'}),frozenset({'Chicken Tandoori'}),0.08825978351373855,0.08326394671107411,0.012489592006661115,0.14150943396226415,1.6995283018867924,1.0,0.005140734095442251,1.0678463917431444,0.4514459665144596,0.07853403141361257,0.06353572224221547,0.14575471698113207
frozenset({'Paneer Tikka Masala'}),frozenset({'Chicken Tandoori'}),0.11074104912572856,0.08326394671107411,0.019150707743547043,0.17293233082706766,2.0769172932330826,1.0,0.00992997093041394,1.1084172280675195,0.5830890734408076,0.10952380952380951,0.09781265151980767,0.20146616541353382
frozenset({'Chicken Tandoori'}),frozenset({'Paneer Tikka Masala'}),0.08326394671107411,0.11074104912572856,0.019150707743547043,0.22999999999999998,2.0769172932330826,1.0,0.00992997093041394,1.1548817543821706,0.5656122892232357,0.10952380952380951,0.13411048689138574,0.20146616541353382
frozenset({'Chicken Tandoori'}),frozenset({'Paratha with Omelette'}),0.08326394671107411,0.12489592006661115,0.017485428809325562,0.21,1.6814,1.0,0.007086101576468679,1.107726683459986,0.44206565459971453,0.09170305676855896,0.09725023786869647,0.175
frozenset({'Paratha with Omelette'}),frozenset({'Chicken Tandoori'}),0.12489592006661115,0.08326394671107411,0.017485428809325562,0.14,1.6814,1.0,0.007086101576468679,1.0659721549871233,0.46309637080331656,0.09170305676855896,0.06188919164396005,0.175
frozenset({'Peri Peri Grilled Wings'}),frozenset({'Chicken Tandoori'}),0.11074104912572856,0.08326394671107411,0.018318068276436304,0.16541353383458648,1.9866165413533836,1.0,0.009097331463303202,1.0984314872741185,0.5584780388151175,0.1042654028436019,0.08961094835180596,0.19270676691729324
frozenset({'Chicken Tandoori'}),frozenset({'Peri Peri Grilled Wings'}),0.08326394671107411,0.11074104912572856,0.018318068276436304,0.22,1.9866165413533834,1.0,0.009097331463303202,1.1400755780439378,0.5417389150359178,0.1042654028436019,0.12286516853932584,0.19270676691729324
frozenset({'Smoked Beef Ribs'}),frozenset({'Chicken Tandoori'}),0.16902581182348042,0.08326394671107411,0.01582014987510408,0.0935960591133005,1.124088669950739,1.0,0.001746393686637768,1.0113990153133259,0.13284463664170462,0.06690140845070423,0.01127054222985822,0.14179802955665025
frozenset({'Chicken Tandoori'}),frozenset({'Smoked Beef Ribs'}),0.08326394671107411,0.16902581182348042,0.01582014987510408,0.19,1.124088669950739,1.0,0.001746393686637768,1.0258940594771846,0.12041684592953789,0.06690140845070423,0.025240480961923866,0.14179802955665025
frozenset({'Smoked Sausage Combo'}),frozenset({'Chicken Tandoori'}),0.16402997502081598,0.08326394671107411,0.019150707743547043,0.11675126903553298,1.4021827411167511,1.0,0.005492924644395004,1.0379138074593013,0.3431058375194872,0.08394160583941605,0.036528859320322536,0.1733756345177665
frozenset({'Chicken Tandoori'}),frozenset({'Smoked Sausage Combo'}),0.08326394671107411,0.16402997502081598,0.019150707743547043,0.22999999999999998,1.4021827411167511,1.0,0.005492924644395004,1.0856753571158233,0.31287762113493656,0.08394160583941605,0.07891434262948205,0.1733756345177665
frozenset({'Chicken Tandoori'}),frozenset({'Veggie Supreme Pizza'}),0.08326394671107411,0.11323896752706078,0.01582014987510408,0.19,1.6778676470588236,1.0,0.0063914265173138415,1.094766706756715,0.44069984224867353,0.08755760368663595,0.08656338028169014,0.1648529411764706
frozenset({'Veggie Supreme Pizza'}),frozenset({'Chicken Tandoori'}),0.11323896752706078,0.08326394671107411,0.01582014987510408,0.1397058823529412,1.6778676470588239,1.0,0.0063914265173138415,1.0656077200623413,0.455596738324685,0.08755760368663595,0.061568360314152935,0.1648529411764706
frozenset({'Chocolate Shake'}),frozenset({'Cold Brew Coffee'}),0.05245628642797669,0.06411323896752706,0.010824313072439634,0.20634920634920637,3.218511647083076,1.0,0.007461170645333718,1.1792173189009159,0.7274570771934569,0.10236220472440946,0.15197989041405416,0.18759018759018758
frozenset({'Cold Brew Coffee'}),frozenset({'Chocolate Shake'}),0.06411323896752706,0.05245628642797669,0.010824313072439634,0.16883116883116883,3.2185116470830755,1.0,0.007461170645333718,1.1400135303913403,0.7365179304681083,0.10236220472440946,0.12281742861707713,0.18759018759018758
frozenset({'Four-Cheese Pizza'}),frozenset({'Chocolate Shake'}),0.1357202331390508,0.05245628642797669,0.010824313072439634,0.07975460122699386,1.520401207517772,1.0,0.003704933648825812,1.0296641687482653,0.39602786423595676,0.06103286384976527,0.028809557182442557,0.14305190378810012
frozenset({'Chocolate Shake'}),frozenset({'Four-Cheese Pizza'}),0.05245628642797669,0.1357202331390508,0.010824313072439634,0.20634920634920637,1.520401207517772,1.0,0.003704933648825812,1.088992506244796,0.3612275246721644,0.06103286384976527,0.08172003547726092,0.14305190378810012
frozenset({'Chocolate Shake'}),frozenset({'Grilled Chicken Breast'}),0.05245628642797669,0.14238134887593673,0.01665278934221482,0.31746031746031744,2.229648194560475,1.0,0.009183992523577007,1.2565110469957206,0.5820298769771529,0.09345794392523364,0.2041454769610109,0.2172096908939014
frozenset({'Grilled Chicken Breast'}),frozenset({'Chocolate Shake'}),0.14238134887593673,0.05245628642797669,0.01665278934221482,0.11695906432748536,2.229648194560475,1.0,0.009183992523577007,1.0730461921908343,0.6430582524271843,0.09345794392523364,0.06807366982188921,0.2172096908939014
frozenset({'Chocolate Shake'}),frozenset({'Grilled Prawns'}),0.05245628642797669,0.10824313072439634,0.013322231473771857,0.25396825396825395,2.346275946275946,1.0,0.007644198804631999,1.1953336758375113,0.6055579964850615,0.0903954802259887,0.16341351355356953,0.18852258852258852
frozenset({'Grilled Prawns'}),frozenset({'Chocolate Shake'}),0.10824313072439634,0.05245628642797669,0.013322231473771857,0.12307692307692307,2.346275946275946,1.0,0.007644198804631999,1.0805323049505529,0.64344070961718,0.0903954802259887,0.07453021495200757,0.18852258852258852
frozenset({'Mutton Karahi'}),frozenset({'Chocolate Shake'}),0.10657785179017486,0.05245628642797669,0.01498751040799334,0.140625,2.6808035714285716,1.0,0.00939683208760948,1.1025963212474452,0.701770736253495,0.10404624277456648,0.09304975834797892,0.21316964285714285
frozenset({'Chocolate Shake'}),frozenset({'Mutton Karahi'}),0.05245628642797669,0.10657785179017486,0.01498751040799334,0.2857142857142857,2.680803571428571,1.0,0.00939683208760948,1.2507910074937552,0.6616871704745168,0.10404624277456648,0.20050592464385564,0.21316964285714285
frozenset({'Chocolate Shake'}),frozenset({'Omelette with Cheese'}),0.05245628642797669,0.08825978351373855,0.011656952539550375,0.2222222222222222,2.5178197064989516,1.0,0.007027172055482491,1.1722374211966218,0.6362038664323375,0.0903225806451613,0.1469304921359716,0.1771488469601677
frozenset({'Omelette with Cheese'}),frozenset({'Chocolate Shake'}),0.08825978351373855,0.05245628642797669,0.011656952539550375,0.1320754716981132,2.5178197064989516,1.0,0.007027172055482491,1.0917351482460267,0.6611872146118721,0.0903225806451613,0.08402692575521438,0.1771488469601677
frozenset({'Chocolate Shake'}),frozenset({'Paratha with Omelette'}),0.05245628642797669,0.12489592006661115,0.01665278934221482,0.31746031746031744,2.5417989417989415,1.0,0.010101213185514983,1.282129233390779,0.6401581722319859,0.10362694300518134,0.2200474227115521,0.22539682539682537
frozenset({'Paratha with Omelette'}),frozenset({'Chocolate Shake'}),0.12489592006661115,0.05245628642797669,0.01665278934221482,0.13333333333333333,2.541798941798942,1.0,0.010101213185514983,1.0933196695061806,0.693149381541389,0.10362694300518134,0.08535442296426479,0.22539682539682537
frozenset({'Peri Peri Grilled Wings'}),frozenset({'Chocolate Shake'}),0.11074104912572856,0.05245628642797669,0.014154870940882597,0.12781954887218044,2.436686955483948,1.0,0.008345806748608742,1.0864078784920612,0.6630315047367261,0.09497206703910614,0.07953539384489343,0.19883040935672514
frozenset({'Chocolate Shake'}),frozenset({'Peri Peri Grilled Wings'}),0.05245628642797669,0.11074104912572856,0.014154870940882597,0.2698412698412698,2.436686955483948,1.0,0.008345806748608742,1.2178981283712846,0.6222474930218131,0.09497206703910614,0.17891326318292608,0.19883040935672514
frozenset({'Smoked Beef Ribs'}),frozenset({'Chocolate Shake'}),0.16902581182348042,0.05245628642797669,0.012489592006661115,0.07389162561576355,1.4086324184846353,1.0,0.0036231256079273383,1.0231456056123442,0.3490981963927856,0.05976095617529881,0.022622005592734647,0.15599343185550082
frozenset({'Chocolate Shake'}),frozenset({'Smoked Beef Ribs'}),0.05245628642797669,0.16902581182348042,0.012489592006661115,0.23809523809523808,1.4086324184846353,1.0,0.0036231256079273383,1.090653621981682,0.30615114235500884,0.05976095617529881,0.08311861818875847,0.15599343185550082
frozenset({'Chocolate Shake'}),frozenset({'Smoked Sausage Combo'}),0.05245628642797669,0.16402997502081598,0.012489592006661115,0.23809523809523808,1.451534928692289,1.0,0.003885188654195331,1.097210657785179,0.32829525483304045,0.06122448979591836,0.08859798899639536,0.15711868503746676
frozenset({'Smoked Sausage Combo'}),frozenset({'Chocolate Shake'}),0.16402997502081598,0.05245628642797669,0.012489592006661115,0.07614213197969542,1.451534928692289,1.0,0.003885188654195331,1.0256379756796077,0.37211155378486055,0.06122448979591836,0.0249971006218051,0.15711868503746676
frozenset({'Fish Masala Curry'}),frozenset({'Classic Lemonade'}),0.11490424646128226,0.03996669442131557,0.010824313072439634,0.09420289855072464,2.3570350241545897,1.0,0.006231970166410035,1.0598767693588675,0.6504812215066214,0.07514450867052024,0.056494086001231826,0.182518115942029
frozenset({'Classic Lemonade'}),frozenset({'Fish Masala Curry'}),0.03996669442131557,0.11490424646128226,0.010824313072439634,0.27083333333333337,2.3570350241545897,1.0,0.006231970166410035,1.2138456048530986,0.5997064513976916,0.07514450867052024,0.17617199749137663,0.182518115942029
frozenset({'Classic Lemonade'}),frozenset({'Mushroom Alfredo Pizza'}),0.03996669442131557,0.09908409658617819,0.01665278934221482,0.41666666666666663,4.205182072829131,1.0,0.012692725531942919,1.544427262995123,0.7939288811795316,0.13605442176870747,0.35251078250154033,0.29236694677871145
frozenset({'Mushroom Alfredo Pizza'}),frozenset({'Classic Lemonade'}),0.09908409658617819,0.03996669442131557,0.01665278934221482,0.1680672268907563,4.205182072829131,1.0,0.012692725531942919,1.1539794279178124,0.8460258780036968,0.13605442176870747,0.13343342540832465,0.29236694677871145
frozenset({'Peri Peri Grilled Wings'}),frozenset({'Classic Lemonade'}),0.11074104912572856,0.03996669442131557,0.011656952539550375,0.10526315789473684,2.633771929824561,1.0,0.007230998869246485,1.0729784003526472,0.697565543071161,0.08383233532934131,0.06801478979321679,0.19846491228070176
frozenset({'Classic Lemonade'}),frozenset({'Peri Peri Grilled Wings'}),0.03996669442131557,0.11074104912572856,0.011656952539550375,0.2916666666666667,2.6337719298245617,1.0,0.007230998869246485,1.2554244012342657,0.6461405030355594,0.08383233532934131,0.20345661672908866,0.19846491228070176
frozenset({'Four-Cheese Pizza'}),frozenset({'Cold Brew Coffee'}),0.1357202331390508,0.06411323896752706,0.01665278934221482,0.12269938650306747,1.9137917297426497,1.0,0.007951325602242371,1.0667800143237278,0.5524566473988438,0.0909090909090909,0.0625996113791673,0.19121982312166358
frozenset({'Cold Brew Coffee'}),frozenset({'Four-Cheese Pizza'}),0.06411323896752706,0.1357202331390508,0.01665278934221482,0.2597402597402597,1.9137917297426497,1.0,0.007951325602242371,1.1675358254086508,0.5101868327402135,0.0909090909090909,0.14349523309060877,0.19121982312166358
frozenset({'Cold Brew Coffee'}),frozenset({'French Toast'}),0.06411323896752706,0.10824313072439634,0.01498751040799334,0.23376623376623376,2.1596403596403593,1.0,0.008047692701266845,1.163818287020703,0.5737445630684065,0.09523809523809523,0.14075933403664495,0.18611388611388613
frozenset({'French Toast'}),frozenset({'Cold Brew Coffee'}),0.10824313072439634,0.06411323896752706,0.01498751040799334,0.13846153846153847,2.1596403596403597,1.0,0.008047692701266845,1.0862971333412632,0.6021371511567589,0.09523809523809523,0.07944155488639475,0.18611388611388613
frozenset({'Mutton Karahi'}),frozenset({'Cold Brew Coffee'}),0.10657785179017486,0.06411323896752706,0.02164862614487927,0.203125,3.1682224025974026,1.0,0.014815574864410107,1.1744461314917307,0.766004731521973,0.1452513966480447,0.14853480871886118,0.27039366883116883
frozenset({'Cold Brew Coffee'}),frozenset({'Mutton Karahi'}),0.06411323896752706,0.10657785179017486,0.02164862614487927,0.33766233766233766,3.1682224025974026,1.0,0.014815574864410107,1.3488922629834614,0.7312482890774706,0.1452513966480447,0.25865094830612073,0.27039366883116883
frozenset({'Cold Brew Coffee'}),frozenset({'Paratha with Omelette'}),0.06411323896752706,0.12489592006661115,0.013322231473771857,0.2077922077922078,1.663722943722944,1.0,0.005314749504472058,1.10463957630936,0.42626779359430617,0.07582938388625592,0.09472734686816515,0.15722943722943725
frozenset({'Paratha with Omelette'}),frozenset({'Cold Brew Coffee'}),0.12489592006661115,0.06411323896752706,0.013322231473771857,0.10666666666666667,1.6637229437229437,1.0,0.005314749504472058,1.0476344339915742,0.4558753568030448,0.07582938388625592,0.04546856465005932,0.15722943722943725
frozenset({'Smoked Beef Ribs'}),frozenset({'Cold Brew Coffee'}),0.16902581182348042,0.06411323896752706,0.019150707743547043,0.11330049261083744,1.7671933977352696,1.0,0.008313915478427981,1.0554722916088444,0.5224361767012285,0.0894941634241245,0.05255684308328805,0.20600089565606805
frozenset({'Cold Brew Coffee'}),frozenset({'Smoked Beef Ribs'}),0.06411323896752706,0.16902581182348042,0.019150707743547043,0.2987012987012987,1.7671933977352696,1.0,0.008313915478427981,1.1849076386961483,0.4638712672133684,0.0894941634241245,0.15605236446919812,0.20600089565606805
frozenset({'Cold Brew Coffee'}),frozenset({'Spicy Chicken Fajita Pizza'}),0.06411323896752706,0.08326394671107411,0.014154870940882597,0.22077922077922077,2.6515584415584414,1.0,0.008816549628016064,1.1764779350541215,0.6655327611471635,0.10625,0.1500053080434552,0.1953896103896104
frozenset({'Spicy Chicken Fajita Pizza'}),frozenset({'Cold Brew Coffee'}),0.08326394671107411,0.06411323896752706,0.014154870940882597,0.16999999999999998,2.6515584415584414,1.0,0.008816549628016064,1.1275744108824974,0.6794358070203558,0.10625,0.11314056939501778,0.1953896103896104
frozenset({'Cold Brew Coffee'}),frozenset({'Tandoori Chicken Pizza'}),0.06411323896752706,0.10241465445462115,0.013322231473771857,0.2077922077922078,2.028930419174322,1.0,0.006756096258946021,1.1330175673277734,0.5418705516014235,0.08695652173913043,0.11740115172397177,0.16893675430260796
frozenset({'Tandoori Chicken Pizza'}),frozenset({'Cold Brew Coffee'}),0.10241465445462115,0.06411323896752706,0.013322231473771857,0.13008130081300812,2.0289304191743214,1.0,0.006756096258946021,1.0758324449251793,0.5649930426716141,0.08695652173913043,0.0704872262245754,0.16893675430260796
frozenset({'Cold Brew Coffee'}),frozenset({'Turkey Bacon & Eggs'}),0.06411323896752706,0.10990840965861781,0.011656952539550375,0.18181818181818182,1.6542699724517909,1.0,0.004610368406566551,1.087889721528356,0.42259786476868333,0.07179487179487179,0.08078918275363553,0.14393939393939395
frozenset({'Turkey Bacon & Eggs'}),frozenset({'Cold Brew Coffee'}),0.10990840965861781,0.06411323896752706,0.011656952539550375,0.10606060606060606,1.6542699724517906,1.0,0.004610368406566551,1.0469241733583596,0.44434050514499535,0.07179487179487179,0.044820985657284595,0.14393939393939395
frozenset({'Fish Masala Curry'}),frozenset({'Dal Makhani'}),0.11490424646128226,0.10491257285595337,0.01665278934221482,0.14492753623188406,1.3814124683689901,1.0,0.004597889213887122,1.0467971605582918,0.3119473189087488,0.08196721311475409,0.04470508931580722,0.15182884748102138
frozenset({'Dal Makhani'}),frozenset({'Fish Masala Curry'}),0.10491257285595337,0.11490424646128226,0.01665278934221482,0.15873015873015872,1.3814124683689901,1.0,0.004597889213887122,1.052094952319608,0.30846511627906975,0.08196721311475409,0.04951544744583314,0.15182884748102138
frozenset({'Dal Makhani'}),frozenset({'French Toast'}),0.10491257285595337,0.10824313072439634,0.01665278934221482,0.15873015873015872,1.4664224664224663,1.0,0.005296724003935103,1.0600128823464723,0.35534883720930216,0.0847457627118644,0.0566152386880678,0.1562881562881563
frozenset({'French Toast'}),frozenset({'Dal Makhani'}),0.10824313072439634,0.10491257285595337,0.01665278934221482,0.15384615384615383,1.4664224664224663,1.0,0.005296724003935103,1.0578305957156915,0.3566760037348271,0.0847457627118644,0.05466905187835418,0.1562881562881563
frozenset({'Granola Yogurt Bowl'}),frozenset({'Dal Makhani'}),0.11323896752706078,0.10491257285595337,0.018318068276436304,0.16176470588235295,1.5419000933706817,1.0,0.006437876845620602,1.0678235972946521,0.39632949210414,0.09166666666666667,0.06351573187414501,0.16818394024276379
frozenset({'Dal Makhani'}),frozenset({'Granola Yogurt Bowl'}),0.10491257285595337,0.11323896752706078,0.018318068276436304,0.17460317460317462,1.541900093370682,1.0,0.006437876845620602,1.0743450970345225,0.3926427061310782,0.09166666666666667,0.06920038751024668,0.16818394024276379
frozenset({'Dal Makhani'}),frozenset({'Grilled Chicken Breast'}),0.10491257285595337,0.14238134887593673,0.030807660283097418,0.29365079365079366,2.0624245799684395,1.0,0.01587006664582179,1.2141567420408088,0.5755122564424889,0.1423076923076923,0.1763831098782555,0.2550125313283208
frozenset({'Grilled Chicken Breast'}),frozenset({'Dal Makhani'}),0.14238134887593673,0.10491257285595337,0.030807660283097418,0.21637426900584794,2.0624245799684395,1.0,0.01587006664582179,1.1422384331465072,0.6006559958016268,0.1423076923076923,0.12452604379164965,0.2550125313283208
frozenset({'Dal Makhani'}),frozenset({'Grilled Prawns'}),0.10491257285595337,0.10824313072439634,0.012489592006661115,0.11904761904761904,1.0998168498168497,1.0,0.0011335266683813981,1.0122645543128475,0.10139534883720913,0.06224066390041493,0.01211595749410874,0.11721611721611722
frozenset({'Grilled Prawns'}),frozenset({'Dal Makhani'}),0.10824313072439634,0.10491257285595337,0.012489592006661115,0.11538461538461538,1.0998168498168497,1.0,0.0011335266683813981,1.011837961119357,0.10177404295051336,0.06224066390041493,0.011699463327370294,0.11721611721611722
frozenset({'Korean BBQ Short Ribs'}),frozenset({'Dal Makhani'}),0.13322231473771856,0.10491257285595337,0.02414654454621149,0.18125000000000002,1.7276289682539685,1.0,0.010169848745251842,1.0932365522370036,0.4859054622544635,0.11284046692607004,0.08528488372093025,0.2057043650793651
frozenset({'Dal Makhani'}),frozenset({'Korean BBQ Short Ribs'}),0.10491257285595337,0.13322231473771856,0.02414654454621149,0.23015873015873017,1.7276289682539685,1.0,0.010169848745251842,1.1259174055984276,0.4705372894947875,0.11284046692607004,0.11183538416967813,0.2057043650793651
frozenset({'Dal Makhani'}),frozenset({'Mango Smoothie'}),0.10491257285595337,0.06328059950041633,0.014154870940882597,0.1349206349206349,2.132101086048454,1.0,0.007515940435426763,1.082813251953647,0.5932147742818057,0.09189189189189188,0.07647971781305113,0.17930242272347535
frozenset({'Mango Smoothie'}),frozenset({'Dal Makhani'}),0.06328059950041633,0.10491257285595337,0.014154870940882597,0.22368421052631576,2.132101086048454,1.0,0.007515940435426763,1.1529939739482633,0.5668496732026143,0.09189189189189188,0.1326927784577723,0.17930242272347535
frozenset({'Dal Makhani'}),frozenset({'Mediterranean Olive Pizza'}),0.10491257285595337,0.08825978351373855,0.017485428809325562,0.16666666666666666,1.8883647798742138,1.0,0.008225867841189794,1.0940882597835138,0.5255813953488372,0.0995260663507109,0.08599695585996955,0.18238993710691825
frozenset({'Mediterranean Olive Pizza'}),frozenset({'Dal Makhani'}),0.08825978351373855,0.10491257285595337,0.017485428809325562,0.19811320754716982,1.888364779874214,1.0,0.008225867841189794,1.116226673850223,0.5159817351598174,0.0995260663507109,0.10412461605967531,0.18238993710691825
frozenset({'Naan Garlic Bread'}),frozenset({'Dal Makhani'}),0.1015820149875104,0.10491257285595337,0.011656952539550375,0.11475409836065574,1.0938069216757742,1.0,0.000999721991318642,1.0111172788108675,0.09545875810936055,0.05982905982905983,0.010995043842927946,0.11293260473588343
frozenset({'Dal Makhani'}),frozenset({'Naan Garlic Bread'}),0.10491257285595337,0.1015820149875104,0.011656952539550375,0.1111111111111111,1.0938069216757742,1.0,0.000999721991318642,1.0107202331390508,0.09581395348837214,0.05982905982905983,0.010606528678817832,0.11293260473588343
frozenset({'Pancakes with Maple Syrup'}),frozenset({'Dal Makhani'}),0.08825978351373855,0.10491257285595337,0.01582014987510408,0.17924528301886794,1.7085205151242888,1.0,0.006560588906968314,1.0905662905433213,0.45484258591684695,0.0892018779342723,0.08304519526107944,0.16501946690625938
frozenset({'Dal Makhani'}),frozenset({'Pancakes with Maple Syrup'}),0.10491257285595337,0.08825978351373855,0.01582014987510408,0.1507936507936508,1.708520515124289,1.0,0.006560588906968314,1.073638011937093,0.46330477356181154,0.0892018779342723,0.06858737406682615,0.16501946690625938
frozenset({'Paneer Tikka Masala'}),frozenset({'Dal Makhani'}),0.11074104912572856,0.10491257285595337,0.012489592006661115,0.11278195488721804,1.0750089509488006,1.0,0.0008714636221134053,1.0088697272047304,0.07846441947565531,0.06147540983606557,0.008791746808882664,0.11591478696741854
frozenset({'Dal Makhani'}),frozenset({'Paneer Tikka Masala'}),0.10491257285595337,0.11074104912572856,0.012489592006661115,0.11904761904761904,1.0750089509488006,1.0,0.0008714636221134053,1.0094290793707945,0.0779534883720929,0.06147540983606557,0.0093410023185304,0.11591478696741854
frozenset({'Paratha with Omelette'}),frozenset({'Dal Makhani'}),0.12489592006661115,0.10491257285595337,0.018318068276436304,0.14666666666666667,1.397989417989418,1.0,0.005214915963036632,1.0489305786844298,0.32531787907620446,0.08661417322834647,0.04664806201550387,0.16063492063492063
frozenset({'Dal Makhani'}),frozenset({'Paratha with Omelette'}),0.10491257285595337,0.12489592006661115,0.018318068276436304,0.17460317460317462,1.3979894179894181,1.0,0.005214915963036632,1.0602222506885288,0.31805496828752644,0.08661417322834647,0.056801534441876994,0.16063492063492063
frozenset({'Dal Makhani'}),frozenset({'Pepperoni Pizza'}),0.10491257285595337,0.07577019150707744,0.010824313072439634,0.10317460317460318,1.3616780045351475,1.0,0.002875067335643834,1.0305571315938782,0.29674418604651176,0.06372549019607843,0.02965107965107966,0.12301587301587302
frozenset({'Pepperoni Pizza'}),frozenset({'Dal Makhani'}),0.07577019150707744,0.10491257285595337,0.010824313072439634,0.14285714285714288,1.3616780045351475,1.0,0.002875067335643834,1.044268665001388,0.2873873873873875,0.06372549019607843,0.04239202657807311,0.12301587301587302
frozenset({'Smoked Beef Ribs'}),frozenset({'Dal Makhani'}),0.16902581182348042,0.10491257285595337,0.02997502081598668,0.17733990147783255,1.6903589021815626,1.0,0.012242088018519125,1.0880404054505477,0.49148296593186386,0.12286689419795224,0.08091648527895524,0.2315270935960591
frozenset({'Dal Makhani'}),frozenset({'Smoked Beef Ribs'}),0.10491257285595337,0.16902581182348042,0.02997502081598668,0.2857142857142857,1.6903589021815624,1.0,0.012242088018519125,1.1633638634471273,0.456279069767442,0.12286689419795224,0.14042370455196107,0.2315270935960591
frozenset({'Smoked Sausage Combo'}),frozenset({'Dal Makhani'}),0.16402997502081598,0.10491257285595337,0.028309741881765195,0.17258883248730963,1.6450729191845943,1.0,0.011100935176833627,1.0817927800452587,0.46906491680337475,0.11764705882352941,0.07560854680675244,0.22121505116428974
frozenset({'Dal Makhani'}),frozenset({'Smoked Sausage Combo'}),0.10491257285595337,0.16402997502081598,0.028309741881765195,0.2698412698412698,1.6450729191845943,1.0,0.011100935176833627,1.1449154689932302,0.4380848153214774,0.11764705882352941,0.12657307278821223,0.22121505116428974
frozenset({'Dal Makhani'}),frozenset({'Tandoori Chicken Pizza'}),0.10491257285595337,0.10241465445462115,0.02164862614487927,0.20634920634920637,2.0148406245967223,1.0,0.010904041247891537,1.1309575353871775,0.5627191413237925,0.1165919282511211,0.11579350354860561,0.2088656600851723
frozenset({'Tandoori Chicken Pizza'}),frozenset({'Dal Makhani'}),0.10241465445462115,0.10491257285595337,0.02164862614487927,0.21138211382113822,2.0148406245967223,1.0,0.010904041247891537,1.1350077684403892,0.561153132581704,0.1165919282511211,0.11894876158063906,0.2088656600851723
frozenset({'Turkey Bacon & Eggs'}),frozenset({'Dal Makhani'}),0.10990840965861781,0.10491257285595337,0.017485428809325562,0.15909090909090912,1.5164141414141417,1.0,0.005954654773533852,1.0644282917388663,0.3826005612722171,0.08860759493670886,0.06052854122621567,0.1628787878787879
frozenset({'Dal Makhani'}),frozenset({'Turkey Bacon & Eggs'}),0.10491257285595337,0.10990840965861781,0.017485428809325562,0.16666666666666666,1.5164141414141414,1.0,0.005954654773533852,1.0681099084096586,0.3804651162790698,0.08860759493670886,0.06376676021203617,0.1628787878787879
frozenset({'Four-Cheese Pizza'}),frozenset({'Fish Masala Curry'}),0.1357202331390508,0.11490424646128226,0.03164029975020816,0.23312883435582823,2.0288965946474615,1.0,0.01604546863181598,1.1541648626144878,0.5867559071088125,0.14448669201520914,0.13357265292695175,0.254245576598204
frozenset({'Fish Masala Curry'}),frozenset({'Four-Cheese Pizza'}),0.11490424646128226,0.1357202331390508,0.03164029975020816,0.27536231884057977,2.028896594647462,1.0,0.01604546863181598,1.19270607826811,0.5729563796603456,0.14448669201520914,0.16157046717489046,0.254245576598204
frozenset({'Fish Masala Curry'}),frozenset({'French Toast'}),0.11490424646128226,0.10824313072439634,0.02164862614487927,0.18840579710144928,1.7405797101449274,1.0,0.009211030774382437,1.0987718567860116,0.48071495766698025,0.10743801652892562,0.08989296201572415,0.19420289855072465
frozenset({'French Toast'}),frozenset({'Fish Masala Curry'}),0.10824313072439634,0.11490424646128226,0.02164862614487927,0.2,1.7405797101449276,1.0,0.009211030774382437,1.1063696919233972,0.477124183006536,0.10743801652892562,0.09614299153339606,0.19420289855072465
frozenset({'Fish Masala Curry'}),frozenset({'Fresh Lime Soda'}),0.11490424646128226,0.03913405495420483,0.011656952539550375,0.10144927536231885,2.5923527597903178,1.0,0.007160283444063059,1.06935080980903,0.6939927429108991,0.08187134502923978,0.06485318865697134,0.1996608078939254
frozenset({'Fresh Lime Soda'}),frozenset({'Fish Masala Curry'}),0.03913405495420483,0.11490424646128226,0.011656952539550375,0.29787234042553196,2.592352759790318,1.0,0.007160283444063059,1.2605909217066587,0.6392671453330032,0.08187134502923978,0.20672124256920402,0.1996608078939254
frozenset({'Fish Masala Curry'}),frozenset({'Granola Yogurt Bowl'}),0.11490424646128226,0.11323896752706078,0.02331390507910075,0.2028985507246377,1.7917732310315433,1.0,0.01030226684535022,1.1124820225569603,0.4992608520360167,0.11382113821138212,0.10110906987820645,0.2043904518329071
frozenset({'Granola Yogurt Bowl'}),frozenset({'Fish Masala Curry'}),0.11323896752706078,0.11490424646128226,0.02331390507910075,0.2058823529411765,1.7917732310315433,1.0,0.01030226684535022,1.1145650229746817,0.49832327297116036,0.11382113821138212,0.10278899894859168,0.2043904518329071
frozenset({'Fish Masala Curry'}),frozenset({'Grilled Prawns'}),0.11490424646128226,0.10824313072439634,0.019150707743547043,0.16666666666666666,1.5397435897435896,1.0,0.006713112373050211,1.0701082431307245,0.39604891815616167,0.09387755102040815,0.06551509492685961,0.1717948717948718
frozenset({'Grilled Prawns'}),frozenset({'Fish Masala Curry'}),0.10824313072439634,0.11490424646128226,0.019150707743547043,0.1769230769230769,1.5397435897435896,1.0,0.006713112373050211,1.0753499809348908,0.3930905695611577,0.09387755102040815,0.07007019321224399,0.1717948717948718
frozenset({'Iced Caramel Latte'}),frozenset({'Fish Masala Curry'}),0.05245628642797669,0.11490424646128226,0.011656952539550375,0.2222222222222222,1.933977455716586,1.0,0.005629502475386526,1.13798025454978,0.5096660808435852,0.07486631016042782,0.12125013065746837,0.16183574879227053
frozenset({'Fish Masala Curry'}),frozenset({'Iced Caramel Latte'}),0.11490424646128226,0.05245628642797669,0.011656952539550375,0.10144927536231885,1.9339774557165863,1.0,0.005629502475386526,1.054524455426929,0.5456255879586077,0.07486631016042782,0.05170525457833474,0.16183574879227053
frozenset({'Fish Masala Curry'}),frozenset({'Margherita Pizza'}),0.11490424646128226,0.0749375520399667,0.014154870940882597,0.12318840579710144,1.643880837359098,1.0,0.005544227992077098,1.055029899326319,0.44253223396602287,0.08056872037914692,0.05215956378246518,0.15603864734299516
frozenset({'Margherita Pizza'}),frozenset({'Fish Masala Curry'}),0.0749375520399667,0.11490424646128226,0.014154870940882597,0.18888888888888886,1.6438808373590978,1.0,0.005544227992077098,1.091213942718967,0.4234129295282469,0.08056872037914692,0.08358942197135985,0.15603864734299516
frozenset({'Fish Masala Curry'}),frozenset({'Mediterranean Olive Pizza'}),0.11490424646128226,0.08825978351373855,0.01498751040799334,0.13043478260869565,1.4778506972928631,1.0,0.004846086490511308,1.0485012489592007,0.3653182815929759,0.07964601769911506,0.04625769307127258,0.1501230516817063
frozenset({'Mediterranean Olive Pizza'}),frozenset({'Fish Masala Curry'}),0.08825978351373855,0.11490424646128226,0.01498751040799334,0.169811320754717,1.4778506972928631,1.0,0.004846086490511308,1.0661380667625462,0.35464231354642317,0.07964601769911506,0.062035179893146865,0.1501230516817063
frozenset({'Fish Masala Curry'}),frozenset({'Mushroom Alfredo Pizza'}),0.11490424646128226,0.09908409658617819,0.022481265611990008,0.1956521739130435,1.9746072341980272,1.0,0.011096082157458293,1.1200576096496162,0.5576460750496498,0.11739130434782609,0.1071887808406333,0.21127146510778225
frozenset({'Mushroom Alfredo Pizza'}),frozenset({'Fish Masala Curry'}),0.09908409658617819,0.11490424646128226,0.022481265611990008,0.226890756302521,1.974607234198027,1.0,0.011096082157458293,1.1448521159902978,0.5478537687410145,0.11739130434782609,0.12652473971714745,0.21127146510778225
frozenset({'Mutton Karahi'}),frozenset({'Fish Masala Curry'}),0.10657785179017486,0.11490424646128226,0.019150707743547043,0.17968749999999997,1.563802083333333,1.0,0.006904459994134778,1.078973870980532,0.4035414725069897,0.09465020576131687,0.07319349717779865,0.17317708333333331
frozenset({'Fish Masala Curry'}),frozenset({'Mutton Karahi'}),0.11490424646128226,0.10657785179017486,0.019150707743547043,0.16666666666666666,1.5638020833333333,1.0,0.006904459994134778,1.0721065778517902,0.4073377234242708,0.09465020576131687,0.06725691208449829,0.17317708333333331
frozenset({'Fish Masala Curry'}),frozenset({'Naan Garlic Bread'}),0.11490424646128226,0.1015820149875104,0.014154870940882597,0.12318840579710144,1.2126989783796627,1.0,0.0024826660547240323,1.0246419994357319,0.19816280227989594,0.06995884773662552,0.024049374756551282,0.1312663340460917
frozenset({'Naan Garlic Bread'}),frozenset({'Fish Masala Curry'}),0.1015820149875104,0.11490424646128226,0.014154870940882597,0.13934426229508196,1.2126989783796625,1.0,0.0024826660547240323,1.0283969707783196,0.19522433625906335,0.06995884773662552,0.027612849498018278,0.1312663340460917
frozenset({'Pancakes with Maple Syrup'}),frozenset({'Fish Masala Curry'}),0.08825978351373855,0.11490424646128226,0.012489592006661115,0.14150943396226415,1.2315422477440525,1.0,0.0023481680891790837,1.0309906579681767,0.20621004566210044,0.06550218340611354,0.03005910648041321,0.1251025430680886
frozenset({'Fish Masala Curry'}),frozenset({'Pancakes with Maple Syrup'}),0.11490424646128226,0.08825978351373855,0.012489592006661115,0.10869565217391304,1.2315422477440525,1.0,0.0023481680891790837,1.022928047765074,0.21241768579492,0.06550218340611354,0.0224141353980544,0.1251025430680886
frozenset({'Fish Masala Curry'}),frozenset({'Paneer Tikka Masala'}),0.11490424646128226,0.11074104912572856,0.013322231473771857,0.11594202898550725,1.046965239184919,1.0,0.0005976146716481761,1.005883075579094,0.05068203198494831,0.06274509803921569,0.005848667426586332,0.11812139043260325
frozenset({'Paneer Tikka Masala'}),frozenset({'Fish Masala Curry'}),0.11074104912572856,0.11490424646128226,0.013322231473771857,0.12030075187969926,1.046965239184919,1.0,0.0005976146716481761,1.00613448906538,0.05044475655430716,0.06274509803921569,0.006097086554580251,0.11812139043260325
frozenset({'Fish Masala Curry'}),frozenset({'Paratha with Omelette'}),0.11490424646128226,0.12489592006661115,0.022481265611990008,0.1956521739130435,1.566521739130435,1.0,0.008130194030647511,1.0879672345117808,0.4085920351207275,0.10344827586206896,0.08085467256856825,0.18782608695652175
frozenset({'Paratha with Omelette'}),frozenset({'Fish Masala Curry'}),0.12489592006661115,0.11490424646128226,0.022481265611990008,0.18,1.5665217391304347,1.0,0.008130194030647511,1.079385065291119,0.4132572153504599,0.10344827586206896,0.07354656632173094,0.18782608695652175
frozenset({'Fish Masala Curry'}),frozenset({'Peach Iced Tea'}),0.11490424646128226,0.049125728559533725,0.012489592006661115,0.10869565217391304,2.2126013264554163,1.0,0.006844837184666399,1.0668345484454014,0.6191909689557855,0.08241758241758242,0.06264752912510468,0.18146647015475312
frozenset({'Peach Iced Tea'}),frozenset({'Fish Masala Curry'}),0.049125728559533725,0.11490424646128226,0.012489592006661115,0.2542372881355932,2.2126013264554163,1.0,0.006844837184666399,1.1868329422450987,0.5763572679509631,0.08241758241758242,0.1574214327853692,0.18146647015475312
frozenset({'Fish Masala Curry'}),frozenset({'Pepperoni Pizza'}),0.11490424646128226,0.07577019150707744,0.020815986677768527,0.18115942028985507,2.390906195254021,1.0,0.012109669918420746,1.1287054298409143,0.657271872060207,0.12254901960784313,0.11402924663794228,0.22794234750756492
frozenset({'Pepperoni Pizza'}),frozenset({'Fish Masala Curry'}),0.07577019150707744,0.11490424646128226,0.020815986677768527,0.27472527472527475,2.3909061952540216,1.0,0.012109669918420746,1.2203592965458079,0.6294414414414415,0.12254901960784313,0.18056919562093598,0.22794234750756492
frozenset({'Fish Masala Curry'}),frozenset({'Scrambled Eggs Meal'}),0.11490424646128226,0.06078268109908409,0.012489592006661115,0.10869565217391304,1.788266825491364,1.0,0.005505403837074433,1.0537560163278568,0.4980244590780809,0.07653061224489796,0.05101372186247302,0.15708755211435377
frozenset({'Scrambled Eggs Meal'}),frozenset({'Fish Masala Curry'}),0.06078268109908409,0.11490424646128226,0.012489592006661115,0.2054794520547945,1.7882668254913638,1.0,0.005505403837074433,1.1139998277297654,0.4693262411347518,0.07653061224489796,0.10233379296124949,0.15708755211435377
frozenset({'Fish Masala Curry'}),frozenset({'Smoked Beef Ribs'}),0.11490424646128226,0.16902581182348042,0.025811823480432972,0.2246376811594203,1.3290140643963733,1.0,0.006390039940349462,1.0717237193304645,0.27970139289290824,0.1,0.06692370247741862,0.18867352038266583
frozenset({'Smoked Beef Ribs'}),frozenset({'Fish Masala Curry'}),0.16902581182348042,0.11490424646128226,0.025811823480432972,0.15270935960591134,1.3290140643963733,1.0,0.006390039940349462,1.0446188253974402,0.29791841748012166,0.1,0.0427130205895574,0.18867352038266583
frozenset({'Fish Masala Curry'}),frozenset({'Smoked Sausage Combo'}),0.11490424646128226,0.16402997502081598,0.025811823480432972,0.2246376811594203,1.3694916501140293,1.0,0.00696408280360316,1.0781669481039944,0.30482808848966714,0.10197368421052633,0.07249985564986432,0.19099904362539544
frozenset({'Smoked Sausage Combo'}),frozenset({'Fish Masala Curry'}),0.16402997502081598,0.11490424646128226,0.025811823480432972,0.15736040609137056,1.3694916501140293,1.0,0.00696408280360316,1.0503847195610083,0.3227412928929444,0.10197368421052633,0.04796787179279026,0.19099904362539544
frozenset({'Fish Masala Curry'}),frozenset({'Spicy Chicken Fajita Pizza'}),0.11490424646128226,0.08326394671107411,0.010824313072439634,0.09420289855072464,1.131376811594203,1.0,0.0012569320182113028,1.0120766028309742,0.13119617917360166,0.05777777777777778,0.011932498782398082,0.11210144927536232
frozenset({'Spicy Chicken Fajita Pizza'}),frozenset({'Fish Masala Curry'}),0.08326394671107411,0.11490424646128226,0.010824313072439634,0.13,1.131376811594203,1.0,0.0012569320182113028,1.017351440849101,0.12666806399776434,0.05777777777777778,0.01705550329256821,0.11210144927536232
frozenset({'Fish Masala Curry'}),frozenset({'Tandoori Chicken Pizza'}),0.11490424646128226,0.10241465445462115,0.020815986677768527,0.18115942028985507,1.768881819252975,1.0,0.009048107981067678,1.0961661742058608,0.4911006585136406,0.1059322033898305,0.08772955822645263,0.19220572640509015
frozenset({'Tandoori Chicken Pizza'}),frozenset({'Fish Masala Curry'}),0.10241465445462115,0.11490424646128226,0.020815986677768527,0.2032520325203252,1.7688818192529752,1.0,0.009048107981067678,1.110885486584309,0.4842671614100185,0.1059322033898305,0.0998172070149676,0.19220572640509015
frozenset({'Four-Cheese Pizza'}),frozenset({'French Toast'}),0.1357202331390508,0.10824313072439634,0.017485428809325562,0.12883435582822086,1.1902312411514866,1.0,0.0027946458717097392,1.0236364062811507,0.1849252224974768,0.07720588235294118,0.02309062684378455,0.1451864086833412
frozenset({'French Toast'}),frozenset({'Four-Cheese Pizza'}),0.10824313072439634,0.1357202331390508,0.017485428809325562,0.16153846153846152,1.1902312411514864,1.0,0.0027946458717097392,1.03079238249471,0.17922724645413718,0.07720588235294118,0.029872535941900077,0.1451864086833412
frozenset({'Four-Cheese Pizza'}),frozenset({'Hawaiian Pizza'}),0.1357202331390508,0.10574521232306411,0.0324729392173189,0.23926380368098157,2.262644316699676,1.0,0.01812117434749421,1.1755123418656495,0.6456696803517612,0.15537848605577687,0.14930710262649802,0.27317520892710495
frozenset({'Hawaiian Pizza'}),frozenset({'Four-Cheese Pizza'}),0.10574521232306411,0.1357202331390508,0.0324729392173189,0.30708661417322836,2.262644316699676,1.0,0.01812117434749421,1.2473128453561426,0.6240271212338251,0.15537848605577687,0.198276516013533,0.27317520892710495
frozenset({'Four-Cheese Pizza'}),frozenset({'Korean BBQ Short Ribs'}),0.1357202331390508,0.13322231473771856,0.025811823480432972,0.19018404907975459,1.427569018404908,1.0,0.007730859864905806,1.0703391113466052,0.34654111504754803,0.10616438356164384,0.06571665988932301,0.1919670245398773
frozenset({'Korean BBQ Short Ribs'}),frozenset({'Four-Cheese Pizza'}),0.13322231473771856,0.1357202331390508,0.025811823480432972,0.19375,1.427569018404908,1.0,0.007730859864905806,1.0719749046337355,0.34554243748256946,0.10616438356164384,0.06714234104046243,0.1919670245398773
frozenset({'Four-Cheese Pizza'}),frozenset({'Mediterranean Olive Pizza'}),0.1357202331390508,0.08825978351373855,0.01665278934221482,0.12269938650306747,1.3902071999073966,1.0,0.004674150946928073,1.0392563306801441,0.32475915221579954,0.08032128514056225,0.03777348236546487,0.1556893158930432
frozenset({'Mediterranean Olive Pizza'}),frozenset({'Four-Cheese Pizza'}),0.08825978351373855,0.1357202331390508,0.01665278934221482,0.18867924528301888,1.3902071999073968,1.0,0.004674150946928073,1.0652750614797746,0.30785388127853874,0.08032128514056225,0.06127531173883013,0.1556893158930432
frozenset({'Four-Cheese Pizza'}),frozenset({'Mutton Karahi'}),0.1357202331390508,0.10657785179017486,0.018318068276436304,0.13496932515337423,1.2663918711656441,1.0,0.0038532973840145705,1.0328213486397269,0.24338763356104395,0.08178438661710037,0.03177834064231356,0.15342216257668712
frozenset({'Mutton Karahi'}),frozenset({'Four-Cheese Pizza'}),0.10657785179017486,0.1357202331390508,0.018318068276436304,0.171875,1.2663918711656441,1.0,0.0038532973840145705,1.0436585863981274,0.2354486147589596,0.08178438661710037,0.04183224951830443,0.15342216257668712
frozenset({'Four-Cheese Pizza'}),frozenset({'Naan Garlic Bread'}),0.1357202331390508,0.1015820149875104,0.022481265611990008,0.1656441717791411,1.6306446746454792,1.0,0.008694530855150543,1.0767803790958514,0.44747734246770854,0.10465116279069768,0.0713055146494425,0.19347782359448856
frozenset({'Naan Garlic Bread'}),frozenset({'Four-Cheese Pizza'}),0.1015820149875104,0.1357202331390508,0.022481265611990008,0.22131147540983606,1.6306446746454792,1.0,0.008694530855150543,1.1099171742845875,0.4304740328836714,0.10465116279069768,0.09903187087400106,0.19347782359448856
frozenset({'Four-Cheese Pizza'}),frozenset({'Omelette with Cheese'}),0.1357202331390508,0.08825978351373855,0.019150707743547043,0.1411042944785276,1.5987382798935061,1.0,0.007172069348260295,1.0615261091947186,0.4333165787048672,0.09349593495934959,0.05796005266549009,0.17904271327699967
frozenset({'Omelette with Cheese'}),frozenset({'Four-Cheese Pizza'}),0.08825978351373855,0.1357202331390508,0.019150707743547043,0.2169811320754717,1.5987382798935061,1.0,0.007172069348260295,1.1037789793645858,0.4107603732380385,0.09349593495934959,0.09402152179445232,0.17904271327699967
frozenset({'Four-Cheese Pizza'}),frozenset({'Pancakes with Maple Syrup'}),0.1357202331390508,0.08825978351373855,0.025811823480432972,0.19018404907975459,2.1548211598564646,1.0,0.013833185085146225,1.1258610249034895,0.6200820436322954,0.13025210084033614,0.11179090679889064,0.2413184396342169
frozenset({'Pancakes with Maple Syrup'}),frozenset({'Four-Cheese Pizza'}),0.08825978351373855,0.1357202331390508,0.025811823480432972,0.29245283018867924,2.1548211598564646,1.0,0.013833185085146225,1.2215154038301417,0.5878038002651348,0.13025210084033614,0.18134474860944486,0.2413184396342169
frozenset({'Four-Cheese Pizza'}),frozenset({'Paneer Tikka Masala'}),0.1357202331390508,0.11074104912572856,0.022481265611990008,0.1656441717791411,1.49577932561465,1.0,0.007451464606583051,1.06580300729784,0.38350103475344327,0.1003717472118959,0.061740309275981696,0.18432584528806678
frozenset({'Paneer Tikka Masala'}),frozenset({'Four-Cheese Pizza'}),0.11074104912572856,0.1357202331390508,0.022481265611990008,0.20300751879699247,1.49577932561465,1.0,0.007451464606583051,1.084426499929304,0.37272853377722287,0.1003717472118959,0.07785359352137568,0.18432584528806678
frozenset({'Four-Cheese Pizza'}),frozenset({'Paratha with Omelette'}),0.1357202331390508,0.12489592006661115,0.03330557868442964,0.24539877300613494,1.9648261758691206,1.0,0.01635467529487292,1.1596907725946535,0.568159922928709,0.1465201465201465,0.13770116686999814,0.2560327198364008
frozenset({'Paratha with Omelette'}),frozenset({'Four-Cheese Pizza'}),0.12489592006661115,0.1357202331390508,0.03330557868442964,0.26666666666666666,1.9648261758691206,1.0,0.01635467529487292,1.1785633184467488,0.5611322549952426,0.1465201465201465,0.15150931278098909,0.2560327198364008
frozenset({'Four-Cheese Pizza'}),frozenset({'Peach Iced Tea'}),0.1357202331390508,0.049125728559533725,0.01665278934221482,0.12269938650306747,2.4976603930539665,1.0,0.009985434008989177,1.0838636800335384,0.69378612716763,0.09900990099009899,0.0773747488530508,0.23084121867526253
frozenset({'Peach Iced Tea'}),frozenset({'Four-Cheese Pizza'}),0.049125728559533725,0.1357202331390508,0.01665278934221482,0.3389830508474576,2.497660393053967,1.0,0.009985434008989177,1.3075001601229743,0.6306042031523642,0.09900990099009899,0.2351817380229254,0.23084121867526253
frozenset({'Four-Cheese Pizza'}),frozenset({'Pepperoni Pizza'}),0.1357202331390508,0.07577019150707744,0.010824313072439634,0.07975460122699386,1.0525854513584574,1.0,0.0005407650161085575,1.0043297252289758,0.05780346820809245,0.053941908713692956,0.004311059525783449,0.11130587204206838
frozenset({'Pepperoni Pizza'}),frozenset({'Four-Cheese Pizza'}),0.07577019150707744,0.1357202331390508,0.010824313072439634,0.14285714285714288,1.0525854513584576,1.0,0.0005407650161085575,1.0083263946711074,0.054054054054054015,0.053941908713692956,0.008257638315441802,0.11130587204206838
frozenset({'Four-Cheese Pizza'}),frozenset({'Scrambled Eggs Meal'}),0.1357202331390508,0.06078268109908409,0.01498751040799334,0.11042944785276074,1.8167913270022693,1.0,0.0067380707584090704,1.0558098136610297,0.5201776921430101,0.08256880733944956,0.05285972240351565,0.1785023951592571
frozenset({'Scrambled Eggs Meal'}),frozenset({'Four-Cheese Pizza'}),0.06078268109908409,0.1357202331390508,0.01498751040799334,0.24657534246575344,1.816791327002269,1.0,0.0067380707584090704,1.1471349632881689,0.47867415287628057,0.08256880733944956,0.12826299258320797,0.1785023951592571
frozenset({'Four-Cheese Pizza'}),frozenset({'Smoked Beef Ribs'}),0.1357202331390508,0.16902581182348042,0.034970857618651124,0.25766871165644173,1.5244341019674215,1.0,0.012030635031451034,1.1194115096923365,0.39804110468850357,0.12962962962962965,0.10667346963866385,0.23228263169028984
frozenset({'Smoked Beef Ribs'}),frozenset({'Four-Cheese Pizza'}),0.16902581182348042,0.1357202331390508,0.034970857618651124,0.20689655172413796,1.5244341019674212,1.0,0.012030635031451034,1.0897440538681533,0.41399465597862395,0.12962962962962965,0.082353332004518,0.23228263169028984
frozenset({'Four-Cheese Pizza'}),frozenset({'Smoked Sausage Combo'}),0.1357202331390508,0.16402997502081598,0.04329725228975854,0.31901840490797545,1.944878702002429,1.0,0.021035065838140715,1.2275956222667297,0.5621202015710687,0.1688311688311689,0.1853995062694009,0.29148889788545984
frozenset({'Smoked Sausage Combo'}),frozenset({'Four-Cheese Pizza'}),0.16402997502081598,0.1357202331390508,0.04329725228975854,0.2639593908629442,1.9448787020024292,1.0,0.021035065838140715,1.1742283729076344,0.5811561446521607,0.1688311688311689,0.14837690599845468,0.29148889788545984
frozenset({'Four-Cheese Pizza'}),frozenset({'Strawberry Milkshake'}),0.1357202331390508,0.051623646960865945,0.012489592006661115,0.09202453987730061,1.7826043934296456,1.0,0.005483218605644338,1.0444955780093166,0.5079640333975594,0.07142857142857142,0.04260006355806675,0.16698001187413417
frozenset({'Strawberry Milkshake'}),frozenset({'Four-Cheese Pizza'}),0.051623646960865945,0.1357202331390508,0.012489592006661115,0.24193548387096772,1.7826043934296456,1.0,0.005483218605644338,1.1401137350080606,0.4629206906643254,0.07142857142857142,0.12289452420908693,0.16698001187413417
frozenset({'Four-Cheese Pizza'}),frozenset({'Tandoori Chicken Pizza'}),0.1357202331390508,0.10241465445462115,0.017485428809325562,0.12883435582822086,1.2579679784527906,1.0,0.0035856880298890514,1.0303268403091321,0.2372694742636938,0.07924528301886792,0.029434194201941793,0.149783031572647
frozenset({'Tandoori Chicken Pizza'}),frozenset({'Four-Cheese Pizza'}),0.10241465445462115,0.1357202331390508,0.017485428809325562,0.17073170731707316,1.2579679784527906,1.0,0.0035856880298890514,1.0422197188617328,0.22846541213888144,0.07924528301886792,0.04050942243526479,0.149783031572647
frozenset({'Four-Cheese Pizza'}),frozenset({'Turkey Bacon & Eggs'}),0.1357202331390508,0.10990840965861781,0.029142381348875937,0.2147239263803681,1.9536623907789554,1.0,0.014225586366066025,1.1334760095753538,0.5647949353151666,0.1346153846153846,0.11775812496054454,0.23993772076594166
frozenset({'Turkey Bacon & Eggs'}),frozenset({'Four-Cheese Pizza'}),0.10990840965861781,0.1357202331390508,0.029142381348875937,0.2651515151515152,1.9536623907789554,1.0,0.014225586366066025,1.176133290986034,0.5484164105305359,0.1346153846153846,0.14975623284871845,0.23993772076594166
frozenset({'Four-Cheese Pizza'}),frozenset({'Veggie Supreme Pizza'}),0.1357202331390508,0.11323896752706078,0.025811823480432972,0.19018404907975459,1.6794929628293034,1.0,0.010443004407234882,1.0950155173718872,0.46811486108521355,0.11567164179104478,0.08677093234252137,0.2090626127751714
frozenset({'Veggie Supreme Pizza'}),frozenset({'Four-Cheese Pizza'}),0.11323896752706078,0.1357202331390508,0.025811823480432972,0.22794117647058823,1.6794929628293034,1.0,0.010443004407234882,1.1194480789818009,0.4562471603816447,0.11567164179104478,0.10670265215912954,0.2090626127751714
frozenset({'Granola Yogurt Bowl'}),frozenset({'French Toast'}),0.11323896752706078,0.10824313072439634,0.020815986677768527,0.18382352941176472,1.6982466063348416,1.0,0.008558646312641215,1.0926030110043432,0.46366197183098595,0.10373443983402489,0.08475449003130664,0.1880656108597285
frozenset({'French Toast'}),frozenset({'Granola Yogurt Bowl'}),0.10824313072439634,0.11323896752706078,0.020815986677768527,0.19230769230769232,1.6982466063348418,1.0,0.008558646312641215,1.097894611633163,0.4610644257703081,0.10373443983402489,0.08916576381365116,0.1880656108597285
frozenset({'Grilled Prawns'}),frozenset({'French Toast'}),0.10824313072439634,0.10824313072439634,0.02331390507910075,0.21538461538461537,1.9898224852071003,1.0,0.011597329730081995,1.1365528726061616,0.5578231292517006,0.12068965517241378,0.12014652014652012,0.21538461538461537
frozenset({'French Toast'}),frozenset({'Grilled Prawns'}),0.10824313072439634,0.10824313072439634,0.02331390507910075,0.21538461538461537,1.9898224852071003,1.0,0.011597329730081995,1.1365528726061616,0.5578231292517006,0.12068965517241378,0.12014652014652012,0.21538461538461537
frozenset({'Hawaiian Pizza'}),frozenset({'French Toast'}),0.10574521232306411,0.10824313072439634,0.01498751040799334,0.14173228346456695,1.30938824954573,1.0,0.0035413175670288635,1.0390194715412997,0.2642251189737223,0.07531380753138076,0.03755412926325388,0.1400969109630527
frozenset({'French Toast'}),frozenset({'Hawaiian Pizza'}),0.10824313072439634,0.10574521232306411,0.01498751040799334,0.13846153846153847,1.30938824954573,1.0,0.0035413175670288635,1.0379743071250147,0.2649652453574022,0.07531380753138076,0.036585016473284646,0.1400969109630527
frozenset({'Korean BBQ Short Ribs'}),frozenset({'French Toast'}),0.13322231473771856,0.10824313072439634,0.01665278934221482,0.125,1.1548076923076922,1.0,0.002232388912653276,1.019150707743547,0.15465898174831882,0.07407407407407407,0.018790849673202607,0.13942307692307693
frozenset({'French Toast'}),frozenset({'Korean BBQ Short Ribs'}),0.10824313072439634,0.13322231473771856,0.01665278934221482,0.15384615384615383,1.1548076923076922,1.0,0.002232388912653276,1.0243736280372417,0.15032679738562083,0.07407407407407407,0.023793689499741356,0.13942307692307693
frozenset({'Margherita Pizza'}),frozenset({'French Toast'}),0.0749375520399667,0.10824313072439634,0.01665278934221482,0.22222222222222218,2.0529914529914524,1.0,0.00854131410058645,1.1465445462114905,0.5544554455445543,0.09999999999999998,0.12781408859840226,0.188034188034188
frozenset({'French Toast'}),frozenset({'Margherita Pizza'}),0.10824313072439634,0.0749375520399667,0.01665278934221482,0.15384615384615383,2.0529914529914524,1.0,0.00854131410058645,1.093255620316403,0.5751633986928103,0.09999999999999998,0.08530083777608527,0.188034188034188
frozenset({'Mediterranean Olive Pizza'}),frozenset({'French Toast'}),0.08825978351373855,0.10824313072439634,0.02331390507910075,0.2641509433962264,2.4403483309143685,1.0,0.013760389794516227,1.2118747197847948,0.6473581213307241,0.13461538461538464,0.17483219702975528,0.23976777939042088
frozenset({'French Toast'}),frozenset({'Mediterranean Olive Pizza'}),0.10824313072439634,0.08825978351373855,0.02331390507910075,0.21538461538461537,2.4403483309143685,1.0,0.013760389794516227,1.1620218445413137,0.6618647458983593,0.13461538461538464,0.13943097997892515,0.23976777939042088
frozenset({'Mushroom Alfredo Pizza'}),frozenset({'French Toast'}),0.09908409658617819,0.10824313072439634,0.012489592006661115,0.12605042016806722,1.1645119586296055,1.0,0.0017644191871747164,1.0203756484980466,0.15680837954405413,0.0641025641025641,0.019968771822454462,0.1207175177763413
frozenset({'French Toast'}),frozenset({'Mushroom Alfredo Pizza'}),0.10824313072439634,0.09908409658617819,0.012489592006661115,0.11538461538461538,1.1645119586296055,1.0,0.0017644191871747164,1.0184266734243204,0.15841892312480535,0.0641025641025641,0.01809327456277548,0.1207175177763413
frozenset({'Naan Garlic Bread'}),frozenset({'French Toast'}),0.1015820149875104,0.10824313072439634,0.011656952539550375,0.11475409836065574,1.0601513240857503,1.0,0.0006613972120096973,1.0073549819594783,0.06315371375612336,0.058823529411764705,0.0073012811682049835,0.11122320302648171
frozenset({'French Toast'}),frozenset({'Naan Garlic Bread'}),0.10824313072439634,0.1015820149875104,0.011656952539550375,0.10769230769230768,1.0601513240857503,1.0,0.0006613972120096973,1.0068477418243418,0.06362545018007199,0.058823529411764705,0.00680116917373636,0.11122320302648171
frozenset({'Paneer Tikka Masala'}),frozenset({'French Toast'}),0.11074104912572856,0.10824313072439634,0.02331390507910075,0.21052631578947367,1.9449392712550606,1.0,0.011326947222027716,1.1295587010824313,0.5463483146067415,0.11914893617021276,0.11469851098334068,0.21295546558704453
frozenset({'French Toast'}),frozenset({'Paneer Tikka Masala'}),0.10824313072439634,0.11074104912572856,0.02331390507910075,0.21538461538461537,1.9449392712550606,1.0,0.011326947222027716,1.1333692511142675,0.5448179271708683,0.11914893617021276,0.11767502160760586,0.21295546558704453
frozenset({'Paratha with Omelette'}),frozenset({'French Toast'}),0.12489592006661115,0.10824313072439634,0.02164862614487927,0.17333333333333334,1.6013333333333333,1.0,0.008129500742165322,1.0787381483172627,0.4291151284490961,0.10236220472440946,0.07299097416744475,0.18666666666666668
frozenset({'French Toast'}),frozenset({'Paratha with Omelette'}),0.10824313072439634,0.12489592006661115,0.02164862614487927,0.2,1.6013333333333335,1.0,0.008129500742165322,1.093880099916736,0.42110177404295057,0.10236220472440946,0.08582302568981923,0.18666666666666668
frozenset({'Peach Iced Tea'}),frozenset({'French Toast'}),0.049125728559533725,0.10824313072439634,0.012489592006661115,0.2542372881355932,2.348761408083442,1.0,0.007172069348260295,1.1957648928922868,0.6039112667834208,0.08620689655172412,0.1637152035955625,0.1848109517601043
frozenset({'French Toast'}),frozenset({'Peach Iced Tea'}),0.10824313072439634,0.049125728559533725,0.012489592006661115,0.11538461538461538,2.348761408083442,1.0,0.007172069348260295,1.0749013503240055,0.6439464674758791,0.08620689655172412,0.06968206924424086,0.1848109517601043
frozenset({'Peri Peri Grilled Wings'}),frozenset({'French Toast'}),0.11074104912572856,0.10824313072439634,0.012489592006661115,0.11278195488721804,1.0419317524580682,1.0,0.0005026341495880816,1.0051157933360617,0.045255930087390664,0.06048387096774192,0.005089755200325731,0.1140832851359167
frozenset({'French Toast'}),frozenset({'Peri Peri Grilled Wings'}),0.10824313072439634,0.11074104912572856,0.012489592006661115,0.11538461538461538,1.0419317524580682,1.0,0.0005026341495880816,1.0052492488143938,0.045129162776221504,0.06048387096774192,0.005221838087006617,0.1140832851359167
frozenset({'Smoked Beef Ribs'}),frozenset({'French Toast'}),0.16902581182348042,0.10824313072439634,0.026644462947543714,0.1576354679802956,1.4563092080333462,1.0,0.008348579902537505,1.0586353477365353,0.377066633266533,0.10631229235880399,0.055387672310303455,0.20189465706707088
frozenset({'French Toast'}),frozenset({'Smoked Beef Ribs'}),0.10824313072439634,0.16902581182348042,0.026644462947543714,0.24615384615384614,1.456309208033346,1.0,0.008348579902537505,1.1023126986015055,0.3513655462184873,0.10631229235880399,0.0928164020348389,0.20189465706707088
frozenset({'Smoked Sausage Combo'}),frozenset({'French Toast'}),0.16402997502081598,0.10824313072439634,0.022481265611990008,0.13705583756345177,1.2661850839515814,1.0,0.004726147583092356,1.0333888426311408,0.25147557916482205,0.08999999999999998,0.03231004753847392,0.17237407262787974
frozenset({'French Toast'}),frozenset({'Smoked Sausage Combo'}),0.10824313072439634,0.16402997502081598,0.022481265611990008,0.20769230769230768,1.2661850839515814,1.0,0.004726147583092356,1.0551077985174167,0.23574368018812453,0.08999999999999998,0.05222954336500152,0.17237407262787974
frozenset({'Tandoori Chicken Pizza'}),frozenset({'French Toast'}),0.10241465445462115,0.10824313072439634,0.012489592006661115,0.1219512195121951,1.1266416510318946,1.0,0.001403909176435677,1.0156119900083265,0.12523191094619646,0.0630252100840336,0.015372002459520369,0.11866791744840524
frozenset({'French Toast'}),frozenset({'Tandoori Chicken Pizza'}),0.10824313072439634,0.10241465445462115,0.012489592006661115,0.11538461538461538,1.1266416510318948,1.0,0.001403909176435677,1.0146616949643412,0.12605042016806703,0.0630252100840336,0.014449835878407294,0.11866791744840524
frozenset({'Turkey Bacon & Eggs'}),frozenset({'French Toast'}),0.10990840965861781,0.10824313072439634,0.01498751040799334,0.13636363636363638,1.2597902097902098,1.0,0.0030906800536050667,1.0325605854770148,0.23168069847209238,0.07377049180327869,0.031533825651472724,0.13741258741258744
frozenset({'French Toast'}),frozenset({'Turkey Bacon & Eggs'}),0.10824313072439634,0.10990840965861781,0.01498751040799334,0.13846153846153847,1.2597902097902098,1.0,0.0030906800536050667,1.03314202450339,0.2312480547774666,0.07377049180327869,0.03207886594228972,0.13741258741258744
frozenset({'Fresh Lime Soda'}),frozenset({'Mediterranean Olive Pizza'}),0.03913405495420483,0.08825978351373855,0.011656952539550375,0.29787234042553196,3.3749498193496597,1.0,0.008202989321277509,1.2985390962077057,0.7323594949244863,0.10071942446043165,0.2299038181288255,0.2149739060618226
frozenset({'Mediterranean Olive Pizza'}),frozenset({'Fresh Lime Soda'}),0.08825978351373855,0.03913405495420483,0.011656952539550375,0.1320754716981132,3.3749498193496588,1.0,0.008202989321277509,1.1070846758136335,0.7718199608610568,0.10071942446043165,0.09672672574474347,0.2149739060618226
frozenset({'Smoked Sausage Combo'}),frozenset({'Fresh Lime Soda'}),0.16402997502081598,0.03913405495420483,0.010824313072439634,0.06598984771573604,1.6862512150340212,1.0,0.004405155015838176,1.0287532129022916,0.4868219429972419,0.05627705627705629,0.027949572882668104,0.17129279619829357
frozenset({'Fresh Lime Soda'}),frozenset({'Smoked Sausage Combo'}),0.03913405495420483,0.16402997502081598,0.010824313072439634,0.2765957446808511,1.686251215034021,1.0,0.004405155015838176,1.1556056227653428,0.42354352752966273,0.05627705627705629,0.13465287785030094,0.17129279619829357
frozenset({'Fresh Lime Soda'}),frozenset({'Tandoori Chicken Pizza'}),0.03913405495420483,0.10241465445462115,0.012489592006661115,0.3191489361702128,3.116242864556305,1.0,0.008481691291118074,1.3183284762697751,0.7067590987868285,0.0967741935483871,0.2414637034697825,0.22055007784120395
frozenset({'Tandoori Chicken Pizza'}),frozenset({'Fresh Lime Soda'}),0.10241465445462115,0.03913405495420483,0.012489592006661115,0.1219512195121951,3.116242864556305,1.0,0.008481691291118074,1.0943195485243777,0.7565862708719852,0.0967741935483871,0.0861901339983937,0.22055007784120395
frozenset({'Granola Yogurt Bowl'}),frozenset({'Grilled Prawns'}),0.11323896752706078,0.10824313072439634,0.035803497085761866,0.31617647058823534,2.9209841628959277,1.0,0.023546156720634554,1.304074561521313,0.7416311824434982,0.19282511210762332,0.23317268083704074,0.32347285067873305
frozenset({'Grilled Prawns'}),frozenset({'Granola Yogurt Bowl'}),0.10824313072439634,0.11323896752706078,0.035803497085761866,0.33076923076923076,2.9209841628959277,1.0,0.023546156720634554,1.3250452209365757,0.7374763859031984,0.19282511210762332,0.24530877573131094,0.32347285067873305
frozenset({'Iced Caramel Latte'}),frozenset({'Granola Yogurt Bowl'}),0.05245628642797669,0.11323896752706078,0.012489592006661115,0.23809523809523808,2.102591036414566,1.0,0.006549496291253264,1.1638738551207328,0.553427065026362,0.08152173913043477,0.14080035770176613,0.17419467787114845
frozenset({'Granola Yogurt Bowl'}),frozenset({'Iced Caramel Latte'}),0.11323896752706078,0.05245628642797669,0.012489592006661115,0.11029411764705882,2.102591036414566,1.0,0.006549496291253264,1.0650078102958278,0.5913615023474178,0.08152173913043477,0.06103974981908405,0.17419467787114845
frozenset({'Granola Yogurt Bowl'}),frozenset({'Korean BBQ Short Ribs'}),0.11323896752706078,0.13322231473771856,0.018318068276436304,0.16176470588235295,1.2142463235294119,1.0,0.0032321109039719215,1.0340505718918445,0.19897567221510895,0.08029197080291972,0.03292931005255129,0.1496323529411765
frozenset({'Korean BBQ Short Ribs'}),frozenset({'Granola Yogurt Bowl'}),0.13322231473771856,0.11323896752706078,0.018318068276436304,0.1375,1.2142463235294119,1.0,0.0032321109039719215,1.0281287333019584,0.20356300759758986,0.08029197080291972,0.02735915492957748,0.1496323529411765
frozenset({'Margherita Pizza'}),frozenset({'Granola Yogurt Bowl'}),0.0749375520399667,0.11323896752706078,0.010824313072439634,0.14444444444444443,1.2755718954248365,1.0,0.002338462050428418,1.0364739340592795,0.23353873848923354,0.06103286384976527,0.035190401669274896,0.12001633986928104
frozenset({'Granola Yogurt Bowl'}),frozenset({'Margherita Pizza'}),0.11323896752706078,0.0749375520399667,0.010824313072439634,0.09558823529411765,1.2755718954248365,1.0,0.002338462050428418,1.0228332757932075,0.24362585771036477,0.06103286384976527,0.022323555885000266,0.12001633986928104
frozenset({'Granola Yogurt Bowl'}),frozenset({'Mediterranean Olive Pizza'}),0.11323896752706078,0.08825978351373855,0.01665278934221482,0.14705882352941177,1.6662042175360712,1.0,0.006658342582957166,1.068936805535617,0.4508920187793427,0.09009009009009009,0.06449100188020415,0.1678690344062153
frozenset({'Mediterranean Olive Pizza'}),frozenset({'Granola Yogurt Bowl'}),0.08825978351373855,0.11323896752706078,0.01665278934221482,0.18867924528301888,1.6662042175360712,1.0,0.006658342582957166,1.0929845283968787,0.43853881278538814,0.09009009009009009,0.08507396580742317,0.1678690344062153
frozenset({'Granola Yogurt Bowl'}),frozenset({'Mushroom Alfredo Pizza'}),0.11323896752706078,0.09908409658617819,0.013322231473771857,0.11764705882352942,1.1873455264458725,1.0,0.002102050678001472,1.021038023868998,0.17793427230046954,0.06694560669456066,0.020604544960313158,0.12605042016806722
frozenset({'Mushroom Alfredo Pizza'}),frozenset({'Granola Yogurt Bowl'}),0.09908409658617819,0.11323896752706078,0.013322231473771857,0.13445378151260504,1.1873455264458725,1.0,0.002102050678001472,1.0245103190706772,0.17513863216266182,0.06694560669456066,0.02392393577149169,0.12605042016806722
frozenset({'Mutton Karahi'}),frozenset({'Granola Yogurt Bowl'}),0.10657785179017486,0.11323896752706078,0.026644462947543714,0.25,2.2077205882352944,1.0,0.014575697049572208,1.1823480432972524,0.6123019571295434,0.13793103448275865,0.15422535211267605,0.24264705882352944
frozenset({'Granola Yogurt Bowl'}),frozenset({'Mutton Karahi'}),0.11323896752706078,0.10657785179017486,0.026644462947543714,0.23529411764705885,2.2077205882352944,1.0,0.014575697049572208,1.1683212707359252,0.6169014084507042,0.13793103448275865,0.14407104873636317,0.24264705882352944
frozenset({'Granola Yogurt Bowl'}),frozenset({'Naan Garlic Bread'}),0.11323896752706078,0.1015820149875104,0.02497918401332223,0.22058823529411764,2.1715284474445515,1.0,0.013476141516818137,1.1526872260537602,0.6083881064162754,0.13157894736842105,0.13246197459521342,0.23324493731918997
frozenset({'Naan Garlic Bread'}),frozenset({'Granola Yogurt Bowl'}),0.1015820149875104,0.11323896752706078,0.02497918401332223,0.2459016393442623,2.1715284474445515,1.0,0.013476141516818137,1.1759222387141153,0.6004942848316341,0.13157894736842105,0.14960363272531363,0.23324493731918997
frozenset({'Granola Yogurt Bowl'}),frozenset({'Paneer Tikka Masala'}),0.11323896752706078,0.11074104912572856,0.019983347210657785,0.17647058823529413,1.5935426802299868,1.0,0.0074431451447967666,1.0798144403473295,0.4200312989045384,0.0979591836734694,0.07391495924212382,0.1784608580274215
frozenset({'Paneer Tikka Masala'}),frozenset({'Granola Yogurt Bowl'}),0.11074104912572856,0.11323896752706078,0.019983347210657785,0.18045112781954886,1.5935426802299866,1.0,0.0074431451447967666,1.082011168063311,0.41885143570536837,0.0979591836734694,0.07579512160683398,0.1784608580274215
frozenset({'Granola Yogurt Bowl'}),frozenset({'Scrambled Eggs Meal'}),0.11323896752706078,0.06078268109908409,0.011656952539550375,0.10294117647058824,1.6935938759065272,1.0,0.0047739844883635,1.0469963554961028,0.46183769282360837,0.07179487179487179,0.04488683771380894,0.14736099919419823
frozenset({'Scrambled Eggs Meal'}),frozenset({'Granola Yogurt Bowl'}),0.06078268109908409,0.11323896752706078,0.011656952539550375,0.19178082191780824,1.6935938759065272,1.0,0.0047739844883635,1.097178904585162,0.4360435663627154,0.07179487179487179,0.08857161232233586,0.14736099919419823
frozenset({'Smoked Beef Ribs'}),frozenset({'Granola Yogurt Bowl'}),0.16902581182348042,0.11323896752706078,0.020815986677768527,0.12315270935960593,1.0875470878006377,1.0,0.0016756782614543407,1.0113061213034082,0.09687374749499009,0.07961783439490447,0.011179722010222274,0.15348811938568532
frozenset({'Granola Yogurt Bowl'}),frozenset({'Smoked Beef Ribs'}),0.11323896752706078,0.16902581182348042,0.020815986677768527,0.18382352941176472,1.0875470878006377,1.0,0.0016756782614543407,1.018130536864925,0.0907793427230048,0.07961783439490447,0.01780767417187319,0.15348811938568532
frozenset({'Granola Yogurt Bowl'}),frozenset({'Smoked Sausage Combo'}),0.11323896752706078,0.16402997502081598,0.027477102414654453,0.2426470588235294,1.4792848611525828,1.0,0.008902517399807682,1.103805081525913,0.36537203016076253,0.11,0.0940429458636044,0.20507987458942967
frozenset({'Smoked Sausage Combo'}),frozenset({'Granola Yogurt Bowl'}),0.16402997502081598,0.11323896752706078,0.027477102414654453,0.16751269035532995,1.4792848611525828,1.0,0.008902517399807682,1.0651946548607867,0.3875709284075818,0.11,0.0612044517528181,0.20507987458942967
frozenset({'Granola Yogurt Bowl'}),frozenset({'Spicy Chicken Fajita Pizza'}),0.11323896752706078,0.08326394671107411,0.017485428809325562,0.15441176470588236,1.854485294117647,1.0,0.008056705451535322,1.0841400282373386,0.5196065280572323,0.09767441860465118,0.07760992680450927,0.18220588235294116
frozenset({'Spicy Chicken Fajita Pizza'}),frozenset({'Granola Yogurt Bowl'}),0.08326394671107411,0.11323896752706078,0.017485428809325562,0.21,1.854485294117647,1.0,0.008056705451535322,1.122482319585999,0.5026166688292029,0.09767441860465118,0.10911737089201877,0.18220588235294116
frozenset({'Granola Yogurt Bowl'}),frozenset({'Strawberry Milkshake'}),0.11323896752706078,0.051623646960865945,0.01498751040799334,0.1323529411764706,2.5638045540796965,1.0,0.009141701926163391,1.09304393231629,0.6878455920709442,0.10000000000000002,0.0851236895109229,0.21133776091081596
frozenset({'Strawberry Milkshake'}),frozenset({'Granola Yogurt Bowl'}),0.051623646960865945,0.11323896752706078,0.01498751040799334,0.2903225806451613,2.5638045540796965,1.0,0.009141701926163391,1.2495269093936872,0.6431567651936397,0.10000000000000002,0.19969710737543542,0.21133776091081596
frozenset({'Granola Yogurt Bowl'}),frozenset({'Tandoori Chicken Pizza'}),0.11323896752706078,0.10241465445462115,0.013322231473771857,0.11764705882352942,1.1487326637972262,1.0,0.0017249017436898623,1.017263391618096,0.14600938967136154,0.06584362139917696,0.01697042453344975,0.12386417981826878
frozenset({'Tandoori Chicken Pizza'}),frozenset({'Granola Yogurt Bowl'}),0.10241465445462115,0.11323896752706078,0.013322231473771857,0.13008130081300812,1.1487326637972262,1.0,0.0017249017436898623,1.0193608130296405,0.1442486085343229,0.06584362139917696,0.018993091339364086,0.12386417981826878
frozenset({'Granola Yogurt Bowl'}),frozenset({'Veggie Supreme Pizza'}),0.11323896752706078,0.11323896752706078,0.022481265611990008,0.19852941176470587,1.7531898788927336,1.0,0.009658201845395281,1.1064174350121077,0.48447226569292295,0.11020408163265306,0.09618199392433029,0.19852941176470587
frozenset({'Veggie Supreme Pizza'}),frozenset({'Granola Yogurt Bowl'}),0.11323896752706078,0.11323896752706078,0.022481265611990008,0.19852941176470587,1.7531898788927336,1.0,0.009658201845395281,1.1064174350121077,0.48447226569292295,0.11020408163265306,0.09618199392433029,0.19852941176470587
frozenset({'Smoked Sausage Combo'}),frozenset({'Green Tea'}),0.16402997502081598,0.0324729392173189,0.010824313072439634,0.06598984771573604,2.032148900169205,1.0,0.00549777766377034,1.035884950946675,0.607569721115538,0.05829596412556055,0.03464183055645352,0.1996615905245347
frozenset({'Green Tea'}),frozenset({'Smoked Sausage Combo'}),0.0324729392173189,0.16402997502081598,0.010824313072439634,0.33333333333333337,2.032148900169205,1.0,0.00549777766377034,1.2539550374687762,0.5249569707401034,0.05829596412556055,0.202523240371846,0.1996615905245347
frozenset({'Grilled Prawns'}),frozenset({'Grilled Chicken Breast'}),0.10824313072439634,0.14238134887593673,0.02414654454621149,0.2230769230769231,1.5667566351776878,1.0,0.00873474158711759,1.103865590555725,0.4056473163978234,0.10661764705882353,0.0940926064227035,0.19633378317588845
frozenset({'Grilled Chicken Breast'}),frozenset({'Grilled Prawns'}),0.14238134887593673,0.10824313072439634,0.02414654454621149,0.1695906432748538,1.5667566351776876,1.0,0.00873474158711759,1.0738762299023115,0.42179444258453286,0.10661764705882353,0.06879398933062501,0.19633378317588845
frozenset({'Hawaiian Pizza'}),frozenset({'Grilled Chicken Breast'}),0.10574521232306411,0.14238134887593673,0.02164862614487927,0.20472440944881892,1.4378597412165586,1.0,0.0065924801771490744,1.0783917692352085,0.34053144248674977,0.09558823529411765,0.07269321917284613,0.17838559653727495
frozenset({'Grilled Chicken Breast'}),frozenset({'Hawaiian Pizza'}),0.14238134887593673,0.10574521232306411,0.02164862614487927,0.15204678362573099,1.4378597412165584,1.0,0.0065924801771490744,1.054603922019007,0.3550784167289022,0.09558823529411765,0.05177671055354089,0.17838559653727495
frozenset({'Iced Caramel Latte'}),frozenset({'Grilled Chicken Breast'}),0.05245628642797669,0.14238134887593673,0.010824313072439634,0.20634920634920637,1.449271326464309,1.0,0.003355516253801821,1.0805995004163198,0.3271596593213465,0.05882352941176471,0.07458776390815226,0.14118629908103592
frozenset({'Grilled Chicken Breast'}),frozenset({'Iced Caramel Latte'}),0.14238134887593673,0.05245628642797669,0.010824313072439634,0.07602339181286549,1.449271326464309,1.0,0.003355516253801821,1.0255061710178226,0.3614637789395071,0.05882352941176471,0.024871786965950313,0.14118629908103592
frozenset({'Korean BBQ Short Ribs'}),frozenset({'Grilled Chicken Breast'}),0.13322231473771856,0.14238134887593673,0.02164862614487927,0.16250000000000003,1.1413011695906434,1.0,0.002680253272148315,1.0240222699988817,0.14283603044409965,0.08524590163934427,0.023458737864077695,0.1572733918128655
frozenset({'Grilled Chicken Breast'}),frozenset({'Korean BBQ Short Ribs'}),0.14238134887593673,0.13322231473771856,0.02164862614487927,0.15204678362573099,1.1413011695906432,1.0,0.002680253272148315,1.022199890895518,0.14436146377893955,0.08524590163934427,0.021717759014892334,0.1572733918128655
frozenset({'Mango Smoothie'}),frozenset({'Grilled Chicken Breast'}),0.06328059950041633,0.14238134887593673,0.020815986677768527,0.3289473684210526,2.310326254232071,1.0,0.011806009563221323,1.2780199506946825,0.6054755555555555,0.11261261261261261,0.21753960143076131,0.23757309941520466
frozenset({'Grilled Chicken Breast'}),frozenset({'Mango Smoothie'}),0.14238134887593673,0.06328059950041633,0.020815986677768527,0.14619883040935672,2.310326254232071,1.0,0.011806009563221323,1.0971165581193754,0.6613203883495145,0.11261261261261261,0.0885198180636777,0.23757309941520466
frozenset({'Margherita Pizza'}),frozenset({'Grilled Chicken Breast'}),0.0749375520399667,0.14238134887593673,0.01582014987510408,0.2111111111111111,1.4827160493827158,1.0,0.005150440134192918,1.0871222338192352,0.3519351935193519,0.07851239669421486,0.08014023732470332,0.16111111111111112
frozenset({'Grilled Chicken Breast'}),frozenset({'Margherita Pizza'}),0.14238134887593673,0.0749375520399667,0.01582014987510408,0.11111111111111112,1.482716049382716,1.0,0.005150440134192918,1.0406952539550376,0.37961165048543677,0.07851239669421486,0.0391039103910391,0.16111111111111112
frozenset({'Mint Margarita'}),frozenset({'Grilled Chicken Breast'}),0.05995004163197336,0.14238134887593673,0.014154870940882597,0.2361111111111111,1.6583008447043532,1.0,0.005619103148153667,1.1227007796533193,0.42228937633512204,0.07522123893805309,0.10929072276159653,0.16776315789473684
frozenset({'Grilled Chicken Breast'}),frozenset({'Mint Margarita'}),0.14238134887593673,0.05995004163197336,0.014154870940882597,0.09941520467836257,1.6583008447043532,1.0,0.005619103148153667,1.0438217070190425,0.46287835522558524,0.07522123893805309,0.04198198478185424,0.16776315789473684
frozenset({'Grilled Chicken Breast'}),frozenset({'Mushroom Alfredo Pizza'}),0.14238134887593673,0.09908409658617819,0.01498751040799334,0.10526315789473684,1.062361786819991,1.0,0.0008797830838996913,1.0069060096978009,0.0684466019417475,0.0661764705882353,0.006858643836949113,0.12826183104820876
frozenset({'Mushroom Alfredo Pizza'}),frozenset({'Grilled Chicken Breast'}),0.09908409658617819,0.14238134887593673,0.01498751040799334,0.1512605042016807,1.0623617868199913,1.0,0.0008797830838996913,1.0104615790471638,0.06515711645101657,0.0661764705882353,0.01035326752060048,0.12826183104820876
frozenset({'Naan Garlic Bread'}),frozenset({'Grilled Chicken Breast'}),0.1015820149875104,0.14238134887593673,0.017485428809325562,0.1721311475409836,1.2089444923784871,1.0,0.00302204449386821,1.0359354003676804,0.1923738911690719,0.07720588235294118,0.03468884290943815,0.14746908254242164
frozenset({'Grilled Chicken Breast'}),frozenset({'Naan Garlic Bread'}),0.14238134887593673,0.1015820149875104,0.017485428809325562,0.12280701754385964,1.2089444923784871,1.0,0.00302204449386821,1.0241965029142381,0.20152565880721218,0.07720588235294118,0.023624863827780753,0.14746908254242164
frozenset({'Grilled Chicken Breast'}),frozenset({'Omelette with Cheese'}),0.14238134887593673,0.08825978351373855,0.02331390507910075,0.16374269005847952,1.8552355732097539,1.0,0.010747358050916494,1.0902627763576973,0.5375173370319002,0.11244979919678716,0.08278992763491681,0.21394681672735297
frozenset({'Omelette with Cheese'}),frozenset({'Grilled Chicken Breast'}),0.08825978351373855,0.14238134887593673,0.02331390507910075,0.2641509433962264,1.8552355732097539,1.0,0.010747358050916494,1.1654817566557782,0.5056099151989564,0.11244979919678716,0.14198571166880378,0.21394681672735297
frozenset({'Paratha with Omelette'}),frozenset({'Grilled Chicken Breast'}),0.12489592006661115,0.14238134887593673,0.02331390507910075,0.18666666666666668,1.3110331384015594,1.0,0.00553105551091548,1.0544491612181106,0.2711023515019709,0.0955631399317406,0.05163754045307443,0.17520467836257309
frozenset({'Grilled Chicken Breast'}),frozenset({'Paratha with Omelette'}),0.14238134887593673,0.12489592006661115,0.02331390507910075,0.16374269005847952,1.3110331384015594,1.0,0.00553105551091548,1.046453130549717,0.276629680998613,0.0955631399317406,0.044391028316112184,0.17520467836257309
frozenset({'Pepperoni Pizza'}),frozenset({'Grilled Chicken Breast'}),0.07577019150707744,0.14238134887593673,0.012489592006661115,0.16483516483516483,1.1577019471756314,1.0,0.0017013299352953842,1.0268854901617073,0.14738738738738724,0.06072874493927125,0.026181585404886357,0.12627723154038945
frozenset({'Grilled Chicken Breast'}),frozenset({'Pepperoni Pizza'}),0.14238134887593673,0.07577019150707744,0.012489592006661115,0.08771929824561403,1.1577019471756314,1.0,0.0017013299352953842,1.0130980593095498,0.15883495145631052,0.06072874493927125,0.01292871819187608,0.12627723154038945
frozenset({'Peri Peri Grilled Wings'}),frozenset({'Grilled Chicken Breast'}),0.11074104912572856,0.14238134887593673,0.01582014987510408,0.14285714285714288,1.0033416875522139,1.0,5.268992464647557e-05,1.000555092978074,0.003745318352059974,0.06666666666666667,0.0005547850208044481,0.126984126984127
frozenset({'Grilled Chicken Breast'}),frozenset({'Peri Peri Grilled Wings'}),0.14238134887593673,0.11074104912572856,0.01582014987510408,0.11111111111111112,1.0033416875522139,1.0,5.268992464647557e-05,1.0004163197335554,0.0038834951456311185,0.06666666666666667,0.00041614648356222135,0.126984126984127
frozenset({'Grilled Chicken Breast'}),frozenset({'Scrambled Eggs Meal'}),0.14238134887593673,0.06078268109908409,0.02497918401332223,0.17543859649122806,2.8863254025474645,1.0,0.016324863890138732,1.1390507910074936,0.7620388349514563,0.14018691588785046,0.12207602339181287,0.29319875030040854
frozenset({'Scrambled Eggs Meal'}),frozenset({'Grilled Chicken Breast'}),0.06078268109908409,0.14238134887593673,0.02497918401332223,0.410958904109589,2.886325402547464,1.0,0.016324863890138732,1.4559572449315492,0.6958333333333333,0.14018691588785046,0.31316664450059845,0.29319875030040854
frozenset({'Smoked Beef Ribs'}),frozenset({'Grilled Chicken Breast'}),0.16902581182348042,0.14238134887593673,0.0324729392173189,0.1921182266009852,1.3493215798115978,1.0,0.0084068161350415,1.0615645498669808,0.3115461692616,0.11641791044776119,0.057994165192022544,0.21009420101979082
frozenset({'Grilled Chicken Breast'}),frozenset({'Smoked Beef Ribs'}),0.14238134887593673,0.16902581182348042,0.0324729392173189,0.22807017543859645,1.3493215798115978,1.0,0.0084068161350415,1.076489289228673,0.30186706497386095,0.11641791044776119,0.07105438948071578,0.21009420101979082
frozenset({'Smoked Sausage Combo'}),frozenset({'Grilled Chicken Breast'}),0.16402997502081598,0.14238134887593673,0.027477102414654453,0.16751269035532995,1.1765072579926974,1.0,0.004122293315104466,1.0301882577526857,0.17946396233248813,0.09850746268656714,0.029303632152185687,0.1802475732478404
frozenset({'Grilled Chicken Breast'}),frozenset({'Smoked Sausage Combo'}),0.14238134887593673,0.16402997502081598,0.027477102414654453,0.19298245614035084,1.1765072579926972,1.0,0.004122293315104466,1.0358759005176845,0.17493380406001754,0.09850746268656714,0.03463339623960295,0.1802475732478404
frozenset({'Grilled Chicken Breast'}),frozenset({'Spicy Chicken Fajita Pizza'}),0.14238134887593673,0.08326394671107411,0.014154870940882597,0.09941520467836257,1.1939766081871344,1.0,0.0022996378954257494,1.0179341890415996,0.1894346087949741,0.06692913385826771,0.01761822054379059,0.13470760233918128
frozenset({'Spicy Chicken Fajita Pizza'}),frozenset({'Grilled Chicken Breast'}),0.08326394671107411,0.14238134887593673,0.014154870940882597,0.16999999999999998,1.1939766081871344,1.0,0.0022996378954257494,1.033275483282004,0.17721857135224645,0.06692913385826771,0.0322038834951456,0.13470760233918128
frozenset({'Strawberry Milkshake'}),frozenset({'Grilled Chicken Breast'}),0.051623646960865945,0.14238134887593673,0.010824313072439634,0.20967741935483872,1.4726466704395396,1.0,0.0034740685842563892,1.0851501299937127,0.3384210170865131,0.0590909090909091,0.07846852489821483,0.1428504055838521
frozenset({'Grilled Chicken Breast'}),frozenset({'Strawberry Milkshake'}),0.14238134887593673,0.051623646960865945,0.010824313072439634,0.07602339181286549,1.4726466704395396,1.0,0.0034740685842563892,1.0264073187955185,0.37423450336071695,0.0590909090909091,0.025727913579676433,0.1428504055838521
frozenset({'Grilled Chicken Breast'}),frozenset({'Tandoori Chicken Pizza'}),0.14238134887593673,0.10241465445462115,0.020815986677768527,0.14619883040935672,1.4275186611515236,1.0,0.006234050031856604,1.0512814663579437,0.3492038834951455,0.09293680297397768,0.04877995855439463,0.17472543146484096
frozenset({'Tandoori Chicken Pizza'}),frozenset({'Grilled Chicken Breast'}),0.10241465445462115,0.14238134887593673,0.020815986677768527,0.2032520325203252,1.4275186611515236,1.0,0.006234050031856604,1.076398919267957,0.33365491651205925,0.09293680297397768,0.07097639908437917,0.17472543146484096
frozenset({'Turkey Bacon & Eggs'}),frozenset({'Grilled Chicken Breast'}),0.10990840965861781,0.14238134887593673,0.02331390507910075,0.21212121212121213,1.4898103845472266,1.0,0.007664997459097711,1.0885159802728497,0.36937057329947875,0.10181818181818182,0.08131803471609296,0.18793195108984584
frozenset({'Grilled Chicken Breast'}),frozenset({'Turkey Bacon & Eggs'}),0.14238134887593673,0.10990840965861781,0.02331390507910075,0.16374269005847952,1.4898103845472266,1.0,0.007664997459097711,1.0643752583802542,0.3833564493758667,0.10181818181818182,0.060481731300499456,0.18793195108984584
frozenset({'Veggie Supreme Pizza'}),frozenset({'Grilled Chicken Breast'}),0.11323896752706078,0.14238134887593673,0.028309741881765195,0.25,1.7558479532163742,1.0,0.012186624939943883,1.1434915348320844,0.4854460093896713,0.12454212454212452,0.12548543689320385,0.22441520467836257
frozenset({'Grilled Chicken Breast'}),frozenset({'Veggie Supreme Pizza'}),0.14238134887593673,0.11323896752706078,0.028309741881765195,0.19883040935672514,1.7558479532163742,1.0,0.012186624939943883,1.1068331135246177,0.5019417475728154,0.12454212454212452,0.09652142876753698,0.22441520467836257
frozenset({'Hawaiian Pizza'}),frozenset({'Grilled Prawns'}),0.10574521232306411,0.10824313072439634,0.020815986677768527,0.1968503937007874,1.8185947910357358,1.0,0.009369793836804051,1.1103247293921732,0.5033519553072626,0.10775862068965517,0.09936257967754031,0.19457904300423987
frozenset({'Grilled Prawns'}),frozenset({'Hawaiian Pizza'}),0.10824313072439634,0.10574521232306411,0.020815986677768527,0.19230769230769232,1.818594791035736,1.0,0.009369793836804051,1.1071725942666826,0.5047619047619047,0.10775862068965517,0.09679845294370436,0.19457904300423987
frozenset({'Mango Smoothie'}),frozenset({'Grilled Prawns'}),0.06328059950041633,0.10824313072439634,0.012489592006661115,0.19736842105263155,1.8233805668016192,1.0,0.005639901802619381,1.1110413453269816,0.48207407407407393,0.07853403141361257,0.09994348616639634,0.15637651821862347
frozenset({'Grilled Prawns'}),frozenset({'Mango Smoothie'}),0.10824313072439634,0.06328059950041633,0.012489592006661115,0.11538461538461538,1.8233805668016192,1.0,0.005639901802619381,1.0589001918690946,0.5063803299097415,0.07853403141361257,0.05562393162393161,0.15637651821862347
frozenset({'Mutton Karahi'}),frozenset({'Grilled Prawns'}),0.10657785179017486,0.10824313072439634,0.02331390507910075,0.21875,2.0209134615384614,1.0,0.011777584735451515,1.1414487926727728,0.5654373585408069,0.1217391304347826,0.1239204014939309,0.2170673076923077
frozenset({'Grilled Prawns'}),frozenset({'Mutton Karahi'}),0.10824313072439634,0.10657785179017486,0.02331390507910075,0.21538461538461537,2.0209134615384614,1.0,0.011777584735451515,1.1386752869340908,0.5664932639722555,0.1217391304347826,0.12178650799340453,0.2170673076923077
frozenset({'Naan Garlic Bread'}),frozenset({'Grilled Prawns'}),0.1015820149875104,0.10824313072439634,0.02497918401332223,0.2459016393442623,2.271752837326608,1.0,0.013983628685781553,1.1825471527350397,0.6231078158789002,0.13513513513513511,0.1543677580321746,0.23833543505674654
frozenset({'Grilled Prawns'}),frozenset({'Naan Garlic Bread'}),0.10824313072439634,0.1015820149875104,0.02497918401332223,0.23076923076923075,2.271752837326608,1.0,0.013983628685781553,1.1679433805162365,0.62776221599751,0.13513513513513511,0.14379411135666928,0.23833543505674654
frozenset({'Grilled Prawns'}),frozenset({'Omelette with Cheese'}),0.10824313072439634,0.08825978351373855,0.019150707743547043,0.1769230769230769,2.0045718432510884,1.0,0.00959719245896252,1.1077217583477943,0.5619697154224007,0.107981220657277,0.09724622409553915,0.1969521044992743
frozenset({'Omelette with Cheese'}),frozenset({'Grilled Prawns'}),0.08825978351373855,0.10824313072439634,0.019150707743547043,0.2169811320754717,2.0045718432510884,1.0,0.00959719245896252,1.1388702185929398,0.5496525709747865,0.107981220657277,0.1219368250444832,0.1969521044992743
frozenset({'Paneer Tikka Masala'}),frozenset({'Grilled Prawns'}),0.11074104912572856,0.10824313072439634,0.018318068276436304,0.16541353383458648,1.5281665702718334,1.0,0.006331110419363271,1.0685014739968945,0.388661899897855,0.0912863070539419,0.06410985446810304,0.16732215153267788
frozenset({'Grilled Prawns'}),frozenset({'Paneer Tikka Masala'}),0.10824313072439634,0.11074104912572856,0.018318068276436304,0.16923076923076924,1.5281665702718334,1.0,0.006331110419363271,1.0704042927190305,0.3875732111026229,0.0912863070539419,0.06577355229040624,0.16732215153267788
frozenset({'Peri Peri Grilled Wings'}),frozenset({'Grilled Prawns'}),0.11074104912572856,0.10824313072439634,0.019983347210657785,0.18045112781954886,1.667090803932909,1.0,0.007996389353584751,1.0881070056298652,0.4499843945068664,0.10041841004184099,0.08097273997318223,0.18253325621746674
frozenset({'Grilled Prawns'}),frozenset({'Peri Peri Grilled Wings'}),0.10824313072439634,0.11074104912572856,0.019983347210657785,0.1846153846153846,1.667090803932909,1.0,0.007996389353584751,1.0906006001288235,0.4487239340180516,0.10041841004184099,0.0830740420628061,0.18253325621746674
frozenset({'Grilled Prawns'}),frozenset({'Scrambled Eggs Meal'}),0.10824313072439634,0.06078268109908409,0.012489592006661115,0.11538461538461538,1.898314014752371,1.0,0.005910284310673661,1.061723925714079,0.5306567071272953,0.0797872340425532,0.05813557010365521,0.16043203371970494
frozenset({'Scrambled Eggs Meal'}),frozenset({'Grilled Prawns'}),0.06078268109908409,0.10824313072439634,0.012489592006661115,0.2054794520547945,1.8983140147523707,1.0,0.005910284310673661,1.1223836458123977,0.5038416075650118,0.0797872340425532,0.1090390494097182,0.16043203371970494
frozenset({'Smoked Beef Ribs'}),frozenset({'Grilled Prawns'}),0.16902581182348042,0.10824313072439634,0.019983347210657785,0.11822660098522168,1.0922319060250094,1.0,0.0016874641656515754,1.0113220361058521,0.10161990647962584,0.07766990291262137,0.011195282710785466,0.15142099280030313
frozenset({'Grilled Prawns'}),frozenset({'Smoked Beef Ribs'}),0.10824313072439634,0.16902581182348042,0.019983347210657785,0.1846153846153846,1.0922319060250094,1.0,0.0016874641656515754,1.0191192873862975,0.09469343292872696,0.07766990291262137,0.018760598119315547,0.15142099280030313
frozenset({'Veggie Supreme Pizza'}),frozenset({'Grilled Prawns'}),0.11323896752706078,0.10824313072439634,0.017485428809325562,0.15441176470588236,1.426527149321267,1.0,0.00522808844419825,1.0545994280128879,0.3371786273194724,0.08571428571428572,0.05177266985225463,0.15797511312217194
frozenset({'Grilled Prawns'}),frozenset({'Veggie Supreme Pizza'}),0.10824313072439634,0.11323896752706078,0.017485428809325562,0.16153846153846152,1.4265271493212668,1.0,0.00522808844419825,1.0576049011145148,0.3352896714241252,0.08571428571428572,0.05446731672083783,0.15797511312217194
frozenset({'Mutton Karahi'}),frozenset({'Hawaiian Pizza'}),0.10657785179017486,0.10574521232306411,0.019983347210657785,0.1875,1.7731299212598426,1.0,0.008713249644169686,1.1006212771408441,0.48803976390183285,0.10389610389610389,0.09142225325884544,0.18823818897637795
frozenset({'Hawaiian Pizza'}),frozenset({'Mutton Karahi'}),0.10574521232306411,0.10657785179017486,0.019983347210657785,0.1889763779527559,1.7731299212598424,1.0,0.008713249644169686,1.1015981827441532,0.4875853507138423,0.10389610389610389,0.09222798687908652,0.18823818897637795
frozenset({'Naan Garlic Bread'}),frozenset({'Hawaiian Pizza'}),0.1015820149875104,0.10574521232306411,0.017485428809325562,0.1721311475409836,1.62779140312379,1.0,0.006743617066266593,1.0801889514513483,0.42927754975947746,0.09210526315789475,0.0742360411515096,0.16874273912482252
frozenset({'Hawaiian Pizza'}),frozenset({'Naan Garlic Bread'}),0.10574521232306411,0.1015820149875104,0.017485428809325562,0.16535433070866143,1.6277914031237901,1.0,0.006743617066266593,1.076406453741379,0.4312760485944844,0.09210526315789475,0.07098290192873251,0.16874273912482252
frozenset({'Hawaiian Pizza'}),frozenset({'Omelette with Cheese'}),0.10574521232306411,0.08825978351373855,0.018318068276436304,0.17322834645669294,1.9627098499480022,1.0,0.008985018729188348,1.1027714999405258,0.5485017775520569,0.10426540284360192,0.09319383022327692,0.19038775813400688
frozenset({'Omelette with Cheese'}),frozenset({'Hawaiian Pizza'}),0.08825978351373855,0.10574521232306411,0.018318068276436304,0.2075471698113208,1.9627098499480022,1.0,0.008985018729188348,1.1284643749256573,0.5379825653798257,0.10426540284360192,0.11383999156740808,0.19038775813400688
frozenset({'Paneer Tikka Masala'}),frozenset({'Hawaiian Pizza'}),0.11074104912572856,0.10574521232306411,0.022481265611990008,0.20300751879699247,1.9197797643715588,1.0,0.010770929859310968,1.12203666755691,0.5387709807185462,0.11587982832618025,0.108763528934067,0.20780297199692144
frozenset({'Hawaiian Pizza'}),frozenset({'Paneer Tikka Masala'}),0.10574521232306411,0.11074104912572856,0.022481265611990008,0.2125984251968504,1.9197797643715588,1.0,0.010770929859310968,1.1293588676103248,0.5357610869715154,0.11587982832618025,0.1145418620425256,0.20780297199692144
frozenset({'Hawaiian Pizza'}),frozenset({'Paratha with Omelette'}),0.10574521232306411,0.12489592006661115,0.018318068276436304,0.17322834645669294,1.3869816272965882,1.0,0.005110922690708064,1.058459220490861,0.3120027086507534,0.08627450980392158,0.05523048914794312,0.1599475065616798
frozenset({'Paratha with Omelette'}),frozenset({'Hawaiian Pizza'}),0.12489592006661115,0.10574521232306411,0.018318068276436304,0.14666666666666667,1.386981627296588,1.0,0.005110922690708064,1.0479548293089094,0.3188305509903988,0.08627450980392158,0.04576039726877716,0.1599475065616798
frozenset({'Peri Peri Grilled Wings'}),frozenset({'Hawaiian Pizza'}),0.11074104912572856,0.10574521232306411,0.019983347210657785,0.18045112781954886,1.706470901663608,1.0,0.008273011457978745,1.091154924413142,0.46555087390761557,0.10169491525423728,0.0835398552246538,0.18471375288615238
frozenset({'Hawaiian Pizza'}),frozenset({'Peri Peri Grilled Wings'}),0.10574521232306411,0.11074104912572856,0.019983347210657785,0.1889763779527559,1.7064709016636077,1.0,0.008273011457978745,1.096464920010024,0.46295003103662324,0.10169491525423728,0.08797811790380135,0.18471375288615238
frozenset({'Smoked Beef Ribs'}),frozenset({'Hawaiian Pizza'}),0.16902581182348042,0.10574521232306411,0.025811823480432972,0.15270935960591134,1.4441255187929096,1.0,0.007938153121080756,1.0554286156884767,0.37009502876721195,0.1036789297658863,0.052517635834915755,0.19840192389744388
frozenset({'Hawaiian Pizza'}),frozenset({'Smoked Beef Ribs'}),0.10574521232306411,0.16902581182348042,0.025811823480432972,0.2440944881889764,1.4441255187929096,1.0,0.007938153121080756,1.0993096031085208,0.3439058088544483,0.1036789297658863,0.09033815662821709,0.19840192389744388
frozenset({'Hawaiian Pizza'}),frozenset({'Spicy Chicken Fajita Pizza'}),0.10574521232306411,0.08326394671107411,0.010824313072439634,0.10236220472440946,1.2293700787401576,1.0,0.0020195493486208083,1.0212761295411719,0.20863773098409985,0.06074766355140187,0.020832886352421216,0.11618110236220473
frozenset({'Spicy Chicken Fajita Pizza'}),frozenset({'Hawaiian Pizza'}),0.08326394671107411,0.10574521232306411,0.010824313072439634,0.13,1.2293700787401576,1.0,0.0020195493486208083,1.0278790662953285,0.20352127436596115,0.06074766355140187,0.02712290502793297,0.11618110236220473
frozenset({'Hawaiian Pizza'}),frozenset({'Tandoori Chicken Pizza'}),0.10574521232306411,0.10241465445462115,0.013322231473771857,0.12598425196850394,1.2301389155623839,1.0,0.0024923720934747,1.0269670169753433,0.2092062383612663,0.06837606837606837,0.026258892963054937,0.12803277639075603
frozenset({'Tandoori Chicken Pizza'}),frozenset({'Hawaiian Pizza'}),0.10241465445462115,0.10574521232306411,0.013322231473771857,0.13008130081300812,1.2301389155623839,1.0,0.0024923720934747,1.0279751297594684,0.20842996289424864,0.06837606837606837,0.02721381962422975,0.12803277639075603
frozenset({'Turkey Bacon & Eggs'}),frozenset({'Hawaiian Pizza'}),0.10990840965861781,0.10574521232306411,0.011656952539550375,0.10606060606060606,1.0029825817227394,1.0,3.4664424109523764e-05,1.0003528133335216,0.003340906053721849,0.05714285714285715,0.0003526889001749425,0.10814841326652351
frozenset({'Hawaiian Pizza'}),frozenset({'Turkey Bacon & Eggs'}),0.10574521232306411,0.10990840965861781,0.011656952539550375,0.11023622047244096,1.0029825817227394,1.0,3.4664424109523764e-05,1.0003684245429694,0.0033253524873637394,0.05714285714285715,0.00036828885631580714,0.10814841326652351
frozenset({'Hawaiian Pizza'}),frozenset({'Veggie Supreme Pizza'}),0.10574521232306411,0.11323896752706078,0.018318068276436304,0.17322834645669294,1.52975914775359,1.0,0.0063435896120427,1.072558582133936,0.38725241239207725,0.09128630705394192,0.06764999445491851,0.16749652616952293
frozenset({'Veggie Supreme Pizza'}),frozenset({'Hawaiian Pizza'}),0.11323896752706078,0.10574521232306411,0.018318068276436304,0.16176470588235295,1.5297591477535897,1.0,0.0063435896120427,1.066830273018099,0.3905249679897567,0.09128630705394192,0.06264377259283603,0.16749652616952293
frozenset({'Iced Caramel Latte'}),frozenset({'Margherita Pizza'}),0.05245628642797669,0.0749375520399667,0.010824313072439634,0.20634920634920637,2.753615520282187,1.0,0.006893367378419732,1.165578684429642,0.6720967959983777,0.09285714285714286,0.14205706284914207,0.17539682539682538
frozenset({'Margherita Pizza'}),frozenset({'Iced Caramel Latte'}),0.0749375520399667,0.05245628642797669,0.010824313072439634,0.14444444444444443,2.7536155202821866,1.0,0.006893367378419732,1.1075186262530141,0.6884303814996884,0.09285714285714286,0.09708064831087677,0.17539682539682538
frozenset({'Iced Caramel Latte'}),frozenset({'Mediterranean Olive Pizza'}),0.05245628642797669,0.08825978351373855,0.010824313072439634,0.20634920634920637,2.337975441749027,1.0,0.006194532588371751,1.1487926727726896,0.603961065296742,0.08333333333333334,0.12952091034282817,0.16449535789158432
frozenset({'Mediterranean Olive Pizza'}),frozenset({'Iced Caramel Latte'}),0.08825978351373855,0.05245628642797669,0.010824313072439634,0.12264150943396228,2.337975441749027,1.0,0.006194532588371751,1.0799960606304781,0.6276782578152442,0.08333333333333334,0.07407069668733629,0.16449535789158432
frozenset({'Iced Caramel Latte'}),frozenset({'Paratha with Omelette'}),0.05245628642797669,0.12489592006661115,0.010824313072439634,0.20634920634920637,1.6521693121693124,1.0,0.004272736915739798,1.10263114071607,0.41658780586724353,0.06500000000000002,0.0930783985018048,0.14650793650793653
frozenset({'Paratha with Omelette'}),frozenset({'Iced Caramel Latte'}),0.12489592006661115,0.05245628642797669,0.010824313072439634,0.08666666666666667,1.6521693121693122,1.0,0.004272736915739798,1.0374566206992955,0.4510722388933616,0.06500000000000002,0.03610427650849444,0.14650793650793653
frozenset({'Iced Caramel Latte'}),frozenset({'Smoked Beef Ribs'}),0.05245628642797669,0.16902581182348042,0.012489592006661115,0.23809523809523808,1.4086324184846353,1.0,0.0036231256079273383,1.090653621981682,0.30615114235500884,0.05976095617529881,0.08311861818875847,0.15599343185550082
frozenset({'Smoked Beef Ribs'}),frozenset({'Iced Caramel Latte'}),0.16902581182348042,0.05245628642797669,0.012489592006661115,0.07389162561576355,1.4086324184846353,1.0,0.0036231256079273383,1.0231456056123442,0.3490981963927856,0.05976095617529881,0.022622005592734647,0.15599343185550082
frozenset({'Iced Caramel Latte'}),frozenset({'Smoked Sausage Combo'}),0.05245628642797669,0.16402997502081598,0.020815986677768527,0.39682539682539686,2.4192248811538155,1.0,0.012211583325302743,1.3859503045707526,0.6191212653778561,0.10638297872340424,0.2784734079554797,0.26186447506244465
frozenset({'Smoked Sausage Combo'}),frozenset({'Iced Caramel Latte'}),0.16402997502081598,0.05245628642797669,0.020815986677768527,0.1269035532994924,2.4192248811538155,1.0,0.012211583325302743,1.0852680905447012,0.7017529880478088,0.10638297872340424,0.07856868849972792,0.26186447506244465
frozenset({'Korean BBQ Short Ribs'}),frozenset({'Mediterranean Olive Pizza'}),0.13322231473771856,0.08825978351373855,0.02414654454621149,0.18125000000000002,2.053596698113208,1.0,0.01238837188826131,1.113575836929785,0.5919043360164299,0.12236286919831225,0.10199200913242013,0.22741745283018872
frozenset({'Mediterranean Olive Pizza'}),frozenset({'Korean BBQ Short Ribs'}),0.08825978351373855,0.13322231473771856,0.02414654454621149,0.2735849056603774,2.053596698113208,1.0,0.01238837188826131,1.1932264238675565,0.5627145331443868,0.12236286919831225,0.1619360919290233,0.22741745283018872
frozenset({'Korean BBQ Short Ribs'}),frozenset({'Mint Margarita'}),0.13322231473771856,0.05995004163197336,0.013322231473771857,0.1,1.6680555555555556,1.0,0.005335548158937772,1.0444999537422517,0.4620557156580211,0.07407407407407407,0.042604074402125776,0.1611111111111111
frozenset({'Mint Margarita'}),frozenset({'Korean BBQ Short Ribs'}),0.05995004163197336,0.13322231473771856,0.013322231473771857,0.2222222222222222,1.6680555555555556,1.0,0.005335548158937772,1.1144284524800763,0.4260407440212578,0.07407407407407407,0.10267904792400469,0.1611111111111111
frozenset({'Korean BBQ Short Ribs'}),frozenset({'Mushroom Alfredo Pizza'}),0.13322231473771856,0.09908409658617819,0.013322231473771857,0.1,1.0092436974789916,1.0,0.00012201877286552136,1.001017670459802,0.010566762728146065,0.06083650190114069,0.0010166358595194137,0.11722689075630252
frozenset({'Mushroom Alfredo Pizza'}),frozenset({'Korean BBQ Short Ribs'}),0.09908409658617819,0.13322231473771856,0.013322231473771857,0.13445378151260504,1.0092436974789916,1.0,0.00012201877286552136,1.0014227625845775,0.010166358595194136,0.06083650190114069,0.0014207412071456833,0.11722689075630252
frozenset({'Mutton Karahi'}),frozenset({'Korean BBQ Short Ribs'}),0.10657785179017486,0.13322231473771856,0.01498751040799334,0.140625,1.05556640625,1.0,0.0007889622927327433,1.0086140337597458,0.0589209899554728,0.06666666666666667,0.008540465898174839,0.12656250000000002
frozenset({'Korean BBQ Short Ribs'}),frozenset({'Mutton Karahi'}),0.13322231473771856,0.10657785179017486,0.01498751040799334,0.11250000000000002,1.05556640625,1.0,0.0007889622927327433,1.006672843053324,0.06073220194257666,0.06666666666666667,0.006628611369990696,0.12656250000000002
frozenset({'Korean BBQ Short Ribs'}),frozenset({'Omelette with Cheese'}),0.13322231473771856,0.08825978351373855,0.020815986677768527,0.15625,1.7703419811320755,1.0,0.009057814019818346,1.0805809973170506,0.5020172910662825,0.1037344398340249,0.07457191780821919,0.19604952830188682
frozenset({'Omelette with Cheese'}),frozenset({'Korean BBQ Short Ribs'}),0.08825978351373855,0.13322231473771856,0.020815986677768527,0.23584905660377362,1.7703419811320757,1.0,0.009057814019818346,1.1343016621950845,0.4772602739726028,0.1037344398340249,0.11840030449676475,0.19604952830188682
frozenset({'Pancakes with Maple Syrup'}),frozenset({'Korean BBQ Short Ribs'}),0.08825978351373855,0.13322231473771856,0.01665278934221482,0.18867924528301888,1.4162735849056605,1.0,0.004894616684264639,1.0683538911372306,0.32237442922374426,0.08130081300813008,0.06398057020644157,0.15683962264150944
frozenset({'Korean BBQ Short Ribs'}),frozenset({'Pancakes with Maple Syrup'}),0.13322231473771856,0.08825978351373855,0.01665278934221482,0.125,1.4162735849056605,1.0,0.004894616684264639,1.0419888188414417,0.3390970220941402,0.08130081300813008,0.04029680365296804,0.15683962264150944
frozenset({'Paneer Tikka Masala'}),frozenset({'Korean BBQ Short Ribs'}),0.11074104912572856,0.13322231473771856,0.022481265611990008,0.20300751879699247,1.5238251879699247,1.0,0.007728086710977045,1.087560680564938,0.38656540435566655,0.10150375939849623,0.08051107596079535,0.18587875939849624
frozenset({'Korean BBQ Short Ribs'}),frozenset({'Paneer Tikka Masala'}),0.13322231473771856,0.11074104912572856,0.022481265611990008,0.16875,1.523825187969925,1.0,0.007728086710977045,1.069785204059274,0.39659159639947345,0.10150375939849623,0.06523291198501874,0.18587875939849624
frozenset({'Korean BBQ Short Ribs'}),frozenset({'Paratha with Omelette'}),0.13322231473771856,0.12489592006661115,0.02997502081598668,0.22500000000000003,1.8015000000000003,1.0,0.013336097243415668,1.12916655475276,0.5132885046429715,0.13138686131386862,0.1143910561370124,0.23250000000000004
frozenset({'Paratha with Omelette'}),frozenset({'Korean BBQ Short Ribs'}),0.12489592006661115,0.13322231473771856,0.02997502081598668,0.24000000000000002,1.8015000000000003,1.0,0.013336097243415668,1.1404969542924757,0.5084046939422772,0.13138686131386862,0.12318924111431317,0.23250000000000004
frozenset({'Korean BBQ Short Ribs'}),frozenset({'Pepperoni Pizza'}),0.13322231473771856,0.07577019150707744,0.01665278934221482,0.125,1.6497252747252746,1.0,0.00655850904152174,1.056262638277626,0.4543707973102785,0.08658008658008658,0.05326576576576576,0.1723901098901099
frozenset({'Pepperoni Pizza'}),frozenset({'Korean BBQ Short Ribs'}),0.07577019150707744,0.13322231473771856,0.01665278934221482,0.21978021978021978,1.6497252747252749,1.0,0.00655850904152174,1.1109404135051777,0.4261261261261261,0.08658008658008658,0.09986171369456671,0.1723901098901099
frozenset({'Korean BBQ Short Ribs'}),frozenset({'Scrambled Eggs Meal'}),0.13322231473771856,0.06078268109908409,0.014154870940882597,0.10625,1.7480308219178082,1.0,0.00605726146889804,1.0508725246443813,0.4936994970899023,0.07870370370370372,0.04840979609929078,0.16956335616438356
frozenset({'Scrambled Eggs Meal'}),frozenset({'Korean BBQ Short Ribs'}),0.06078268109908409,0.13322231473771856,0.014154870940882597,0.23287671232876714,1.7480308219178085,1.0,0.00605726146889804,1.1299066254311885,0.45562161034626625,0.07870370370370372,0.11497111576066218,0.16956335616438356
frozenset({'Smoked Sausage Combo'}),frozenset({'Korean BBQ Short Ribs'}),0.16402997502081598,0.13322231473771856,0.028309741881765195,0.17258883248730963,1.295494923857868,1.0,0.006457288923121935,1.0475779386298738,0.27284977736114374,0.10526315789473684,0.04541708724040238,0.19254441624365481
frozenset({'Korean BBQ Short Ribs'}),frozenset({'Smoked Sausage Combo'}),0.13322231473771856,0.16402997502081598,0.028309741881765195,0.2125,1.2954949238578681,1.0,0.006457288923121935,1.0615492380688052,0.26315194665762565,0.10526315789473684,0.05798057768924302,0.19254441624365481
frozenset({'Korean BBQ Short Ribs'}),frozenset({'Spicy Chicken Fajita Pizza'}),0.13322231473771856,0.08326394671107411,0.01498751040799334,0.11250000000000002,1.3511250000000001,1.0,0.0038948946929459986,1.0329420318748461,0.2998185505390117,0.0743801652892562,0.031891462306993655,0.14625
frozenset({'Spicy Chicken Fajita Pizza'}),frozenset({'Korean BBQ Short Ribs'}),0.08326394671107411,0.13322231473771856,0.01498751040799334,0.18,1.351125,1.0,0.0038948946929459986,1.0570459576369287,0.28347966495105464,0.0743801652892562,0.05396733909702209,0.14625
frozenset({'Korean BBQ Short Ribs'}),frozenset({'Turkey Bacon & Eggs'}),0.13322231473771856,0.10990840965861781,0.02997502081598668,0.22500000000000003,2.0471590909090915,1.0,0.01533276807212419,1.1485052778598481,0.5901376881203971,0.14062500000000003,0.12930308699719367,0.2488636363636364
frozenset({'Turkey Bacon & Eggs'}),frozenset({'Korean BBQ Short Ribs'}),0.10990840965861781,0.13322231473771856,0.02997502081598668,0.27272727272727276,2.047159090909091,1.0,0.01533276807212419,1.191819317235637,0.5746803866541941,0.14062500000000003,0.16094664221465377,0.2488636363636364
frozenset({'Korean BBQ Short Ribs'}),frozenset({'Veggie Supreme Pizza'}),0.13322231473771856,0.11323896752706078,0.028309741881765195,0.2125,1.8765625,1.0,0.013223784509300812,1.1260457555211927,0.5389048991354467,0.1297709923664122,0.11193661971830986,0.23125
frozenset({'Veggie Supreme Pizza'}),frozenset({'Korean BBQ Short Ribs'}),0.11323896752706078,0.13322231473771856,0.028309741881765195,0.25,1.8765625000000001,1.0,0.013223784509300812,1.1557035803497087,0.5267605633802818,0.1297709923664122,0.13472622478386168,0.23125
frozenset({'Mango Smoothie'}),frozenset({'Mediterranean Olive Pizza'}),0.06328059950041633,0.08825978351373855,0.011656952539550375,0.18421052631578946,2.087140019860973,1.0,0.0060718205270240385,1.1176170395638043,0.556063492063492,0.08333333333333333,0.10523912521028599,0.15814299900695133
frozenset({'Mediterranean Olive Pizza'}),frozenset({'Mango Smoothie'}),0.08825978351373855,0.06328059950041633,0.011656952539550375,0.1320754716981132,2.087140019860973,1.0,0.0060718205270240385,1.0792636570973464,0.5712981082844096,0.08333333333333333,0.07344234800838574,0.15814299900695133
frozenset({'Mango Smoothie'}),frozenset({'Mushroom Alfredo Pizza'}),0.06328059950041633,0.09908409658617819,0.01582014987510408,0.25,2.523109243697479,1.0,0.009550048842173572,1.2012212045517623,0.6444444444444445,0.10795454545454546,0.16751386321626618,0.20483193277310924
frozenset({'Mushroom Alfredo Pizza'}),frozenset({'Mango Smoothie'}),0.09908409658617819,0.06328059950041633,0.01582014987510408,0.1596638655462185,2.523109243697479,1.0,0.009550048842173572,1.1146960865945046,0.6700554528650648,0.10795454545454546,0.10289449112978526,0.20483193277310924
frozenset({'Mango Smoothie'}),frozenset({'Omelette with Cheese'}),0.06328059950041633,0.08825978351373855,0.011656952539550375,0.18421052631578946,2.087140019860973,1.0,0.0060718205270240385,1.1176170395638043,0.556063492063492,0.08333333333333333,0.10523912521028599,0.15814299900695133
frozenset({'Omelette with Cheese'}),frozenset({'Mango Smoothie'}),0.08825978351373855,0.06328059950041633,0.011656952539550375,0.1320754716981132,2.087140019860973,1.0,0.0060718205270240385,1.0792636570973464,0.5712981082844096,0.08333333333333333,0.07344234800838574,0.15814299900695133
frozenset({'Smoked Sausage Combo'}),frozenset({'Mango Smoothie'}),0.16402997502081598,0.06328059950041633,0.019150707743547043,0.11675126903553298,1.8449772909430935,1.0,0.008770792588191493,1.0605386316001033,0.5478520699809457,0.09199999999999998,0.05708291032148898,0.2096914239914507
frozenset({'Mango Smoothie'}),frozenset({'Smoked Sausage Combo'}),0.06328059950041633,0.16402997502081598,0.019150707743547043,0.30263157894736836,1.8449772909430935,1.0,0.008770792588191493,1.1987494697814713,0.488927536231884,0.09199999999999998,0.16579733696791774,0.2096914239914507
frozenset({'Mango Smoothie'}),frozenset({'Tandoori Chicken Pizza'}),0.06328059950041633,0.10241465445462115,0.010824313072439634,0.17105263157894737,1.6701968335472828,1.0,0.004343452340923225,1.082801369229346,0.4283760683760684,0.06989247311827958,0.07646958304853042,0.13837184424475824
frozenset({'Tandoori Chicken Pizza'}),frozenset({'Mango Smoothie'}),0.10241465445462115,0.06328059950041633,0.010824313072439634,0.10569105691056911,1.6701968335472828,1.0,0.004343452340923225,1.0474226023768072,0.447052947052947,0.06989247311827958,0.04527551942186089,0.13837184424475824
frozenset({'Turkey Bacon & Eggs'}),frozenset({'Mango Smoothie'}),0.10990840965861781,0.06328059950041633,0.012489592006661115,0.11363636363636363,1.7957535885167462,1.0,0.005534521953326432,1.0568116313328637,0.4978484565014032,0.07772020725388601,0.05375757575757575,0.1555023923444976
frozenset({'Mango Smoothie'}),frozenset({'Turkey Bacon & Eggs'}),0.06328059950041633,0.10990840965861781,0.012489592006661115,0.19736842105263155,1.7957535885167464,1.0,0.005534521953326432,1.1089665715728696,0.47306666666666664,0.07772020725388601,0.09825956378317166,0.1555023923444976
frozenset({'Margherita Pizza'}),frozenset({'Mediterranean Olive Pizza'}),0.0749375520399667,0.08825978351373855,0.018318068276436304,0.24444444444444444,2.769601677148847,1.0,0.011704096156339328,1.2067149924082872,0.6906963423615089,0.12643678160919541,0.17130390664637238,0.22599580712788261
frozenset({'Mediterranean Olive Pizza'}),frozenset({'Margherita Pizza'}),0.08825978351373855,0.0749375520399667,0.018318068276436304,0.2075471698113208,2.7696016771488474,1.0,0.011704096156339328,1.1673407081400422,0.7007887090078871,0.12643678160919541,0.14335207105616227,0.22599580712788261
frozenset({'Margherita Pizza'}),frozenset({'Mushroom Alfredo Pizza'}),0.0749375520399667,0.09908409658617819,0.012489592006661115,0.16666666666666663,1.6820728291316522,1.0,0.0050644723624013,1.0810990840965862,0.4383438343834382,0.07731958762886597,0.07501540357362904,0.14635854341736693
frozenset({'Mushroom Alfredo Pizza'}),frozenset({'Margherita Pizza'}),0.09908409658617819,0.0749375520399667,0.012489592006661115,0.12605042016806722,1.6820728291316525,1.0,0.0050644723624013,1.0584849164158074,0.4500924214417744,0.07731958762886597,0.05525342450211406,0.14635854341736693
frozenset({'Margherita Pizza'}),frozenset({'Paneer Tikka Masala'}),0.0749375520399667,0.11074104912572856,0.012489592006661115,0.16666666666666663,1.5050125313283205,1.0,0.004190928874841323,1.0671107410491256,0.36273627362736266,0.07211538461538461,0.06289013732833953,0.13972431077694233
frozenset({'Paneer Tikka Masala'}),frozenset({'Margherita Pizza'}),0.11074104912572856,0.0749375520399667,0.012489592006661115,0.11278195488721804,1.5050125313283207,1.0,0.004190928874841323,1.0426551320227493,0.3773408239700374,0.07211538461538461,0.04091010604819879,0.13972431077694233
frozenset({'Smoked Beef Ribs'}),frozenset({'Margherita Pizza'}),0.16902581182348042,0.0749375520399667,0.026644462947543714,0.1576354679802956,2.1035577449370555,1.0,0.013978082377924032,1.0981735493326712,0.6313251503006012,0.12260536398467434,0.08939711705160666,0.25659551176792555
frozenset({'Margherita Pizza'}),frozenset({'Smoked Beef Ribs'}),0.0749375520399667,0.16902581182348042,0.026644462947543714,0.3555555555555555,2.103557744937055,1.0,0.013978082377924032,1.289442705791151,0.5671129612961296,0.12260536398467434,0.22447116455132482,0.25659551176792555
frozenset({'Margherita Pizza'}),frozenset({'Smoked Sausage Combo'}),0.0749375520399667,0.16402997502081598,0.013322231473771857,0.17777777777777776,1.0838127467569092,1.0,0.001030226684535021,1.0167203006503591,0.08359585958595853,0.05904059040590406,0.016445329791943318,0.12949802594472645
frozenset({'Smoked Sausage Combo'}),frozenset({'Margherita Pizza'}),0.16402997502081598,0.0749375520399667,0.013322231473771857,0.08121827411167513,1.0838127467569092,1.0,0.001030226684535021,1.0068359240227986,0.0925049800796812,0.05904059040590406,0.00678951143845349,0.12949802594472645
frozenset({'Margherita Pizza'}),frozenset({'Turkey Bacon & Eggs'}),0.0749375520399667,0.10990840965861781,0.017485428809325562,0.2333333333333333,2.1229797979797977,1.0,0.009249161640902911,1.1609890308800637,0.5718143242895718,0.1044776119402985,0.13866541939507326,0.19621212121212123
frozenset({'Turkey Bacon & Eggs'}),frozenset({'Margherita Pizza'}),0.10990840965861781,0.0749375520399667,0.017485428809325562,0.15909090909090912,2.122979797979798,1.0,0.009249161640902911,1.1000742624389588,0.5942803688360283,0.1044776119402985,0.09097046068243189,0.19621212121212123
frozenset({'Mediterranean Olive Pizza'}),frozenset({'Mushroom Alfredo Pizza'}),0.08825978351373855,0.09908409658617819,0.019150707743547043,0.2169811320754717,2.1898684001902646,1.0,0.010405566829196595,1.1505672983357242,0.5959499702203692,0.11386138613861385,0.13086353015031565,0.20512922149992072
frozenset({'Mushroom Alfredo Pizza'}),frozenset({'Mediterranean Olive Pizza'}),0.09908409658617819,0.08825978351373855,0.019150707743547043,0.19327731092436973,2.1898684001902646,1.0,0.010405566829196595,1.1301779766860949,0.6031101824318893,0.11386138613861385,0.11518360768965118,0.20512922149992072
frozenset({'Mediterranean Olive Pizza'}),frozenset({'Omelette with Cheese'}),0.08825978351373855,0.08825978351373855,0.014154870940882597,0.16037735849056603,1.8171057315770738,1.0,0.006365081554990603,1.0858928421072327,0.4932044050496911,0.08717948717948719,0.07909881967778065,0.16037735849056603
frozenset({'Omelette with Cheese'}),frozenset({'Mediterranean Olive Pizza'}),0.08825978351373855,0.08825978351373855,0.014154870940882597,0.16037735849056603,1.8171057315770738,1.0,0.006365081554990603,1.0858928421072327,0.4932044050496911,0.08717948717948719,0.07909881967778065,0.16037735849056603
frozenset({'Paneer Tikka Masala'}),frozenset({'Mediterranean Olive Pizza'}),0.11074104912572856,0.08825978351373855,0.019150707743547043,0.17293233082706766,1.9593559370123421,1.0,0.009376726721625955,1.102376807206116,0.5506025077348966,0.10648148148148148,0.09286915919936828,0.19495673145126968
frozenset({'Mediterranean Olive Pizza'}),frozenset({'Paneer Tikka Masala'}),0.08825978351373855,0.11074104912572856,0.019150707743547043,0.2169811320754717,1.9593559370123421,1.0,0.009376726721625955,1.1356801059358166,0.5370260075441732,0.10648148148148148,0.11947035545191154,0.19495673145126968
frozenset({'Smoked Beef Ribs'}),frozenset({'Mediterranean Olive Pizza'}),0.16902581182348042,0.08825978351373855,0.02164862614487927,0.12807881773399016,1.4511571707407753,1.0,0.006730444585104979,1.0456681578910232,0.3741328811469094,0.09187279151943466,0.04367366219043122,0.18668091830095734
frozenset({'Mediterranean Olive Pizza'}),frozenset({'Smoked Beef Ribs'}),0.08825978351373855,0.16902581182348042,0.02164862614487927,0.24528301886792456,1.4511571707407755,1.0,0.006730444585104979,1.1010407993338884,0.3409905163329823,0.09187279151943466,0.09176844254546834,0.18668091830095734
frozenset({'Smoked Sausage Combo'}),frozenset({'Mediterranean Olive Pizza'}),0.16402997502081598,0.08825978351373855,0.020815986677768527,0.1269035532994924,1.4378412029499092,1.0,0.006338736592667368,1.0442605967894971,0.3642629482071715,0.08992805755395683,0.04238462786547067,0.181376304951633
frozenset({'Mediterranean Olive Pizza'}),frozenset({'Smoked Sausage Combo'}),0.08825978351373855,0.16402997502081598,0.020815986677768527,0.23584905660377362,1.4378412029499092,1.0,0.006338736592667368,1.0939854647875742,0.3339908675799088,0.08992805755395683,0.08591107269037063,0.181376304951633
frozenset({'Mediterranean Olive Pizza'}),frozenset({'Strawberry Milkshake'}),0.08825978351373855,0.051623646960865945,0.012489592006661115,0.14150943396226415,2.7411746804625685,1.0,0.00793330010170542,1.1047021255181122,0.6966818873668188,0.0980392156862745,0.0947786042042838,0.19172245891661593
frozenset({'Strawberry Milkshake'}),frozenset({'Mediterranean Olive Pizza'}),0.051623646960865945,0.08825978351373855,0.012489592006661115,0.24193548387096772,2.7411746804625685,1.0,0.00793330010170542,1.2027211366414514,0.6697688030436054,0.0980392156862745,0.16855206952423032,0.19172245891661593
frozenset({'Mediterranean Olive Pizza'}),frozenset({'Tandoori Chicken Pizza'}),0.08825978351373855,0.10241465445462115,0.011656952539550375,0.1320754716981132,1.2896149716214143,1.0,0.0026178573087511734,1.0341744198675016,0.24631441617742997,0.06511627906976744,0.03304512199390905,0.12294830495474765
frozenset({'Tandoori Chicken Pizza'}),frozenset({'Mediterranean Olive Pizza'}),0.10241465445462115,0.08825978351373855,0.011656952539550375,0.11382113821138211,1.2896149716214143,1.0,0.0026178573087511734,1.0288444644753225,0.2501987808110258,0.06511627906976744,0.02803578720718714,0.12294830495474765
frozenset({'Veggie Supreme Pizza'}),frozenset({'Mediterranean Olive Pizza'}),0.11323896752706078,0.08825978351373855,0.013322231473771857,0.11764705882352942,1.3329633740288571,1.0,0.0033277847145142033,1.0333055786844296,0.2816901408450705,0.07079646017699115,0.03223207091055602,0.13429522752497228
frozenset({'Mediterranean Olive Pizza'}),frozenset({'Veggie Supreme Pizza'}),0.08825978351373855,0.11323896752706078,0.013322231473771857,0.15094339622641512,1.3329633740288571,1.0,0.0033277847145142033,1.044407438245906,0.2739726027397261,0.07079646017699115,0.042519266542652166,0.13429522752497228
frozenset({'Smoked Sausage Combo'}),frozenset({'Mint Margarita'}),0.16402997502081598,0.05995004163197336,0.02414654454621149,0.1472081218274112,2.4555132543711227,1.0,0.014312940714822024,1.1023204868958407,0.7090603104822091,0.12083333333333335,0.09282281161622749,0.2749929498025945
frozenset({'Mint Margarita'}),frozenset({'Smoked Sausage Combo'}),0.05995004163197336,0.16402997502081598,0.02414654454621149,0.4027777777777778,2.4555132543711227,1.0,0.014312940714822024,1.399763762755843,0.6305549616688556,0.12083333333333335,0.28559373616644534,0.2749929498025945
frozenset({'Mutton Karahi'}),frozenset({'Mushroom Alfredo Pizza'}),0.10657785179017486,0.09908409658617819,0.019983347210657785,0.1875,1.8923319327731092,1.0,0.009423177049932716,1.108819573432396,0.5278036657347002,0.10762331838565022,0.09814001848428835,0.19459033613445378
frozenset({'Mushroom Alfredo Pizza'}),frozenset({'Mutton Karahi'}),0.09908409658617819,0.10657785179017486,0.019983347210657785,0.20168067226890757,1.8923319327731092,1.0,0.009423177049932716,1.119128796178623,0.5234134319162046,0.10762331838565022,0.10644779813136812,0.19459033613445378
frozenset({'Paneer Tikka Masala'}),frozenset({'Mushroom Alfredo Pizza'}),0.11074104912572856,0.09908409658617819,0.01582014987510408,0.14285714285714288,1.4417767106842738,1.0,0.00484747306747569,1.0510685539827922,0.3445692883895132,0.08154506437768241,0.04858727224716136,0.1512605042016807
frozenset({'Mushroom Alfredo Pizza'}),frozenset({'Paneer Tikka Masala'}),0.09908409658617819,0.11074104912572856,0.01582014987510408,0.1596638655462185,1.4417767106842738,1.0,0.00484747306747569,1.058218151540383,0.3401109057301295,0.08154506437768241,0.05501526453277942,0.1512605042016807
frozenset({'Paratha with Omelette'}),frozenset({'Mushroom Alfredo Pizza'}),0.12489592006661115,0.09908409658617819,0.025811823480432972,0.20666666666666667,2.0857703081232493,1.0,0.013436624073333282,1.1356082816140611,0.5948558976090359,0.13025210084033614,0.11941466420209489,0.23358543417366948
frozenset({'Mushroom Alfredo Pizza'}),frozenset({'Paratha with Omelette'}),0.09908409658617819,0.12489592006661115,0.025811823480432972,0.2605042016806723,2.0857703081232497,1.0,0.013436624073333282,1.1833793808190145,0.5778128913004591,0.13025210084033614,0.15496246072168166,0.23358543417366948
frozenset({'Pepperoni Pizza'}),frozenset({'Mushroom Alfredo Pizza'}),0.07577019150707744,0.09908409658617819,0.010824313072439634,0.14285714285714288,1.4417767106842738,1.0,0.003316692098799156,1.0510685539827922,0.3315315315315316,0.06598984771573604,0.04858727224716136,0.12605042016806725
frozenset({'Mushroom Alfredo Pizza'}),frozenset({'Pepperoni Pizza'}),0.09908409658617819,0.07577019150707744,0.010824313072439634,0.10924369747899161,1.4417767106842738,1.0,0.003316692098799156,1.0375787472703566,0.3401109057301295,0.06598984771573604,0.03621773033537741,0.12605042016806725
frozenset({'Smoked Beef Ribs'}),frozenset({'Mushroom Alfredo Pizza'}),0.16902581182348042,0.09908409658617819,0.02331390507910075,0.13793103448275862,1.3920602723848159,1.0,0.006566135214825838,1.0450624479600332,0.338927855711423,0.09523809523809525,0.0431193830072025,0.18661257606490872
frozenset({'Mushroom Alfredo Pizza'}),frozenset({'Smoked Beef Ribs'}),0.09908409658617819,0.16902581182348042,0.02331390507910075,0.23529411764705882,1.392060272384816,1.0,0.006566135214825838,1.086658553769295,0.31261552680221827,0.09523809523809525,0.07974773075562891,0.18661257606490872
frozenset({'Smoked Sausage Combo'}),frozenset({'Mushroom Alfredo Pizza'}),0.16402997502081598,0.09908409658617819,0.022481265611990008,0.13705583756345177,1.3832274026361813,1.0,0.006228503723999083,1.0440025468971934,0.3314150804190645,0.09342560553633218,0.04214793060416412,0.1819732969329864
frozenset({'Mushroom Alfredo Pizza'}),frozenset({'Smoked Sausage Combo'}),0.09908409658617819,0.16402997502081598,0.022481265611990008,0.226890756302521,1.3832274026361815,1.0,0.006228503723999083,1.0813090540491619,0.30752378996371604,0.09342560553633218,0.07519501824634237,0.1819732969329864
frozenset({'Spicy Chicken Fajita Pizza'}),frozenset({'Mushroom Alfredo Pizza'}),0.08326394671107411,0.09908409658617819,0.01498751040799334,0.18,1.8166386554621847,1.0,0.00673737746992688,1.0986779309924655,0.4903622969018065,0.08955223880597016,0.08981515711645101,0.16563025210084034
frozenset({'Mushroom Alfredo Pizza'}),frozenset({'Spicy Chicken Fajita Pizza'}),0.09908409658617819,0.08326394671107411,0.01498751040799334,0.1512605042016807,1.816638655462185,1.0,0.00673737746992688,1.0801147558552693,0.49897309509139465,0.08955223880597016,0.07417244827086149,0.16563025210084034
frozenset({'Mushroom Alfredo Pizza'}),frozenset({'Tandoori Chicken Pizza'}),0.09908409658617819,0.10241465445462115,0.01665278934221482,0.1680672268907563,1.6410466625674658,1.0,0.006505125828393073,1.078915718382829,0.4335951940850276,0.09009009009009009,0.07314354313153831,0.1653344264535082
frozenset({'Tandoori Chicken Pizza'}),frozenset({'Mushroom Alfredo Pizza'}),0.10241465445462115,0.09908409658617819,0.01665278934221482,0.16260162601626016,1.641046662567466,1.0,0.006505125828393073,1.075851030290292,0.43520408163265295,0.09009009009009009,0.07050328359106142,0.1653344264535082
frozenset({'Turkey Bacon & Eggs'}),frozenset({'Mushroom Alfredo Pizza'}),0.10990840965861781,0.09908409658617819,0.02164862614487927,0.196969696969697,1.9879042526101351,1.0,0.010758450666631543,1.1218952759492875,0.5583219399870477,0.11555555555555558,0.1086512070800426,0.2077285459638401
frozenset({'Mushroom Alfredo Pizza'}),frozenset({'Turkey Bacon & Eggs'}),0.09908409658617819,0.10990840965861781,0.02164862614487927,0.21848739495798322,1.9879042526101354,1.0,0.010758450666631543,1.1389344005443494,0.5516138205602162,0.11555555555555558,0.1219863062156575,0.2077285459638401
frozenset({'Mutton Karahi'}),frozenset({'Naan Garlic Bread'}),0.10657785179017486,0.1015820149875104,0.02164862614487927,0.203125,1.9996157786885247,1.0,0.010822233206993064,1.1274264909960654,0.5595383181590079,0.11607142857142858,0.11302421223354958,0.20811987704918034
frozenset({'Naan Garlic Bread'}),frozenset({'Mutton Karahi'}),0.1015820149875104,0.10657785179017486,0.02164862614487927,0.21311475409836067,1.9996157786885247,1.0,0.010822233206993064,1.1353906466833195,0.5564268909959365,0.11607142857142858,0.11924587108306725,0.20811987704918034
frozenset({'Mutton Karahi'}),frozenset({'Paneer Tikka Masala'}),0.10657785179017486,0.11074104912572856,0.020815986677768527,0.1953125,1.763686560150376,1.0,0.009013443556958156,1.105098502057347,0.4846598322460392,0.1059322033898305,0.09510328885767791,0.19164121240601506
frozenset({'Paneer Tikka Masala'}),frozenset({'Mutton Karahi'}),0.11074104912572856,0.10657785179017486,0.020815986677768527,0.1879699248120301,1.763686560150376,1.0,0.009013443556958156,1.1002328306658031,0.48692883895131095,0.1059322033898305,0.0911014722266991,0.19164121240601506
frozenset({'Mutton Karahi'}),frozenset({'Paratha with Omelette'}),0.10657785179017486,0.12489592006661115,0.01498751040799334,0.140625,1.1259375,1.0,0.0016763715499365298,1.0183029293770343,0.12519415967691833,0.06923076923076923,0.017973953377735493,0.1303125
frozenset({'Paratha with Omelette'}),frozenset({'Mutton Karahi'}),0.12489592006661115,0.10657785179017486,0.01498751040799334,0.12000000000000001,1.1259375,1.0,0.0016763715499365298,1.0152524411475286,0.12781477957500795,0.06923076923076923,0.015023299161230203,0.1303125
frozenset({'Peri Peri Grilled Wings'}),frozenset({'Mutton Karahi'}),0.11074104912572856,0.10657785179017486,0.01582014987510408,0.14285714285714288,1.3404017857142858,1.0,0.004017606754293711,1.0423258395781294,0.2855805243445694,0.07851239669421488,0.04060710957262683,0.14564732142857145
frozenset({'Mutton Karahi'}),frozenset({'Peri Peri Grilled Wings'}),0.10657785179017486,0.11074104912572856,0.01582014987510408,0.1484375,1.3404017857142858,1.0,0.004017606754293711,1.0442673918523555,0.2842497670083878,0.07851239669421488,0.042390859082397,0.14564732142857145
frozenset({'Mutton Karahi'}),frozenset({'Smoked Beef Ribs'}),0.10657785179017486,0.16902581182348042,0.018318068276436304,0.171875,1.016856527093596,1.0,0.0003036603551994227,1.0034405291188162,0.018554604761501416,0.07119741100323625,0.0034287324649298744,0.14012469211822662
frozenset({'Smoked Beef Ribs'}),frozenset({'Mutton Karahi'}),0.16902581182348042,0.10657785179017486,0.018318068276436304,0.10837438423645322,1.0168565270935963,1.0,0.0003036603551994227,1.002014895506047,0.019948988886864753,0.07119741100323625,0.0020108438657784867,0.14012469211822662
frozenset({'Mutton Karahi'}),frozenset({'Smoked Sausage Combo'}),0.10657785179017486,0.16402997502081598,0.018318068276436304,0.171875,1.0478267766497462,1.0,0.0008361059095216943,1.0094732377107127,0.0510887062611201,0.07260726072607261,0.009384337649402396,0.14177506345177665
frozenset({'Smoked Sausage Combo'}),frozenset({'Mutton Karahi'}),0.16402997502081598,0.10657785179017486,0.018318068276436304,0.11167512690355332,1.0478267766497462,1.0,0.0008361059095216943,1.005738075413346,0.054599782687432145,0.07260726072607261,0.005705337755048954,0.14177506345177665
frozenset({'Mutton Karahi'}),frozenset({'Spicy Chicken Fajita Pizza'}),0.10657785179017486,0.08326394671107411,0.01665278934221482,0.15625,1.8765625,1.0,0.007778696770176946,1.0865019890831715,0.5228331780055917,0.09615384615384615,0.07961512261580381,0.17812499999999998
frozenset({'Spicy Chicken Fajita Pizza'}),frozenset({'Mutton Karahi'}),0.08326394671107411,0.10657785179017486,0.01665278934221482,0.19999999999999998,1.8765624999999997,1.0,0.007778696770176946,1.1167776852622813,0.5095367847411444,0.09615384615384615,0.10456663560111834,0.17812499999999998
frozenset({'Mutton Karahi'}),frozenset({'Tandoori Chicken Pizza'}),0.10657785179017486,0.10241465445462115,0.013322231473771857,0.125,1.2205284552845528,1.0,0.002407097610165273,1.025811823480433,0.20223671947809876,0.06808510638297872,0.025162337662337657,0.12754065040650406
frozenset({'Tandoori Chicken Pizza'}),frozenset({'Mutton Karahi'}),0.10241465445462115,0.10657785179017486,0.013322231473771857,0.13008130081300812,1.2205284552845528,1.0,0.002407097610165273,1.0270179834561541,0.20129870129870128,0.06808510638297872,0.02630721554186649,0.12754065040650406
frozenset({'Mutton Karahi'}),frozenset({'Turkey Bacon & Eggs'}),0.10657785179017486,0.10990840965861781,0.022481265611990008,0.2109375,1.919211647727273,1.0,0.010767463416900016,1.1280368669672962,0.536087811949881,0.11587982832618025,0.11350415107577176,0.2077414772727273
frozenset({'Turkey Bacon & Eggs'}),frozenset({'Mutton Karahi'}),0.10990840965861781,0.10657785179017486,0.022481265611990008,0.20454545454545456,1.9192116477272727,1.0,0.010767463416900016,1.1231592720352088,0.538093753248103,0.11587982832618025,0.10965432517156656,0.2077414772727273
frozenset({'Naan Garlic Bread'}),frozenset({'Omelette with Cheese'}),0.1015820149875104,0.08825978351373855,0.017485428809325562,0.1721311475409836,1.950278379214352,1.0,0.00851982215763855,1.1013099644685533,0.5423452049958074,0.10144927536231886,0.09199041844449435,0.18512217754407673
frozenset({'Omelette with Cheese'}),frozenset({'Naan Garlic Bread'}),0.08825978351373855,0.1015820149875104,0.017485428809325562,0.19811320754716982,1.950278379214352,1.0,0.00851982215763855,1.12038007542734,0.5344205262013482,0.10144927536231886,0.10744574815954677,0.18512217754407673
frozenset({'Pancakes with Maple Syrup'}),frozenset({'Naan Garlic Bread'}),0.08825978351373855,0.1015820149875104,0.01498751040799334,0.169811320754717,1.6716671821837306,1.0,0.006021903756306327,1.0821853001286805,0.44069000507356676,0.08571428571428573,0.07594383338870725,0.1586761521806372
frozenset({'Naan Garlic Bread'}),frozenset({'Pancakes with Maple Syrup'}),0.1015820149875104,0.08825978351373855,0.01498751040799334,0.14754098360655737,1.6716671821837303,1.0,0.006021903756306327,1.0695414078011913,0.44722479662238707,0.08571428571428573,0.0650198368141328,0.1586761521806372
frozenset({'Paneer Tikka Masala'}),frozenset({'Naan Garlic Bread'}),0.11074104912572856,0.1015820149875104,0.017485428809325562,0.15789473684210525,1.5543572044866263,1.0,0.006236129897303178,1.0668713572023314,0.4010611735330837,0.08974358974358974,0.06267986927466952,0.16501294219154444
frozenset({'Naan Garlic Bread'}),frozenset({'Paneer Tikka Masala'}),0.1015820149875104,0.11074104912572856,0.017485428809325562,0.1721311475409836,1.5543572044866263,1.0,0.006236129897303178,1.0741543763035752,0.39697250540624035,0.08974358974358974,0.06903512003438325,0.16501294219154444
frozenset({'Peri Peri Grilled Wings'}),frozenset({'Naan Garlic Bread'}),0.11074104912572856,0.1015820149875104,0.011656952539550375,0.10526315789473684,1.0362381363244175,1.0,0.0004076536275279905,1.0041142185433707,0.03932584269662928,0.05809128630705394,0.004097361104336371,0.1100086281276963
frozenset({'Naan Garlic Bread'}),frozenset({'Peri Peri Grilled Wings'}),0.1015820149875104,0.11074104912572856,0.011656952539550375,0.11475409836065574,1.0362381363244175,1.0,0.0004076536275279905,1.0045332593209362,0.038924930491195615,0.05809128630705394,0.004512801620924665,0.1100086281276963
frozenset({'Smoked Sausage Combo'}),frozenset({'Naan Garlic Bread'}),0.16402997502081598,0.1015820149875104,0.019150707743547043,0.11675126903553298,1.1493301156694682,1.0,0.002488212362581555,1.0171743853302324,0.15542179109648355,0.07770270270270271,0.0168844060349167,0.1526379295997337
frozenset({'Naan Garlic Bread'}),frozenset({'Smoked Sausage Combo'}),0.1015820149875104,0.16402997502081598,0.019150707743547043,0.1885245901639344,1.1493301156694682,1.0,0.002488212362581555,1.0301852833076814,0.1446186082121126,0.07770270270270271,0.029300829469009197,0.1526379295997337
frozenset({'Naan Garlic Bread'}),frozenset({'Spicy Chicken Fajita Pizza'}),0.1015820149875104,0.08326394671107411,0.017485428809325562,0.1721311475409836,2.067295081967213,1.0,0.009027309326601965,1.1073445396163264,0.5746502493490445,0.1044776119402985,0.09693869954288946,0.1910655737704918
frozenset({'Spicy Chicken Fajita Pizza'}),frozenset({'Naan Garlic Bread'}),0.08326394671107411,0.1015820149875104,0.017485428809325562,0.21,2.067295081967213,1.0,0.009027309326601965,1.137237955712012,0.5631676830586912,0.1044776119402985,0.12067655236329934,0.1910655737704918
frozenset({'Naan Garlic Bread'}),frozenset({'Tandoori Chicken Pizza'}),0.1015820149875104,0.10241465445462115,0.01582014987510408,0.15573770491803282,1.5206584033053447,1.0,0.005416662911354056,1.0631593413255944,0.38110336081166774,0.084070796460177,0.05940722041424621,0.15510462481673998
frozenset({'Tandoori Chicken Pizza'}),frozenset({'Naan Garlic Bread'}),0.10241465445462115,0.1015820149875104,0.01582014987510408,0.15447154471544716,1.5206584033053447,1.0,0.005416662911354056,1.0625520399666946,0.38145688897568597,0.084070796460177,0.05886962484082673,0.15510462481673998
frozenset({'Pancakes with Maple Syrup'}),frozenset({'Omelette with Cheese'}),0.08825978351373855,0.08825978351373855,0.014154870940882597,0.16037735849056603,1.8171057315770738,1.0,0.006365081554990603,1.0858928421072327,0.4932044050496911,0.08717948717948719,0.07909881967778065,0.16037735849056603
frozenset({'Omelette with Cheese'}),frozenset({'Pancakes with Maple Syrup'}),0.08825978351373855,0.08825978351373855,0.014154870940882597,0.16037735849056603,1.8171057315770738,1.0,0.006365081554990603,1.0858928421072327,0.4932044050496911,0.08717948717948719,0.07909881967778065,0.16037735849056603
frozenset({'Paneer Tikka Masala'}),frozenset({'Omelette with Cheese'}),0.11074104912572856,0.08825978351373855,0.010824313072439634,0.09774436090225565,1.1074620513548024,1.0,0.001050332050518547,1.0105120732722732,0.10911840968020763,0.057522123893805316,0.010402719126583597,0.11019293516810896
frozenset({'Omelette with Cheese'}),frozenset({'Paneer Tikka Masala'}),0.08825978351373855,0.11074104912572856,0.010824313072439634,0.12264150943396228,1.1074620513548021,1.0,0.001050332050518547,1.0135639655126105,0.10642781875658607,0.057522123893805316,0.013382446470214134,0.11019293516810896
frozenset({'Paratha with Omelette'}),frozenset({'Omelette with Cheese'}),0.12489592006661115,0.08825978351373855,0.014154870940882597,0.11333333333333333,1.2840880503144654,1.0,0.0031315840740543024,1.0282784396461595,0.252812447528964,0.07112970711297072,0.02750076103500761,0.13685534591194967
frozenset({'Omelette with Cheese'}),frozenset({'Paratha with Omelette'}),0.08825978351373855,0.12489592006661115,0.014154870940882597,0.16037735849056603,1.2840880503144654,1.0,0.0031315840740543024,1.0422587918307777,0.24265377383830242,0.07112970711297072,0.04054539252823007,0.13685534591194967
frozenset({'Peri Peri Grilled Wings'}),frozenset({'Omelette with Cheese'}),0.11074104912572856,0.08825978351373855,0.012489592006661115,0.11278195488721804,1.27784082848631,1.0,0.0027156109847400276,1.0276393965480743,0.24450686641697883,0.06696428571428571,0.02689600714114052,0.1271456944247411
frozenset({'Omelette with Cheese'}),frozenset({'Peri Peri Grilled Wings'}),0.08825978351373855,0.11074104912572856,0.012489592006661115,0.14150943396226415,1.27784082848631,1.0,0.0027156109847400276,1.0358400966227777,0.23847792998477935,0.06696428571428571,0.0346000282665536,0.1271456944247411
frozenset({'Smoked Beef Ribs'}),frozenset({'Omelette with Cheese'}),0.16902581182348042,0.08825978351373855,0.022481265611990008,0.1330049261083744,1.5069709080769589,1.0,0.007563084052215717,1.0516094542426766,0.4048467304980332,0.09574468085106384,0.04907663585037228,0.19386095362022493
frozenset({'Omelette with Cheese'}),frozenset({'Smoked Beef Ribs'}),0.08825978351373855,0.16902581182348042,0.022481265611990008,0.25471698113207547,1.5069709080769589,1.0,0.007563084052215717,1.1149780246419125,0.36898359546761383,0.09574468085106384,0.10312133701364995,0.19386095362022493
frozenset({'Pancakes with Maple Syrup'}),frozenset({'Paratha with Omelette'}),0.08825978351373855,0.12489592006661115,0.013322231473771857,0.15094339622641512,1.208553459119497,1.0,0.002298944606943562,1.0306781385882136,0.18926940639269413,0.06666666666666667,0.029765003680232688,0.1288050314465409
frozenset({'Paratha with Omelette'}),frozenset({'Pancakes with Maple Syrup'}),0.12489592006661115,0.08825978351373855,0.013322231473771857,0.10666666666666667,1.208553459119497,1.0,0.002298944606943562,1.0206047199473076,0.19719314938154142,0.06666666666666667,0.02018873668188738,0.1288050314465409
frozenset({'Pancakes with Maple Syrup'}),frozenset({'Peach Iced Tea'}),0.08825978351373855,0.049125728559533725,0.012489592006661115,0.14150943396226415,2.880556443875919,1.0,0.008153765839041986,1.1076117887108727,0.7160426179604262,0.09999999999999999,0.09715659386048969,0.19787336104892866
frozenset({'Peach Iced Tea'}),frozenset({'Pancakes with Maple Syrup'}),0.049125728559533725,0.08825978351373855,0.012489592006661115,0.2542372881355932,2.8805564438759195,1.0,0.008153765839041986,1.2225607448338507,0.6865732632807938,0.09999999999999999,0.18204473337976937,0.19787336104892866
frozenset({'Pancakes with Maple Syrup'}),frozenset({'Scrambled Eggs Meal'}),0.08825978351373855,0.06078268109908409,0.010824313072439634,0.12264150943396228,2.017704833290256,1.0,0.0054596467972498645,1.0705057613279256,0.5532139093782931,0.07831325301204821,0.06586210357286233,0.1503618506073921
frozenset({'Scrambled Eggs Meal'}),frozenset({'Pancakes with Maple Syrup'}),0.06078268109908409,0.08825978351373855,0.010824313072439634,0.17808219178082194,2.017704833290256,1.0,0.0054596467972498645,1.1092839300582849,0.5370294599018004,0.07831325301204821,0.09851754550572342,0.1503618506073921
frozenset({'Pancakes with Maple Syrup'}),frozenset({'Smoked Beef Ribs'}),0.08825978351373855,0.16902581182348042,0.026644462947543714,0.30188679245283023,1.7860395947578775,1.0,0.011726281387769424,1.1903143776582579,0.48270547945205494,0.11552346570397114,0.15988580935455823,0.22976113021656291
frozenset({'Smoked Beef Ribs'}),frozenset({'Pancakes with Maple Syrup'}),0.16902581182348042,0.08825978351373855,0.026644462947543714,0.1576354679802956,1.7860395947578775,1.0,0.011726281387769424,1.0823582686942168,0.529621743486974,0.11552346570397114,0.07609150415007764,0.22976113021656291
frozenset({'Pancakes with Maple Syrup'}),frozenset({'Smoked Sausage Combo'}),0.08825978351373855,0.16402997502081598,0.01498751040799334,0.169811320754717,1.0352456661239346,1.0,0.0005102603228921802,1.0069638937249261,0.03734145104008136,0.06315789473684211,0.006915733293242152,0.13059093956517576
frozenset({'Smoked Sausage Combo'}),frozenset({'Pancakes with Maple Syrup'}),0.16402997502081598,0.08825978351373855,0.01498751040799334,0.09137055837563453,1.0352456661239346,1.0,0.0005102603228921802,1.003423590211137,0.04072598494909272,0.06315789473684211,0.003411909232088652,0.13059093956517576
frozenset({'Pancakes with Maple Syrup'}),frozenset({'Veggie Supreme Pizza'}),0.08825978351373855,0.11323896752706078,0.019983347210657785,0.22641509433962265,1.9994450610432852,1.0,0.009988900451400131,1.146300846855263,0.5482496194824962,0.11009174311926605,0.12762866507219417,0.20144284128745837
frozenset({'Veggie Supreme Pizza'}),frozenset({'Pancakes with Maple Syrup'}),0.11323896752706078,0.08825978351373855,0.019983347210657785,0.17647058823529413,1.9994450610432855,1.0,0.009988900451400131,1.1071131200190318,0.5636932707355243,0.11009174311926605,0.09674993284985228,0.20144284128745837
frozenset({'Paneer Tikka Masala'}),frozenset({'Paratha with Omelette'}),0.11074104912572856,0.12489592006661115,0.02331390507910075,0.21052631578947367,1.6856140350877193,1.0,0.009482799859401096,1.1084651679156259,0.45739700374531833,0.10980392156862745,0.09785167008863738,0.19859649122807016
frozenset({'Paratha with Omelette'}),frozenset({'Paneer Tikka Masala'}),0.12489592006661115,0.11074104912572856,0.02331390507910075,0.18666666666666668,1.6856140350877193,1.0,0.009482799859401096,1.0933511691077107,0.46479543292102754,0.10980392156862745,0.08538077403245943,0.19859649122807016
frozenset({'Peri Peri Grilled Wings'}),frozenset({'Paneer Tikka Masala'}),0.11074104912572856,0.11074104912572856,0.01498751040799334,0.13533834586466165,1.2221154389733733,1.0,0.0027239304465263136,1.0284473084024182,0.20437994173949237,0.07258064516129033,0.027660443242938797,0.13533834586466165
frozenset({'Paneer Tikka Masala'}),frozenset({'Peri Peri Grilled Wings'}),0.11074104912572856,0.11074104912572856,0.01498751040799334,0.13533834586466165,1.2221154389733733,1.0,0.0027239304465263136,1.0284473084024182,0.20437994173949237,0.07258064516129033,0.027660443242938797,0.13533834586466165
frozenset({'Smoked Beef Ribs'}),frozenset({'Paneer Tikka Masala'}),0.16902581182348042,0.11074104912572856,0.020815986677768527,0.12315270935960593,1.112078225119449,1.0,0.002097890947108331,1.0141548709408825,0.12128256513026066,0.08038585209003216,0.013957307060755354,0.155561317085818
frozenset({'Paneer Tikka Masala'}),frozenset({'Smoked Beef Ribs'}),0.11074104912572856,0.16902581182348042,0.020815986677768527,0.1879699248120301,1.112078225119449,1.0,0.002097890947108331,1.0233293243284918,0.11333333333333347,0.08038585209003216,0.022797474648545247,0.155561317085818
frozenset({'Paneer Tikka Masala'}),frozenset({'Smoked Sausage Combo'}),0.11074104912572856,0.16402997502081598,0.028309741881765195,0.2556390977443609,1.5584901339643524,1.0,0.010144890359892984,1.1230708416387019,0.40297973121833003,0.11486486486486487,0.10958421951292573,0.21411396511583525
frozenset({'Smoked Sausage Combo'}),frozenset({'Paneer Tikka Masala'}),0.16402997502081598,0.11074104912572856,0.028309741881765195,0.17258883248730963,1.5584901339643524,1.0,0.010144890359892984,1.07474854798915,0.42866768221232715,0.11486486486486487,0.06954980132702142,0.21411396511583525
frozenset({'Paneer Tikka Masala'}),frozenset({'Turkey Bacon & Eggs'}),0.11074104912572856,0.10990840965861781,0.022481265611990008,0.20300751879699247,1.847060833902939,1.0,0.010309893018654313,1.116813033164187,0.5157095297544736,0.1134453781512605,0.10459497668399248,0.2037764866712235
frozenset({'Turkey Bacon & Eggs'}),frozenset({'Paneer Tikka Masala'}),0.10990840965861781,0.11074104912572856,0.022481265611990008,0.20454545454545456,1.8470608339029393,1.0,0.010309893018654313,1.1179255382419413,0.5152271073692963,0.1134453781512605,0.10548604017705143,0.2037764866712235
frozenset({'Paratha with Omelette'}),frozenset({'Peach Iced Tea'}),0.12489592006661115,0.049125728559533725,0.014154870940882597,0.11333333333333333,2.3070056497175138,1.0,0.008019267873497037,1.07241459185015,0.6473946381597357,0.08854166666666667,0.06752481027437245,0.20073446327683614
frozenset({'Peach Iced Tea'}),frozenset({'Paratha with Omelette'}),0.049125728559533725,0.12489592006661115,0.014154870940882597,0.28813559322033894,2.3070056497175138,1.0,0.008019267873497037,1.2293128741921413,0.5958071494797569,0.08854166666666667,0.18653743811382212,0.20073446327683614
frozenset({'Paratha with Omelette'}),frozenset({'Pepperoni Pizza'}),0.12489592006661115,0.07577019150707744,0.010824313072439634,0.08666666666666667,1.1438095238095238,1.0,0.0013609252905398724,1.0119304472550248,0.1436726926736443,0.057017543859649134,0.011789789789789793,0.11476190476190477
frozenset({'Pepperoni Pizza'}),frozenset({'Paratha with Omelette'}),0.07577019150707744,0.12489592006661115,0.010824313072439634,0.14285714285714288,1.143809523809524,1.0,0.0013609252905398724,1.020954759922287,0.1360360360360362,0.057017543859649134,0.02052467038194919,0.11476190476190477
frozenset({'Paratha with Omelette'}),frozenset({'Scrambled Eggs Meal'}),0.12489592006661115,0.06078268109908409,0.014154870940882597,0.11333333333333333,1.8645662100456621,1.0,0.0065633620608970735,1.0592676528957696,0.5298595175463143,0.08252427184466021,0.055951536643026004,0.17310502283105023
frozenset({'Scrambled Eggs Meal'}),frozenset({'Paratha with Omelette'}),0.06078268109908409,0.12489592006661115,0.014154870940882597,0.23287671232876714,1.8645662100456624,1.0,0.0065633620608970735,1.1407606756274535,0.4936900292031706,0.08252427184466021,0.12339194244229242,0.17310502283105023
frozenset({'Smoked Beef Ribs'}),frozenset({'Paratha with Omelette'}),0.16902581182348042,0.12489592006661115,0.034970857618651124,0.20689655172413796,1.6565517241379313,1.0,0.013860223335951657,1.1033921007855774,0.4769539078156314,0.135048231511254,0.09370386167525184,0.243448275862069
frozenset({'Paratha with Omelette'}),frozenset({'Smoked Beef Ribs'}),0.12489592006661115,0.16902581182348042,0.034970857618651124,0.28,1.6565517241379313,1.0,0.013860223335951657,1.1541308169118327,0.45290199809705056,0.135048231511254,0.1335470941883768,0.243448275862069
frozenset({'Smoked Sausage Combo'}),frozenset({'Paratha with Omelette'}),0.16402997502081598,0.12489592006661115,0.029142381348875937,0.17766497461928935,1.4225042301184434,1.0,0.00865570670014788,1.064169776215294,0.3552931132612408,0.11217948717948717,0.06030031828522027,0.20549915397631136
frozenset({'Paratha with Omelette'}),frozenset({'Smoked Sausage Combo'}),0.12489592006661115,0.16402997502081598,0.029142381348875937,0.23333333333333334,1.4225042301184434,1.0,0.00865570670014788,1.0903956847554575,0.3394046486339541,0.11217948717948717,0.08290172642762285,0.20549915397631136
frozenset({'Paratha with Omelette'}),frozenset({'Spicy Chicken Fajita Pizza'}),0.12489592006661115,0.08326394671107411,0.02414654454621149,0.19333333333333336,2.3219333333333334,1.0,0.013747217313354609,1.1364496528375114,0.650579087240395,0.13122171945701358,0.12006660611565245,0.24166666666666667
frozenset({'Spicy Chicken Fajita Pizza'}),frozenset({'Paratha with Omelette'}),0.08326394671107411,0.12489592006661115,0.02414654454621149,0.29,2.3219333333333334,1.0,0.013747217313354609,1.2325409576526605,0.6210341695637195,0.13122171945701358,0.1886679352997145,0.24166666666666667
frozenset({'Paratha with Omelette'}),frozenset({'Tandoori Chicken Pizza'}),0.12489592006661115,0.10241465445462115,0.02497918401332223,0.19999999999999998,1.9528455284552844,1.0,0.012188011516908265,1.1219816819317234,0.5575642245480494,0.12345679012345677,0.10871985157699442,0.2219512195121951
frozenset({'Tandoori Chicken Pizza'}),frozenset({'Paratha with Omelette'}),0.10241465445462115,0.12489592006661115,0.02497918401332223,0.2439024390243902,1.9528455284552844,1.0,0.012188011516908265,1.1573957186215789,0.5435992578849721,0.12345679012345677,0.13599127428001204,0.2219512195121951
frozenset({'Turkey Bacon & Eggs'}),frozenset({'Paratha with Omelette'}),0.10990840965861781,0.12489592006661115,0.02331390507910075,0.21212121212121213,1.6983838383838386,1.0,0.009586793131729667,1.1107090245308398,0.46198048910864636,0.11023622047244096,0.09967419196724621,0.1993939393939394
frozenset({'Paratha with Omelette'}),frozenset({'Turkey Bacon & Eggs'}),0.12489592006661115,0.10990840965861781,0.02331390507910075,0.18666666666666668,1.6983838383838386,1.0,0.009586793131729667,1.094374906157437,0.46989261927416076,0.11023622047244096,0.08623635796694731,0.1993939393939394
frozenset({'Smoked Beef Ribs'}),frozenset({'Peach Iced Tea'}),0.16902581182348042,0.049125728559533725,0.010824313072439634,0.06403940886699508,1.3035818652417133,1.0,0.00252079692124451,1.0159340900127087,0.28025281331894575,0.052208835341365466,0.015684176925797797,0.14218919595892127
frozenset({'Peach Iced Tea'}),frozenset({'Smoked Beef Ribs'}),0.049125728559533725,0.16902581182348042,0.010824313072439634,0.22033898305084745,1.3035818652417133,1.0,0.00252079692124451,1.06581471961771,0.2449144550720734,0.052208835341365466,0.06175061988383548,0.14218919595892127
frozenset({'Smoked Sausage Combo'}),frozenset({'Peach Iced Tea'}),0.16402997502081598,0.049125728559533725,0.01498751040799334,0.09137055837563453,1.859932891680289,1.0,0.006929418379493636,1.0464929132612955,0.553065515714918,0.07563025210084034,0.04442735605003245,0.19822765206917317
frozenset({'Peach Iced Tea'}),frozenset({'Smoked Sausage Combo'}),0.049125728559533725,0.16402997502081598,0.01498751040799334,0.30508474576271183,1.8599328916802889,1.0,0.006929418379493636,1.20298125545785,0.48623273010313284,0.07563025210084034,0.16873185225200887,0.19822765206917317
frozenset({'Turkey Bacon & Eggs'}),frozenset({'Peach Iced Tea'}),0.10990840965861781,0.049125728559533725,0.010824313072439634,0.0984848484848485,2.0047508988186955,1.0,0.005424982373140341,1.0547512926902651,0.5630711664387997,0.07303370786516855,0.05190919704930213,0.15941191576784797
frozenset({'Peach Iced Tea'}),frozenset({'Turkey Bacon & Eggs'}),0.049125728559533725,0.10990840965861781,0.010824313072439634,0.22033898305084745,2.0047508988186955,1.0,0.005424982373140341,1.1416392136987292,0.5270780008082985,0.07303370786516855,0.1240665281983796,0.15941191576784797
frozenset({'Veggie Supreme Pizza'}),frozenset({'Peach Iced Tea'}),0.11323896752706078,0.049125728559533725,0.011656952539550375,0.10294117647058824,2.0954636091724828,1.0,0.006094005758454133,1.0599909911139624,0.5895372233400402,0.07734806629834254,0.05659575564025961,0.1701146560319043
frozenset({'Peach Iced Tea'}),frozenset({'Veggie Supreme Pizza'}),0.049125728559533725,0.11323896752706078,0.011656952539550375,0.23728813559322032,2.0954636091724823,1.0,0.006094005758454133,1.1626422425756315,0.549787340505379,0.07734806629834254,0.13989018858916208,0.1701146560319043
frozenset({'Peri Peri Grilled Wings'}),frozenset({'Pepperoni Pizza'}),0.11074104912572856,0.07577019150707744,0.012489592006661115,0.11278195488721804,1.4884739320829545,1.0,0.004098721506709991,1.0417166485555822,0.3690387016229712,0.07177033492822966,0.04004606109869267,0.13880855986119145
frozenset({'Pepperoni Pizza'}),frozenset({'Peri Peri Grilled Wings'}),0.07577019150707744,0.11074104912572856,0.012489592006661115,0.16483516483516483,1.4884739320829545,1.0,0.004098721506709991,1.064770585915246,0.35507507507507496,0.07177033492822966,0.06083055521257768,0.13880855986119145
frozenset({'Pepperoni Pizza'}),frozenset({'Scrambled Eggs Meal'}),0.07577019150707744,0.06078268109908409,0.01498751040799334,0.19780219780219782,3.2542525967183504,1.0,0.010381995020802122,1.1708051509586759,0.7494994994994996,0.12328767123287672,0.14588691450393582,0.22218877013397564
frozenset({'Scrambled Eggs Meal'}),frozenset({'Pepperoni Pizza'}),0.06078268109908409,0.07577019150707744,0.01498751040799334,0.24657534246575344,3.2542525967183504,1.0,0.010381995020802122,1.2267050185451518,0.7375394011032309,0.12328767123287672,0.18480809576699989,0.22218877013397564
frozenset({'Smoked Beef Ribs'}),frozenset({'Pepperoni Pizza'}),0.16902581182348042,0.07577019150707744,0.01498751040799334,0.08866995073891627,1.1702484707410818,1.0,0.0021803922764889946,1.0141548709408825,0.17507236695613462,0.06521739130434784,0.013957307060755354,0.14323607427055704
frozenset({'Pepperoni Pizza'}),frozenset({'Smoked Beef Ribs'}),0.07577019150707744,0.16902581182348042,0.01498751040799334,0.19780219780219782,1.1702484707410818,1.0,0.0021803922764889946,1.0358719332063462,0.15740740740740752,0.06521739130434784,0.03462969895835631,0.14323607427055704
frozenset({'Pepperoni Pizza'}),frozenset({'Tandoori Chicken Pizza'}),0.07577019150707744,0.10241465445462115,0.012489592006661115,0.16483516483516483,1.609488072902707,1.0,0.004729614025503309,1.074740347955651,0.4097297297297296,0.07537688442211055,0.06954270219576342,0.14339319217367996
frozenset({'Tandoori Chicken Pizza'}),frozenset({'Pepperoni Pizza'}),0.10241465445462115,0.07577019150707744,0.012489592006661115,0.1219512195121951,1.6094880729027068,1.0,0.004729614025503309,1.0525950596724951,0.4218923933209646,0.07537688442211055,0.04996704021094263,0.14339319217367996
frozenset({'Peri Peri Grilled Wings'}),frozenset({'Smoked Sausage Combo'}),0.11074104912572856,0.16402997502081598,0.02331390507910075,0.21052631578947367,1.2834624632647609,1.0,0.005149053557228538,1.058895364973633,0.2483614232209738,0.09271523178807947,0.05561962675613335,0.17632914774245256
frozenset({'Smoked Sausage Combo'}),frozenset({'Peri Peri Grilled Wings'}),0.16402997502081598,0.11074104912572856,0.02331390507910075,0.14213197969543148,1.2834624632647609,1.0,0.005149053557228538,1.0365917948061034,0.26419322709163345,0.09271523178807947,0.035300100762371917,0.17632914774245256
frozenset({'Peri Peri Grilled Wings'}),frozenset({'Turkey Bacon & Eggs'}),0.11074104912572856,0.10990840965861781,0.01582014987510408,0.14285714285714288,1.2997835497835502,1.0,0.003648777281768387,1.0384401887316126,0.25936329588014995,0.07723577235772358,0.037017239075237234,0.1433982683982684
frozenset({'Turkey Bacon & Eggs'}),frozenset({'Peri Peri Grilled Wings'}),0.10990840965861781,0.11074104912572856,0.01582014987510408,0.14393939393939395,1.29978354978355,1.0,0.003648777281768387,1.0387803673929543,0.25912067352666057,0.07723577235772358,0.03733259561911249,0.1433982683982684
frozenset({'Smoked Sausage Combo'}),frozenset({'Scrambled Eggs Meal'}),0.16402997502081598,0.06078268109908409,0.014154870940882597,0.08629441624365482,1.4197204645017731,1.0,0.004184689278501611,1.0279211767971135,0.3536442465432389,0.06719367588932806,0.027162760557295603,0.15958556428621098
frozenset({'Scrambled Eggs Meal'}),frozenset({'Smoked Sausage Combo'}),0.06078268109908409,0.16402997502081598,0.014154870940882597,0.23287671232876714,1.4197204645017734,1.0,0.004184689278501611,1.0897466397050077,0.3147684605757198,0.06719367588932806,0.08235550946897344,0.15958556428621098
frozenset({'Veggie Supreme Pizza'}),frozenset({'Scrambled Eggs Meal'}),0.11323896752706078,0.06078268109908409,0.01582014987510408,0.1397058823529412,2.29844883158743,1.0,0.008937181823917208,1.091739789491663,0.6370644922164568,0.1,0.08403081977471843,0.1999899274778405
frozenset({'Scrambled Eggs Meal'}),frozenset({'Veggie Supreme Pizza'}),0.06078268109908409,0.11323896752706078,0.01582014987510408,0.26027397260273977,2.29844883158743,1.0,0.008937181823917208,1.198769543898603,0.6014837625979845,0.1,0.16581130619332438,0.1999899274778405
frozenset({'Smoked Beef Ribs'}),frozenset({'Strawberry Milkshake'}),0.16902581182348042,0.051623646960865945,0.014154870940882597,0.08374384236453203,1.62219926902908,1.0,0.005429142104033483,1.0350559121878722,0.46157019922197334,0.0685483870967742,0.03386861692695607,0.1789686953758144
frozenset({'Strawberry Milkshake'}),frozenset({'Smoked Beef Ribs'}),0.051623646960865945,0.16902581182348042,0.014154870940882597,0.27419354838709675,1.6221992690290798,1.0,0.005429142104033483,1.144897770376538,0.40443113153953414,0.0685483870967742,0.12655957075441204,0.1789686953758144
frozenset({'Smoked Beef Ribs'}),frozenset({'Tandoori Chicken Pizza'}),0.16902581182348042,0.10241465445462115,0.028309741881765195,0.16748768472906406,1.6353878809724058,1.0,0.010999021769951628,1.0781646458326148,0.4675527525639514,0.11643835616438356,0.07249787510167525,0.22195522447835317
frozenset({'Tandoori Chicken Pizza'}),frozenset({'Smoked Beef Ribs'}),0.10241465445462115,0.16902581182348042,0.028309741881765195,0.2764227642276423,1.6353878809724058,1.0,0.010999021769951628,1.1484250016372124,0.4328549601658845,0.11643835616438356,0.12924222428597032,0.22195522447835317
frozenset({'Smoked Beef Ribs'}),frozenset({'Turkey Bacon & Eggs'}),0.16902581182348042,0.10990840965861781,0.020815986677768527,0.12315270935960593,1.1205030601582329,1.0,0.002238628508992993,1.015104454153374,0.12941883767535078,0.08064516129032259,0.014879704341334636,0.15627332437677266
frozenset({'Turkey Bacon & Eggs'}),frozenset({'Smoked Beef Ribs'}),0.10990840965861781,0.16902581182348042,0.020815986677768527,0.18939393939393942,1.1205030601582329,1.0,0.002238628508992993,1.025127035881314,0.1208231992516371,0.08064516129032259,0.0245111434991195,0.15627332437677266
frozenset({'Smoked Beef Ribs'}),frozenset({'Veggie Supreme Pizza'}),0.16902581182348042,0.11323896752706078,0.02497918401332223,0.1477832512315271,1.3050565053607652,1.0,0.005838875597008044,1.0405346219191138,0.2812959251837007,0.09708737864077671,0.03895557251555311,0.1841857432628224
frozenset({'Veggie Supreme Pizza'}),frozenset({'Smoked Beef Ribs'}),0.11323896752706078,0.16902581182348042,0.02497918401332223,0.22058823529411764,1.305056505360765,1.0,0.005838875597008044,1.0661555621887422,0.2635993740219092,0.09708737864077671,0.0620505717316987,0.1841857432628224
frozenset({'Smoked Sausage Combo'}),frozenset({'Spicy Chicken Fajita Pizza'}),0.16402997502081598,0.08326394671107411,0.02497918401332223,0.15228426395939085,1.828934010152284,1.0,0.011321400914170191,1.081419176634242,0.5421646746347941,0.11235955056179775,0.07528919256605668,0.2261421319796954
frozenset({'Spicy Chicken Fajita Pizza'}),frozenset({'Smoked Sausage Combo'}),0.08326394671107411,0.16402997502081598,0.02497918401332223,0.3,1.8289340101522842,1.0,0.011321400914170191,1.1942428928274058,0.49439903118377226,0.11235955056179775,0.16264940239043824,0.2261421319796954
frozenset({'Smoked Sausage Combo'}),frozenset({'Tandoori Chicken Pizza'}),0.16402997502081598,0.10241465445462115,0.02331390507910075,0.14213197969543148,1.3878090049936032,1.0,0.006514831867143741,1.0462977104878084,0.33427006260671593,0.09589041095890412,0.04424907941949277,0.18488712805909785
frozenset({'Tandoori Chicken Pizza'}),frozenset({'Smoked Sausage Combo'}),0.10241465445462115,0.16402997502081598,0.02331390507910075,0.22764227642276422,1.3878090049936032,1.0,0.006514831867143741,1.0823611902362067,0.3113238802014312,0.09589041095890412,0.07609399799177273,0.18488712805909785
frozenset({'Smoked Sausage Combo'}),frozenset({'Turkey Bacon & Eggs'}),0.16402997502081598,0.10990840965861781,0.030807660283097418,0.18781725888324874,1.7088524842331951,1.0,0.012779386592216727,1.0959252706078269,0.4962043717023797,0.1267123287671233,0.08752902518127385,0.23406014459313954
frozenset({'Turkey Bacon & Eggs'}),frozenset({'Smoked Sausage Combo'}),0.10990840965861781,0.16402997502081598,0.030807660283097418,0.28030303030303033,1.7088524842331951,1.0,0.012779386592216727,1.1615583504973925,0.46603291785705253,0.1267123287671233,0.13908758903778828,0.23406014459313954
frozenset({'Smoked Sausage Combo'}),frozenset({'Veggie Supreme Pizza'}),0.16402997502081598,0.11323896752706078,0.03663613655287261,0.22335025380710663,1.9723798148701108,1.0,0.018061551538025838,1.14177727710568,0.5897319811662443,0.15224913494809691,0.12417244584256813,0.2734398327859063
frozenset({'Veggie Supreme Pizza'}),frozenset({'Smoked Sausage Combo'}),0.11323896752706078,0.16402997502081598,0.03663613655287261,0.3235294117647059,1.9723798148701106,1.0,0.018061551538025838,1.235781776056185,0.5559539052496799,0.15224913494809691,0.19079564096554957,0.2734398327859063
frozenset({'Spicy Chicken Fajita Pizza'}),frozenset({'Tandoori Chicken Pizza'}),0.08326394671107411,0.10241465445462115,0.017485428809325562,0.21,2.0504878048780486,1.0,0.008957980478382917,1.136183981703011,0.5588426106137278,0.10396039603960394,0.11986085343228199,0.1903658536585366
frozenset({'Tandoori Chicken Pizza'}),frozenset({'Spicy Chicken Fajita Pizza'}),0.10241465445462115,0.08326394671107411,0.017485428809325562,0.17073170731707316,2.0504878048780486,1.0,0.008957980478382917,1.1054758289660576,0.5707659687251524,0.10396039603960394,0.09541215303161203,0.1903658536585366
frozenset({'Turkey Bacon & Eggs'}),frozenset({'Spicy Chicken Fajita Pizza'}),0.10990840965861781,0.08326394671107411,0.019983347210657785,0.18181818181818182,2.1836363636363636,1.0,0.010831939245743728,1.1204551762420207,0.6089803554724041,0.11538461538461538,0.10750557344562794,0.2109090909090909
frozenset({'Spicy Chicken Fajita Pizza'}),frozenset({'Turkey Bacon & Eggs'}),0.08326394671107411,0.10990840965861781,0.019983347210657785,0.24,2.1836363636363636,1.0,0.010831939245743728,1.1711731451860292,0.5912806539509535,0.11538461538461538,0.146155285313377,0.2109090909090909
frozenset({'Veggie Supreme Pizza'}),frozenset({'Spicy Chicken Fajita Pizza'}),0.11323896752706078,0.08326394671107411,0.018318068276436304,0.16176470588235295,1.942794117647059,1.0,0.008889344918646064,1.0936500284850343,0.547247119078105,0.10280373831775703,0.08563071004968745,0.19088235294117648
frozenset({'Spicy Chicken Fajita Pizza'}),frozenset({'Veggie Supreme Pizza'}),0.08326394671107411,0.11323896752706078,0.018318068276436304,0.22,1.942794117647059,1.0,0.008889344918646064,1.1368731185550502,0.5293534803071588,0.10280373831775703,0.12039436619718309,0.19088235294117648
frozenset({'Turkey Bacon & Eggs'}),frozenset({'Tandoori Chicken Pizza'}),0.10990840965861781,0.10241465445462115,0.017485428809325562,0.15909090909090912,1.55339985218034,1.0,0.0062291970124812735,1.0673987892972074,0.40024054523586805,0.08974358974358974,0.06314302580536349,0.16491130820399114
frozenset({'Tandoori Chicken Pizza'}),frozenset({'Turkey Bacon & Eggs'}),0.10241465445462115,0.10990840965861781,0.017485428809325562,0.17073170731707316,1.55339985218034,1.0,0.0062291970124812735,1.0733457412940197,0.39689901934799904,0.08974358974358974,0.06833375162563599,0.16491130820399114
frozenset({'Turkey Bacon & Eggs'}),frozenset({'Veggie Supreme Pizza'}),0.10990840965861781,0.11323896752706078,0.019983347210657785,0.18181818181818182,1.6056149732620322,1.0,0.0075374323783746686,1.083819039689148,0.42376052385406926,0.09836065573770492,0.07733674775928298,0.17914438502673796
frozenset({'Veggie Supreme Pizza'}),frozenset({'Turkey Bacon & Eggs'}),0.11323896752706078,0.10990840965861781,0.019983347210657785,0.17647058823529413,1.6056149732620324,1.0,0.0075374323783746686,1.0808255025573927,0.4253521126760564,0.09836065573770492,0.074781268915424,0.17914438502673796
"frozenset({'BBQ Platter Mix', 'BBQ Lamb Chops'})",frozenset({'Aloo Paratha'}),0.0324729392173189,0.13322231473771856,0.014154870940882597,0.4358974358974359,3.2719551282051285,1.0,0.009828750812014134,1.5365604420558627,0.7176774324187506,0.09340659340659342,0.34919579299982756,0.27107371794871793
"frozenset({'BBQ Platter Mix', 'Aloo Paratha'})",frozenset({'BBQ Lamb Chops'}),0.02331390507910075,0.16319733555370525,0.014154870940882597,0.6071428571428571,3.7202988338192418,1.0,0.01035010375062136,2.1300431458632954,0.7486585427009678,0.0821256038647343,0.5305259417199716,0.3469387755102041
"frozenset({'BBQ Lamb Chops', 'Aloo Paratha'})",frozenset({'BBQ Platter Mix'}),0.041631973355537054,0.12489592006661115,0.014154870940882597,0.33999999999999997,2.7222666666666666,1.0,0.008955207324454156,1.3259152726263468,0.6601420759441917,0.09289617486338798,0.24580399619410082,0.22666666666666666
frozenset({'BBQ Platter Mix'}),"frozenset({'BBQ Lamb Chops', 'Aloo Paratha'})",0.12489592006661115,0.041631973355537054,0.014154870940882597,0.11333333333333333,2.7222666666666666,1.0,0.008955207324454156,1.08086619546368,0.7229529299826495,0.09289617486338798,0.07481610194034173,0.22666666666666666
frozenset({'BBQ Lamb Chops'}),"frozenset({'BBQ Platter Mix', 'Aloo Paratha'})",0.16319733555370525,0.02331390507910075,0.014154870940882597,0.08673469387755102,3.7202988338192418,1.0,0.01035010375062136,1.0694439922038899,0.8738074334211297,0.0821256038647343,0.0649346695199819,0.3469387755102041
frozenset({'Aloo Paratha'}),"frozenset({'BBQ Platter Mix', 'BBQ Lamb Chops'})",0.13322231473771856,0.0324729392173189,0.014154870940882597,0.10625,3.2719551282051285,1.0,0.009828750812014134,1.0825477603162865,0.8010962309996044,0.09340659340659342,0.07625322719449225,0.27107371794871793
"frozenset({'BBQ Lamb Chops', 'French Toast'})",frozenset({'Aloo Paratha'}),0.0324729392173189,0.13322231473771856,0.01582014987510408,0.4871794871794873,3.6568910256410265,1.0,0.011494029746235618,1.690216486261449,0.7509285261346136,0.10555555555555558,0.40835981181802516,0.3029647435897437
"frozenset({'BBQ Lamb Chops', 'Aloo Paratha'})",frozenset({'French Toast'}),0.041631973355537054,0.10824313072439634,0.01582014987510408,0.38,3.5106153846153845,1.0,0.0113137747408661,1.4383175310896834,0.746216104988797,0.11801242236024845,0.30474323062558356,0.2630769230769231
"frozenset({'Aloo Paratha', 'French Toast'})",frozenset({'BBQ Lamb Chops'}),0.03413821815154038,0.16319733555370525,0.01582014987510408,0.46341463414634154,2.839596814335491,1.0,0.010248883632221555,1.559495874649913,0.6707350272232305,0.0871559633027523,0.3587671399102052,0.28017670482827284
frozenset({'BBQ Lamb Chops'}),"frozenset({'Aloo Paratha', 'French Toast'})",0.16319733555370525,0.03413821815154038,0.01582014987510408,0.09693877551020409,2.839596814335491,1.0,0.010248883632221555,1.0695418601259779,0.7741817229641269,0.0871559633027523,0.06502023223082339,0.28017670482827284
frozenset({'French Toast'}),"frozenset({'BBQ Lamb Chops', 'Aloo Paratha'})",0.10824313072439634,0.041631973355537054,0.01582014987510408,0.14615384615384616,3.5106153846153845,1.0,0.0113137747408661,1.1224130041782,0.8019558700673253,0.11801242236024845,0.10906235380605493,0.2630769230769231
frozenset({'Aloo Paratha'}),"frozenset({'BBQ Lamb Chops', 'French Toast'})",0.13322231473771856,0.0324729392173189,0.01582014987510408,0.11875000000000002,3.6568910256410265,1.0,0.011494029746235618,1.0979030476966596,0.8382122453106831,0.10555555555555558,0.08917276247848539,0.3029647435897437
"frozenset({'BBQ Lamb Chops', 'Grilled Chicken Breast'})",frozenset({'Aloo Paratha'}),0.029142381348875937,0.13322231473771856,0.010824313072439634,0.37142857142857144,2.7880357142857144,1.0,0.006941897572173065,1.3789644992809025,0.660575273782821,0.07142857142857145,0.274818169342665,0.22633928571428574
"frozenset({'BBQ Lamb Chops', 'Aloo Paratha'})",frozenset({'Grilled Chicken Breast'}),0.041631973355537054,0.14238134887593673,0.010824313072439634,0.26,1.826081871345029,1.0,0.0048966965497112104,1.1589441231406261,0.47203100982423307,0.0625,0.13714563106796115,0.16801169590643275
"frozenset({'Grilled Chicken Breast', 'Aloo Paratha'})",frozenset({'BBQ Lamb Chops'}),0.019983347210657785,0.16319733555370525,0.010824313072439634,0.5416666666666667,3.319090136054422,1.0,0.0075630840522157156,1.8257512678828252,0.7129599372590026,0.06280193236714976,0.45228026533996696,0.30399659863945583
frozenset({'BBQ Lamb Chops'}),"frozenset({'Grilled Chicken Breast', 'Aloo Paratha'})",0.16319733555370525,0.019983347210657785,0.010824313072439634,0.0663265306122449,3.319090136054422,1.0,0.0075630840522157156,1.0496353221131753,0.834978951396862,0.06280193236714976,0.04728815910391345,0.30399659863945583
frozenset({'Grilled Chicken Breast'}),"frozenset({'BBQ Lamb Chops', 'Aloo Paratha'})",0.14238134887593673,0.041631973355537054,0.010824313072439634,0.07602339181286549,1.826081871345029,1.0,0.0048966965497112104,1.0372210921278682,0.5274831964152352,0.0625,0.03588539840769023,0.16801169590643275
frozenset({'Aloo Paratha'}),"frozenset({'BBQ Lamb Chops', 'Grilled Chicken Breast'})",0.13322231473771856,0.029142381348875937,0.010824313072439634,0.08125000000000002,2.788035714285715,1.0,0.006941897572173065,1.056715775402584,0.739895071307175,0.07142857142857145,0.053671740994854215,0.22633928571428574
"frozenset({'Smoked Beef Ribs', 'BBQ Lamb Chops'})",frozenset({'Aloo Paratha'}),0.03913405495420483,0.13322231473771856,0.01665278934221482,0.425531914893617,3.194148936170213,1.0,0.01143925995614257,1.5088352299010084,0.7149046793760832,0.10695187165775401,0.3372371083450855,0.2752659574468085
"frozenset({'Smoked Beef Ribs', 'Aloo Paratha'})",frozenset({'BBQ Lamb Chops'}),0.03413821815154038,0.16319733555370525,0.01665278934221482,0.4878048780487805,2.9890492782478844,1.0,0.011081523099332293,1.6337575829665754,0.6889655172413792,0.09216589861751151,0.38791408809610484,0.29492284718765555
"frozenset({'BBQ Lamb Chops', 'Aloo Paratha'})",frozenset({'Smoked Beef Ribs'}),0.041631973355537054,0.16902581182348042,0.01665278934221482,0.39999999999999997,2.366502463054187,1.0,0.009615911247981664,1.384956980294199,0.60251954821894,0.08583690987124463,0.27795591182364726,0.24926108374384234
frozenset({'Smoked Beef Ribs'}),"frozenset({'BBQ Lamb Chops', 'Aloo Paratha'})",0.16902581182348042,0.041631973355537054,0.01665278934221482,0.09852216748768473,2.366502463054187,1.0,0.009615911247981664,1.0631077016875736,0.6948897795591182,0.08583690987124463,0.05936153184423055,0.24926108374384234
frozenset({'BBQ Lamb Chops'}),"frozenset({'Smoked Beef Ribs', 'Aloo Paratha'})",0.16319733555370525,0.03413821815154038,0.01665278934221482,0.1020408163265306,2.9890492782478844,1.0,0.011081523099332293,1.0756188025130573,0.795223880597015,0.09216589861751151,0.07030260380014074,0.29492284718765555
frozenset({'Aloo Paratha'}),"frozenset({'Smoked Beef Ribs', 'BBQ Lamb Chops'})",0.13322231473771856,0.03913405495420483,0.01665278934221482,0.125,3.194148936170213,1.0,0.01143925995614257,1.0981325086237659,0.7925072046109509,0.10695187165775401,0.08936308492201041,0.2752659574468085
"frozenset({'BBQ Lamb Chops', 'Tandoori Chicken Pizza'})",frozenset({'Aloo Paratha'}),0.02497918401332223,0.13322231473771856,0.013322231473771857,0.5333333333333333,4.003333333333334,1.0,0.009994446759257656,1.8573807541334604,0.7694278394534586,0.09195402298850576,0.4616074287544028,0.31666666666666665
"frozenset({'Aloo Paratha', 'Tandoori Chicken Pizza'})",frozenset({'BBQ Lamb Chops'}),0.02997502081598668,0.16319733555370525,0.013322231473771857,0.4444444444444444,2.7233560090702946,1.0,0.00843038794343598,1.5062447960033303,0.6523605150214592,0.07407407407407407,0.3360972913211719,0.26303854875283444
"frozenset({'BBQ Lamb Chops', 'Aloo Paratha'})",frozenset({'Tandoori Chicken Pizza'}),0.041631973355537054,0.10241465445462115,0.013322231473771857,0.32,3.1245528455284552,1.0,0.009058507308300535,1.3199784493314395,0.7094917463075585,0.1019108280254777,0.24241187384044527,0.22504065040650406
frozenset({'Tandoori Chicken Pizza'}),"frozenset({'BBQ Lamb Chops', 'Aloo Paratha'})",0.10241465445462115,0.041631973355537054,0.013322231473771857,0.13008130081300812,3.124552845528455,1.0,0.009058507308300535,1.1016753951146632,0.7575371057513914,0.1019108280254777,0.09229160927577996,0.22504065040650406
frozenset({'BBQ Lamb Chops'}),"frozenset({'Aloo Paratha', 'Tandoori Chicken Pizza'})",0.16319733555370525,0.02997502081598668,0.013322231473771857,0.0816326530612245,2.723356009070295,1.0,0.00843038794343598,1.0562494217781477,0.7562189054726368,0.07407407407407407,0.053253919593588515,0.26303854875283444
frozenset({'Aloo Paratha'}),"frozenset({'BBQ Lamb Chops', 'Tandoori Chicken Pizza'})",0.13322231473771856,0.02497918401332223,0.013322231473771857,0.1,4.003333333333334,1.0,0.009994446759257656,1.0833564622074197,0.8655139289145053,0.09195402298850576,0.07694278394534586,0.31666666666666665
"frozenset({'Turkey Bacon & Eggs', 'BBQ Lamb Chops'})",frozenset({'Aloo Paratha'}),0.02331390507910075,0.13322231473771856,0.011656952539550375,0.5,3.7531250000000003,1.0,0.00855102013933712,1.733555370524563,0.7510656436487638,0.08045977011494253,0.4231508165225744,0.29375
"frozenset({'Turkey Bacon & Eggs', 'Aloo Paratha'})",frozenset({'BBQ Lamb Chops'}),0.02331390507910075,0.16319733555370525,0.011656952539550375,0.5,3.063775510204082,1.0,0.007852185349289137,1.6736053288925894,0.6896845694799658,0.06666666666666667,0.40248756218905474,0.2857142857142857
"frozenset({'BBQ Lamb Chops', 'Aloo Paratha'})",frozenset({'Turkey Bacon & Eggs'}),0.041631973355537054,0.10990840965861781,0.011656952539550375,0.27999999999999997,2.5475757575757574,1.0,0.007081248557093346,1.2362383199185865,0.6338587563609284,0.08333333333333333,0.19109448082319921,0.19303030303030302
frozenset({'Turkey Bacon & Eggs'}),"frozenset({'BBQ Lamb Chops', 'Aloo Paratha'})",0.10990840965861781,0.041631973355537054,0.011656952539550375,0.10606060606060606,2.5475757575757574,1.0,0.007081248557093346,1.0720727077717722,0.682480288654283,0.08333333333333333,0.06722744385646211,0.19303030303030302
frozenset({'BBQ Lamb Chops'}),"frozenset({'Turkey Bacon & Eggs', 'Aloo Paratha'})",0.16319733555370525,0.02331390507910075,0.011656952539550375,0.07142857142857142,3.0637755102040813,1.0,0.007852185349289137,1.0518157945301991,0.8049751243781095,0.06666666666666667,0.04926318353428327,0.2857142857142857
frozenset({'Aloo Paratha'}),"frozenset({'Turkey Bacon & Eggs', 'BBQ Lamb Chops'})",0.13322231473771856,0.02331390507910075,0.011656952539550375,0.08750000000000001,3.7531250000000003,1.0,0.00855102013933712,1.0703409259407115,0.8463016330451488,0.08045977011494253,0.06571824381926684,0.29375
"frozenset({'Veggie Supreme Pizza', 'BBQ Lamb Chops'})",frozenset({'Aloo Paratha'}),0.02497918401332223,0.13322231473771856,0.010824313072439634,0.4333333333333334,3.252708333333334,1.0,0.007496528357925433,1.5296076798746145,0.7103067726466532,0.07344632768361584,0.3462375920589178,0.2572916666666667
"frozenset({'Veggie Supreme Pizza', 'Aloo Paratha'})",frozenset({'BBQ Lamb Chops'}),0.01665278934221482,0.16319733555370525,0.010824313072439634,0.6500000000000001,3.9829081632653067,1.0,0.008106622222253036,2.390864755560843,0.7616101087735296,0.06403940886699508,0.5817412935323385,0.3581632653061225
"frozenset({'BBQ Lamb Chops', 'Aloo Paratha'})",frozenset({'Veggie Supreme Pizza'}),0.041631973355537054,0.11323896752706078,0.010824313072439634,0.26,2.296029411764706,1.0,0.0061099513935445144,1.198325719558026,0.5889861658758271,0.07514450867052024,0.1655023474178404,0.17779411764705882
frozenset({'Veggie Supreme Pizza'}),"frozenset({'BBQ Lamb Chops', 'Aloo Paratha'})",0.11323896752706078,0.041631973355537054,0.010824313072439634,0.09558823529411765,2.2960294117647058,1.0,0.0061099513935445144,1.0596589562898127,0.6365474900686169,0.07514450867052024,0.056300148208718766,0.17779411764705882
frozenset({'BBQ Lamb Chops'}),"frozenset({'Veggie Supreme Pizza', 'Aloo Paratha'})",0.16319733555370525,0.01665278934221482,0.010824313072439634,0.0663265306122449,3.9829081632653067,1.0,0.008106622222253036,1.053202476988666,0.8949866054343668,0.06403940886699508,0.050514956194162686,0.3581632653061225
frozenset({'Aloo Paratha'}),"frozenset({'Veggie Supreme Pizza', 'BBQ Lamb Chops'})",0.13322231473771856,0.02497918401332223,0.010824313072439634,0.08125000000000002,3.252708333333334,1.0,0.007496528357925433,1.0612471466521662,0.7990098278282718,0.07344632768361584,0.05771242527754058,0.2572916666666667
"frozenset({'Barbeque Chicken Tikka', 'French Toast'})",frozenset({'Aloo Paratha'}),0.02331390507910075,0.13322231473771856,0.010824313072439634,0.4642857142857143,3.4850446428571433,1.0,0.007718380672226379,1.6179850124895923,0.7300806610269526,0.0742857142857143,0.381947303417044,0.2727678571428572
"frozenset({'Barbeque Chicken Tikka', 'Aloo Paratha'})",frozenset({'French Toast'}),0.019150707743547043,0.10824313072439634,0.010824313072439634,0.5652173913043479,5.221739130434783,1.0,0.008751380510690163,2.051040799333889,0.8242784380305603,0.09285714285714286,0.5124426582227094,0.33260869565217394
"frozenset({'Aloo Paratha', 'French Toast'})",frozenset({'Barbeque Chicken Tikka'}),0.03413821815154038,0.1115736885928393,0.010824313072439634,0.3170731707317073,2.8418274481252275,1.0,0.007015386151285254,1.300909955989057,0.6710212201591512,0.08024691358024694,0.2313072896427184,0.20704404805242083
frozenset({'Barbeque Chicken Tikka'}),"frozenset({'Aloo Paratha', 'French Toast'})",0.1115736885928393,0.03413821815154038,0.010824313072439634,0.09701492537313434,2.841827448125228,1.0,0.007015386151285254,1.0696320559313521,0.7295076057962656,0.08024691358024694,0.06509907359752962,0.20704404805242083
frozenset({'French Toast'}),"frozenset({'Barbeque Chicken Tikka', 'Aloo Paratha'})",0.10824313072439634,0.019150707743547043,0.010824313072439634,0.1,5.221739130434783,1.0,0.008751380510690163,1.0898325469516144,0.9066293183940244,0.09285714285714286,0.08242784380305603,0.33260869565217394
frozenset({'Aloo Paratha'}),"frozenset({'Barbeque Chicken Tikka', 'French Toast'})",0.13322231473771856,0.02331390507910075,0.010824313072439634,0.08125000000000002,3.4850446428571433,1.0,0.007718380672226379,1.0630596951519993,0.8226557304367104,0.0742857142857143,0.059319053708439914,0.2727678571428572
"frozenset({'Korean BBQ Short Ribs', 'Barbeque Chicken Tikka'})",frozenset({'Aloo Paratha'}),0.030807660283097418,0.13322231473771856,0.010824313072439634,0.35135135135135137,2.6373310810810815,1.0,0.006720045257872119,1.3362822647793506,0.6405630452022205,0.07065217391304349,0.2516551133265831,0.21630067567567568
"frozenset({'Korean BBQ Short Ribs', 'Aloo Paratha'})",frozenset({'Barbeque Chicken Tikka'}),0.03413821815154038,0.1115736885928393,0.010824313072439634,0.3170731707317073,2.8418274481252275,1.0,0.007015386151285254,1.300909955989057,0.6710212201591512,0.08024691358024694,0.2313072896427184,0.20704404805242083
"frozenset({'Barbeque Chicken Tikka', 'Aloo Paratha'})",frozenset({'Korean BBQ Short Ribs'}),0.019150707743547043,0.13322231473771856,0.010824313072439634,0.5652173913043479,4.242663043478261,1.0,0.008273011457978745,1.9935886761032477,0.7792216272691654,0.07647058823529412,0.4983920143674561,0.32323369565217397
frozenset({'Korean BBQ Short Ribs'}),"frozenset({'Barbeque Chicken Tikka', 'Aloo Paratha'})",0.13322231473771856,0.019150707743547043,0.010824313072439634,0.08125000000000002,4.242663043478262,1.0,0.008273011457978745,1.0675910664015815,0.8817704869578068,0.07647058823529412,0.0633117572156197,0.32323369565217397
frozenset({'Barbeque Chicken Tikka'}),"frozenset({'Korean BBQ Short Ribs', 'Aloo Paratha'})",0.1115736885928393,0.03413821815154038,0.010824313072439634,0.09701492537313434,2.841827448125228,1.0,0.007015386151285254,1.0696320559313521,0.7295076057962656,0.08024691358024694,0.06509907359752962,0.20704404805242083
frozenset({'Aloo Paratha'}),"frozenset({'Korean BBQ Short Ribs', 'Barbeque Chicken Tikka'})",0.13322231473771856,0.030807660283097418,0.010824313072439634,0.08125000000000002,2.637331081081082,1.0,0.006720045257872119,1.0549032269027512,0.7162491686987366,0.07065217391304349,0.05204574742268043,0.21630067567567568
"frozenset({'Fish Masala Curry', 'Beef Sausage Breakfast'})",frozenset({'Aloo Paratha'}),0.02414654454621149,0.13322231473771856,0.010824313072439634,0.4482758620689655,3.3648706896551728,1.0,0.007607454515075905,1.5710345545378852,0.7202021527960094,0.07386363636363638,0.36347676305939247,0.2647629310344828
"frozenset({'Fish Masala Curry', 'Aloo Paratha'})",frozenset({'Beef Sausage Breakfast'}),0.026644462947543714,0.10074937552039967,0.010824313072439634,0.40625,4.03228305785124,1.0,0.008139900069398177,1.51452736754459,0.7725866947423833,0.09285714285714286,0.3397280092592593,0.2568440082644628
"frozenset({'Beef Sausage Breakfast', 'Aloo Paratha'})",frozenset({'Fish Masala Curry'}),0.02164862614487927,0.11490424646128226,0.010824313072439634,0.5,4.351449275362319,1.0,0.008336793998340268,1.7701915070774354,0.7872340425531915,0.08609271523178809,0.43508936970837253,0.2971014492753623
frozenset({'Fish Masala Curry'}),"frozenset({'Beef Sausage Breakfast', 'Aloo Paratha'})",0.11490424646128226,0.02164862614487927,0.010824313072439634,0.09420289855072464,4.351449275362318,1.0,0.008336793998340268,1.0800999167360532,0.8701787394167451,0.08609271523178809,0.07415972864631515,0.2971014492753623
frozenset({'Beef Sausage Breakfast'}),"frozenset({'Fish Masala Curry', 'Aloo Paratha'})",0.10074937552039967,0.026644462947543714,0.010824313072439634,0.10743801652892562,4.03228305785124,1.0,0.008139900069398177,1.0905187035495112,0.8362535612535612,0.09285714285714286,0.0830051820797602,0.2568440082644628
frozenset({'Aloo Paratha'}),"frozenset({'Fish Masala Curry', 'Beef Sausage Breakfast'})",0.13322231473771856,0.02414654454621149,0.010824313072439634,0.08125000000000002,3.3648706896551728,1.0,0.007607454515075905,1.0621534209020829,0.810832779132491,0.07386363636363638,0.058516424914675784,0.2647629310344828
"frozenset({'Beef Sausage Breakfast', 'Tandoori Chicken Pizza'})",frozenset({'Aloo Paratha'}),0.014154870940882597,0.13322231473771856,0.010824313072439634,0.7647058823529412,5.740073529411766,1.0,0.008938568400881586,3.6838051623646972,0.8376429313929313,0.07926829268292683,0.7285415607165056,0.42297794117647064
"frozenset({'Aloo Paratha', 'Tandoori Chicken Pizza'})",frozenset({'Beef Sausage Breakfast'}),0.02997502081598668,0.10074937552039967,0.010824313072439634,0.3611111111111111,3.5842516069788797,1.0,0.007804348444017995,1.4075227165767659,0.7432816110927698,0.09027777777777778,0.2895318930041152,0.23427456382001838
"frozenset({'Beef Sausage Breakfast', 'Aloo Paratha'})",frozenset({'Tandoori Chicken Pizza'}),0.02164862614487927,0.10241465445462115,0.010824313072439634,0.5,4.882113821138211,1.0,0.008607176506394547,1.7951706910907577,0.8127659574468086,0.09558823529411765,0.4429499072356215,0.30284552845528456
frozenset({'Tandoori Chicken Pizza'}),"frozenset({'Beef Sausage Breakfast', 'Aloo Paratha'})",0.10241465445462115,0.02164862614487927,0.010824313072439634,0.10569105691056911,4.882113821138211,1.0,0.008607176506394547,1.0939747180379986,0.8858998144712431,0.09558823529411765,0.08590209306348384,0.30284552845528456
frozenset({'Beef Sausage Breakfast'}),"frozenset({'Aloo Paratha', 'Tandoori Chicken Pizza'})",0.10074937552039967,0.02997502081598668,0.010824313072439634,0.10743801652892562,3.5842516069788797,1.0,0.007804348444017995,1.0867872451969038,0.8017806267806268,0.09027777777777778,0.07985670201823147,0.23427456382001838
frozenset({'Aloo Paratha'}),"frozenset({'Beef Sausage Breakfast', 'Tandoori Chicken Pizza'})",0.13322231473771856,0.014154870940882597,0.010824313072439634,0.08125000000000002,5.740073529411766,1.0,0.008938568400881586,1.0730287119010802,0.9527081947831227,0.07926829268292683,0.0680584881756757,0.42297794117647064
"frozenset({'Four-Cheese Pizza', 'Chicken Biryani'})",frozenset({'Aloo Paratha'}),0.03330557868442964,0.13322231473771856,0.011656952539550375,0.35000000000000003,2.6271875000000002,1.0,0.007219906253531439,1.333504131172741,0.6407038267503384,0.07526881720430109,0.2500960614793468,0.21875000000000003
"frozenset({'Four-Cheese Pizza', 'Aloo Paratha'})",frozenset({'Chicken Biryani'}),0.03663613655287261,0.12822647793505412,0.011656952539550375,0.3181818181818182,2.481404958677686,1.0,0.006959229784227826,1.2786011656952538,0.6197061365600691,0.07608695652173914,0.21789528523052878,0.20454545454545453
"frozenset({'Aloo Paratha', 'Chicken Biryani'})",frozenset({'Four-Cheese Pizza'}),0.020815986677768527,0.1357202331390508,0.011656952539550375,0.5599999999999999,4.126134969325153,1.0,0.008831801974624255,1.964272197411248,0.7737487852283771,0.08045977011494253,0.4909055876685934,0.3229447852760736
frozenset({'Four-Cheese Pizza'}),"frozenset({'Aloo Paratha', 'Chicken Biryani'})",0.1357202331390508,0.020815986677768527,0.011656952539550375,0.08588957055214724,4.126134969325153,1.0,0.008831801974624255,1.0711878803457968,0.876617120836774,0.08045977011494253,0.06645695087851092,0.3229447852760736
frozenset({'Chicken Biryani'}),"frozenset({'Four-Cheese Pizza', 'Aloo Paratha'})",0.12822647793505412,0.03663613655287261,0.011656952539550375,0.09090909090909091,2.481404958677686,1.0,0.006959229784227826,1.0597002497918402,0.684813753581662,0.07608695652173914,0.05633692150546083,0.20454545454545453
frozenset({'Aloo Paratha'}),"frozenset({'Four-Cheese Pizza', 'Chicken Biryani'})",0.13322231473771856,0.03330557868442964,0.011656952539550375,0.08750000000000001,2.6271875000000002,1.0,0.007219906253531439,1.0593911466472004,0.7145601756552765,0.07526881720430109,0.05606158484065462,0.21875000000000003
"frozenset({'Mediterranean Olive Pizza', 'Chicken Biryani'})",frozenset({'Aloo Paratha'}),0.01665278934221482,0.13322231473771856,0.011656952539550375,0.7000000000000001,5.2543750000000005,1.0,0.009438429396540906,2.889258950874272,0.8233942179750816,0.08433734939759037,0.6538904899135446,0.39375000000000004
"frozenset({'Aloo Paratha', 'Chicken Biryani'})",frozenset({'Mediterranean Olive Pizza'}),0.020815986677768527,0.08825978351373855,0.011656952539550375,0.5599999999999999,6.344905660377358,1.0,0.009819738061745659,2.072136855650594,0.8603012633624879,0.11965811965811966,0.5174063926940639,0.34603773584905656
"frozenset({'Mediterranean Olive Pizza', 'Aloo Paratha'})",frozenset({'Chicken Biryani'}),0.028309741881765195,0.12822647793505412,0.011656952539550375,0.411764705882353,3.2112299465240643,1.0,0.008026894046801132,1.4820149875104083,0.7086546700942588,0.08045977011494253,0.3252429911792798,0.25133689839572193
frozenset({'Chicken Biryani'}),"frozenset({'Mediterranean Olive Pizza', 'Aloo Paratha'})",0.12822647793505412,0.028309741881765195,0.011656952539550375,0.09090909090909091,3.2112299465240643,1.0,0.008026894046801132,1.0688592839300584,0.789875835721108,0.08045977011494253,0.0644231518267508,0.25133689839572193
frozenset({'Mediterranean Olive Pizza'}),"frozenset({'Aloo Paratha', 'Chicken Biryani'})",0.08825978351373855,0.020815986677768527,0.011656952539550375,0.1320754716981132,6.344905660377358,1.0,0.009819738061745659,1.1281902762190927,0.9239399869536856,0.11965811965811966,0.1136246951610833,0.34603773584905656
frozenset({'Aloo Paratha'}),"frozenset({'Mediterranean Olive Pizza', 'Chicken Biryani'})",0.13322231473771856,0.01665278934221482,0.011656952539550375,0.08750000000000001,5.2543750000000005,1.0,0.009438429396540906,1.0776407788030522,0.9341292713050636,0.08433734939759037,0.07204699407281964,0.39375000000000004
"frozenset({'Four-Cheese Pizza', 'Fish Masala Curry'})",frozenset({'Aloo Paratha'}),0.03164029975020816,0.13322231473771856,0.012489592006661115,0.3947368421052631,2.9629934210526314,1.0,0.008274398034943125,1.4320674799985518,0.6841501862997993,0.08196721311475409,0.3017088831589058,0.24424342105263155
"frozenset({'Four-Cheese Pizza', 'Aloo Paratha'})",frozenset({'Fish Masala Curry'}),0.03663613655287261,0.11490424646128226,0.012489592006661115,0.3409090909090909,2.9668972332015806,1.0,0.00827994434280065,1.3429039019208129,0.6881590319792568,0.08982035928143711,0.2553450782519456,0.22480237154150196
"frozenset({'Fish Masala Curry', 'Aloo Paratha'})",frozenset({'Four-Cheese Pizza'}),0.026644462947543714,0.1357202331390508,0.012489592006661115,0.46874999999999994,3.453796012269938,1.0,0.008873399283555681,1.626879561150022,0.7299116053607071,0.08333333333333331,0.3853263487475915,0.28038726993865026
frozenset({'Four-Cheese Pizza'}),"frozenset({'Fish Masala Curry', 'Aloo Paratha'})",0.1357202331390508,0.026644462947543714,0.012489592006661115,0.09202453987730061,3.4537960122699385,1.0,0.008873399283555681,1.072006436078043,0.8220295439948618,0.08333333333333331,0.0671697796344209,0.28038726993865026
frozenset({'Fish Masala Curry'}),"frozenset({'Four-Cheese Pizza', 'Aloo Paratha'})",0.11490424646128226,0.03663613655287261,0.012489592006661115,0.10869565217391304,2.9668972332015806,1.0,0.00827994434280065,1.0808472614284845,0.7490122295390406,0.08982035928143711,0.07479989478035398,0.22480237154150196
frozenset({'Aloo Paratha'}),"frozenset({'Four-Cheese Pizza', 'Fish Masala Curry'})",0.13322231473771856,0.03164029975020816,0.012489592006661115,0.09375,2.9629934210526314,1.0,0.008274398034943125,1.0685348416549427,0.7643291706692282,0.08196721311475409,0.0641390799656062,0.24424342105263155
"frozenset({'Fish Masala Curry', 'Mediterranean Olive Pizza'})",frozenset({'Aloo Paratha'}),0.01498751040799334,0.13322231473771856,0.011656952539550375,0.7777777777777778,5.8381944444444445,1.0,0.009660281710841854,3.9004995836802667,0.841323511653182,0.08536585365853659,0.7436225851211441,0.4326388888888889
"frozenset({'Fish Masala Curry', 'Aloo Paratha'})",frozenset({'Mediterranean Olive Pizza'}),0.026644462947543714,0.08825978351373855,0.011656952539550375,0.4375,4.956957547169812,1.0,0.009305318007960339,1.620871495975576,0.8201148722962239,0.11290322580645161,0.38304794520547947,0.2847877358490566
"frozenset({'Mediterranean Olive Pizza', 'Aloo Paratha'})",frozenset({'Fish Masala Curry'}),0.028309741881765195,0.11490424646128226,0.011656952539550375,0.411764705882353,3.5835464620630866,1.0,0.008404042981112742,1.5046627810158204,0.7419512792263435,0.08860759493670886,0.3353992584804383,0.25660699062233594
frozenset({'Fish Masala Curry'}),"frozenset({'Mediterranean Olive Pizza', 'Aloo Paratha'})",0.11490424646128226,0.028309741881765195,0.011656952539550375,0.10144927536231885,3.5835464620630866,1.0,0.008404042981112742,1.0813972227444872,0.8145410563096358,0.08860759493670886,0.07527041963165805,0.25660699062233594
frozenset({'Mediterranean Olive Pizza'}),"frozenset({'Fish Masala Curry', 'Aloo Paratha'})",0.08825978351373855,0.026644462947543714,0.011656952539550375,0.1320754716981132,4.956957547169811,1.0,0.009305318007960339,1.1214748579082647,0.8755381604696674,0.11290322580645161,0.10831705860516164,0.2847877358490566
frozenset({'Aloo Paratha'}),"frozenset({'Fish Masala Curry', 'Mediterranean Olive Pizza'})",0.13322231473771856,0.01498751040799334,0.011656952539550375,0.08750000000000001,5.8381944444444445,1.0,0.009660281710841854,1.0794657420186375,0.9560861808700425,0.08536585365853659,0.07361580726965343,0.4326388888888889
"frozenset({'Fish Masala Curry', 'Mushroom Alfredo Pizza'})",frozenset({'Aloo Paratha'}),0.022481265611990008,0.13322231473771856,0.011656952539550375,0.5185185185185185,3.8921296296296295,1.0,0.008661946296487593,1.8002305770832,0.7601606230226334,0.08092485549132948,0.4445156010958124,0.30300925925925926
"frozenset({'Fish Masala Curry', 'Aloo Paratha'})",frozenset({'Mushroom Alfredo Pizza'}),0.026644462947543714,0.09908409658617819,0.011656952539550375,0.4375,4.415441176470588,1.0,0.009016909999369108,1.6016282727356832,0.7946963216424294,0.10218978102189782,0.37563539741219965,0.2775735294117647
"frozenset({'Mushroom Alfredo Pizza', 'Aloo Paratha'})",frozenset({'Fish Masala Curry'}),0.027477102414654453,0.11490424646128226,0.011656952539550375,0.42424242424242425,3.692138779095301,1.0,0.008499716791655025,1.5372715719356678,0.7497553816046968,0.08917197452229299,0.34949684996721686,0.2628458498023716
frozenset({'Fish Masala Curry'}),"frozenset({'Mushroom Alfredo Pizza', 'Aloo Paratha'})",0.11490424646128226,0.027477102414654453,0.011656952539550375,0.10144927536231885,3.692138779095301,1.0,0.008499716791655025,1.0823238698933684,0.823814003494154,0.08917197452229299,0.07606214016279533,0.2628458498023716
frozenset({'Mushroom Alfredo Pizza'}),"frozenset({'Fish Masala Curry', 'Aloo Paratha'})",0.09908409658617819,0.026644462947543714,0.011656952539550375,0.11764705882352941,4.415441176470588,1.0,0.009016909999369108,1.1031362753261171,0.8585951940850279,0.10218978102189782,0.09349368489910934,0.2775735294117647
frozenset({'Aloo Paratha'}),"frozenset({'Fish Masala Curry', 'Mushroom Alfredo Pizza'})",0.13322231473771856,0.022481265611990008,0.011656952539550375,0.08750000000000001,3.89212962962963,1.0,0.008661946296487593,1.071253407548504,0.8572800878276382,0.08092485549132948,0.06651405451448043,0.30300925925925926
"frozenset({'Fish Masala Curry', 'Pepperoni Pizza'})",frozenset({'Aloo Paratha'}),0.020815986677768527,0.13322231473771856,0.010824313072439634,0.52,3.9032500000000003,1.0,0.0080511591436778,1.8057868442964198,0.7596153846153846,0.07558139534883723,0.44622478386167147,0.30062500000000003
"frozenset({'Fish Masala Curry', 'Aloo Paratha'})",frozenset({'Pepperoni Pizza'}),0.026644462947543714,0.07577019150707744,0.010824313072439634,0.40625,5.361607142857143,1.0,0.008805457012301019,1.5565975721986065,0.8357570573139436,0.1181818181818182,0.3575731981981982,0.27455357142857145
"frozenset({'Pepperoni Pizza', 'Aloo Paratha'})",frozenset({'Fish Masala Curry'}),0.02414654454621149,0.11490424646128226,0.010824313072439634,0.4482758620689655,3.901299350324838,1.0,0.008049772566713418,1.604236053288926,0.7620766605408242,0.08441558441558442,0.376650338988549,0.27123938030984507
frozenset({'Fish Masala Curry'}),"frozenset({'Pepperoni Pizza', 'Aloo Paratha'})",0.11490424646128226,0.02414654454621149,0.010824313072439634,0.09420289855072464,3.9012993503248374,1.0,0.008049772566713418,1.0773422148209826,0.8402199869744554,0.08441558441558442,0.0717898303408023,0.27123938030984507
frozenset({'Pepperoni Pizza'}),"frozenset({'Fish Masala Curry', 'Aloo Paratha'})",0.07577019150707744,0.026644462947543714,0.010824313072439634,0.14285714285714288,5.361607142857143,1.0,0.008805457012301019,1.1355814598945324,0.8801801801801803,0.1181818181818182,0.11939386533056338,0.27455357142857145
frozenset({'Aloo Paratha'}),"frozenset({'Fish Masala Curry', 'Pepperoni Pizza'})",0.13322231473771856,0.020815986677768527,0.010824313072439634,0.08125000000000002,3.9032500000000008,1.0,0.0080511591436778,1.0657785179017487,0.8581245843493682,0.07558139534883723,0.06171875000000001,0.30062500000000003
"frozenset({'Fish Masala Curry', 'Tandoori Chicken Pizza'})",frozenset({'Aloo Paratha'}),0.020815986677768527,0.13322231473771856,0.012489592006661115,0.6,4.50375,1.0,0.00971643807789928,2.1669442131557037,0.7945011337868481,0.08823529411764706,0.5385206532180595,0.346875
"frozenset({'Fish Masala Curry', 'Aloo Paratha'})",frozenset({'Tandoori Chicken Pizza'}),0.026644462947543714,0.10241465445462115,0.012489592006661115,0.46874999999999994,4.576981707317072,1.0,0.00976080854075947,1.6895724151442426,0.8029084687767323,0.10714285714285714,0.4081342764378478,0.2953506097560975
"frozenset({'Aloo Paratha', 'Tandoori Chicken Pizza'})",frozenset({'Fish Masala Curry'}),0.02997502081598668,0.11490424646128226,0.012489592006661115,0.41666666666666663,3.626207729468599,1.0,0.009045334827138915,1.5173070060663731,0.7466094420600858,0.09433962264150943,0.34093759799310125,0.26268115942028986
frozenset({'Fish Masala Curry'}),"frozenset({'Aloo Paratha', 'Tandoori Chicken Pizza'})",0.11490424646128226,0.02997502081598668,0.012489592006661115,0.10869565217391304,3.626207729468599,1.0,0.009045334827138915,1.0883207083527955,0.8182502351834431,0.09433962264150943,0.08115320022392238,0.26268115942028986
frozenset({'Tandoori Chicken Pizza'}),"frozenset({'Fish Masala Curry', 'Aloo Paratha'})",0.10241465445462115,0.026644462947543714,0.012489592006661115,0.1219512195121951,4.576981707317072,1.0,0.00976080854075947,1.1085438060875197,0.870686456400742,0.10714285714285714,0.09791566692399171,0.2953506097560975
frozenset({'Aloo Paratha'}),"frozenset({'Fish Masala Curry', 'Tandoori Chicken Pizza'})",0.13322231473771856,0.020815986677768527,0.012489592006661115,0.09375,4.50375,1.0,0.00971643807789928,1.0804789112521176,0.8975344220300993,0.08823529411764706,0.074484481292517,0.346875
"frozenset({'Four-Cheese Pizza', 'Korean BBQ Short Ribs'})",frozenset({'Aloo Paratha'}),0.025811823480432972,0.13322231473771856,0.017485428809325562,0.6774193548387097,5.0848790322580655,1.0,0.014046717937660887,2.6870108243130733,0.8246235246235246,0.12352941176470589,0.6278392364661771,0.40433467741935486
"frozenset({'Four-Cheese Pizza', 'Aloo Paratha'})",frozenset({'Korean BBQ Short Ribs'}),0.03663613655287261,0.13322231473771856,0.017485428809325562,0.47727272727272724,3.582528409090909,1.0,0.012604677894704732,1.6581833978930602,0.7482816808659505,0.11475409836065574,0.3969303990917823,0.30426136363636364
"frozenset({'Korean BBQ Short Ribs', 'Aloo Paratha'})",frozenset({'Four-Cheese Pizza'}),0.03413821815154038,0.1357202331390508,0.017485428809325562,0.5121951219512195,3.773903935358372,1.0,0.012852181882846727,1.771773522064946,0.7610016420361249,0.11475409836065574,0.43559377790309695,0.3205147388897202
frozenset({'Four-Cheese Pizza'}),"frozenset({'Korean BBQ Short Ribs', 'Aloo Paratha'})",0.1357202331390508,0.03413821815154038,0.017485428809325562,0.12883435582822086,3.7739039353583723,1.0,0.012852181882846727,1.1087004960654854,0.8504449949536655,0.11475409836065574,0.09804315633594246,0.3205147388897202
frozenset({'Korean BBQ Short Ribs'}),"frozenset({'Four-Cheese Pizza', 'Aloo Paratha'})",0.13322231473771856,0.03663613655287261,0.017485428809325562,0.13125,3.582528409090909,1.0,0.012604677894704732,1.1089080442556862,0.8316636933351631,0.11475409836065574,0.09821197061365601,0.30426136363636364
frozenset({'Aloo Paratha'}),"frozenset({'Four-Cheese Pizza', 'Korean BBQ Short Ribs'})",0.13322231473771856,0.025811823480432972,0.017485428809325562,0.13125,5.084879032258065,1.0,0.014046717937660887,1.1213676852023793,0.9268103014500709,0.12352941176470589,0.10823183760683762,0.40433467741935486
"frozenset({'Four-Cheese Pizza', 'Paneer Tikka Masala'})",frozenset({'Aloo Paratha'}),0.022481265611990008,0.13322231473771856,0.011656952539550375,0.5185185185185185,3.8921296296296295,1.0,0.008661946296487593,1.8002305770832,0.7601606230226334,0.08092485549132948,0.4445156010958124,0.30300925925925926
"frozenset({'Four-Cheese Pizza', 'Aloo Paratha'})",frozenset({'Paneer Tikka Masala'}),0.03663613655287261,0.11074104912572856,0.011656952539550375,0.3181818181818182,2.873205741626794,1.0,0.007599828341771809,1.3042464612822646,0.6767502160760587,0.08588957055214724,0.2332737487231869,0.2117224880382775
"frozenset({'Paneer Tikka Masala', 'Aloo Paratha'})",frozenset({'Four-Cheese Pizza'}),0.026644462947543714,0.1357202331390508,0.011656952539550375,0.4375,3.223542944785276,1.0,0.008040759816444941,1.536497363308354,0.7086643040449712,0.07734806629834254,0.3491690751445087,0.2616947852760736
frozenset({'Four-Cheese Pizza'}),"frozenset({'Paneer Tikka Masala', 'Aloo Paratha'})",0.1357202331390508,0.026644462947543714,0.011656952539550375,0.08588957055214724,3.223542944785276,1.0,0.008040759816444941,1.0648117620104052,0.7981007431874484,0.07734806629834254,0.060866872740058885,0.2616947852760736
frozenset({'Paneer Tikka Masala'}),"frozenset({'Four-Cheese Pizza', 'Aloo Paratha'})",0.11074104912572856,0.03663613655287261,0.011656952539550375,0.10526315789473684,2.8732057416267938,1.0,0.007599828341771809,1.0767007885585542,0.7331460674157303,0.08588957055214724,0.07123686485011144,0.2117224880382775
frozenset({'Aloo Paratha'}),"frozenset({'Four-Cheese Pizza', 'Paneer Tikka Masala'})",0.13322231473771856,0.022481265611990008,0.011656952539550375,0.08750000000000001,3.89212962962963,1.0,0.008661946296487593,1.071253407548504,0.8572800878276382,0.08092485549132948,0.06651405451448043,0.30300925925925926
"frozenset({'Four-Cheese Pizza', 'Paratha with Omelette'})",frozenset({'Aloo Paratha'}),0.03330557868442964,0.13322231473771856,0.019983347210657785,0.6,4.50375,1.0,0.015546300924638849,2.1669442131557037,0.804766006316394,0.13636363636363638,0.5385206532180595,0.375
"frozenset({'Four-Cheese Pizza', 'Aloo Paratha'})",frozenset({'Paratha with Omelette'}),0.03663613655287261,0.12489592006661115,0.019983347210657785,0.5454545454545454,4.367272727272727,1.0,0.015407643228200756,1.9252289758534553,0.8003457216940363,0.14117647058823526,0.48058126459648814,0.3527272727272727
"frozenset({'Paratha with Omelette', 'Aloo Paratha'})",frozenset({'Four-Cheese Pizza'}),0.030807660283097418,0.1357202331390508,0.019983347210657785,0.6486486486486487,4.77930691427624,1.0,0.015802124374567128,2.45987318260424,0.8159006300114547,0.13636363636363635,0.5934749778680415,0.39794395622616485
frozenset({'Four-Cheese Pizza'}),"frozenset({'Paratha with Omelette', 'Aloo Paratha'})",0.1357202331390508,0.030807660283097418,0.019983347210657785,0.14723926380368096,4.779306914276239,1.0,0.015802124374567128,1.1365349019701807,0.9149405908798972,0.13636363636363635,0.12013260809984608,0.39794395622616485
frozenset({'Paratha with Omelette'}),"frozenset({'Four-Cheese Pizza', 'Aloo Paratha'})",0.12489592006661115,0.03663613655287261,0.019983347210657785,0.16,4.367272727272727,1.0,0.015407643228200756,1.1468617421989613,0.8810656517602283,0.14117647058823526,0.12805531547104582,0.3527272727272727
frozenset({'Aloo Paratha'}),"frozenset({'Four-Cheese Pizza', 'Paratha with Omelette'})",0.13322231473771856,0.03330557868442964,0.019983347210657785,0.15,4.50375,1.0,0.015546300924638849,1.1372875544889063,0.8975344220300993,0.13636363636363638,0.12071490094745908,0.375
"frozenset({'Four-Cheese Pizza', 'Smoked Sausage Combo'})",frozenset({'Aloo Paratha'}),0.04329725228975854,0.13322231473771856,0.018318068276436304,0.4230769230769231,3.175721153846154,1.0,0.012549908104611686,1.5024146544546213,0.7161167813909328,0.11578947368421055,0.3344047882952782,0.28028846153846154
"frozenset({'Four-Cheese Pizza', 'Aloo Paratha'})",frozenset({'Smoked Sausage Combo'}),0.03663613655287261,0.16402997502081598,0.018318068276436304,0.5,3.048223350253807,1.0,0.012308643712809406,1.671940049958368,0.6974935177182368,0.10045662100456623,0.4018924302788845,0.30583756345177665
"frozenset({'Smoked Sausage Combo', 'Aloo Paratha'})",frozenset({'Four-Cheese Pizza'}),0.03330557868442964,0.1357202331390508,0.018318068276436304,0.55,4.052453987730061,1.0,0.013797827372554514,1.920621704135443,0.7791872210476863,0.12154696132596687,0.479335260115607,0.34248466257668714
frozenset({'Four-Cheese Pizza'}),"frozenset({'Smoked Sausage Combo', 'Aloo Paratha'})",0.1357202331390508,0.03330557868442964,0.018318068276436304,0.13496932515337423,4.052453987730061,1.0,0.013797827372554514,1.117526174996014,0.871518654755649,0.12154696132596687,0.10516637339293923,0.34248466257668714
frozenset({'Smoked Sausage Combo'}),"frozenset({'Four-Cheese Pizza', 'Aloo Paratha'})",0.16402997502081598,0.03663613655287261,0.018318068276436304,0.11167512690355332,3.0482233502538074,1.0,0.012308643712809406,1.0844724634233378,0.8037848605577689,0.10045662100456623,0.0778926771055899,0.30583756345177665
frozenset({'Aloo Paratha'}),"frozenset({'Four-Cheese Pizza', 'Smoked Sausage Combo'})",0.13322231473771856,0.04329725228975854,0.018318068276436304,0.1375,3.175721153846154,1.0,0.012549908104611686,1.1092205770553523,0.7904113177888392,0.11578947368421055,0.09846605744125328,0.28028846153846154
"frozenset({'Mediterranean Olive Pizza', 'French Toast'})",frozenset({'Aloo Paratha'}),0.02331390507910075,0.13322231473771856,0.011656952539550375,0.5,3.7531250000000003,1.0,0.00855102013933712,1.733555370524563,0.7510656436487638,0.08045977011494253,0.4231508165225744,0.29375
"frozenset({'Mediterranean Olive Pizza', 'Aloo Paratha'})",frozenset({'French Toast'}),0.028309741881765195,0.10824313072439634,0.011656952539550375,0.411764705882353,3.8040723981900455,1.0,0.008592617448268548,1.5159866777685265,0.7585995837923859,0.09333333333333334,0.34036359641895975,0.25972850678733034
"frozenset({'Aloo Paratha', 'French Toast'})",frozenset({'Mediterranean Olive Pizza'}),0.03413821815154038,0.08825978351373855,0.011656952539550375,0.34146341463414637,3.8688449148642436,1.0,0.008643920795950642,1.3844944028124713,0.7677339901477833,0.10526315789473685,0.2777146675576345,0.2367694431661298
frozenset({'Mediterranean Olive Pizza'}),"frozenset({'Aloo Paratha', 'French Toast'})",0.08825978351373855,0.03413821815154038,0.011656952539550375,0.1320754716981132,3.868844914864243,1.0,0.008643920795950642,1.112840748651486,0.8133072407045011,0.10526315789473685,0.10139882888744306,0.2367694431661298
frozenset({'French Toast'}),"frozenset({'Mediterranean Olive Pizza', 'Aloo Paratha'})",0.10824313072439634,0.028309741881765195,0.011656952539550375,0.10769230769230768,3.804072398190045,1.0,0.008592617448268548,1.0889632203049182,0.8265973055889023,0.09333333333333334,0.08169533979302615,0.25972850678733034
frozenset({'Aloo Paratha'}),"frozenset({'Mediterranean Olive Pizza', 'French Toast'})",0.13322231473771856,0.02331390507910075,0.011656952539550375,0.08750000000000001,3.7531250000000003,1.0,0.00855102013933712,1.0703409259407115,0.8463016330451488,0.08045977011494253,0.06571824381926684,0.29375
"frozenset({'Mushroom Alfredo Pizza', 'French Toast'})",frozenset({'Aloo Paratha'}),0.012489592006661115,0.13322231473771856,0.011656952539550375,0.9333333333333333,7.005833333333333,1.0,0.009993060182293274,13.001665278934226,0.8681040713081185,0.08695652173913045,0.9230867755363433,0.5104166666666666
"frozenset({'Aloo Paratha', 'French Toast'})",frozenset({'Mushroom Alfredo Pizza'}),0.03413821815154038,0.09908409658617819,0.011656952539550375,0.34146341463414637,3.4461979913916787,1.0,0.008274398034943127,1.3680574829617296,0.7349137931034483,0.09589041095890412,0.26903656282403865,0.22955523672883787
"frozenset({'Mushroom Alfredo Pizza', 'Aloo Paratha'})",frozenset({'French Toast'}),0.027477102414654453,0.10824313072439634,0.011656952539550375,0.42424242424242425,3.9193473193473194,1.0,0.008682744950953307,1.5488408782155225,0.7659001956947163,0.09395973154362416,0.3543558837676485,0.265967365967366
frozenset({'French Toast'}),"frozenset({'Mushroom Alfredo Pizza', 'Aloo Paratha'})",0.10824313072439634,0.027477102414654453,0.011656952539550375,0.10769230769230768,3.9193473193473194,1.0,0.008682744950953307,1.0898963507421975,0.8352674403094571,0.09395973154362416,0.08248155953635405,0.265967365967366
frozenset({'Mushroom Alfredo Pizza'}),"frozenset({'Aloo Paratha', 'French Toast'})",0.09908409658617819,0.03413821815154038,0.011656952539550375,0.11764705882352941,3.4461979913916787,1.0,0.008274398034943127,1.0946433527615875,0.7878927911275417,0.09589041095890412,0.08646044624746449,0.22955523672883787
frozenset({'Aloo Paratha'}),"frozenset({'Mushroom Alfredo Pizza', 'French Toast'})",0.13322231473771856,0.012489592006661115,0.011656952539550375,0.08750000000000001,7.005833333333334,1.0,0.009993060182293274,1.0822031868420152,0.9890215452175106,0.08695652173913045,0.07595910623946038,0.5104166666666666
"frozenset({'Paneer Tikka Masala', 'French Toast'})",frozenset({'Aloo Paratha'}),0.02331390507910075,0.13322231473771856,0.01665278934221482,0.7142857142857142,5.361607142857142,1.0,0.013546856942001565,3.0337218984179843,0.8329070758738278,0.11904761904761904,0.6703718951557568,0.4196428571428571
"frozenset({'Paneer Tikka Masala', 'Aloo Paratha'})",frozenset({'French Toast'}),0.026644462947543714,0.10824313072439634,0.01665278934221482,0.625,5.774038461538462,1.0,0.013768709256302511,2.3780183180682766,0.8494439692044483,0.1408450704225352,0.5794817927170869,0.3894230769230769
"frozenset({'Aloo Paratha', 'French Toast'})",frozenset({'Paneer Tikka Masala'}),0.03413821815154038,0.11074104912572856,0.01665278934221482,0.4878048780487805,4.404914725838988,1.0,0.012872287248830248,1.7361722374211965,0.800301724137931,0.12987012987012986,0.42402027952863797,0.31909040894920226
frozenset({'Paneer Tikka Masala'}),"frozenset({'Aloo Paratha', 'French Toast'})",0.11074104912572856,0.03413821815154038,0.01665278934221482,0.15037593984962405,4.404914725838988,1.0,0.012872287248830248,1.13681076978624,0.8692415730337079,0.12987012987012986,0.12034612393051593,0.31909040894920226
frozenset({'French Toast'}),"frozenset({'Paneer Tikka Masala', 'Aloo Paratha'})",0.10824313072439634,0.026644462947543714,0.01665278934221482,0.15384615384615383,5.774038461538461,1.0,0.013768709256302511,1.1503292710619937,0.9271708683473389,0.1408450704225352,0.1306836875699151,0.3894230769230769
frozenset({'Aloo Paratha'}),"frozenset({'Paneer Tikka Masala', 'French Toast'})",0.13322231473771856,0.02331390507910075,0.01665278934221482,0.125,5.361607142857143,1.0,0.013546856942001565,1.1162126799095993,0.9385206532180594,0.11904761904761904,0.10411338448422847,0.4196428571428571
"frozenset({'Paratha with Omelette', 'French Toast'})",frozenset({'Aloo Paratha'}),0.02164862614487927,0.13322231473771856,0.013322231473771857,0.6153846153846153,4.619230769230769,1.0,0.010438151387859548,2.2536219816819316,0.8008510638297872,0.09411764705882351,0.5562698588635187,0.35769230769230764
"frozenset({'Paratha with Omelette', 'Aloo Paratha'})",frozenset({'French Toast'}),0.030807660283097418,0.10824313072439634,0.013322231473771857,0.43243243243243246,3.9950103950103952,1.0,0.00998751387443575,1.5711906744379684,0.7735180412371133,0.10596026490066224,0.3635400105988341,0.27775467775467777
"frozenset({'Aloo Paratha', 'French Toast'})",frozenset({'Paratha with Omelette'}),0.03413821815154038,0.12489592006661115,0.013322231473771857,0.3902439024390244,3.1245528455284552,1.0,0.009058507308300535,1.4351706910907578,0.7039870689655172,0.09142857142857143,0.3032187695806549,0.24845528455284555
frozenset({'Paratha with Omelette'}),"frozenset({'Aloo Paratha', 'French Toast'})",0.12489592006661115,0.03413821815154038,0.013322231473771857,0.10666666666666667,3.1245528455284557,1.0,0.009058507308300535,1.0811885617706638,0.7769980970504281,0.09142857142857143,0.07509195402298852,0.24845528455284555
frozenset({'French Toast'}),"frozenset({'Paratha with Omelette', 'Aloo Paratha'})",0.10824313072439634,0.030807660283097418,0.013322231473771857,0.12307692307692307,3.995010395010395,1.0,0.00998751387443575,1.1052193347648889,0.8406862745098037,0.10596026490066224,0.09520222045995241,0.27775467775467777
frozenset({'Aloo Paratha'}),"frozenset({'Paratha with Omelette', 'French Toast'})",0.13322231473771856,0.02164862614487927,0.013322231473771857,0.1,4.619230769230769,1.0,0.010438151387859548,1.0870570820612453,0.9039385206532179,0.09411764705882351,0.08008510638297874,0.35769230769230764
"frozenset({'Smoked Beef Ribs', 'French Toast'})",frozenset({'Aloo Paratha'}),0.026644462947543714,0.13322231473771856,0.013322231473771857,0.5,3.7531250000000003,1.0,0.009772594444956708,1.733555370524563,0.7536355859709153,0.09090909090909091,0.4231508165225744,0.3
"frozenset({'Smoked Beef Ribs', 'Aloo Paratha'})",frozenset({'French Toast'}),0.03413821815154038,0.10824313072439634,0.013322231473771857,0.3902439024390244,3.605253283302064,1.0,0.009627003863696712,1.46248126561199,0.7481681034482759,0.10322580645161289,0.3162305572635558,0.25666041275797374
"frozenset({'Aloo Paratha', 'French Toast'})",frozenset({'Smoked Beef Ribs'}),0.03413821815154038,0.16902581182348042,0.013322231473771857,0.3902439024390244,2.308782890784573,1.0,0.007551991436500669,1.362797668609492,0.586907327586207,0.07017543859649122,0.26621535754435705,0.2345308182145861
frozenset({'Smoked Beef Ribs'}),"frozenset({'Aloo Paratha', 'French Toast'})",0.16902581182348042,0.03413821815154038,0.013322231473771857,0.0788177339901478,2.3087828907845735,1.0,0.007551991436500669,1.0485023621135685,0.6821768537074149,0.07017543859649122,0.0462587056225582,0.2345308182145861
frozenset({'French Toast'}),"frozenset({'Smoked Beef Ribs', 'Aloo Paratha'})",0.10824313072439634,0.03413821815154038,0.013322231473771857,0.12307692307692307,3.605253283302064,1.0,0.009627003863696712,1.101421330178068,0.8103408029878617,0.10322580645161289,0.09208222811671088,0.25666041275797374
frozenset({'Aloo Paratha'}),"frozenset({'Smoked Beef Ribs', 'French Toast'})",0.13322231473771856,0.026644462947543714,0.013322231473771857,0.1,3.7531250000000003,1.0,0.009772594444956708,1.081506152280507,0.8463016330451487,0.09090909090909091,0.07536355859709154,0.3
"frozenset({'Smoked Sausage Combo', 'French Toast'})",frozenset({'Aloo Paratha'}),0.022481265611990008,0.13322231473771856,0.019150707743547043,0.8518518518518519,6.394212962962963,1.0,0.01615570150048426,5.8507493755204,0.8630101473964892,0.14024390243902438,0.8290817234140961,0.49780092592592595
"frozenset({'Smoked Sausage Combo', 'Aloo Paratha'})",frozenset({'French Toast'}),0.03330557868442964,0.10824313072439634,0.019150707743547043,0.575,5.312115384615384,1.0,0.015545607636156656,2.0982514571190674,0.8397183837022058,0.1564625850340136,0.5234126984126983,0.37596153846153846
"frozenset({'Aloo Paratha', 'French Toast'})",frozenset({'Smoked Sausage Combo'}),0.03413821815154038,0.16402997502081598,0.019150707743547043,0.5609756097560975,3.4199579051628075,1.0,0.013551016672894708,1.904153945785919,0.7326086956521739,0.10697674418604651,0.47483237780584975,0.33886343939581526
frozenset({'Smoked Sausage Combo'}),"frozenset({'Aloo Paratha', 'French Toast'})",0.16402997502081598,0.03413821815154038,0.019150707743547043,0.11675126903553298,3.4199579051628075,1.0,0.013551016672894708,1.09353316680544,0.8464403256539061,0.10697674418604651,0.08553299492385785,0.33886343939581526
frozenset({'French Toast'}),"frozenset({'Smoked Sausage Combo', 'Aloo Paratha'})",0.10824313072439634,0.03330557868442964,0.019150707743547043,0.1769230769230769,5.312115384615384,1.0,0.015545607636156656,1.174488549261908,0.9102829537612145,0.1564625850340136,0.14856556019346717,0.37596153846153846
frozenset({'Aloo Paratha'}),"frozenset({'Smoked Sausage Combo', 'French Toast'})",0.13322231473771856,0.022481265611990008,0.019150707743547043,0.14375,6.394212962962962,1.0,0.01615570150048426,1.1416277189932964,0.9732698492252432,0.14024390243902438,0.1240577086882453,0.49780092592592595
"frozenset({'Turkey Bacon & Eggs', 'French Toast'})",frozenset({'Aloo Paratha'}),0.01498751040799334,0.13322231473771856,0.011656952539550375,0.7777777777777778,5.8381944444444445,1.0,0.009660281710841854,3.9004995836802667,0.841323511653182,0.08536585365853659,0.7436225851211441,0.4326388888888889
"frozenset({'Turkey Bacon & Eggs', 'Aloo Paratha'})",frozenset({'French Toast'}),0.02331390507910075,0.10824313072439634,0.011656952539550375,0.5,4.619230769230769,1.0,0.009133382464377105,1.7835137385512074,0.8022165387894288,0.09722222222222222,0.4393090569561158,0.3038461538461538
"frozenset({'Aloo Paratha', 'French Toast'})",frozenset({'Turkey Bacon & Eggs'}),0.03413821815154038,0.10990840965861781,0.011656952539550375,0.34146341463414637,3.1067997043606805,1.0,0.007904875273935612,1.3516205631109879,0.7020935960591134,0.08805031446540881,0.2601473909968286,0.22376201034737622
frozenset({'Turkey Bacon & Eggs'}),"frozenset({'Aloo Paratha', 'French Toast'})",0.10990840965861781,0.03413821815154038,0.011656952539550375,0.10606060606060606,3.10679970436068,1.0,0.007904875273935612,1.080455552576243,0.7618602164907123,0.08805031446540881,0.07446447230929991,0.22376201034737622
frozenset({'French Toast'}),"frozenset({'Turkey Bacon & Eggs', 'Aloo Paratha'})",0.10824313072439634,0.02331390507910075,0.011656952539550375,0.10769230769230768,4.619230769230769,1.0,0.009133382464377105,1.094562002928594,0.8786181139122315,0.09722222222222222,0.08639255033116924,0.3038461538461538
frozenset({'Aloo Paratha'}),"frozenset({'Turkey Bacon & Eggs', 'French Toast'})",0.13322231473771856,0.01498751040799334,0.011656952539550375,0.08750000000000001,5.8381944444444445,1.0,0.009660281710841854,1.0794657420186375,0.9560861808700425,0.08536585365853659,0.07361580726965343,0.4326388888888889
"frozenset({'Korean BBQ Short Ribs', 'Omelette with Cheese'})",frozenset({'Aloo Paratha'}),0.020815986677768527,0.13322231473771856,0.011656952539550375,0.5599999999999999,4.2035,1.0,0.00888379861078854,1.969949284687003,0.778304178814383,0.08187134502923978,0.4923727185398654,0.32375
"frozenset({'Korean BBQ Short Ribs', 'Aloo Paratha'})",frozenset({'Omelette with Cheese'}),0.03413821815154038,0.08825978351373855,0.011656952539550375,0.34146341463414637,3.8688449148642436,1.0,0.008643920795950642,1.3844944028124713,0.7677339901477833,0.10526315789473685,0.2777146675576345,0.2367694431661298
"frozenset({'Omelette with Cheese', 'Aloo Paratha'})",frozenset({'Korean BBQ Short Ribs'}),0.018318068276436304,0.13322231473771856,0.011656952539550375,0.6363636363636364,4.776704545454546,1.0,0.00921657708223996,2.383638634471274,0.8054040954804315,0.08333333333333333,0.5804733211073267,0.3619318181818182
frozenset({'Korean BBQ Short Ribs'}),"frozenset({'Omelette with Cheese', 'Aloo Paratha'})",0.13322231473771856,0.018318068276436304,0.011656952539550375,0.08750000000000001,4.776704545454546,1.0,0.00921657708223996,1.075815815587467,0.912172361740085,0.08333333333333333,0.07047285835453776,0.3619318181818182
frozenset({'Omelette with Cheese'}),"frozenset({'Korean BBQ Short Ribs', 'Aloo Paratha'})",0.08825978351373855,0.03413821815154038,0.011656952539550375,0.1320754716981132,3.868844914864243,1.0,0.008643920795950642,1.112840748651486,0.8133072407045011,0.10526315789473685,0.10139882888744306,0.2367694431661298
frozenset({'Aloo Paratha'}),"frozenset({'Korean BBQ Short Ribs', 'Omelette with Cheese'})",0.13322231473771856,0.020815986677768527,0.011656952539550375,0.08750000000000001,4.2035,1.0,0.00888379861078854,1.0730783707640894,0.879236997392617,0.08187134502923978,0.06810161564625851,0.32375
"frozenset({'Paneer Tikka Masala', 'Korean BBQ Short Ribs'})",frozenset({'Aloo Paratha'}),0.022481265611990008,0.13322231473771856,0.010824313072439634,0.4814814814814815,3.6141203703703706,1.0,0.007829306829376853,1.6716426787201144,0.7399423404534139,0.07471264367816093,0.4017860319493365,0.2813657407407408
"frozenset({'Paneer Tikka Masala', 'Aloo Paratha'})",frozenset({'Korean BBQ Short Ribs'}),0.026644462947543714,0.13322231473771856,0.010824313072439634,0.40625,3.0494140625000004,1.0,0.007274676043624485,1.4598361014943688,0.6904652233993551,0.07262569832402235,0.31499159462055715,0.24375000000000002
"frozenset({'Korean BBQ Short Ribs', 'Aloo Paratha'})",frozenset({'Paneer Tikka Masala'}),0.03413821815154038,0.11074104912572856,0.010824313072439634,0.3170731707317073,2.863194571795342,1.0,0.007043810979055062,1.3021291780658975,0.6737400530503979,0.08074534161490685,0.2320270393715173,0.20740876581698148
frozenset({'Paneer Tikka Masala'}),"frozenset({'Korean BBQ Short Ribs', 'Aloo Paratha'})",0.11074104912572856,0.03413821815154038,0.010824313072439634,0.09774436090225565,2.863194571795342,1.0,0.007043810979055062,1.070496808215376,0.73177758571017,0.08074534161490685,0.06585429089966297,0.20740876581698148
frozenset({'Korean BBQ Short Ribs'}),"frozenset({'Paneer Tikka Masala', 'Aloo Paratha'})",0.13322231473771856,0.026644462947543714,0.010824313072439634,0.08125000000000002,3.0494140625000004,1.0,0.007274676043624485,1.0594345981523334,0.775363925219833,0.07262569832402235,0.056100299401197616,0.24375000000000002
frozenset({'Aloo Paratha'}),"frozenset({'Paneer Tikka Masala', 'Korean BBQ Short Ribs'})",0.13322231473771856,0.022481265611990008,0.010824313072439634,0.08125000000000002,3.614120370370371,1.0,0.007829306829376853,1.0639659694019157,0.8344786817409297,0.07471264367816093,0.06012031516183988,0.2813657407407408
"frozenset({'Korean BBQ Short Ribs', 'Paratha with Omelette'})",frozenset({'Aloo Paratha'}),0.02997502081598668,0.13322231473771856,0.017485428809325562,0.5833333333333333,4.378645833333333,1.0,0.01349208715190852,2.0802664446294754,0.7954629061925199,0.12000000000000001,0.5192923471021452,0.3572916666666666
"frozenset({'Korean BBQ Short Ribs', 'Aloo Paratha'})",frozenset({'Paratha with Omelette'}),0.03413821815154038,0.12489592006661115,0.017485428809325562,0.5121951219512195,4.100975609756098,1.0,0.013221704643854242,1.7939633638634473,0.7828817733990149,0.12352941176470589,0.4425750156645239,0.32609756097560977
"frozenset({'Paratha with Omelette', 'Aloo Paratha'})",frozenset({'Korean BBQ Short Ribs'}),0.030807660283097418,0.13322231473771856,0.017485428809325562,0.5675675675675675,4.260304054054054,1.0,0.013381160994758046,2.0044233971690257,0.7896007200130912,0.11931818181818181,0.5011034088843886,0.34940878378378376
frozenset({'Korean BBQ Short Ribs'}),"frozenset({'Paratha with Omelette', 'Aloo Paratha'})",0.13322231473771856,0.030807660283097418,0.017485428809325562,0.13125,4.260304054054054,1.0,0.013381160994758046,1.115617081688521,0.8828964823201134,0.11931818181818181,0.10363509450171822,0.34940878378378376
frozenset({'Paratha with Omelette'}),"frozenset({'Korean BBQ Short Ribs', 'Aloo Paratha'})",0.12489592006661115,0.03413821815154038,0.017485428809325562,0.14,4.100975609756098,1.0,0.013221704643854242,1.1230950951726275,0.8640750305831182,0.12352941176470589,0.10960344827586208,0.32609756097560977
frozenset({'Aloo Paratha'}),"frozenset({'Korean BBQ Short Ribs', 'Paratha with Omelette'})",0.13322231473771856,0.02997502081598668,0.017485428809325562,0.13125,4.378645833333334,1.0,0.01349208715190852,1.1165755156074972,0.8902154521751063,0.12000000000000001,0.10440450643776823,0.3572916666666666
"frozenset({'Margherita Pizza', 'Turkey Bacon & Eggs'})",frozenset({'Aloo Paratha'}),0.017485428809325562,0.13322231473771856,0.010824313072439634,0.6190476190476191,4.6467261904761905,1.0,0.008494863772279693,2.275291423813489,0.798761408083442,0.07738095238095238,0.5604958602076757,0.35014880952380956
"frozenset({'Margherita Pizza', 'Aloo Paratha'})",frozenset({'Turkey Bacon & Eggs'}),0.014154870940882597,0.10990840965861781,0.010824313072439634,0.7647058823529412,6.957664884135474,1.0,0.009268573718404245,3.7828892589508754,0.8685680873180873,0.09558823529411767,0.7356517911186926,0.43159536541889487
"frozenset({'Turkey Bacon & Eggs', 'Aloo Paratha'})",frozenset({'Margherita Pizza'}),0.02331390507910075,0.0749375520399667,0.010824313072439634,0.4642857142857143,6.19563492063492,1.0,0.009077226097319677,1.7267832361920623,0.8586136795855465,0.12380952380952381,0.42088851742317085,0.3043650793650794
frozenset({'Margherita Pizza'}),"frozenset({'Turkey Bacon & Eggs', 'Aloo Paratha'})",0.0749375520399667,0.02331390507910075,0.010824313072439634,0.14444444444444443,6.19563492063492,1.0,0.009077226097319677,1.1415811499075446,0.9065291144499064,0.12380952380952381,0.12402197594013449,0.3043650793650794
frozenset({'Turkey Bacon & Eggs'}),"frozenset({'Margherita Pizza', 'Aloo Paratha'})",0.10990840965861781,0.014154870940882597,0.010824313072439634,0.0984848484848485,6.957664884135474,1.0,0.009268573718404245,1.093542496099189,0.9620061883859826,0.09558823529411767,0.0855407964782965,0.43159536541889487
frozenset({'Aloo Paratha'}),"frozenset({'Margherita Pizza', 'Turkey Bacon & Eggs'})",0.13322231473771856,0.017485428809325562,0.010824313072439634,0.08125000000000002,4.646726190476191,1.0,0.008494863772279693,1.0694036149014143,0.9054163895662456,0.07738095238095238,0.06489936440677968,0.35014880952380956
"frozenset({'Mediterranean Olive Pizza', 'Mushroom Alfredo Pizza'})",frozenset({'Aloo Paratha'}),0.019150707743547043,0.13322231473771856,0.010824313072439634,0.5652173913043479,4.242663043478261,1.0,0.008273011457978745,1.9935886761032477,0.7792216272691654,0.07647058823529412,0.4983920143674561,0.32323369565217397
"frozenset({'Mediterranean Olive Pizza', 'Aloo Paratha'})",frozenset({'Mushroom Alfredo Pizza'}),0.028309741881765195,0.09908409658617819,0.010824313072439634,0.3823529411764706,3.858872960949086,1.0,0.008019267873497039,1.4586257483842828,0.7624415002307033,0.09285714285714286,0.31442318147221926,0.2457983193277311
"frozenset({'Mushroom Alfredo Pizza', 'Aloo Paratha'})",frozenset({'Mediterranean Olive Pizza'}),0.027477102414654453,0.08825978351373855,0.010824313072439634,0.393939393939394,4.46340766152087,1.0,0.00839918996173741,1.5043713572023316,0.7978793466807166,0.1031746031746032,0.3352705133527052,0.25829045168667814
frozenset({'Mediterranean Olive Pizza'}),"frozenset({'Mushroom Alfredo Pizza', 'Aloo Paratha'})",0.08825978351373855,0.027477102414654453,0.010824313072439634,0.12264150943396228,4.46340766152087,1.0,0.00839918996173741,1.1084669585381357,0.8510713031260977,0.1031746031746032,0.09785312742310677,0.25829045168667814
frozenset({'Mushroom Alfredo Pizza'}),"frozenset({'Mediterranean Olive Pizza', 'Aloo Paratha'})",0.09908409658617819,0.028309741881765195,0.010824313072439634,0.10924369747899161,3.858872960949086,1.0,0.008019267873497039,1.0908598180761315,0.8223375515427273,0.09285714285714286,0.08329192859663145,0.2457983193277311
frozenset({'Aloo Paratha'}),"frozenset({'Mediterranean Olive Pizza', 'Mushroom Alfredo Pizza'})",0.13322231473771856,0.019150707743547043,0.010824313072439634,0.08125000000000002,4.242663043478262,1.0,0.008273011457978745,1.0675910664015815,0.8817704869578068,0.07647058823529412,0.0633117572156197,0.32323369565217397
"frozenset({'Paneer Tikka Masala', 'Mediterranean Olive Pizza'})",frozenset({'Aloo Paratha'}),0.019150707743547043,0.13322231473771856,0.014154870940882597,0.7391304347826088,5.548097826086957,1.0,0.01160356932642171,3.3226477935054133,0.8357635074403276,0.10240963855421688,0.6990352086204736,0.42269021739130436
"frozenset({'Paneer Tikka Masala', 'Aloo Paratha'})",frozenset({'Mediterranean Olive Pizza'}),0.026644462947543714,0.08825978351373855,0.014154870940882597,0.53125,6.019162735849057,1.0,0.011803236409292562,1.9450457951706912,0.8566899813817743,0.14049586776859505,0.4858732876712329,0.345813679245283
"frozenset({'Mediterranean Olive Pizza', 'Aloo Paratha'})",frozenset({'Paneer Tikka Masala'}),0.028309741881765195,0.11074104912572856,0.014154870940882597,0.5,4.515037593984962,1.0,0.011019820424417343,1.7785179017485429,0.8011996572407883,0.11333333333333331,0.43773408239700373,0.31390977443609025
frozenset({'Paneer Tikka Masala'}),"frozenset({'Mediterranean Olive Pizza', 'Aloo Paratha'})",0.11074104912572856,0.028309741881765195,0.014154870940882597,0.12781954887218044,4.515037593984962,1.0,0.011019820424417343,1.1140931407734935,0.8754681647940076,0.11333333333333331,0.10240897874506318,0.31390977443609025
frozenset({'Mediterranean Olive Pizza'}),"frozenset({'Paneer Tikka Masala', 'Aloo Paratha'})",0.08825978351373855,0.026644462947543714,0.014154870940882597,0.16037735849056603,6.019162735849056,1.0,0.011803236409292562,1.1592773812085433,0.9145850120870266,0.14049586776859505,0.13739367625934115,0.345813679245283
frozenset({'Aloo Paratha'}),"frozenset({'Paneer Tikka Masala', 'Mediterranean Olive Pizza'})",0.13322231473771856,0.019150707743547043,0.014154870940882597,0.10625,5.5480978260869565,1.0,0.01160356932642171,1.0974537535736537,0.9457535175453466,0.10240963855421688,0.0887998726655348,0.42269021739130436
"frozenset({'Smoked Sausage Combo', 'Mediterranean Olive Pizza'})",frozenset({'Aloo Paratha'}),0.020815986677768527,0.13322231473771856,0.010824313072439634,0.52,3.9032500000000003,1.0,0.0080511591436778,1.8057868442964198,0.7596153846153846,0.07558139534883723,0.44622478386167147,0.30062500000000003
"frozenset({'Smoked Sausage Combo', 'Aloo Paratha'})",frozenset({'Mediterranean Olive Pizza'}),0.03330557868442964,0.08825978351373855,0.010824313072439634,0.32500000000000007,3.682311320754718,1.0,0.007884769907952088,1.3507262466463135,0.7535281256211488,0.09774436090225566,0.25965753424657545,0.22382075471698118
"frozenset({'Mediterranean Olive Pizza', 'Aloo Paratha'})",frozenset({'Smoked Sausage Combo'}),0.028309741881765195,0.16402997502081598,0.010824313072439634,0.3823529411764706,2.330994326664676,1.0,0.006180666818727942,1.3534752785377264,0.5876343022872587,0.05963302752293579,0.2611612374033279,0.22417139444610334
frozenset({'Smoked Sausage Combo'}),"frozenset({'Mediterranean Olive Pizza', 'Aloo Paratha'})",0.16402997502081598,0.028309741881765195,0.010824313072439634,0.06598984771573604,2.330994326664676,1.0,0.006180666818727942,1.0403422872244144,0.683037082439473,0.05963302752293579,0.03877789812047899,0.22417139444610334
frozenset({'Mediterranean Olive Pizza'}),"frozenset({'Smoked Sausage Combo', 'Aloo Paratha'})",0.08825978351373855,0.03330557868442964,0.010824313072439634,0.12264150943396228,3.682311320754718,1.0,0.007884769907952088,1.101823749026349,0.7989462592202318,0.09774436090225566,0.09241382672712205,0.22382075471698118
frozenset({'Aloo Paratha'}),"frozenset({'Smoked Sausage Combo', 'Mediterranean Olive Pizza'})",0.13322231473771856,0.020815986677768527,0.010824313072439634,0.08125000000000002,3.9032500000000008,1.0,0.0080511591436778,1.0657785179017487,0.8581245843493682,0.07558139534883723,0.06171875000000001,0.30062500000000003
"frozenset({'Paratha with Omelette', 'Mushroom Alfredo Pizza'})",frozenset({'Aloo Paratha'}),0.025811823480432972,0.13322231473771856,0.011656952539550375,0.45161290322580644,3.38991935483871,1.0,0.0082182416678857,1.5805946025371016,0.7236874236874238,0.0790960451977401,0.36732670199250095,0.2695564516129032
"frozenset({'Paratha with Omelette', 'Aloo Paratha'})",frozenset({'Mushroom Alfredo Pizza'}),0.030807660283097418,0.09908409658617819,0.011656952539550375,0.3783783783783784,3.8187599364069955,1.0,0.008604403352465784,1.4492994967961481,0.7615979381443299,0.09859154929577466,0.31001149023330177,0.24801271860095392
"frozenset({'Mushroom Alfredo Pizza', 'Aloo Paratha'})",frozenset({'Paratha with Omelette'}),0.027477102414654453,0.12489592006661115,0.011656952539550375,0.42424242424242425,3.396767676767677,1.0,0.008225174552707604,1.5199176125158862,0.7255381604696673,0.08284023668639054,0.34206960182221835,0.2587878787878788
frozenset({'Paratha with Omelette'}),"frozenset({'Mushroom Alfredo Pizza', 'Aloo Paratha'})",0.12489592006661115,0.027477102414654453,0.011656952539550375,0.09333333333333334,3.396767676767677,1.0,0.008225174552707604,1.0726355488073664,0.8063069185809433,0.08284023668639054,0.06771689497716896,0.2587878787878788
frozenset({'Mushroom Alfredo Pizza'}),"frozenset({'Paratha with Omelette', 'Aloo Paratha'})",0.09908409658617819,0.030807660283097418,0.011656952539550375,0.11764705882352941,3.8187599364069955,1.0,0.008604403352465784,1.0984179850124896,0.8193160813308688,0.09859154929577466,0.0895997574287447,0.24801271860095392
frozenset({'Aloo Paratha'}),"frozenset({'Paratha with Omelette', 'Mushroom Alfredo Pizza'})",0.13322231473771856,0.025811823480432972,0.011656952539550375,0.08750000000000001,3.38991935483871,1.0,0.0082182416678857,1.0676034811173338,0.8133662686976808,0.0790960451977401,0.06332264957264959,0.2695564516129032
"frozenset({'Smoked Beef Ribs', 'Mushroom Alfredo Pizza'})",frozenset({'Aloo Paratha'}),0.02331390507910075,0.13322231473771856,0.011656952539550375,0.5,3.7531250000000003,1.0,0.00855102013933712,1.733555370524563,0.7510656436487638,0.08045977011494253,0.4231508165225744,0.29375
"frozenset({'Smoked Beef Ribs', 'Aloo Paratha'})",frozenset({'Mushroom Alfredo Pizza'}),0.03413821815154038,0.09908409658617819,0.011656952539550375,0.34146341463414637,3.4461979913916787,1.0,0.008274398034943127,1.3680574829617296,0.7349137931034483,0.09589041095890412,0.26903656282403865,0.22955523672883787
"frozenset({'Mushroom Alfredo Pizza', 'Aloo Paratha'})",frozenset({'Smoked Beef Ribs'}),0.027477102414654453,0.16902581182348042,0.011656952539550375,0.42424242424242425,2.509926854754441,1.0,0.007012612997356491,1.44327095841185,0.6185787671232877,0.06306306306306307,0.3071294103358232,0.24660397074190177
frozenset({'Smoked Beef Ribs'}),"frozenset({'Mushroom Alfredo Pizza', 'Aloo Paratha'})",0.16902581182348042,0.027477102414654453,0.011656952539550375,0.06896551724137931,2.509926854754441,1.0,0.007012612997356491,1.0445616307398156,0.7239478957915831,0.06306306306306307,0.04266060462919226,0.24660397074190177
frozenset({'Mushroom Alfredo Pizza'}),"frozenset({'Smoked Beef Ribs', 'Aloo Paratha'})",0.09908409658617819,0.03413821815154038,0.011656952539550375,0.11764705882352941,3.4461979913916787,1.0,0.008274398034943127,1.0946433527615875,0.7878927911275417,0.09589041095890412,0.08646044624746449,0.22955523672883787
frozenset({'Aloo Paratha'}),"frozenset({'Smoked Beef Ribs', 'Mushroom Alfredo Pizza'})",0.13322231473771856,0.02331390507910075,0.011656952539550375,0.08750000000000001,3.7531250000000003,1.0,0.00855102013933712,1.0703409259407115,0.8463016330451488,0.08045977011494253,0.06571824381926684,0.29375
"frozenset({'Turkey Bacon & Eggs', 'Mushroom Alfredo Pizza'})",frozenset({'Aloo Paratha'}),0.02164862614487927,0.13322231473771856,0.014154870940882597,0.6538461538461537,4.907932692307692,1.0,0.011270790854970288,2.5040244240910345,0.8138673341677096,0.10059171597633136,0.6006428729771668,0.38004807692307685
"frozenset({'Turkey Bacon & Eggs', 'Aloo Paratha'})",frozenset({'Mushroom Alfredo Pizza'}),0.02331390507910075,0.09908409658617819,0.014154870940882597,0.6071428571428571,6.127551020408163,1.0,0.011844833718223988,2.2932404814170004,0.856777493606138,0.13076923076923075,0.5639358331132822,0.375
"frozenset({'Mushroom Alfredo Pizza', 'Aloo Paratha'})",frozenset({'Turkey Bacon & Eggs'}),0.027477102414654453,0.10990840965861781,0.014154870940882597,0.5151515151515151,4.687098255280073,1.0,0.01113490631246096,1.8358139050791007,0.8088738920225625,0.11486486486486487,0.45528247866882104,0.32196969696969696
frozenset({'Turkey Bacon & Eggs'}),"frozenset({'Mushroom Alfredo Pizza', 'Aloo Paratha'})",0.10990840965861781,0.027477102414654453,0.014154870940882597,0.12878787878787878,4.687098255280073,1.0,0.01113490631246096,1.1162871520110051,0.8837836350630056,0.11486486486486487,0.10417315276048153,0.32196969696969696
frozenset({'Mushroom Alfredo Pizza'}),"frozenset({'Turkey Bacon & Eggs', 'Aloo Paratha'})",0.09908409658617819,0.02331390507910075,0.014154870940882597,0.14285714285714285,6.127551020408163,1.0,0.011844833718223988,1.139467110741049,0.9288354898336414,0.13076923076923075,0.12239678480087686,0.375
frozenset({'Aloo Paratha'}),"frozenset({'Turkey Bacon & Eggs', 'Mushroom Alfredo Pizza'})",0.13322231473771856,0.02164862614487927,0.014154870940882597,0.10625,4.907932692307692,1.0,0.011270790854970288,1.0946588798378973,0.9186302763180199,0.10059171597633136,0.08647340425531914,0.38004807692307685
"frozenset({'Paneer Tikka Masala', 'Paratha with Omelette'})",frozenset({'Aloo Paratha'}),0.02331390507910075,0.13322231473771856,0.010824313072439634,0.4642857142857143,3.4850446428571433,1.0,0.007718380672226379,1.6179850124895923,0.7300806610269526,0.0742857142857143,0.381947303417044,0.2727678571428572
"frozenset({'Paneer Tikka Masala', 'Aloo Paratha'})",frozenset({'Paratha with Omelette'}),0.026644462947543714,0.12489592006661115,0.010824313072439634,0.40625,3.2527083333333335,1.0,0.007496528357925432,1.4738595030457076,0.7115220109232085,0.07692307692307693,0.3215092768791627,0.24645833333333333
"frozenset({'Paratha with Omelette', 'Aloo Paratha'})",frozenset({'Paneer Tikka Masala'}),0.030807660283097418,0.11074104912572856,0.010824313072439634,0.35135135135135137,3.172729120097541,1.0,0.007412640451580387,1.370940882597835,0.7065820777160984,0.08280254777070066,0.27057394473124813,0.2245478561268035
frozenset({'Paneer Tikka Masala'}),"frozenset({'Paratha with Omelette', 'Aloo Paratha'})",0.11074104912572856,0.030807660283097418,0.010824313072439634,0.09774436090225565,3.1727291200975416,1.0,0.007412640451580387,1.074188176519567,0.7700950734658601,0.08280254777070066,0.06906441361134796,0.2245478561268035
frozenset({'Paratha with Omelette'}),"frozenset({'Paneer Tikka Masala', 'Aloo Paratha'})",0.12489592006661115,0.026644462947543714,0.010824313072439634,0.08666666666666667,3.2527083333333335,1.0,0.007496528357925432,1.0657177412983099,0.7914074507794774,0.07692307692307693,0.06166524094667807,0.24645833333333333
frozenset({'Aloo Paratha'}),"frozenset({'Paneer Tikka Masala', 'Paratha with Omelette'})",0.13322231473771856,0.02331390507910075,0.010824313072439634,0.08125000000000002,3.4850446428571433,1.0,0.007718380672226379,1.0630596951519993,0.8226557304367104,0.0742857142857143,0.059319053708439914,0.2727678571428572
"frozenset({'Smoked Sausage Combo', 'Paneer Tikka Masala'})",frozenset({'Aloo Paratha'}),0.028309741881765195,0.13322231473771856,0.013322231473771857,0.4705882352941177,3.532352941176471,1.0,0.009550742130655761,1.6372467388287542,0.737789203084833,0.0898876404494382,0.38921851161213766,0.28529411764705886
"frozenset({'Paneer Tikka Masala', 'Aloo Paratha'})",frozenset({'Smoked Sausage Combo'}),0.026644462947543714,0.16402997502081598,0.013322231473771857,0.5,3.048223350253807,1.0,0.008951740882043206,1.671940049958368,0.6903336184773311,0.07511737089201878,0.4018924302788845,0.2906091370558376
"frozenset({'Smoked Sausage Combo', 'Aloo Paratha'})",frozenset({'Paneer Tikka Masala'}),0.03330557868442964,0.11074104912572856,0.013322231473771857,0.4,3.61203007518797,1.0,0.009633936748518616,1.482098251457119,0.748062015503876,0.1019108280254777,0.3252808988764045,0.26015037593984963
frozenset({'Paneer Tikka Masala'}),"frozenset({'Smoked Sausage Combo', 'Aloo Paratha'})",0.11074104912572856,0.03330557868442964,0.013322231473771857,0.12030075187969926,3.6120300751879704,1.0,0.009633936748518616,1.098891949016845,0.8132022471910113,0.1019108280254777,0.08999242291775952,0.26015037593984963
frozenset({'Smoked Sausage Combo'}),"frozenset({'Paneer Tikka Masala', 'Aloo Paratha'})",0.16402997502081598,0.026644462947543714,0.013322231473771857,0.08121827411167513,3.0482233502538074,1.0,0.008951740882043206,1.059398015465933,0.803784860557769,0.07511737089201878,0.056067705053996435,0.2906091370558376
frozenset({'Aloo Paratha'}),"frozenset({'Smoked Sausage Combo', 'Paneer Tikka Masala'})",0.13322231473771856,0.028309741881765195,0.013322231473771857,0.1,3.532352941176471,1.0,0.009550742130655761,1.0796558423535942,0.8270893371757925,0.0898876404494382,0.0737789203084833,0.28529411764705886
"frozenset({'Smoked Sausage Combo', 'Paratha with Omelette'})",frozenset({'Aloo Paratha'}),0.029142381348875937,0.13322231473771856,0.012489592006661115,0.42857142857142855,3.2169642857142855,1.0,0.008607176506394545,1.5168609492089926,0.7098341909662663,0.08333333333333334,0.3407437903115136,0.2611607142857143
"frozenset({'Smoked Sausage Combo', 'Aloo Paratha'})",frozenset({'Paratha with Omelette'}),0.03330557868442964,0.12489592006661115,0.012489592006661115,0.375,3.0025,1.0,0.008329861113518362,1.4001665278934223,0.689922480620155,0.08571428571428572,0.2857992388201713,0.2375
"frozenset({'Paratha with Omelette', 'Aloo Paratha'})",frozenset({'Smoked Sausage Combo'}),0.030807660283097418,0.16402997502081598,0.012489592006661115,0.40540540540540543,2.471532446151736,1.0,0.007436212259974861,1.4059495874649914,0.6143184421534937,0.0684931506849315,0.2887369441154302,0.24077376869255043
frozenset({'Smoked Sausage Combo'}),"frozenset({'Paratha with Omelette', 'Aloo Paratha'})",0.16402997502081598,0.030807660283097418,0.012489592006661115,0.07614213197969542,2.4715324461517354,1.0,0.007436212259974861,1.0490708292540099,0.7122177954847277,0.0684931506849315,0.0467755159000122,0.24077376869255043
frozenset({'Paratha with Omelette'}),"frozenset({'Smoked Sausage Combo', 'Aloo Paratha'})",0.12489592006661115,0.03330557868442964,0.012489592006661115,0.09999999999999999,3.0025,1.0,0.008329861113518362,1.074104912572856,0.7621313035204567,0.08571428571428572,0.0689922480620155,0.2375
frozenset({'Aloo Paratha'}),"frozenset({'Smoked Sausage Combo', 'Paratha with Omelette'})",0.13322231473771856,0.029142381348875937,0.012489592006661115,0.09375,3.2169642857142855,1.0,0.008607176506394545,1.071291165408137,0.7950688440601985,0.08333333333333334,0.06654695540308747,0.2611607142857143
"frozenset({'Pepperoni Pizza', 'Tandoori Chicken Pizza'})",frozenset({'Aloo Paratha'}),0.012489592006661115,0.13322231473771856,0.010824313072439634,0.8666666666666668,6.505416666666668,1.0,0.009160420715182534,6.500832639467118,0.8569853418082761,0.08024691358024694,0.8461735510726865,0.4739583333333334
"frozenset({'Aloo Paratha', 'Tandoori Chicken Pizza'})",frozenset({'Pepperoni Pizza'}),0.02997502081598668,0.07577019150707744,0.010824313072439634,0.3611111111111111,4.765873015873016,1.0,0.008553100004783692,1.4466205698150094,0.8145922746781116,0.11403508771929827,0.30873373373373375,0.251984126984127
"frozenset({'Pepperoni Pizza', 'Aloo Paratha'})",frozenset({'Tandoori Chicken Pizza'}),0.02414654454621149,0.10241465445462115,0.010824313072439634,0.4482758620689655,4.377067563779086,1.0,0.008351353056466268,1.626873438800999,0.7906274612759254,0.09352517985611511,0.385324035570341,0.2769834594897673
frozenset({'Tandoori Chicken Pizza'}),"frozenset({'Pepperoni Pizza', 'Aloo Paratha'})",0.10241465445462115,0.02414654454621149,0.010824313072439634,0.10569105691056911,4.377067563779086,1.0,0.008351353056466268,1.0911815910983271,0.8595690024261453,0.09352517985611511,0.0835622520047726,0.2769834594897673
frozenset({'Pepperoni Pizza'}),"frozenset({'Aloo Paratha', 'Tandoori Chicken Pizza'})",0.07577019150707744,0.02997502081598668,0.010824313072439634,0.14285714285714288,4.765873015873017,1.0,0.008553100004783692,1.1316958090480156,0.854954954954955,0.11403508771929827,0.11637032495401596,0.251984126984127
frozenset({'Aloo Paratha'}),"frozenset({'Pepperoni Pizza', 'Tandoori Chicken Pizza'})",0.13322231473771856,0.012489592006661115,0.010824313072439634,0.08125000000000002,6.505416666666668,1.0,0.009160420715182534,1.0748412604009132,0.9763540973915614,0.08024691358024694,0.06963005902192244,0.4739583333333334
"frozenset({'Smoked Beef Ribs', 'Tandoori Chicken Pizza'})",frozenset({'Aloo Paratha'}),0.028309741881765195,0.13322231473771856,0.013322231473771857,0.4705882352941177,3.532352941176471,1.0,0.009550742130655761,1.6372467388287542,0.737789203084833,0.0898876404494382,0.38921851161213766,0.28529411764705886
"frozenset({'Smoked Beef Ribs', 'Aloo Paratha'})",frozenset({'Tandoori Chicken Pizza'}),0.03413821815154038,0.10241465445462115,0.013322231473771857,0.3902439024390244,3.8104302994249455,1.0,0.009825977658085374,1.4720399666944213,0.7636314655172415,0.10810810810810811,0.32067061858002627,0.26016260162601623
"frozenset({'Aloo Paratha', 'Tandoori Chicken Pizza'})",frozenset({'Smoked Beef Ribs'}),0.02997502081598668,0.16902581182348042,0.013322231473771857,0.4444444444444444,2.629447181171319,1.0,0.008255679245923984,1.4957535387177352,0.6388412017167382,0.07174887892376682,0.3314406590959697,0.2616310892172961
frozenset({'Smoked Beef Ribs'}),"frozenset({'Aloo Paratha', 'Tandoori Chicken Pizza'})",0.16902581182348042,0.02997502081598668,0.013322231473771857,0.0788177339901478,2.6294471811713196,1.0,0.008255679245923984,1.0530217688468166,0.7457414829659318,0.07174887892376682,0.050352015898856226,0.2616310892172961
frozenset({'Tandoori Chicken Pizza'}),"frozenset({'Smoked Beef Ribs', 'Aloo Paratha'})",0.10241465445462115,0.03413821815154038,0.013322231473771857,0.13008130081300812,3.810430299424945,1.0,0.009825977658085374,1.110289711844491,0.8217184601113173,0.10810810810810811,0.0993341743762265,0.26016260162601623
frozenset({'Aloo Paratha'}),"frozenset({'Smoked Beef Ribs', 'Tandoori Chicken Pizza'})",0.13322231473771856,0.028309741881765195,0.013322231473771857,0.1,3.532352941176471,1.0,0.009550742130655761,1.0796558423535942,0.8270893371757925,0.0898876404494382,0.0737789203084833,0.28529411764705886
"frozenset({'Smoked Sausage Combo', 'Tandoori Chicken Pizza'})",frozenset({'Aloo Paratha'}),0.02331390507910075,0.13322231473771856,0.012489592006661115,0.5357142857142857,4.021205357142858,1.0,0.00938365960644786,1.866905783641837,0.7692526285876669,0.08670520231213873,0.4643543296281048,0.31473214285714285
"frozenset({'Smoked Sausage Combo', 'Aloo Paratha'})",frozenset({'Tandoori Chicken Pizza'}),0.03330557868442964,0.10241465445462115,0.012489592006661115,0.375,3.6615853658536586,1.0,0.009078612674284057,1.4361365528726062,0.7519379844961239,0.10135135135135134,0.3036873840445269,0.24847560975609756
"frozenset({'Aloo Paratha', 'Tandoori Chicken Pizza'})",frozenset({'Smoked Sausage Combo'}),0.02997502081598668,0.16402997502081598,0.012489592006661115,0.41666666666666663,2.540186125211506,1.0,0.007572790090966381,1.4330914713928868,0.6250643776824034,0.06880733944954127,0.3022078353253652,0.24640439932318103
frozenset({'Smoked Sausage Combo'}),"frozenset({'Aloo Paratha', 'Tandoori Chicken Pizza'})",0.16402997502081598,0.02997502081598668,0.012489592006661115,0.07614213197969542,2.5401861252115054,1.0,0.007572790090966381,1.0499720928530254,0.7252988047808765,0.06880733944954127,0.047593734341299744,0.24640439932318103
frozenset({'Tandoori Chicken Pizza'}),"frozenset({'Smoked Sausage Combo', 'Aloo Paratha'})",0.10241465445462115,0.03330557868442964,0.012489592006661115,0.1219512195121951,3.661585365853658,1.0,0.009078612674284057,1.1009575353871774,0.8098330241187383,0.10135135135135134,0.09169975420684438,0.24847560975609756
frozenset({'Aloo Paratha'}),"frozenset({'Smoked Sausage Combo', 'Tandoori Chicken Pizza'})",0.13322231473771856,0.02331390507910075,0.012489592006661115,0.09375,4.021205357142857,1.0,0.00938365960644786,1.0777225874989234,0.866794748639129,0.08670520231213873,0.07211743393009377,0.31473214285714285
"frozenset({'Avocado Toast', 'Paneer Tikka Masala'})",frozenset({'Beef Steak Ribeye'}),0.020815986677768527,0.12489592006661115,0.010824313072439634,0.52,4.163466666666667,1.0,0.008224481264225415,1.823133499861227,0.7759680795395082,0.08024691358024694,0.45149381541389155,0.30333333333333334
"frozenset({'Beef Steak Ribeye', 'Paneer Tikka Masala'})",frozenset({'Avocado Toast'}),0.02997502081598668,0.09658617818484597,0.010824313072439634,0.3611111111111111,3.738745210727969,1.0,0.007929140370812278,1.4140390254498065,0.7551667216903267,0.09352517985611511,0.29280593958013307,0.23659003831417624
"frozenset({'Beef Steak Ribeye', 'Avocado Toast'})",frozenset({'Paneer Tikka Masala'}),0.01582014987510408,0.11074104912572856,0.010824313072439634,0.6842105263157895,6.178472497032054,1.0,0.009072373077944345,2.8159866777685263,0.8516204607575166,0.09352517985611511,0.6448846836191603,0.3909774436090226
frozenset({'Paneer Tikka Masala'}),"frozenset({'Beef Steak Ribeye', 'Avocado Toast'})",0.11074104912572856,0.01582014987510408,0.010824313072439634,0.09774436090225565,6.178472497032054,1.0,0.009072373077944345,1.0907993338884263,0.9425237683664651,0.09352517985611511,0.08324109766802795,0.3909774436090226
frozenset({'Avocado Toast'}),"frozenset({'Beef Steak Ribeye', 'Paneer Tikka Masala'})",0.09658617818484597,0.02997502081598668,0.010824313072439634,0.11206896551724138,3.738745210727969,1.0,0.007929140370812278,1.092455316362578,0.8108472172988301,0.09352517985611511,0.08463075329288144,0.23659003831417624
frozenset({'Beef Steak Ribeye'}),"frozenset({'Avocado Toast', 'Paneer Tikka Masala'})",0.12489592006661115,0.020815986677768527,0.010824313072439634,0.08666666666666667,4.163466666666666,1.0,0.008224481264225415,1.0720992846593775,0.8682573373344068,0.08024691358024694,0.06725056689342404,0.30333333333333334
"frozenset({'Avocado Toast', 'Turkey Bacon & Eggs'})",frozenset({'Mushroom Alfredo Pizza'}),0.022481265611990008,0.09908409658617819,0.012489592006661115,0.5555555555555556,5.606909430438843,1.0,0.010262056113383171,2.027060782681099,0.8405451448040886,0.11450381679389313,0.5066748819059356,0.3408029878618114
"frozenset({'Avocado Toast', 'Mushroom Alfredo Pizza'})",frozenset({'Turkey Bacon & Eggs'}),0.02164862614487927,0.10990840965861781,0.012489592006661115,0.5769230769230769,5.249125874125874,1.0,0.01011022593578346,2.1038528498978124,0.8274042553191489,0.10489510489510488,0.5246815859538029,0.34527972027972026
"frozenset({'Turkey Bacon & Eggs', 'Mushroom Alfredo Pizza'})",frozenset({'Avocado Toast'}),0.02164862614487927,0.09658617818484597,0.012489592006661115,0.5769230769230769,5.97314323607427,1.0,0.01039863394437469,2.135341760654,0.8510070921985815,0.11811023622047243,0.5316908897554058,0.35311671087533153
frozenset({'Avocado Toast'}),"frozenset({'Turkey Bacon & Eggs', 'Mushroom Alfredo Pizza'})",0.09658617818484597,0.02164862614487927,0.012489592006661115,0.1293103448275862,5.973143236074269,1.0,0.01039863394437469,1.123651082843505,0.9215975422427034,0.11811023622047243,0.11004402054292,0.35311671087533153
frozenset({'Turkey Bacon & Eggs'}),"frozenset({'Avocado Toast', 'Mushroom Alfredo Pizza'})",0.10990840965861781,0.02164862614487927,0.012489592006661115,0.11363636363636363,5.249125874125873,1.0,0.01011022593578346,1.1037810371698797,0.9094480823199251,0.10489510489510488,0.09402321083172147,0.34527972027972026
frozenset({'Mushroom Alfredo Pizza'}),"frozenset({'Avocado Toast', 'Turkey Bacon & Eggs'})",0.09908409658617819,0.022481265611990008,0.012489592006661115,0.12605042016806722,5.606909430438842,1.0,0.010262056113383171,1.1185070133862807,0.912014787430684,0.11450381679389313,0.10595106867278427,0.3408029878618114
"frozenset({'Avocado Toast', 'Paneer Tikka Masala'})",frozenset({'Turkey Bacon & Eggs'}),0.020815986677768527,0.10990840965861781,0.011656952539550375,0.5599999999999999,5.095151515151515,1.0,0.00936910054832186,2.0229354325940503,0.8208211856171039,0.09790209790209792,0.505668849391955,0.333030303030303
"frozenset({'Paneer Tikka Masala', 'Turkey Bacon & Eggs'})",frozenset({'Avocado Toast'}),0.022481265611990008,0.09658617818484597,0.011656952539550375,0.5185185185185185,5.3684546615581095,1.0,0.009485573013329859,1.876321014539166,0.8324409832075933,0.10852713178294572,0.467042157364738,0.31960408684546615
"frozenset({'Avocado Toast', 'Turkey Bacon & Eggs'})",frozenset({'Paneer Tikka Masala'}),0.022481265611990008,0.11074104912572856,0.011656952539550375,0.5185185185185185,4.682261208576998,1.0,0.009167353600004438,1.846922436431179,0.8045144804088588,0.09589041095890412,0.4585587460119295,0.31189083820662766
frozenset({'Paneer Tikka Masala'}),"frozenset({'Avocado Toast', 'Turkey Bacon & Eggs'})",0.11074104912572856,0.022481265611990008,0.011656952539550375,0.10526315789473684,4.682261208576998,1.0,0.009167353600004438,1.0925209384336583,0.8843632958801498,0.09589041095890412,0.08468573477987984,0.31189083820662766
frozenset({'Avocado Toast'}),"frozenset({'Paneer Tikka Masala', 'Turkey Bacon & Eggs'})",0.09658617818484597,0.022481265611990008,0.011656952539550375,0.12068965517241378,5.3684546615581095,1.0,0.009485573013329859,1.1116879724412663,0.9007241606319948,0.10852713178294572,0.10046701521470949,0.31960408684546615
frozenset({'Turkey Bacon & Eggs'}),"frozenset({'Avocado Toast', 'Paneer Tikka Masala'})",0.10990840965861781,0.020815986677768527,0.011656952539550375,0.10606060606060606,5.095151515151515,1.0,0.00936910054832186,1.0953583877841913,0.9029800881999198,0.09790209790209792,0.08705679241393527,0.333030303030303
"frozenset({'BBQ Chicken Pizza', 'Smoked Beef Ribs'})",frozenset({'BBQ Lamb Chops'}),0.02997502081598668,0.16319733555370525,0.012489592006661115,0.41666666666666663,2.5531462585034013,1.0,0.007597748476325238,1.4345188533365052,0.6271244635193133,0.06912442396313363,0.30290215588723046,0.2465986394557823
"frozenset({'BBQ Chicken Pizza', 'BBQ Lamb Chops'})",frozenset({'Smoked Beef Ribs'}),0.019150707743547043,0.16902581182348042,0.012489592006661115,0.6521739130434783,3.858427928892697,1.0,0.009252628083313863,2.389050791007494,0.755291454442558,0.07109004739336493,0.5814237169992158,0.3630327693296209
"frozenset({'Smoked Beef Ribs', 'BBQ Lamb Chops'})",frozenset({'BBQ Chicken Pizza'}),0.03913405495420483,0.10324729392173189,0.012489592006661115,0.3191489361702128,3.091111873713109,1.0,0.008449106732455122,1.3171055370524563,0.7040439052570769,0.09615384615384613,0.2407593986447777,0.22005833905284833
frozenset({'BBQ Chicken Pizza'}),"frozenset({'Smoked Beef Ribs', 'BBQ Lamb Chops'})",0.10324729392173189,0.03913405495420483,0.012489592006661115,0.12096774193548386,3.091111873713109,1.0,0.008449106732455122,1.0930952035383357,0.7543794490869701,0.09615384615384613,0.08516660144238831,0.22005833905284833
frozenset({'Smoked Beef Ribs'}),"frozenset({'BBQ Chicken Pizza', 'BBQ Lamb Chops'})",0.16902581182348042,0.019150707743547043,0.012489592006661115,0.07389162561576355,3.8584279288926973,1.0,0.009252628083313863,1.0591085442981913,0.8915163660654642,0.07109004739336493,0.05580971338245503,0.3630327693296209
frozenset({'BBQ Lamb Chops'}),"frozenset({'BBQ Chicken Pizza', 'Smoked Beef Ribs'})",0.16319733555370525,0.02997502081598668,0.012489592006661115,0.07653061224489796,2.5531462585034013,1.0,0.007597748476325238,1.0504137896136276,0.7269651741293532,0.06912442396313363,0.04799421914688622,0.2465986394557823
"frozenset({'BBQ Chicken Pizza', 'Smoked Beef Ribs'})",frozenset({'BBQ Platter Mix'}),0.02997502081598668,0.12489592006661115,0.012489592006661115,0.41666666666666663,3.336111111111111,1.0,0.008745834202832637,1.5001784227429522,0.7218884120171674,0.08771929824561403,0.33341262289882645,0.2583333333333333
"frozenset({'BBQ Chicken Pizza', 'BBQ Platter Mix'})",frozenset({'Smoked Beef Ribs'}),0.017485428809325562,0.16902581182348042,0.012489592006661115,0.7142857142857142,4.225897255453906,1.0,0.00953410320708319,2.9084096586178174,0.7769491525423728,0.07177033492822966,0.6561694818207843,0.3940886699507389
"frozenset({'Smoked Beef Ribs', 'BBQ Platter Mix'})",frozenset({'BBQ Chicken Pizza'}),0.028309741881765195,0.10324729392173189,0.012489592006661115,0.4411764705882353,4.273007590132827,1.0,0.009566687765746141,1.6047153687716376,0.7882890602684947,0.10489510489510488,0.3768365284832596,0.2810721062618596
frozenset({'BBQ Chicken Pizza'}),"frozenset({'Smoked Beef Ribs', 'BBQ Platter Mix'})",0.10324729392173189,0.028309741881765195,0.012489592006661115,0.12096774193548386,4.273007590132827,1.0,0.009566687765746141,1.1054091009785423,0.8541627978953885,0.10489510489510488,0.09535754761312434,0.2810721062618596
frozenset({'Smoked Beef Ribs'}),"frozenset({'BBQ Chicken Pizza', 'BBQ Platter Mix'})",0.16902581182348042,0.017485428809325562,0.012489592006661115,0.07389162561576355,4.225897255453906,1.0,0.00953410320708319,1.0609066912324836,0.9186372745490983,0.07177033492822966,0.05741003590214579,0.3940886699507389
frozenset({'BBQ Platter Mix'}),"frozenset({'BBQ Chicken Pizza', 'Smoked Beef Ribs'})",0.12489592006661115,0.02997502081598668,0.012489592006661115,0.09999999999999999,3.336111111111111,1.0,0.008745834202832637,1.0778055324266815,0.8001902949571835,0.08771929824561403,0.07218884120171673,0.2583333333333333
"frozenset({'BBQ Chicken Pizza', 'Beef Steak Ribeye'})",frozenset({'Grilled Prawns'}),0.02331390507910075,0.10824313072439634,0.010824313072439634,0.4642857142857143,4.289285714285715,1.0,0.008300742997266365,1.6646128226477936,0.7851662404092072,0.08965517241379312,0.39925970388155263,0.28214285714285714
"frozenset({'BBQ Chicken Pizza', 'Grilled Prawns'})",frozenset({'Beef Steak Ribeye'}),0.02497918401332223,0.12489592006661115,0.010824313072439634,0.4333333333333334,3.4695555555555564,1.0,0.00770451490258257,1.54430131752951,0.7300137949155883,0.07784431137724553,0.35245797653028865,0.26
"frozenset({'Beef Steak Ribeye', 'Grilled Prawns'})",frozenset({'BBQ Chicken Pizza'}),0.0324729392173189,0.10324729392173189,0.010824313072439634,0.33333333333333337,3.2284946236559144,1.0,0.007471569972566576,1.345129059117402,0.7134251290877798,0.08666666666666667,0.2565769111730115,0.21908602150537637
frozenset({'BBQ Chicken Pizza'}),"frozenset({'Beef Steak Ribeye', 'Grilled Prawns'})",0.10324729392173189,0.0324729392173189,0.010824313072439634,0.10483870967741936,3.2284946236559144,1.0,0.007471569972566576,1.0808410408743465,0.7697307335190344,0.08666666666666667,0.07479456998500916,0.21908602150537637
frozenset({'Beef Steak Ribeye'}),"frozenset({'BBQ Chicken Pizza', 'Grilled Prawns'})",0.12489592006661115,0.02497918401332223,0.010824313072439634,0.08666666666666667,3.469555555555556,1.0,0.00770451490258257,1.067541039401472,0.8133645612237429,0.07784431137724553,0.06326786222601764,0.26
frozenset({'Grilled Prawns'}),"frozenset({'BBQ Chicken Pizza', 'Beef Steak Ribeye'})",0.10824313072439634,0.02331390507910075,0.010824313072439634,0.1,4.289285714285715,1.0,0.008300742997266365,1.0852067721343326,0.8599439775910365,0.08965517241379312,0.07851662404092072,0.28214285714285714
"frozenset({'BBQ Chicken Pizza', 'Granola Yogurt Bowl'})",frozenset({'French Toast'}),0.025811823480432972,0.10824313072439634,0.01665278934221482,0.6451612903225806,5.960297766749379,1.0,0.013858836758987272,2.513132995231247,0.8542735042735042,0.14184397163120563,0.6020902984849853,0.39950372208436724
"frozenset({'BBQ Chicken Pizza', 'French Toast'})",frozenset({'Granola Yogurt Bowl'}),0.02164862614487927,0.11323896752706078,0.01665278934221482,0.7692307692307692,6.792986425339366,1.0,0.014201321269189358,3.842631140716069,0.8716595744680852,0.1408450704225352,0.7397616468039002,0.4581447963800905
"frozenset({'Granola Yogurt Bowl', 'French Toast'})",frozenset({'BBQ Chicken Pizza'}),0.020815986677768527,0.10324729392173189,0.01665278934221482,0.7999999999999999,7.748387096774193,1.0,0.014503595047424399,4.483763530391339,0.8894557823129253,0.15503875968992245,0.7769730733519034,0.48064516129032253
frozenset({'BBQ Chicken Pizza'}),"frozenset({'Granola Yogurt Bowl', 'French Toast'})",0.10324729392173189,0.020815986677768527,0.01665278934221482,0.16129032258064516,7.748387096774193,1.0,0.014503595047424399,1.1674886312688144,0.9712163416898794,0.15503875968992245,0.1434606100504718,0.48064516129032253
frozenset({'Granola Yogurt Bowl'}),"frozenset({'BBQ Chicken Pizza', 'French Toast'})",0.11323896752706078,0.02164862614487927,0.01665278934221482,0.14705882352941177,6.792986425339366,1.0,0.014201321269189358,1.147032645209452,0.9616901408450703,0.1408450704225352,0.12818523153942427,0.4581447963800905
frozenset({'French Toast'}),"frozenset({'BBQ Chicken Pizza', 'Granola Yogurt Bowl'})",0.10824313072439634,0.025811823480432972,0.01665278934221482,0.15384615384615383,5.960297766749379,1.0,0.013858836758987272,1.1513132995231248,0.9332399626517274,0.14184397163120563,0.13142669296515447,0.39950372208436724
"frozenset({'BBQ Chicken Pizza', 'Grilled Prawns'})",frozenset({'French Toast'}),0.02497918401332223,0.10824313072439634,0.012489592006661115,0.5,4.619230769230769,1.0,0.009785766926118326,1.7835137385512074,0.8035866780529463,0.10344827586206896,0.4393090569561158,0.3076923076923077
"frozenset({'BBQ Chicken Pizza', 'French Toast'})",frozenset({'Grilled Prawns'}),0.02164862614487927,0.10824313072439634,0.012489592006661115,0.5769230769230769,5.329881656804733,1.0,0.010146276936857363,2.107788963742336,0.830354609929078,0.10638297872340423,0.5255692020397902,0.34615384615384615
"frozenset({'Grilled Prawns', 'French Toast'})",frozenset({'BBQ Chicken Pizza'}),0.02331390507910075,0.10324729392173189,0.012489592006661115,0.5357142857142857,5.188652073732719,1.0,0.010082494396495842,1.9314673669378082,0.8265416311452116,0.10948905109489052,0.48225892028120443,0.3283410138248848
frozenset({'BBQ Chicken Pizza'}),"frozenset({'Grilled Prawns', 'French Toast'})",0.10324729392173189,0.02331390507910075,0.012489592006661115,0.12096774193548386,5.188652073732718,1.0,0.010082494396495842,1.1110924382586378,0.9002166511915817,0.10948905109489052,0.09998487473530786,0.3283410138248848
frozenset({'Grilled Prawns'}),"frozenset({'BBQ Chicken Pizza', 'French Toast'})",0.10824313072439634,0.02164862614487927,0.012489592006661115,0.11538461538461538,5.329881656804733,1.0,0.010146276936857363,1.1059624226188323,0.9109866168689696,0.10638297872340423,0.095810147299509,0.34615384615384615
frozenset({'French Toast'}),"frozenset({'BBQ Chicken Pizza', 'Grilled Prawns'})",0.10824313072439634,0.02497918401332223,0.012489592006661115,0.11538461538461538,4.619230769230769,1.0,0.009785766926118326,1.1021974441588531,0.8786181139122314,0.10344827586206896,0.09272153977533994,0.3076923076923077
"frozenset({'BBQ Chicken Pizza', 'Smoked Beef Ribs'})",frozenset({'French Toast'}),0.02997502081598668,0.10824313072439634,0.013322231473771857,0.4444444444444444,4.105982905982906,1.0,0.01007764137712051,1.6051623646960866,0.7798283261802575,0.10666666666666666,0.37701006328457304,0.28376068376068375
"frozenset({'BBQ Chicken Pizza', 'French Toast'})",frozenset({'Smoked Beef Ribs'}),0.02164862614487927,0.16902581182348042,0.013322231473771857,0.6153846153846153,3.6407730200833646,1.0,0.009663054864770615,2.1605328892589504,0.7413829787234042,0.07511737089201878,0.537151225527979,0.34710117468738155
"frozenset({'Smoked Beef Ribs', 'French Toast'})",frozenset({'BBQ Chicken Pizza'}),0.026644462947543714,0.10324729392173189,0.013322231473771857,0.5,4.842741935483871,1.0,0.010571262776440117,1.7935054121565361,0.8152266894781866,0.1142857142857143,0.4424326833797586,0.31451612903225806
frozenset({'BBQ Chicken Pizza'}),"frozenset({'Smoked Beef Ribs', 'French Toast'})",0.10324729392173189,0.026644462947543714,0.013322231473771857,0.12903225806451613,4.842741935483871,1.0,0.010571262776440117,1.117556357356524,0.8848653667595172,0.1142857142857143,0.1051905405778305,0.31451612903225806
frozenset({'Smoked Beef Ribs'}),"frozenset({'BBQ Chicken Pizza', 'French Toast'})",0.16902581182348042,0.02164862614487927,0.013322231473771857,0.0788177339901478,3.6407730200833655,1.0,0.009663054864770615,1.062060582313313,0.8728707414829658,0.07511737089201878,0.058434126401844685,0.34710117468738155
frozenset({'French Toast'}),"frozenset({'BBQ Chicken Pizza', 'Smoked Beef Ribs'})",0.10824313072439634,0.02997502081598668,0.013322231473771857,0.12307692307692307,4.105982905982906,1.0,0.01007764137712051,1.1061688359115942,0.8482726423902893,0.10666666666666666,0.09597887091449323,0.28376068376068375
"frozenset({'BBQ Chicken Pizza', 'Granola Yogurt Bowl'})",frozenset({'Grilled Prawns'}),0.025811823480432972,0.10824313072439634,0.019150707743547043,0.7419354838709677,6.854342431761786,1.0,0.016356755160319494,3.4555578684429644,0.8767372723894463,0.16666666666666663,0.7106111261708985,0.45942928039702235
"frozenset({'BBQ Chicken Pizza', 'Grilled Prawns'})",frozenset({'Granola Yogurt Bowl'}),0.02497918401332223,0.11323896752706078,0.019150707743547043,0.7666666666666666,6.770343137254901,1.0,0.016322090736209972,3.8004044248840243,0.8741321055953664,0.16083916083916086,0.7368701095461658,0.46789215686274505
"frozenset({'Granola Yogurt Bowl', 'Grilled Prawns'})",frozenset({'BBQ Chicken Pizza'}),0.035803497085761866,0.10324729392173189,0.019150707743547043,0.5348837209302325,5.180607651912978,1.0,0.015454093556507516,1.9280183180682762,0.8369377487422092,0.1597222222222222,0.4813327287253568,0.3601837959489872
frozenset({'BBQ Chicken Pizza'}),"frozenset({'Granola Yogurt Bowl', 'Grilled Prawns'})",0.10324729392173189,0.035803497085761866,0.019150707743547043,0.18548387096774194,5.180607651912978,1.0,0.015454093556507516,1.1837660035778765,0.8998829276169714,0.1597222222222222,0.15523845339573236,0.3601837959489872
frozenset({'Granola Yogurt Bowl'}),"frozenset({'BBQ Chicken Pizza', 'Grilled Prawns'})",0.11323896752706078,0.02497918401332223,0.019150707743547043,0.1691176470588235,6.770343137254901,1.0,0.016322090736209972,1.17347638030255,0.9611349254949989,0.16083916083916086,0.1478311649168634,0.46789215686274505
frozenset({'Grilled Prawns'}),"frozenset({'BBQ Chicken Pizza', 'Granola Yogurt Bowl'})",0.10824313072439634,0.025811823480432972,0.019150707743547043,0.1769230769230769,6.854342431761786,1.0,0.016356755160319494,1.183593111659287,0.9577802135346891,0.16666666666666663,0.15511505588428662,0.45942928039702235
"frozenset({'BBQ Chicken Pizza', 'Granola Yogurt Bowl'})",frozenset({'Naan Garlic Bread'}),0.025811823480432972,0.1015820149875104,0.014154870940882597,0.5483870967741935,5.398466419883659,1.0,0.011532853901238283,1.9893541096705125,0.8363499245852187,0.12499999999999999,0.49732428473198,0.34386567953463776
"frozenset({'BBQ Chicken Pizza', 'Naan Garlic Bread'})",frozenset({'Granola Yogurt Bowl'}),0.028309741881765195,0.11323896752706078,0.014154870940882597,0.5,4.415441176470589,1.0,0.010949104999233916,1.7735220649458785,0.7960582690659811,0.11111111111111113,0.43615023474178405,0.3125
"frozenset({'Granola Yogurt Bowl', 'Naan Garlic Bread'})",frozenset({'BBQ Chicken Pizza'}),0.02497918401332223,0.10324729392173189,0.014154870940882597,0.5666666666666667,5.488440860215054,1.0,0.01157583778713409,2.0694293217190802,0.8387501883759482,0.1240875912408759,0.5167749922624575,0.3518817204301075
frozenset({'BBQ Chicken Pizza'}),"frozenset({'Granola Yogurt Bowl', 'Naan Garlic Bread'})",0.10324729392173189,0.02497918401332223,0.014154870940882597,0.13709677419354838,5.488440860215054,1.0,0.01157583778713409,1.1299306652555892,0.9119558686984544,0.1240875912408759,0.11498994518057352,0.3518817204301075
frozenset({'Granola Yogurt Bowl'}),"frozenset({'BBQ Chicken Pizza', 'Naan Garlic Bread'})",0.11323896752706078,0.028309741881765195,0.014154870940882597,0.125,4.415441176470589,1.0,0.010949104999233916,1.1105031521351256,0.8723004694835681,0.11111111111111113,0.09950728363324765,0.3125
frozenset({'Naan Garlic Bread'}),"frozenset({'BBQ Chicken Pizza', 'Granola Yogurt Bowl'})",0.1015820149875104,0.025811823480432972,0.014154870940882597,0.13934426229508196,5.398466419883659,1.0,0.011532853901238283,1.1319138812894016,0.9068854603936107,0.12499999999999999,0.11654056326187473,0.34386567953463776
"frozenset({'BBQ Chicken Pizza', 'Smoked Beef Ribs'})",frozenset({'Granola Yogurt Bowl'}),0.02997502081598668,0.11323896752706078,0.012489592006661115,0.41666666666666663,3.67953431372549,1.0,0.00909525159785663,1.52016176995361,0.7507296137339057,0.09554140127388534,0.3421752738654147,0.2634803921568627
"frozenset({'BBQ Chicken Pizza', 'Granola Yogurt Bowl'})",frozenset({'Smoked Beef Ribs'}),0.025811823480432972,0.16902581182348042,0.012489592006661115,0.48387096774193544,2.8627045924042585,1.0,0.008126727588236557,1.6100124895920067,0.6679202279202279,0.0684931506849315,0.3788868058698041,0.2788812966788495
"frozenset({'Smoked Beef Ribs', 'Granola Yogurt Bowl'})",frozenset({'BBQ Chicken Pizza'}),0.020815986677768527,0.10324729392173189,0.012489592006661115,0.6,5.811290322580645,1.0,0.010340397711870692,2.24188176519567,0.8455215419501133,0.11194029850746268,0.5539461467038069,0.3604838709677419
frozenset({'BBQ Chicken Pizza'}),"frozenset({'Smoked Beef Ribs', 'Granola Yogurt Bowl'})",0.10324729392173189,0.020815986677768527,0.012489592006661115,0.12096774193548386,5.8112903225806445,1.0,0.010340397711870692,1.1139341068986854,0.9232435778396781,0.11194029850746268,0.1022808316875137,0.3604838709677419
frozenset({'Smoked Beef Ribs'}),"frozenset({'BBQ Chicken Pizza', 'Granola Yogurt Bowl'})",0.16902581182348042,0.025811823480432972,0.012489592006661115,0.07389162561576355,2.862704592404259,1.0,0.008126727588236557,1.0519159565610219,0.7830327321309284,0.0684931506849315,0.04935371142267695,0.2788812966788495
frozenset({'Granola Yogurt Bowl'}),"frozenset({'BBQ Chicken Pizza', 'Smoked Beef Ribs'})",0.11323896752706078,0.02997502081598668,0.012489592006661115,0.11029411764705882,3.67953431372549,1.0,0.00909525159785663,1.0902760096613704,0.8212206572769952,0.09554140127388534,0.0828010603382984,0.2634803921568627
"frozenset({'BBQ Chicken Pizza', 'Naan Garlic Bread'})",frozenset({'Grilled Prawns'}),0.028309741881765195,0.10824313072439634,0.01582014987510408,0.5588235294117648,5.16266968325792,1.0,0.012755814783822254,2.0213155703580354,0.8297929914761196,0.1310344827586207,0.5052726973142199,0.3524886877828055
"frozenset({'BBQ Chicken Pizza', 'Grilled Prawns'})",frozenset({'Naan Garlic Bread'}),0.02497918401332223,0.1015820149875104,0.01582014987510408,0.6333333333333334,6.234699453551913,1.0,0.013282714030287003,2.4502308682158813,0.8611173535889254,0.14285714285714288,0.5918751930800125,0.39453551912568313
"frozenset({'Naan Garlic Bread', 'Grilled Prawns'})",frozenset({'BBQ Chicken Pizza'}),0.02497918401332223,0.10324729392173189,0.01582014987510408,0.6333333333333334,6.134139784946237,1.0,0.013241116721355575,2.445689198395277,0.8584206031731764,0.14074074074074075,0.5911173011451564,0.39327956989247315
frozenset({'BBQ Chicken Pizza'}),"frozenset({'Naan Garlic Bread', 'Grilled Prawns'})",0.10324729392173189,0.02497918401332223,0.01582014987510408,0.15322580645161293,6.134139784946238,1.0,0.013241116721355575,1.1514531541176005,0.9333431070712995,0.14074074074074075,0.13153218919588996,0.39327956989247315
frozenset({'Naan Garlic Bread'}),"frozenset({'BBQ Chicken Pizza', 'Grilled Prawns'})",0.1015820149875104,0.02497918401332223,0.01582014987510408,0.15573770491803282,6.234699453551914,1.0,0.013282714030287003,1.1548790247609193,0.934539778547388,0.14285714285714288,0.1341084403130294,0.39453551912568313
frozenset({'Grilled Prawns'}),"frozenset({'BBQ Chicken Pizza', 'Naan Garlic Bread'})",0.10824313072439634,0.028309741881765195,0.01582014987510408,0.14615384615384616,5.162669683257919,1.0,0.012755814783822254,1.1380156176159508,0.904172195193867,0.1310344827586207,0.12127743721574057,0.3524886877828055
"frozenset({'BBQ Chicken Pizza', 'Paneer Tikka Masala'})",frozenset({'Naan Garlic Bread'}),0.02164862614487927,0.1015820149875104,0.012489592006661115,0.5769230769230769,5.679382093316519,1.0,0.01029048094115298,2.1235334191204296,0.8421560283687943,0.11278195488721804,0.529086761246168,0.349936948297604
"frozenset({'BBQ Chicken Pizza', 'Naan Garlic Bread'})",frozenset({'Paneer Tikka Masala'}),0.028309741881765195,0.11074104912572856,0.012489592006661115,0.4411764705882353,3.9838567005749668,1.0,0.00935454149019586,1.5913054910381699,0.7708083404741503,0.09868421052631578,0.3715851509142983,0.27697921273772663
"frozenset({'Paneer Tikka Masala', 'Naan Garlic Bread'})",frozenset({'BBQ Chicken Pizza'}),0.017485428809325562,0.10324729392173189,0.012489592006661115,0.7142857142857142,6.918202764976957,1.0,0.01068426879903716,3.1386344712739374,0.8706779661016948,0.11538461538461538,0.6813901047884333,0.41762672811059903
frozenset({'BBQ Chicken Pizza'}),"frozenset({'Paneer Tikka Masala', 'Naan Garlic Bread'})",0.10324729392173189,0.017485428809325562,0.012489592006661115,0.12096774193548386,6.918202764976958,1.0,0.01068426879903716,1.117722998418749,0.9539461467038068,0.11538461538461538,0.1053239475123018,0.41762672811059903
frozenset({'Paneer Tikka Masala'}),"frozenset({'BBQ Chicken Pizza', 'Naan Garlic Bread'})",0.11074104912572856,0.028309741881765195,0.012489592006661115,0.11278195488721804,3.9838567005749668,1.0,0.00935454149019586,1.095210206184112,0.8422596754057429,0.09868421052631578,0.08693327148204702,0.27697921273772663
frozenset({'Naan Garlic Bread'}),"frozenset({'BBQ Chicken Pizza', 'Paneer Tikka Masala'})",0.1015820149875104,0.02164862614487927,0.012489592006661115,0.12295081967213115,5.679382093316519,1.0,0.01029048094115298,1.1155034356105116,0.917083719493358,0.11278195488721804,0.1035437739797698,0.349936948297604
"frozenset({'BBQ Chicken Pizza', 'Smoked Beef Ribs'})",frozenset({'Naan Garlic Bread'}),0.02997502081598668,0.1015820149875104,0.010824313072439634,0.3611111111111111,3.554872495446266,1.0,0.007779390058659139,1.4062194548021578,0.7409045889732584,0.08965517241379312,0.2888734424879003,0.23383424408014572
"frozenset({'BBQ Chicken Pizza', 'Naan Garlic Bread'})",frozenset({'Smoked Beef Ribs'}),0.028309741881765195,0.16902581182348042,0.010824313072439634,0.3823529411764706,2.2620979426253265,1.0,0.006039235968361088,1.3453867808572222,0.5741875947531475,0.0580357142857143,0.2567193209949311,0.22319617502173283
"frozenset({'Smoked Beef Ribs', 'Naan Garlic Bread'})",frozenset({'BBQ Chicken Pizza'}),0.01582014987510408,0.10324729392173189,0.010824313072439634,0.6842105263157895,6.626910016977929,1.0,0.009190925408398913,2.8397169025811824,0.8627489262007028,0.10000000000000002,0.6478522210819528,0.39452461799660443
frozenset({'BBQ Chicken Pizza'}),"frozenset({'Smoked Beef Ribs', 'Naan Garlic Bread'})",0.10324729392173189,0.01582014987510408,0.010824313072439634,0.10483870967741936,6.626910016977928,1.0,0.009190925408398913,1.0994441568962803,0.9468609385043926,0.10000000000000002,0.09044948419846079,0.39452461799660443
frozenset({'Smoked Beef Ribs'}),"frozenset({'BBQ Chicken Pizza', 'Naan Garlic Bread'})",0.16902581182348042,0.028309741881765195,0.010824313072439634,0.06403940886699508,2.262097942625326,1.0,0.006039235968361088,1.0381743284105351,0.6714197626021274,0.0580357142857143,0.03677063414675329,0.22319617502173283
frozenset({'Naan Garlic Bread'}),"frozenset({'BBQ Chicken Pizza', 'Smoked Beef Ribs'})",0.1015820149875104,0.02997502081598668,0.010824313072439634,0.10655737704918034,3.554872495446266,1.0,0.007779390058659139,1.0857160317472443,0.7999572253511086,0.08965517241379312,0.07894884964469148,0.23383424408014572
"frozenset({'BBQ Platter Mix', 'BBQ Lamb Chops'})",frozenset({'Chicken Biryani'}),0.0324729392173189,0.12822647793505412,0.011656952539550375,0.35897435897435903,2.7995337995338,1.0,0.007493061915514479,1.3599666944213156,0.6643717728055076,0.0782122905027933,0.26468787500306135,0.22494172494172499
"frozenset({'BBQ Platter Mix', 'Chicken Biryani'})",frozenset({'BBQ Lamb Chops'}),0.019983347210657785,0.16319733555370525,0.011656952539550375,0.5833333333333334,3.5744047619047623,1.0,0.008395723519326456,2.0083263946711076,0.7349192863211554,0.06796116504854369,0.502072968490879,0.3273809523809524
"frozenset({'BBQ Lamb Chops', 'Chicken Biryani'})",frozenset({'BBQ Platter Mix'}),0.028309741881765195,0.12489592006661115,0.011656952539550375,0.411764705882353,3.2968627450980397,1.0,0.008121181280379034,1.4876769358867614,0.71697882237728,0.0823529411764706,0.32781104830133767,0.25254901960784315
frozenset({'BBQ Platter Mix'}),"frozenset({'BBQ Lamb Chops', 'Chicken Biryani'})",0.12489592006661115,0.028309741881765195,0.011656952539550375,0.09333333333333334,3.2968627450980392,1.0,0.008121181280379034,1.0717171964539356,0.7961125458746771,0.0823529411764706,0.06691802342187946,0.25254901960784315
frozenset({'BBQ Lamb Chops'}),"frozenset({'BBQ Platter Mix', 'Chicken Biryani'})",0.16319733555370525,0.019983347210657785,0.011656952539550375,0.07142857142857142,3.574404761904762,1.0,0.008395723519326456,1.0554025491577532,0.8606965174129353,0.06796116504854369,0.05249423473722539,0.3273809523809524
frozenset({'Chicken Biryani'}),"frozenset({'BBQ Platter Mix', 'BBQ Lamb Chops'})",0.12822647793505412,0.0324729392173189,0.011656952539550375,0.09090909090909091,2.7995337995338,1.0,0.007493061915514479,1.0642797668609494,0.7373447946513849,0.0782122905027933,0.0603974338914098,0.22494172494172499
"frozenset({'BBQ Platter Mix', 'BBQ Lamb Chops'})",frozenset({'Dal Makhani'}),0.0324729392173189,0.10491257285595337,0.012489592006661115,0.38461538461538464,3.6660561660561664,1.0,0.0090827724051772,1.4545170691090756,0.7516351118760757,0.09999999999999999,0.3124865831842576,0.2518315018315018
"frozenset({'BBQ Lamb Chops', 'Dal Makhani'})",frozenset({'BBQ Platter Mix'}),0.025811823480432972,0.12489592006661115,0.012489592006661115,0.48387096774193544,3.8741935483870966,1.0,0.009265800564475481,1.6955141548709411,0.7615384615384615,0.09036144578313252,0.41020840367085104,0.29193548387096774
"frozenset({'BBQ Platter Mix', 'Dal Makhani'})",frozenset({'BBQ Lamb Chops'}),0.02164862614487927,0.16319733555370525,0.012489592006661115,0.5769230769230769,3.5351255886970168,1.0,0.008956593901418536,1.97789720687306,0.7329929078014183,0.07246376811594202,0.4944125526215078,0.32672684458398743
frozenset({'BBQ Lamb Chops'}),"frozenset({'BBQ Platter Mix', 'Dal Makhani'})",0.16319733555370525,0.02164862614487927,0.012489592006661115,0.07653061224489796,3.535125588697017,1.0,0.008956593901418536,1.0594302169922853,0.8569817578772801,0.07246376811594202,0.0560963960052106,0.32672684458398743
frozenset({'BBQ Platter Mix'}),"frozenset({'BBQ Lamb Chops', 'Dal Makhani'})",0.12489592006661115,0.025811823480432972,0.012489592006661115,0.09999999999999999,3.8741935483870966,1.0,0.009265800564475481,1.0824313072439633,0.8477640342530922,0.09036144578313252,0.07615384615384616,0.29193548387096774
frozenset({'Dal Makhani'}),"frozenset({'BBQ Platter Mix', 'BBQ Lamb Chops'})",0.10491257285595337,0.0324729392173189,0.012489592006661115,0.11904761904761904,3.6660561660561664,1.0,0.0090827724051772,1.0982739608884489,0.8124651162790697,0.09999999999999999,0.08948037046143759,0.2518315018315018
"frozenset({'Smoked Beef Ribs', 'BBQ Platter Mix'})",frozenset({'BBQ Lamb Chops'}),0.028309741881765195,0.16319733555370525,0.011656952539550375,0.411764705882353,2.5231092436974794,1.0,0.007036878094233158,1.4225645295587013,0.6212510711225365,0.06481481481481481,0.2970441908106527,0.24159663865546221
"frozenset({'Smoked Beef Ribs', 'BBQ Lamb Chops'})",frozenset({'BBQ Platter Mix'}),0.03913405495420483,0.12489592006661115,0.011656952539550375,0.29787234042553196,2.3849645390070924,1.0,0.00676926874010764,1.246360356268766,0.6043575142361971,0.07650273224043716,0.1976638257384052,0.19560283687943264
"frozenset({'BBQ Platter Mix', 'BBQ Lamb Chops'})",frozenset({'Smoked Beef Ribs'}),0.0324729392173189,0.16902581182348042,0.011656952539550375,0.35897435897435903,2.1237842617152967,1.0,0.006168187626048513,1.2963197335553707,0.5469018932874354,0.061403508771929835,0.22858537587996514,0.21396993810786918
frozenset({'Smoked Beef Ribs'}),"frozenset({'BBQ Platter Mix', 'BBQ Lamb Chops'})",0.16902581182348042,0.0324729392173189,0.011656952539550375,0.06896551724137931,2.123784261715296,1.0,0.006168187626048513,1.0391957319517686,0.6367735470941884,0.061403508771929835,0.03771737195085762,0.21396993810786918
frozenset({'BBQ Platter Mix'}),"frozenset({'Smoked Beef Ribs', 'BBQ Lamb Chops'})",0.12489592006661115,0.03913405495420483,0.011656952539550375,0.09333333333333334,2.3849645390070924,1.0,0.00676926874010764,1.059778615859333,0.6635857006932173,0.07650273224043716,0.056406701328711735,0.19560283687943264
frozenset({'BBQ Lamb Chops'}),"frozenset({'Smoked Beef Ribs', 'BBQ Platter Mix'})",0.16319733555370525,0.028309741881765195,0.011656952539550375,0.07142857142857142,2.523109243697479,1.0,0.007036878094233158,1.0464356625888682,0.7213930348258707,0.06481481481481481,0.044375076508752595,0.24159663865546221
"frozenset({'Pancakes with Maple Syrup', 'BBQ Lamb Chops'})",frozenset({'Beef Sausage Breakfast'}),0.030807660283097418,0.10074937552039967,0.013322231473771857,0.43243243243243246,4.292159928523565,1.0,0.010218378939005172,1.5843939574164387,0.7913981958762887,0.11267605633802817,0.3688438438438439,0.2823319186955551
"frozenset({'Pancakes with Maple Syrup', 'Beef Sausage Breakfast'})",frozenset({'BBQ Lamb Chops'}),0.02997502081598668,0.16319733555370525,0.013322231473771857,0.4444444444444444,2.7233560090702946,1.0,0.00843038794343598,1.5062447960033303,0.6523605150214592,0.07407407407407407,0.3360972913211719,0.26303854875283444
"frozenset({'Beef Sausage Breakfast', 'BBQ Lamb Chops'})",frozenset({'Pancakes with Maple Syrup'}),0.030807660283097418,0.08825978351373855,0.013322231473771857,0.43243243243243246,4.899541050484447,1.0,0.010603154046620877,1.6063994290472225,0.8211984536082474,0.12598425196850394,0.377489818585709,0.29168791432942376
frozenset({'Pancakes with Maple Syrup'}),"frozenset({'Beef Sausage Breakfast', 'BBQ Lamb Chops'})",0.08825978351373855,0.030807660283097418,0.013322231473771857,0.15094339622641512,4.899541050484448,1.0,0.010603154046620877,1.1414932001110185,0.8729452054794521,0.12598425196850394,0.12395448356350906,0.29168791432942376
frozenset({'BBQ Lamb Chops'}),"frozenset({'Pancakes with Maple Syrup', 'Beef Sausage Breakfast'})",0.16319733555370525,0.02997502081598668,0.013322231473771857,0.0816326530612245,2.723356009070295,1.0,0.00843038794343598,1.0562494217781477,0.7562189054726368,0.07407407407407407,0.053253919593588515,0.26303854875283444
frozenset({'Beef Sausage Breakfast'}),"frozenset({'Pancakes with Maple Syrup', 'BBQ Lamb Chops'})",0.10074937552039967,0.030807660283097418,0.013322231473771857,0.1322314049586777,4.292159928523565,1.0,0.010218378939005172,1.1168787914832876,0.8529513888888888,0.11267605633802817,0.10464769532248445,0.2823319186955551
"frozenset({'Peach Iced Tea', 'Beef Sausage Breakfast'})",frozenset({'BBQ Lamb Chops'}),0.01665278934221482,0.16319733555370525,0.013322231473771857,0.8,4.902040816326531,1.0,0.010604540623585259,4.184013322231475,0.8094834885690093,0.08,0.7609950248756219,0.44081632653061226
"frozenset({'BBQ Lamb Chops', 'Beef Sausage Breakfast'})",frozenset({'Peach Iced Tea'}),0.030807660283097418,0.049125728559533725,0.013322231473771857,0.43243243243243246,8.802565277141548,1.0,0.011808782717150086,1.6753499068236788,0.9145725945017182,0.2,0.4031097647559994,0.35180943655519925
"frozenset({'BBQ Lamb Chops', 'Peach Iced Tea'})",frozenset({'Beef Sausage Breakfast'}),0.02497918401332223,0.10074937552039967,0.013322231473771857,0.5333333333333333,5.29366391184573,1.0,0.010805594283420492,1.9269656238848578,0.8318744662681469,0.11851851851851854,0.4810493827160494,0.3327823691460055
frozenset({'Beef Sausage Breakfast'}),"frozenset({'BBQ Lamb Chops', 'Peach Iced Tea'})",0.10074937552039967,0.02497918401332223,0.013322231473771857,0.1322314049586777,5.29366391184573,1.0,0.010805594283420492,1.1235954165179811,0.9019675925925926,0.11851851851851854,0.10999992942388719,0.3327823691460055
frozenset({'Peach Iced Tea'}),"frozenset({'BBQ Lamb Chops', 'Beef Sausage Breakfast'})",0.049125728559533725,0.030807660283097418,0.013322231473771857,0.2711864406779661,8.802565277141548,1.0,0.011808782717150086,1.3298220475185407,0.9321913309982487,0.2,0.24801968664453375,0.35180943655519925
frozenset({'BBQ Lamb Chops'}),"frozenset({'Peach Iced Tea', 'Beef Sausage Breakfast'})",0.16319733555370525,0.01665278934221482,0.013322231473771857,0.0816326530612245,4.902040816326531,1.0,0.010604540623585259,1.0707558516051439,0.9512437810945275,0.08,0.06608028478114364,0.44081632653061226
"frozenset({'Smoked Beef Ribs', 'Beef Sausage Breakfast'})",frozenset({'BBQ Lamb Chops'}),0.03663613655287261,0.16319733555370525,0.019150707743547043,0.5227272727272727,3.2030380333951762,1.0,0.013171787873136526,1.7533008207446175,0.713952876629965,0.10599078341013823,0.4296472184531886,0.32003710575139144
"frozenset({'BBQ Lamb Chops', 'Beef Sausage Breakfast'})",frozenset({'Smoked Beef Ribs'}),0.030807660283097418,0.16902581182348042,0.019150707743547043,0.6216216216216216,3.677672746638264,1.0,0.013943417953814506,2.1961460687522303,0.7512326311071268,0.10599078341013825,0.544656881330228,0.3674610571162295
"frozenset({'Smoked Beef Ribs', 'BBQ Lamb Chops'})",frozenset({'Beef Sausage Breakfast'}),0.03913405495420483,0.10074937552039967,0.019150707743547043,0.48936170212765956,4.857218216986109,1.0,0.015207976145329902,1.761032472939217,0.8264637178810941,0.1586206896551724,0.4321513002364066,0.33972217337787936
frozenset({'Beef Sausage Breakfast'}),"frozenset({'Smoked Beef Ribs', 'BBQ Lamb Chops'})",0.10074937552039967,0.03913405495420483,0.019150707743547043,0.19008264462809915,4.857218216986109,1.0,0.015207976145329902,1.1863752994953185,0.8830917874396135,0.1586206896551724,0.1570964091840096,0.33972217337787936
frozenset({'Smoked Beef Ribs'}),"frozenset({'BBQ Lamb Chops', 'Beef Sausage Breakfast'})",0.16902581182348042,0.030807660283097418,0.019150707743547043,0.11330049261083744,3.677672746638264,1.0,0.013943417953814506,1.0930335831251734,0.8761871569225407,0.10599078341013825,0.085115027169773,0.3674610571162295
frozenset({'BBQ Lamb Chops'}),"frozenset({'Smoked Beef Ribs', 'Beef Sausage Breakfast'})",0.16319733555370525,0.03663613655287261,0.019150707743547043,0.1173469387755102,3.203038033395176,1.0,0.013171787873136526,1.0914411400903872,0.8219338092147955,0.10599078341013823,0.08378018450249589,0.32003710575139144
"frozenset({'Butter Chicken', 'Paratha with Omelette'})",frozenset({'BBQ Lamb Chops'}),0.017485428809325562,0.16319733555370525,0.010824313072439634,0.6190476190476191,3.793245869776482,1.0,0.007970737679743706,2.196606994171524,0.7494784876140809,0.06372549019607843,0.544752428334518,0.342687074829932
"frozenset({'Butter Chicken', 'BBQ Lamb Chops'})",frozenset({'Paratha with Omelette'}),0.02414654454621149,0.12489592006661115,0.010824313072439634,0.4482758620689655,3.589195402298851,1.0,0.007808508174911138,1.5861261448792674,0.7392360199527435,0.07831325301204821,0.36953312116539255,0.2674712643678161
"frozenset({'Paratha with Omelette', 'BBQ Lamb Chops'})",frozenset({'Butter Chicken'}),0.02331390507910075,0.10741049125728559,0.010824313072439634,0.4642857142857143,4.322535991140643,1.0,0.008320155074767698,1.6661670829864001,0.7870024263886157,0.0902777777777778,0.39982009594882734,0.282530454042082
frozenset({'Butter Chicken'}),"frozenset({'Paratha with Omelette', 'BBQ Lamb Chops'})",0.10741049125728559,0.02331390507910075,0.010824313072439634,0.10077519379844962,4.322535991140643,1.0,0.008320155074767698,1.0861422952137587,0.8611509758897821,0.0902777777777778,0.07931032203916283,0.282530454042082
frozenset({'Paratha with Omelette'}),"frozenset({'Butter Chicken', 'BBQ Lamb Chops'})",0.12489592006661115,0.02414654454621149,0.010824313072439634,0.08666666666666667,3.5891954022988504,1.0,0.007808508174911138,1.0684526884530532,0.8243431164458757,0.07831325301204821,0.06406712172923777,0.2674712643678161
frozenset({'BBQ Lamb Chops'}),"frozenset({'Butter Chicken', 'Paratha with Omelette'})",0.16319733555370525,0.017485428809325562,0.010824313072439634,0.0663265306122449,3.793245869776482,1.0,0.007970737679743706,1.0523106882697935,0.8799846919249906,0.06372549019607843,0.04971030785195434,0.342687074829932
"frozenset({'BBQ Lamb Chops', 'Grilled Chicken Breast'})",frozenset({'Chana Masala'}),0.029142381348875937,0.10741049125728559,0.010824313072439634,0.37142857142857144,3.458028792912514,1.0,0.007694115575349713,1.4200287639088638,0.7321546378150152,0.08609271523178809,0.2957889125799574,0.23610188261351053
"frozenset({'BBQ Lamb Chops', 'Chana Masala'})",frozenset({'Grilled Chicken Breast'}),0.020815986677768527,0.14238134887593673,0.010824313072439634,0.52,3.652163742690058,1.0,0.007860504811075423,1.786705523175132,0.7416274201988488,0.07103825136612023,0.4403106796116505,0.2980116959064327
"frozenset({'Grilled Chicken Breast', 'Chana Masala'})",frozenset({'BBQ Lamb Chops'}),0.02164862614487927,0.16319733555370525,0.010824313072439634,0.5,3.063775510204082,1.0,0.007291314967197056,1.6736053288925894,0.6885106382978724,0.06220095693779905,0.40248756218905474,0.28316326530612246
frozenset({'BBQ Lamb Chops'}),"frozenset({'Grilled Chicken Breast', 'Chana Masala'})",0.16319733555370525,0.02164862614487927,0.010824313072439634,0.0663265306122449,3.063775510204082,1.0,0.007291314967197056,1.0478517446754299,0.8049751243781096,0.06220095693779905,0.04566652192792011,0.28316326530612246
frozenset({'Grilled Chicken Breast'}),"frozenset({'BBQ Lamb Chops', 'Chana Masala'})",0.14238134887593673,0.020815986677768527,0.010824313072439634,0.07602339181286549,3.652163742690058,1.0,0.007860504811075423,1.0597497865702632,0.8467513069454817,0.07103825136612023,0.05638103194494171,0.2980116959064327
frozenset({'Chana Masala'}),"frozenset({'BBQ Lamb Chops', 'Grilled Chicken Breast'})",0.10741049125728559,0.029142381348875937,0.010824313072439634,0.10077519379844962,3.4580287929125144,1.0,0.007694115575349713,1.079660627637888,0.7963547646383469,0.08609271523178809,0.07378302551624186,0.23610188261351053
"frozenset({'Smoked Sausage Combo', 'Chicken Tandoori'})",frozenset({'BBQ Lamb Chops'}),0.019150707743547043,0.16319733555370525,0.010824313072439634,0.5652173913043479,3.463398402839397,1.0,0.007698968594725046,1.9246461282264782,0.7251534543554916,0.06310679611650485,0.4804239671209173,0.3157719609582964
"frozenset({'Smoked Sausage Combo', 'BBQ Lamb Chops'})",frozenset({'Chicken Tandoori'}),0.025811823480432972,0.08326394671107411,0.010824313072439634,0.41935483870967744,5.0364516129032255,1.0,0.008675118777649211,1.5788232028864837,0.8226824457593689,0.11016949152542374,0.3666168585743166,0.2746774193548387
"frozenset({'Chicken Tandoori', 'BBQ Lamb Chops'})",frozenset({'Smoked Sausage Combo'}),0.017485428809325562,0.16402997502081598,0.010824313072439634,0.6190476190476191,3.773990814599952,1.0,0.007956178621617706,2.194421315570358,0.748109517601043,0.06341463414634148,0.5442989944981977,0.34251873338167754
frozenset({'Smoked Sausage Combo'}),"frozenset({'Chicken Tandoori', 'BBQ Lamb Chops'})",0.16402997502081598,0.017485428809325562,0.010824313072439634,0.06598984771573604,3.773990814599952,1.0,0.007956178621617706,1.0519313615465373,0.879252221881704,0.06341463414634148,0.049367633141185585,0.34251873338167754
frozenset({'Chicken Tandoori'}),"frozenset({'Smoked Sausage Combo', 'BBQ Lamb Chops'})",0.08326394671107411,0.025811823480432972,0.010824313072439634,0.13,5.036451612903226,1.0,0.008675118777649211,1.1197565247351344,0.8742402012156779,0.11016949152542374,0.10694871794871796,0.2746774193548387
frozenset({'BBQ Lamb Chops'}),"frozenset({'Smoked Sausage Combo', 'Chicken Tandoori'})",0.16319733555370525,0.019150707743547043,0.010824313072439634,0.0663265306122449,3.463398402839397,1.0,0.007698968594725046,1.050527110832048,0.8499808649062381,0.06310679611650485,0.04809691278888465,0.3157719609582964
"frozenset({'Smoked Beef Ribs', 'Dal Makhani'})",frozenset({'BBQ Lamb Chops'}),0.02997502081598668,0.16319733555370525,0.012489592006661115,0.41666666666666663,2.5531462585034013,1.0,0.007597748476325238,1.4345188533365052,0.6271244635193133,0.06912442396313363,0.30290215588723046,0.2465986394557823
"frozenset({'Smoked Beef Ribs', 'BBQ Lamb Chops'})",frozenset({'Dal Makhani'}),0.03913405495420483,0.10491257285595337,0.012489592006661115,0.3191489361702128,3.042046605876393,1.0,0.008383937615129218,1.3146596586178185,0.6986135181975737,0.09493670886075949,0.23934685799109354,0.21909827760891593
"frozenset({'BBQ Lamb Chops', 'Dal Makhani'})",frozenset({'Smoked Beef Ribs'}),0.025811823480432972,0.16902581182348042,0.012489592006661115,0.48387096774193544,2.8627045924042585,1.0,0.008126727588236557,1.6100124895920067,0.6679202279202279,0.0684931506849315,0.3788868058698041,0.2788812966788495
frozenset({'Smoked Beef Ribs'}),"frozenset({'BBQ Lamb Chops', 'Dal Makhani'})",0.16902581182348042,0.025811823480432972,0.012489592006661115,0.07389162561576355,2.862704592404259,1.0,0.008126727588236557,1.0519159565610219,0.7830327321309284,0.0684931506849315,0.04935371142267695,0.2788812966788495
frozenset({'Dal Makhani'}),"frozenset({'Smoked Beef Ribs', 'BBQ Lamb Chops'})",0.10491257285595337,0.03913405495420483,0.012489592006661115,0.11904761904761904,3.042046605876393,1.0,0.008383937615129218,1.0907126943763081,0.749953488372093,0.09493670886075949,0.08316827597590162,0.21909827760891593
frozenset({'BBQ Lamb Chops'}),"frozenset({'Smoked Beef Ribs', 'Dal Makhani'})",0.16319733555370525,0.02997502081598668,0.012489592006661115,0.07653061224489796,2.5531462585034013,1.0,0.007597748476325238,1.0504137896136276,0.7269651741293532,0.06912442396313363,0.04799421914688622,0.2465986394557823
"frozenset({'Fish Masala Curry', 'BBQ Lamb Chops'})",frozenset({'Smoked Beef Ribs'}),0.028309741881765195,0.16902581182348042,0.010824313072439634,0.3823529411764706,2.2620979426253265,1.0,0.006039235968361088,1.3453867808572222,0.5741875947531475,0.0580357142857143,0.2567193209949311,0.22319617502173283
"frozenset({'Fish Masala Curry', 'Smoked Beef Ribs'})",frozenset({'BBQ Lamb Chops'}),0.025811823480432972,0.16319733555370525,0.010824313072439634,0.41935483870967744,2.5696181698485847,1.0,0.006611892254650407,1.4411601443241744,0.6270216962524656,0.06074766355140187,0.30611458834857974,0.24284068466096118
"frozenset({'Smoked Beef Ribs', 'BBQ Lamb Chops'})",frozenset({'Fish Masala Curry'}),0.03913405495420483,0.11490424646128226,0.010824313072439634,0.2765957446808511,2.4071847055195805,1.0,0.0063276439769523185,1.2235147181270511,0.6083855485935209,0.07558139534883723,0.18268249234402834,0.18539932161578787
frozenset({'Fish Masala Curry'}),"frozenset({'Smoked Beef Ribs', 'BBQ Lamb Chops'})",0.11490424646128226,0.03913405495420483,0.010824313072439634,0.09420289855072464,2.407184705519581,1.0,0.0063276439769523185,1.060796003330558,0.6604674723207179,0.07558139534883723,0.057311682113882406,0.18539932161578787
frozenset({'BBQ Lamb Chops'}),"frozenset({'Fish Masala Curry', 'Smoked Beef Ribs'})",0.16319733555370525,0.025811823480432972,0.010824313072439634,0.0663265306122449,2.5696181698485847,1.0,0.006611892254650407,1.0433928010810662,0.7299655568312287,0.06074766355140187,0.04158817373103088,0.24284068466096118
frozenset({'Smoked Beef Ribs'}),"frozenset({'Fish Masala Curry', 'BBQ Lamb Chops'})",0.16902581182348042,0.028309741881765195,0.010824313072439634,0.06403940886699508,2.262097942625326,1.0,0.006039235968361088,1.0381743284105351,0.6714197626021274,0.0580357142857143,0.03677063414675329,0.22319617502173283
"frozenset({'Four-Cheese Pizza', 'Pancakes with Maple Syrup'})",frozenset({'BBQ Lamb Chops'}),0.025811823480432972,0.16319733555370525,0.01498751040799334,0.5806451612903226,3.557932850559579,1.0,0.010775089590204113,1.9954525075257799,0.7379867046533714,0.0861244019138756,0.49886053602952984,0.3362409479921001
"frozenset({'Four-Cheese Pizza', 'BBQ Lamb Chops'})",frozenset({'Pancakes with Maple Syrup'}),0.02414654454621149,0.08825978351373855,0.01498751040799334,0.6206896551724138,7.032530904359142,1.0,0.012856341613739868,2.4036787525546894,0.8790291998483124,0.15384615384615385,0.5839710281845379,0.39525048796356543
"frozenset({'Pancakes with Maple Syrup', 'BBQ Lamb Chops'})",frozenset({'Four-Cheese Pizza'}),0.030807660283097418,0.1357202331390508,0.01498751040799334,0.4864864864864865,3.5844801857071795,1.0,0.010806287571902683,1.6830711249397432,0.7439385261550211,0.09890109890109891,0.4058480445763683,0.29845796716962364
frozenset({'Four-Cheese Pizza'}),"frozenset({'Pancakes with Maple Syrup', 'BBQ Lamb Chops'})",0.1357202331390508,0.030807660283097418,0.01498751040799334,0.11042944785276074,3.5844801857071795,1.0,0.010806287571902683,1.0895058715438284,0.8342432027403126,0.09890109890109891,0.08215272067969558,0.29845796716962364
frozenset({'Pancakes with Maple Syrup'}),"frozenset({'Four-Cheese Pizza', 'BBQ Lamb Chops'})",0.08825978351373855,0.02414654454621149,0.01498751040799334,0.169811320754717,7.032530904359142,1.0,0.012856341613739868,1.1754598440693362,0.9408422120750887,0.15384615384615385,0.14926910940820404,0.39525048796356543
frozenset({'BBQ Lamb Chops'}),"frozenset({'Four-Cheese Pizza', 'Pancakes with Maple Syrup'})",0.16319733555370525,0.025811823480432972,0.01498751040799334,0.09183673469387756,3.557932850559579,1.0,0.010775089590204113,1.0727015876282873,0.8591487009397458,0.0861244019138756,0.06777428920286065,0.3362409479921001
"frozenset({'BBQ Lamb Chops', 'Peach Iced Tea'})",frozenset({'French Toast'}),0.02497918401332223,0.10824313072439634,0.010824313072439634,0.4333333333333334,4.003333333333334,1.0,0.008120487991896845,1.5736885928393007,0.7694278394534586,0.08843537414965988,0.3645502645502646,0.2666666666666667
"frozenset({'Peach Iced Tea', 'French Toast'})",frozenset({'BBQ Lamb Chops'}),0.012489592006661115,0.16319733555370525,0.010824313072439634,0.8666666666666668,5.310544217687076,1.0,0.008786044934799685,6.276019983347217,0.8219613438837722,0.06565656565656566,0.8406633499170816,0.46649659863945586
"frozenset({'BBQ Lamb Chops', 'French Toast'})",frozenset({'Peach Iced Tea'}),0.0324729392173189,0.049125728559533725,0.010824313072439634,0.33333333333333337,6.785310734463277,1.0,0.009229056274919389,1.4263114071606995,0.8812392426850258,0.15294117647058825,0.29889083479276124,0.2768361581920904
frozenset({'Peach Iced Tea'}),"frozenset({'BBQ Lamb Chops', 'French Toast'})",0.049125728559533725,0.0324729392173189,0.010824313072439634,0.22033898305084745,6.785310734463277,1.0,0.009229056274919389,1.240958621438656,0.8966725043782836,0.15294117647058825,0.19417135855771755,0.2768361581920904
frozenset({'BBQ Lamb Chops'}),"frozenset({'Peach Iced Tea', 'French Toast'})",0.16319733555370525,0.012489592006661115,0.010824313072439634,0.0663265306122449,5.310544217687076,1.0,0.008786044934799685,1.0576614205830297,0.9699961729812477,0.06565656565656566,0.05451784423718898,0.46649659863945586
frozenset({'French Toast'}),"frozenset({'BBQ Lamb Chops', 'Peach Iced Tea'})",0.10824313072439634,0.02497918401332223,0.010824313072439634,0.1,4.003333333333334,1.0,0.008120487991896845,1.0833564622074197,0.8412698412698413,0.08843537414965988,0.07694278394534586,0.2666666666666667
"frozenset({'Veggie Supreme Pizza', 'BBQ Lamb Chops'})",frozenset({'Grilled Chicken Breast'}),0.02497918401332223,0.14238134887593673,0.010824313072439634,0.4333333333333334,3.043469785575049,1.0,0.007267743158802581,1.5134446784542295,0.6886290481508244,0.06914893617021277,0.33925566343042074,0.25467836257309945
"frozenset({'Veggie Supreme Pizza', 'Grilled Chicken Breast'})",frozenset({'BBQ Lamb Chops'}),0.028309741881765195,0.16319733555370525,0.010824313072439634,0.3823529411764706,2.3428871548619448,1.0,0.006204238627122417,1.3548233614844771,0.5898754202096105,0.0599078341013825,0.2618964003511853,0.22433973589435777
"frozenset({'BBQ Lamb Chops', 'Grilled Chicken Breast'})",frozenset({'Veggie Supreme Pizza'}),0.029142381348875937,0.11323896752706078,0.010824313072439634,0.37142857142857144,3.280042016806723,1.0,0.0075242598972130505,1.4107561880251307,0.7159915556141971,0.08227848101265824,0.29116029510395713,0.23350840336134454
frozenset({'Veggie Supreme Pizza'}),"frozenset({'BBQ Lamb Chops', 'Grilled Chicken Breast'})",0.11323896752706078,0.029142381348875937,0.010824313072439634,0.09558823529411765,3.280042016806723,1.0,0.0075242598972130505,1.0734685864760396,0.7838931022029614,0.08227848101265824,0.0684403692866512,0.23350840336134454
frozenset({'BBQ Lamb Chops'}),"frozenset({'Veggie Supreme Pizza', 'Grilled Chicken Breast'})",0.16319733555370525,0.028309741881765195,0.010824313072439634,0.0663265306122449,2.3428871548619448,1.0,0.006204238627122417,1.0407174349244483,0.6849598163031001,0.0599078341013825,0.039124390115943555,0.22433973589435777
frozenset({'Grilled Chicken Breast'}),"frozenset({'Veggie Supreme Pizza', 'BBQ Lamb Chops'})",0.14238134887593673,0.02497918401332223,0.010824313072439634,0.07602339181286549,3.0434697855750485,1.0,0.007267743158802581,1.0552440476817841,0.7828976848394325,0.06914893617021277,0.05235191594129074,0.25467836257309945
"frozenset({'Pancakes with Maple Syrup', 'Smoked Beef Ribs'})",frozenset({'BBQ Lamb Chops'}),0.026644462947543714,0.16319733555370525,0.011656952539550375,0.4375,2.6808035714285716,1.0,0.007308647179251817,1.4876491812378572,0.6441402908468776,0.06542056074766354,0.3277985074626866,0.2544642857142857
"frozenset({'Pancakes with Maple Syrup', 'BBQ Lamb Chops'})",frozenset({'Smoked Beef Ribs'}),0.030807660283097418,0.16902581182348042,0.011656952539550375,0.3783783783783784,2.2385834109972045,1.0,0.006449662749817839,1.3367845635883142,0.5708762886597939,0.06194690265486726,0.2519363050425175,0.22367194780987887
"frozenset({'Smoked Beef Ribs', 'BBQ Lamb Chops'})",frozenset({'Pancakes with Maple Syrup'}),0.03913405495420483,0.08825978351373855,0.011656952539550375,0.29787234042553196,3.3749498193496597,1.0,0.008202989321277509,1.2985390962077057,0.7323594949244863,0.10071942446043165,0.2299038181288255,0.2149739060618226
frozenset({'Pancakes with Maple Syrup'}),"frozenset({'Smoked Beef Ribs', 'BBQ Lamb Chops'})",0.08825978351373855,0.03913405495420483,0.011656952539550375,0.1320754716981132,3.3749498193496588,1.0,0.008202989321277509,1.1070846758136335,0.7718199608610568,0.10071942446043165,0.09672672574474347,0.2149739060618226
frozenset({'Smoked Beef Ribs'}),"frozenset({'Pancakes with Maple Syrup', 'BBQ Lamb Chops'})",0.16902581182348042,0.030807660283097418,0.011656952539550375,0.06896551724137931,2.238583410997204,1.0,0.006449662749817839,1.0409843648811177,0.6658316633266533,0.06194690265486726,0.03937077852826164,0.22367194780987887
frozenset({'BBQ Lamb Chops'}),"frozenset({'Pancakes with Maple Syrup', 'Smoked Beef Ribs'})",0.16319733555370525,0.026644462947543714,0.011656952539550375,0.07142857142857142,2.680803571428571,1.0,0.007308647179251817,1.0482290399026453,0.7492537313432835,0.06542056074766354,0.04601002077477697,0.2544642857142857
"frozenset({'Smoked Sausage Combo', 'Turkey Bacon & Eggs'})",frozenset({'BBQ Lamb Chops'}),0.030807660283097418,0.16319733555370525,0.011656952539550375,0.3783783783783784,2.3185328185328187,1.0,0.006629224466705168,1.3461608080223002,0.5867697594501718,0.0639269406392694,0.2571466989377438,0.2249034749034749
"frozenset({'Smoked Sausage Combo', 'BBQ Lamb Chops'})",frozenset({'Turkey Bacon & Eggs'}),0.025811823480432972,0.10990840965861781,0.011656952539550375,0.45161290322580644,4.1089931573802545,1.0,0.008820016070427018,1.6231081941519323,0.7766788766788768,0.09395973154362416,0.38389812607501733,0.27883675464320623
"frozenset({'Turkey Bacon & Eggs', 'BBQ Lamb Chops'})",frozenset({'Smoked Sausage Combo'}),0.02331390507910075,0.16402997502081598,0.011656952539550375,0.5,3.048223350253807,1.0,0.007832773271787804,1.671940049958368,0.6879795396419436,0.06635071090047394,0.4018924302788845,0.28553299492385786
frozenset({'Smoked Sausage Combo'}),"frozenset({'Turkey Bacon & Eggs', 'BBQ Lamb Chops'})",0.16402997502081598,0.02331390507910075,0.011656952539550375,0.07106598984771574,3.0482233502538074,1.0,0.007832773271787804,1.051405249723591,0.8037848605577689,0.06635071090047394,0.04889194697963052,0.28553299492385786
frozenset({'Turkey Bacon & Eggs'}),"frozenset({'Smoked Sausage Combo', 'BBQ Lamb Chops'})",0.10990840965861781,0.025811823480432972,0.011656952539550375,0.10606060606060606,4.1089931573802545,1.0,0.008820016070427018,1.0897698245812106,0.8500601363089672,0.09395973154362416,0.08237503237503238,0.27883675464320623
frozenset({'BBQ Lamb Chops'}),"frozenset({'Smoked Sausage Combo', 'Turkey Bacon & Eggs'})",0.16319733555370525,0.030807660283097418,0.011656952539550375,0.07142857142857142,2.3185328185328187,1.0,0.006629224466705168,1.0437455966182028,0.6796019900497513,0.0639269406392694,0.04191212567501227,0.2249034749034749
"frozenset({'Smoked Sausage Combo', 'BBQ Platter Mix'})",frozenset({'Chicken Biryani'}),0.02497918401332223,0.12822647793505412,0.012489592006661115,0.5,3.8993506493506493,1.0,0.009286599218941195,1.7435470441298917,0.762596071733561,0.08875739644970414,0.42645654250238774,0.2987012987012987
"frozenset({'Smoked Sausage Combo', 'Chicken Biryani'})",frozenset({'BBQ Platter Mix'}),0.029142381348875937,0.12489592006661115,0.012489592006661115,0.42857142857142855,3.4314285714285715,1.0,0.008849827475161207,1.5314321398834307,0.7298456260720412,0.08823529411764706,0.3470164469212994,0.2642857142857143
"frozenset({'BBQ Platter Mix', 'Chicken Biryani'})",frozenset({'Smoked Sausage Combo'}),0.019983347210657785,0.16402997502081598,0.012489592006661115,0.625,3.810279187817259,1.0,0.009211724062864626,2.229253399944491,0.7525913338997451,0.07281553398058252,0.5514193227091634,0.3505710659898477
frozenset({'Smoked Sausage Combo'}),"frozenset({'BBQ Platter Mix', 'Chicken Biryani'})",0.16402997502081598,0.019983347210657785,0.012489592006661115,0.07614213197969542,3.8102791878172586,1.0,0.009211724062864626,1.060787256041211,0.8822709163346614,0.07281553398058252,0.05730390867256942,0.3505710659898477
frozenset({'BBQ Platter Mix'}),"frozenset({'Smoked Sausage Combo', 'Chicken Biryani'})",0.12489592006661115,0.029142381348875937,0.012489592006661115,0.09999999999999999,3.431428571428571,1.0,0.008849827475161207,1.0787306873901379,0.8097050428163654,0.08823529411764706,0.07298456260720411,0.2642857142857143
frozenset({'Chicken Biryani'}),"frozenset({'Smoked Sausage Combo', 'BBQ Platter Mix'})",0.12822647793505412,0.02497918401332223,0.012489592006661115,0.0974025974025974,3.8993506493506493,1.0,0.009286599218941195,1.080238889654305,0.8529130850047755,0.08875739644970414,0.07427883815586632,0.2987012987012987
"frozenset({'Smoked Beef Ribs', 'BBQ Platter Mix'})",frozenset({'Dal Makhani'}),0.028309741881765195,0.10491257285595337,0.011656952539550375,0.411764705882353,3.92483660130719,1.0,0.00868690468184645,1.5216486261448796,0.7669237360754071,0.09589041095890412,0.34281805745554034,0.26143790849673204
"frozenset({'Smoked Beef Ribs', 'Dal Makhani'})",frozenset({'BBQ Platter Mix'}),0.02997502081598668,0.12489592006661115,0.011656952539550375,0.3888888888888889,3.113703703703704,1.0,0.007913194735721897,1.4319884944364545,0.6998160637645616,0.0813953488372093,0.30167036684638965,0.2411111111111111
"frozenset({'BBQ Platter Mix', 'Dal Makhani'})",frozenset({'Smoked Beef Ribs'}),0.02164862614487927,0.16902581182348042,0.011656952539550375,0.5384615384615384,3.1856763925729443,1.0,0.007997775930549133,1.800444074382459,0.7012765957446808,0.06511627906976744,0.44458147063357484,0.3037135278514589
frozenset({'Smoked Beef Ribs'}),"frozenset({'BBQ Platter Mix', 'Dal Makhani'})",0.16902581182348042,0.02164862614487927,0.011656952539550375,0.06896551724137931,3.185676392572944,1.0,0.007997775930549133,1.0508218459925371,0.8256513026052104,0.06511627906976744,0.04836390315480558,0.3037135278514589
frozenset({'BBQ Platter Mix'}),"frozenset({'Smoked Beef Ribs', 'Dal Makhani'})",0.12489592006661115,0.02997502081598668,0.011656952539550375,0.09333333333333334,3.113703703703704,1.0,0.007913194735721897,1.0698804917470737,0.7757238004621448,0.0813953488372093,0.0653161659513591,0.2411111111111111
frozenset({'Dal Makhani'}),"frozenset({'Smoked Beef Ribs', 'BBQ Platter Mix'})",0.10491257285595337,0.028309741881765195,0.011656952539550375,0.1111111111111111,3.9248366013071894,1.0,0.00868690468184645,1.0931515403830143,0.8325581395348838,0.09589041095890412,0.08521374845282301,0.26143790849673204
"frozenset({'Korean BBQ Short Ribs', 'Dal Makhani'})",frozenset({'Barbeque Chicken Tikka'}),0.02414654454621149,0.1115736885928393,0.013322231473771857,0.5517241379310345,4.9449305198147195,1.0,0.010628112431979734,1.9818740792928968,0.8175127986348122,0.10884353741496598,0.4954270755906021,0.3355635615028307
"frozenset({'Korean BBQ Short Ribs', 'Barbeque Chicken Tikka'})",frozenset({'Dal Makhani'}),0.030807660283097418,0.10491257285595337,0.013322231473771857,0.43243243243243246,4.121836121836122,1.0,0.010090120569799937,1.5770588002061776,0.7814647766323024,0.10884353741496598,0.3659082338152106,0.2797082797082797
"frozenset({'Barbeque Chicken Tikka', 'Dal Makhani'})",frozenset({'Korean BBQ Short Ribs'}),0.020815986677768527,0.13322231473771856,0.013322231473771857,0.64,4.804,1.0,0.010549077545010022,2.4077157923952264,0.8086734693877551,0.09467455621301776,0.5846685878962535,0.37
frozenset({'Korean BBQ Short Ribs'}),"frozenset({'Barbeque Chicken Tikka', 'Dal Makhani'})",0.13322231473771856,0.020815986677768527,0.013322231473771857,0.1,4.804,1.0,0.010549077545010022,1.0879822370247016,0.9135446685878962,0.09467455621301776,0.08086734693877551,0.37
frozenset({'Dal Makhani'}),"frozenset({'Korean BBQ Short Ribs', 'Barbeque Chicken Tikka'})",0.10491257285595337,0.030807660283097418,0.013322231473771857,0.12698412698412698,4.121836121836122,1.0,0.010090120569799937,1.110165770948452,0.8461627906976744,0.10884353741496598,0.09923362242949871,0.2797082797082797
frozenset({'Barbeque Chicken Tikka'}),"frozenset({'Korean BBQ Short Ribs', 'Dal Makhani'})",0.1115736885928393,0.02414654454621149,0.013322231473771857,0.11940298507462688,4.9449305198147195,1.0,0.010628112431979734,1.1081725680576922,0.8979615745079662,0.10884353741496598,0.09761346849370894,0.3355635615028307
"frozenset({'Four-Cheese Pizza', 'Paneer Tikka Masala'})",frozenset({'Barbeque Chicken Tikka'}),0.022481265611990008,0.1115736885928393,0.010824313072439634,0.4814814814814815,4.315367606412383,1.0,0.008315995343874555,1.7133936005709527,0.7859389332983883,0.08783783783783786,0.41636294213613806,0.28924820342730795
"frozenset({'Four-Cheese Pizza', 'Barbeque Chicken Tikka'})",frozenset({'Paneer Tikka Masala'}),0.013322231473771857,0.11074104912572856,0.010824313072439634,0.8125,7.336936090225564,1.0,0.009348995182338338,4.742714404662781,0.8753651411879261,0.09558823529411765,0.7891502808988764,0.45512218045112784
"frozenset({'Paneer Tikka Masala', 'Barbeque Chicken Tikka'})",frozenset({'Four-Cheese Pizza'}),0.022481265611990008,0.1357202331390508,0.010824313072439634,0.4814814814814815,3.547602817541468,1.0,0.007773150462319425,1.666825264660402,0.7346350412789937,0.07344632768361582,0.4000570898451438,0.2806180413542377
frozenset({'Four-Cheese Pizza'}),"frozenset({'Paneer Tikka Masala', 'Barbeque Chicken Tikka'})",0.1357202331390508,0.022481265611990008,0.010824313072439634,0.07975460122699386,3.547602817541468,1.0,0.007773150462319425,1.0622370247016375,0.830887801986068,0.07344632768361582,0.05859052476458231,0.2806180413542377
frozenset({'Paneer Tikka Masala'}),"frozenset({'Four-Cheese Pizza', 'Barbeque Chicken Tikka'})",0.11074104912572856,0.013322231473771857,0.010824313072439634,0.09774436090225565,7.3369360902255645,1.0,0.009348995182338338,1.0935678601165695,0.9712618841832326,0.09558823529411765,0.0855620062815266,0.45512218045112784
frozenset({'Barbeque Chicken Tikka'}),"frozenset({'Four-Cheese Pizza', 'Paneer Tikka Masala'})",0.1115736885928393,0.022481265611990008,0.010824313072439634,0.09701492537313434,4.315367606412384,1.0,0.008315995343874555,1.0825414083305236,0.8647538028981329,0.08783783783783786,0.07624780696178396,0.28924820342730795
"frozenset({'Four-Cheese Pizza', 'Smoked Sausage Combo'})",frozenset({'Barbeque Chicken Tikka'}),0.04329725228975854,0.1115736885928393,0.011656952539550375,0.2692307692307692,2.4130309988518945,1.0,0.006826118395647258,1.2157412682413777,0.6120850428944424,0.0813953488372093,0.17745656405450222,0.18685419058553387
"frozenset({'Four-Cheese Pizza', 'Barbeque Chicken Tikka'})",frozenset({'Smoked Sausage Combo'}),0.013322231473771857,0.16402997502081598,0.011656952539550375,0.875,5.334390862944162,1.0,0.009471707243686048,6.687760199833472,0.8235081374321881,0.07035175879396986,0.8504731075697212,0.47303299492385786
"frozenset({'Smoked Sausage Combo', 'Barbeque Chicken Tikka'})",frozenset({'Four-Cheese Pizza'}),0.0324729392173189,0.1357202331390508,0.011656952539550375,0.35897435897435903,2.6449583136699704,1.0,0.007249717658265628,1.3482764363030808,0.6427956724858618,0.07446808510638299,0.2583123363470185,0.22243196476325314
frozenset({'Four-Cheese Pizza'}),"frozenset({'Smoked Sausage Combo', 'Barbeque Chicken Tikka'})",0.1357202331390508,0.0324729392173189,0.011656952539550375,0.08588957055214724,2.6449583136699704,1.0,0.007249717658265628,1.0584356436750135,0.7195843655381228,0.07446808510638299,0.05520944426258936,0.22243196476325314
frozenset({'Smoked Sausage Combo'}),"frozenset({'Four-Cheese Pizza', 'Barbeque Chicken Tikka'})",0.16402997502081598,0.013322231473771857,0.011656952539550375,0.07106598984771574,5.334390862944162,1.0,0.009471707243686048,1.0621613136593822,0.9719692657939669,0.07035175879396986,0.05852342093426718,0.47303299492385786
frozenset({'Barbeque Chicken Tikka'}),"frozenset({'Four-Cheese Pizza', 'Smoked Sausage Combo'})",0.1115736885928393,0.04329725228975854,0.011656952539550375,0.10447761194029852,2.4130309988518945,1.0,0.006826118395647258,1.0683180682764362,0.6591243807738654,0.0813953488372093,0.06394918358598653,0.18685419058553387
"frozenset({'Smoked Sausage Combo', 'Korean BBQ Short Ribs'})",frozenset({'Barbeque Chicken Tikka'}),0.028309741881765195,0.1115736885928393,0.01498751040799334,0.5294117647058824,4.7449517120280955,1.0,0.01182888808313361,1.8879059117402164,0.8122441207274113,0.12000000000000001,0.4703125861403606,0.3318700614574188
"frozenset({'Smoked Sausage Combo', 'Barbeque Chicken Tikka'})",frozenset({'Korean BBQ Short Ribs'}),0.0324729392173189,0.13322231473771856,0.01498751040799334,0.4615384615384616,3.4644230769230777,1.0,0.010661390279124876,1.609729986915666,0.7352266207687894,0.09944751381215472,0.3787778024089264,0.2870192307692308
"frozenset({'Korean BBQ Short Ribs', 'Barbeque Chicken Tikka'})",frozenset({'Smoked Sausage Combo'}),0.030807660283097418,0.16402997502081598,0.01498751040799334,0.4864864864864865,2.9658389353820827,1.0,0.009934130661307085,1.6279416275910428,0.6838965253913708,0.08333333333333334,0.38572736082696246,0.28892852243106054
frozenset({'Smoked Sausage Combo'}),"frozenset({'Korean BBQ Short Ribs', 'Barbeque Chicken Tikka'})",0.16402997502081598,0.030807660283097418,0.01498751040799334,0.09137055837563453,2.965838935382083,1.0,0.009934130661307085,1.0666530219230717,0.792884019477645,0.08333333333333334,0.06248800739616586,0.28892852243106054
frozenset({'Korean BBQ Short Ribs'}),"frozenset({'Smoked Sausage Combo', 'Barbeque Chicken Tikka'})",0.13322231473771856,0.0324729392173189,0.01498751040799334,0.11250000000000002,3.4644230769230777,1.0,0.010661390279124876,1.090171336093162,0.8206852385526736,0.09944751381215472,0.08271299483648883,0.2870192307692308
frozenset({'Barbeque Chicken Tikka'}),"frozenset({'Smoked Sausage Combo', 'Korean BBQ Short Ribs'})",0.1115736885928393,0.028309741881765195,0.01498751040799334,0.13432835820895522,4.744951712028095,1.0,0.01182888808313361,1.122469780929685,0.8883682182651256,0.12000000000000001,0.10910741920218957,0.3318700614574188
"frozenset({'Paneer Tikka Masala', 'Paratha with Omelette'})",frozenset({'Barbeque Chicken Tikka'}),0.02331390507910075,0.1115736885928393,0.010824313072439634,0.4642857142857143,4.161247334754798,1.0,0.008223094687261033,1.6583957812933665,0.7778214964915733,0.08724832214765103,0.39700763154371405,0.28065031982942434
"frozenset({'Paneer Tikka Masala', 'Barbeque Chicken Tikka'})",frozenset({'Paratha with Omelette'}),0.022481265611990008,0.12489592006661115,0.010824313072439634,0.4814814814814815,3.855061728395062,1.0,0.008016494719568276,1.6877007255858216,0.7576333377014808,0.07926829268292683,0.40747788702117915,0.2840740740740741
"frozenset({'Barbeque Chicken Tikka', 'Paratha with Omelette'})",frozenset({'Paneer Tikka Masala'}),0.02164862614487927,0.11074104912572856,0.010824313072439634,0.5,4.515037593984962,1.0,0.008426921501025027,1.7785179017485429,0.7957446808510638,0.08904109589041097,0.43773408239700373,0.29887218045112784
frozenset({'Paneer Tikka Masala'}),"frozenset({'Barbeque Chicken Tikka', 'Paratha with Omelette'})",0.11074104912572856,0.02164862614487927,0.010824313072439634,0.09774436090225565,4.515037593984962,1.0,0.008426921501025027,1.0843394393560921,0.8754681647940076,0.08904109589041097,0.07777955527115663,0.29887218045112784
frozenset({'Paratha with Omelette'}),"frozenset({'Paneer Tikka Masala', 'Barbeque Chicken Tikka'})",0.12489592006661115,0.022481265611990008,0.010824313072439634,0.08666666666666667,3.855061728395062,1.0,0.008016494719568276,1.0702759865562153,0.8463002268901411,0.07926829268292683,0.06566155593412834,0.2840740740740741
frozenset({'Barbeque Chicken Tikka'}),"frozenset({'Paneer Tikka Masala', 'Paratha with Omelette'})",0.1115736885928393,0.02331390507910075,0.010824313072439634,0.09701492537313434,4.1612473347547985,1.0,0.008223094687261033,1.0816193117305828,0.8550933602479994,0.08724832214765103,0.07546029443574966,0.28065031982942434
"frozenset({'Paneer Tikka Masala', 'Smoked Sausage Combo'})",frozenset({'Barbeque Chicken Tikka'}),0.028309741881765195,0.1115736885928393,0.014154870940882597,0.5,4.48134328358209,1.0,0.010996248616022868,1.7768526228143213,0.7994858611825193,0.11258278145695365,0.43720712277413315,0.31343283582089554
"frozenset({'Smoked Sausage Combo', 'Barbeque Chicken Tikka'})",frozenset({'Paneer Tikka Masala'}),0.0324729392173189,0.11074104912572856,0.014154870940882597,0.4358974358974359,3.9361866203971467,1.0,0.010558783583760688,1.576413594731663,0.7709830920319934,0.10967741935483871,0.3656487083453376,0.2818584923848082
"frozenset({'Paneer Tikka Masala', 'Barbeque Chicken Tikka'})",frozenset({'Smoked Sausage Combo'}),0.022481265611990008,0.16402997502081598,0.014154870940882597,0.6296296296296297,3.838503478097387,1.0,0.010467269504111547,2.257119067443797,0.7564886261148411,0.0821256038647343,0.5569573557621367,0.35796202293664225
frozenset({'Smoked Sausage Combo'}),"frozenset({'Paneer Tikka Masala', 'Barbeque Chicken Tikka'})",0.16402997502081598,0.022481265611990008,0.014154870940882597,0.08629441624365482,3.838503478097387,1.0,0.010467269504111547,1.069839948191322,0.8845793297398641,0.0821256038647343,0.06528074438554467,0.35796202293664225
frozenset({'Paneer Tikka Masala'}),"frozenset({'Smoked Sausage Combo', 'Barbeque Chicken Tikka'})",0.11074104912572856,0.0324729392173189,0.014154870940882597,0.12781954887218044,3.9361866203971467,1.0,0.010558783583760688,1.1093198196904879,0.8388411544393038,0.10967741935483871,0.0985467110116082,0.2818584923848082
frozenset({'Barbeque Chicken Tikka'}),"frozenset({'Paneer Tikka Masala', 'Smoked Sausage Combo'})",0.1115736885928393,0.028309741881765195,0.014154870940882597,0.12686567164179105,4.48134328358209,1.0,0.010996248616022868,1.1128760221183203,0.8744142455482663,0.11258278145695365,0.10142731074703604,0.31343283582089554
"frozenset({'Korean BBQ Short Ribs', 'Beef Sausage Breakfast'})",frozenset({'Dal Makhani'}),0.020815986677768527,0.10491257285595337,0.010824313072439634,0.52,4.956507936507936,1.0,0.00864045435353969,1.864765473216764,0.8152145473574045,0.09420289855072465,0.46373953488372094,0.3115873015873016
"frozenset({'Beef Sausage Breakfast', 'Dal Makhani'})",frozenset({'Korean BBQ Short Ribs'}),0.02164862614487927,0.13322231473771856,0.010824313072439634,0.5,3.7531250000000003,1.0,0.007940232986527325,1.733555370524563,0.7497872340425532,0.07514450867052024,0.4231508165225744,0.290625
"frozenset({'Korean BBQ Short Ribs', 'Dal Makhani'})",frozenset({'Beef Sausage Breakfast'}),0.02414654454621149,0.10074937552039967,0.010824313072439634,0.4482758620689655,4.4494157879737815,1.0,0.008391563788433315,1.6298917568692757,0.7944342347072723,0.09489051094890512,0.3864623243933589,0.27785693929894556
frozenset({'Beef Sausage Breakfast'}),"frozenset({'Korean BBQ Short Ribs', 'Dal Makhani'})",0.10074937552039967,0.02414654454621149,0.010824313072439634,0.10743801652892562,4.4494157879737815,1.0,0.008391563788433315,1.0933172973139669,0.8621082621082622,0.09489051094890512,0.0853524384396243,0.27785693929894556
frozenset({'Korean BBQ Short Ribs'}),"frozenset({'Beef Sausage Breakfast', 'Dal Makhani'})",0.13322231473771856,0.02164862614487927,0.010824313072439634,0.08125000000000002,3.7531250000000003,1.0,0.007940232986527325,1.064872243651832,0.8463016330451488,0.07514450867052024,0.060920212765957465,0.290625
frozenset({'Dal Makhani'}),"frozenset({'Korean BBQ Short Ribs', 'Beef Sausage Breakfast'})",0.10491257285595337,0.020815986677768527,0.010824313072439634,0.10317460317460318,4.956507936507936,1.0,0.00864045435353969,1.0918335015805412,0.8918067978533095,0.09420289855072465,0.08410943742576396,0.3115873015873016
"frozenset({'Pancakes with Maple Syrup', 'Dal Makhani'})",frozenset({'Beef Sausage Breakfast'}),0.01582014987510408,0.10074937552039967,0.014154870940882597,0.894736842105263,8.880817746846454,1.0,0.012561000720326732,8.542880932556194,0.9016621877177267,0.13821138211382114,0.8829434697855749,0.517616354936929
"frozenset({'Pancakes with Maple Syrup', 'Beef Sausage Breakfast'})",frozenset({'Dal Makhani'}),0.02997502081598668,0.10491257285595337,0.014154870940882597,0.4722222222222222,4.50110229276896,1.0,0.011010114385666677,1.6959551251150358,0.8018682150971977,0.11724137931034481,0.41036175710594314,0.30357142857142855
"frozenset({'Beef Sausage Breakfast', 'Dal Makhani'})",frozenset({'Pancakes with Maple Syrup'}),0.02164862614487927,0.08825978351373855,0.014154870940882597,0.6538461538461537,7.4082002902757615,1.0,0.012244167883965693,2.63391618096031,0.8841551939924905,0.14782608695652175,0.6203371970495257,0.4071117561683599
frozenset({'Pancakes with Maple Syrup'}),"frozenset({'Beef Sausage Breakfast', 'Dal Makhani'})",0.08825978351373855,0.02164862614487927,0.014154870940882597,0.16037735849056603,7.408200290275761,1.0,0.012244167883965693,1.1652274789735144,0.9487510072522158,0.14782608695652175,0.1417984745082296,0.4071117561683599
frozenset({'Dal Makhani'}),"frozenset({'Pancakes with Maple Syrup', 'Beef Sausage Breakfast'})",0.10491257285595337,0.02997502081598668,0.014154870940882597,0.1349206349206349,4.501102292768959,1.0,0.011010114385666677,1.1213132786897768,0.8690013679890561,0.11724137931034481,0.10818856870359014,0.30357142857142855
frozenset({'Beef Sausage Breakfast'}),"frozenset({'Pancakes with Maple Syrup', 'Dal Makhani'})",0.10074937552039967,0.01582014987510408,0.014154870940882597,0.14049586776859505,8.880817746846454,1.0,0.012561000720326732,1.1450554025491577,0.9868191721132896,0.13821138211382114,0.12667981149753185,0.517616354936929
"frozenset({'Smoked Beef Ribs', 'Beef Sausage Breakfast'})",frozenset({'Dal Makhani'}),0.03663613655287261,0.10491257285595337,0.011656952539550375,0.3181818181818182,3.032828282828283,1.0,0.00781336119428647,1.3127948931446016,0.6957649092480552,0.08974358974358976,0.23826638477801268,0.21464646464646464
"frozenset({'Beef Sausage Breakfast', 'Dal Makhani'})",frozenset({'Smoked Beef Ribs'}),0.02164862614487927,0.16902581182348042,0.011656952539550375,0.5384615384615384,3.1856763925729443,1.0,0.007997775930549133,1.800444074382459,0.7012765957446808,0.06511627906976744,0.44458147063357484,0.3037135278514589
"frozenset({'Smoked Beef Ribs', 'Dal Makhani'})",frozenset({'Beef Sausage Breakfast'}),0.02997502081598668,0.10074937552039967,0.011656952539550375,0.3888888888888889,3.859963269054178,1.0,0.008636987911128735,1.4715010218757096,0.7638258736971183,0.09790209790209789,0.3204218106995884,0.25229568411386594
frozenset({'Beef Sausage Breakfast'}),"frozenset({'Smoked Beef Ribs', 'Dal Makhani'})",0.10074937552039967,0.02997502081598668,0.011656952539550375,0.11570247933884298,3.859963269054178,1.0,0.008636987911128735,1.096944135338931,0.8239417989417989,0.09790209790209789,0.08837654736991452,0.25229568411386594
frozenset({'Smoked Beef Ribs'}),"frozenset({'Beef Sausage Breakfast', 'Dal Makhani'})",0.16902581182348042,0.02164862614487927,0.011656952539550375,0.06896551724137931,3.185676392572944,1.0,0.007997775930549133,1.0508218459925371,0.8256513026052104,0.06511627906976744,0.04836390315480558,0.3037135278514589
frozenset({'Dal Makhani'}),"frozenset({'Smoked Beef Ribs', 'Beef Sausage Breakfast'})",0.10491257285595337,0.03663613655287261,0.011656952539550375,0.1111111111111111,3.0328282828282824,1.0,0.00781336119428647,1.0837843463780183,0.7488372093023256,0.08974358974358976,0.0773072121386728,0.21464646464646464
"frozenset({'Four-Cheese Pizza', 'Fish Masala Curry'})",frozenset({'Beef Sausage Breakfast'}),0.03164029975020816,0.10074937552039967,0.017485428809325562,0.5526315789473684,5.485210961287516,1.0,0.014297688368213832,2.0100896311896945,0.8444089587683742,0.15217391304347827,0.5025097465886939,0.3630926489778164
"frozenset({'Four-Cheese Pizza', 'Beef Sausage Breakfast'})",frozenset({'Fish Masala Curry'}),0.028309741881765195,0.11490424646128226,0.017485428809325562,0.6176470588235294,5.375319693094629,1.0,0.01423251925088793,2.3148658169474157,0.8376790304810869,0.1390728476821192,0.5680095180122849,0.38491048593350385
"frozenset({'Fish Masala Curry', 'Beef Sausage Breakfast'})",frozenset({'Four-Cheese Pizza'}),0.02414654454621149,0.1357202331390508,0.017485428809325562,0.7241379310344828,5.335519356885974,1.0,0.014208254154011262,3.1330141548709407,0.8326832439460425,0.12280701754385964,0.6808185502624411,0.4264861434313518
frozenset({'Four-Cheese Pizza'}),"frozenset({'Fish Masala Curry', 'Beef Sausage Breakfast'})",0.1357202331390508,0.02414654454621149,0.017485428809325562,0.12883435582822086,5.335519356885974,1.0,0.014208254154011262,1.1201698115420249,0.9401779979814661,0.12280701754385964,0.1072782093427417,0.4264861434313518
frozenset({'Fish Masala Curry'}),"frozenset({'Four-Cheese Pizza', 'Beef Sausage Breakfast'})",0.11490424646128226,0.028309741881765195,0.017485428809325562,0.15217391304347827,5.37531969309463,1.0,0.01423251925088793,1.1460962018830463,0.9196344577341755,0.1390728476821192,0.12747289594277414,0.38491048593350385
frozenset({'Beef Sausage Breakfast'}),"frozenset({'Four-Cheese Pizza', 'Fish Masala Curry'})",0.10074937552039967,0.03164029975020816,0.017485428809325562,0.17355371900826447,5.485210961287516,1.0,0.014297688368213832,1.1717152373022481,0.9093033509700177,0.15217391304347827,0.1465503151581476,0.3630926489778164
"frozenset({'Fish Masala Curry', 'Paratha with Omelette'})",frozenset({'Beef Sausage Breakfast'}),0.022481265611990008,0.10074937552039967,0.012489592006661115,0.5555555555555556,5.514233241505969,1.0,0.010224618535344886,2.023313905079101,0.8374787052810903,0.11278195488721802,0.505761316872428,0.33976124885215797
"frozenset({'Fish Masala Curry', 'Beef Sausage Breakfast'})",frozenset({'Paratha with Omelette'}),0.02414654454621149,0.12489592006661115,0.012489592006661115,0.5172413793103448,4.141379310344827,1.0,0.009473787109132619,1.8127155941477338,0.7773037542662115,0.09146341463414634,0.4483414810197184,0.30862068965517236
"frozenset({'Paratha with Omelette', 'Beef Sausage Breakfast'})",frozenset({'Fish Masala Curry'}),0.019150707743547043,0.11490424646128226,0.012489592006661115,0.6521739130434783,5.675803402646503,1.0,0.010289094364188598,2.5446502914238134,0.8398981324278436,0.10273972602739725,0.6070186919710417,0.3804347826086957
frozenset({'Fish Masala Curry'}),"frozenset({'Paratha with Omelette', 'Beef Sausage Breakfast'})",0.11490424646128226,0.019150707743547043,0.012489592006661115,0.10869565217391304,5.675803402646503,1.0,0.010289094364188598,1.100465059604801,0.9307619943555974,0.10273972602739725,0.09129327526389605,0.3804347826086957
frozenset({'Paratha with Omelette'}),"frozenset({'Fish Masala Curry', 'Beef Sausage Breakfast'})",0.12489592006661115,0.02414654454621149,0.012489592006661115,0.09999999999999999,4.141379310344827,1.0,0.009473787109132619,1.0842816171708762,0.8667935299714556,0.09146341463414634,0.07773037542662115,0.30862068965517236
frozenset({'Beef Sausage Breakfast'}),"frozenset({'Fish Masala Curry', 'Paratha with Omelette'})",0.10074937552039967,0.022481265611990008,0.012489592006661115,0.12396694214876032,5.514233241505969,1.0,0.010224618535344886,1.115846857178766,0.9103703703703704,0.11278195488721802,0.10381967420839962,0.33976124885215797
"frozenset({'Fish Masala Curry', 'Beef Sausage Breakfast'})",frozenset({'Smoked Beef Ribs'}),0.02414654454621149,0.16902581182348042,0.011656952539550375,0.48275862068965514,2.8561236623067776,1.0,0.007575563244895144,1.6065500971412712,0.6659556313993173,0.06422018348623854,0.3775481998479718,0.27586206896551724
"frozenset({'Smoked Beef Ribs', 'Beef Sausage Breakfast'})",frozenset({'Fish Masala Curry'}),0.03663613655287261,0.11490424646128226,0.011656952539550375,0.3181818181818182,2.7691040843214756,1.0,0.007447304875689909,1.2981404385234525,0.6631682923817754,0.08333333333333333,0.22966732232959888,0.2098155467720685
"frozenset({'Fish Masala Curry', 'Smoked Beef Ribs'})",frozenset({'Beef Sausage Breakfast'}),0.025811823480432972,0.10074937552039967,0.011656952539550375,0.45161290322580644,4.482537989869368,1.0,0.009056427442853964,1.6398099622863302,0.7974969474969476,0.10144927536231883,0.39017323775388285,0.2836576912823247
frozenset({'Beef Sausage Breakfast'}),"frozenset({'Fish Masala Curry', 'Smoked Beef Ribs'})",0.10074937552039967,0.025811823480432972,0.011656952539550375,0.11570247933884298,4.4825379898693685,1.0,0.009056427442853964,1.101652050082875,0.8639550264550265,0.10144927536231883,0.09227237409055591,0.2836576912823247
frozenset({'Fish Masala Curry'}),"frozenset({'Smoked Beef Ribs', 'Beef Sausage Breakfast'})",0.11490424646128226,0.03663613655287261,0.011656952539550375,0.10144927536231885,2.7691040843214756,1.0,0.007447304875689909,1.0721307512556741,0.7218115844644537,0.08333333333333333,0.06727794270539753,0.2098155467720685
frozenset({'Smoked Beef Ribs'}),"frozenset({'Fish Masala Curry', 'Beef Sausage Breakfast'})",0.16902581182348042,0.02414654454621149,0.011656952539550375,0.06896551724137931,2.8561236623067776,1.0,0.007575563244895144,1.0481388965985137,0.782064128256513,0.06422018348623854,0.045927974579263266,0.27586206896551724
"frozenset({'Four-Cheese Pizza', 'Pancakes with Maple Syrup'})",frozenset({'Beef Sausage Breakfast'}),0.025811823480432972,0.10074937552039967,0.01582014987510408,0.6129032258064517,6.083444414822715,1.0,0.013219624778407671,2.3230641132389684,0.8577597840755736,0.14285714285714285,0.5695340501792117,0.38496400959744076
"frozenset({'Four-Cheese Pizza', 'Beef Sausage Breakfast'})",frozenset({'Pancakes with Maple Syrup'}),0.028309741881765195,0.08825978351373855,0.01582014987510408,0.5588235294117648,6.331576026637071,1.0,0.013321538185289668,2.0666111573688597,0.8665945068326343,0.15702479338842976,0.5161160354552782,0.36903440621531636
"frozenset({'Pancakes with Maple Syrup', 'Beef Sausage Breakfast'})",frozenset({'Four-Cheese Pizza'}),0.02997502081598668,0.1357202331390508,0.01582014987510408,0.5277777777777778,3.8887184730743014,1.0,0.01175193306161047,1.8302395062937749,0.7658007680144567,0.10555555555555556,0.45362342110897025,0.32217109747784595
frozenset({'Four-Cheese Pizza'}),"frozenset({'Pancakes with Maple Syrup', 'Beef Sausage Breakfast'})",0.1357202331390508,0.02997502081598668,0.01582014987510408,0.11656441717791412,3.8887184730743014,1.0,0.01175193306161047,1.0980143861596818,0.8594970084169963,0.10555555555555556,0.08926512019800417,0.32217109747784595
frozenset({'Pancakes with Maple Syrup'}),"frozenset({'Four-Cheese Pizza', 'Beef Sausage Breakfast'})",0.08825978351373855,0.028309741881765195,0.01582014987510408,0.17924528301886794,6.33157602663707,1.0,0.013321538185289668,1.183898475408424,0.923576063446287,0.15702479338842976,0.15533297763981183,0.36903440621531636
frozenset({'Beef Sausage Breakfast'}),"frozenset({'Four-Cheese Pizza', 'Pancakes with Maple Syrup'})",0.10074937552039967,0.025811823480432972,0.01582014987510408,0.15702479338842976,6.083444414822714,1.0,0.013219624778407671,1.1556546015575255,0.9292397660818713,0.14285714285714285,0.13468955287137105,0.38496400959744076
"frozenset({'Four-Cheese Pizza', 'Peach Iced Tea'})",frozenset({'Beef Sausage Breakfast'}),0.01665278934221482,0.10074937552039967,0.010824313072439634,0.6500000000000001,6.4516528925619845,1.0,0.009146554945538725,2.5692874985131446,0.8593108838663455,0.10156250000000001,0.6107870370370372,0.37871900826446286
"frozenset({'Four-Cheese Pizza', 'Beef Sausage Breakfast'})",frozenset({'Peach Iced Tea'}),0.028309741881765195,0.049125728559533725,0.010824313072439634,0.3823529411764706,7.783150548354935,1.0,0.009433576377165574,1.5395107251893263,0.8969085755718146,0.16250000000000003,0.3504429792932935,0.30134596211365905
"frozenset({'Beef Sausage Breakfast', 'Peach Iced Tea'})",frozenset({'Four-Cheese Pizza'}),0.01665278934221482,0.1357202331390508,0.010824313072439634,0.6500000000000001,4.789263803680982,1.0,0.00856419262049874,2.4693707624598558,0.8045984498143686,0.07647058823529412,0.5950385356454723,0.364877300613497
frozenset({'Four-Cheese Pizza'}),"frozenset({'Beef Sausage Breakfast', 'Peach Iced Tea'})",0.1357202331390508,0.01665278934221482,0.010824313072439634,0.07975460122699386,4.789263803680981,1.0,0.00856419262049874,1.06857063558146,0.9154439009930341,0.07647058823529412,0.06417042851280239,0.364877300613497
frozenset({'Peach Iced Tea'}),"frozenset({'Four-Cheese Pizza', 'Beef Sausage Breakfast'})",0.049125728559533725,0.028309741881765195,0.010824313072439634,0.22033898305084745,7.783150548354935,1.0,0.009433576377165574,1.2462983745429532,0.916543176613229,0.16250000000000003,0.1976239234310778,0.30134596211365905
frozenset({'Beef Sausage Breakfast'}),"frozenset({'Four-Cheese Pizza', 'Peach Iced Tea'})",0.10074937552039967,0.01665278934221482,0.010824313072439634,0.10743801652892562,6.451652892561984,1.0,0.009146554945538725,1.1017130786073335,0.9396723646723648,0.10156250000000001,0.0923226569443181,0.37871900826446286
"frozenset({'Four-Cheese Pizza', 'Smoked Beef Ribs'})",frozenset({'Beef Sausage Breakfast'}),0.034970857618651124,0.10074937552039967,0.011656952539550375,0.3333333333333333,3.308539944903581,1.0,0.008133660473058463,1.3488759367194003,0.7230371009490941,0.09395973154362416,0.25864197530864197,0.22451790633608815
"frozenset({'Four-Cheese Pizza', 'Beef Sausage Breakfast'})",frozenset({'Smoked Beef Ribs'}),0.028309741881765195,0.16902581182348042,0.011656952539550375,0.411764705882353,2.4361054766734282,1.0,0.006871875435471828,1.4126561199000836,0.6066838046272494,0.06278026905829596,0.29211363904279153,0.24036511156186613
"frozenset({'Smoked Beef Ribs', 'Beef Sausage Breakfast'})",frozenset({'Four-Cheese Pizza'}),0.03663613655287261,0.1357202331390508,0.011656952539550375,0.3181818181818182,2.3443948689347462,1.0,0.006684687545280404,1.267610324729392,0.5952586739103592,0.07253886010362694,0.21111403047819233,0.2020356943669827
frozenset({'Four-Cheese Pizza'}),"frozenset({'Smoked Beef Ribs', 'Beef Sausage Breakfast'})",0.1357202331390508,0.03663613655287261,0.011656952539550375,0.08588957055214724,2.3443948689347462,1.0,0.006684687545280404,1.0538812734354481,0.6635012386457474,0.07253886010362694,0.05112651186960141,0.2020356943669827
frozenset({'Smoked Beef Ribs'}),"frozenset({'Four-Cheese Pizza', 'Beef Sausage Breakfast'})",0.16902581182348042,0.028309741881765195,0.011656952539550375,0.06896551724137931,2.436105476673428,1.0,0.006871875435471828,1.0436673142751411,0.7094188376753506,0.06278026905829596,0.041840262388086163,0.24036511156186613
frozenset({'Beef Sausage Breakfast'}),"frozenset({'Four-Cheese Pizza', 'Smoked Beef Ribs'})",0.10074937552039967,0.034970857618651124,0.011656952539550375,0.11570247933884298,3.3085399449035813,1.0,0.008133660473058463,1.0912946376461983,0.7759259259259259,0.09395973154362416,0.08365718523377948,0.22451790633608815
"frozenset({'Smoked Beef Ribs', 'Beef Sausage Breakfast'})",frozenset({'Grilled Chicken Breast'}),0.03663613655287261,0.14238134887593673,0.014154870940882597,0.38636363636363635,2.7135832004253055,1.0,0.008938568400881586,1.39760076479477,0.655498500177945,0.08585858585858584,0.2844880847308031,0.24288942052099946
"frozenset({'Smoked Beef Ribs', 'Grilled Chicken Breast'})",frozenset({'Beef Sausage Breakfast'}),0.0324729392173189,0.10074937552039967,0.014154870940882597,0.4358974358974359,4.3265522356431445,1.0,0.010883242593425822,1.5941261070320187,0.7946744963045459,0.11888111888111888,0.3726970560303894,0.28819665183301546
"frozenset({'Beef Sausage Breakfast', 'Grilled Chicken Breast'})",frozenset({'Smoked Beef Ribs'}),0.019983347210657785,0.16902581182348042,0.014154870940882597,0.7083333333333334,4.190681444991791,1.0,0.010777169455650682,2.8490543594623534,0.7769003948223299,0.08095238095238096,0.6490063460253842,0.3960385878489327
frozenset({'Smoked Beef Ribs'}),"frozenset({'Beef Sausage Breakfast', 'Grilled Chicken Breast'})",0.16902581182348042,0.019983347210657785,0.014154870940882597,0.08374384236453203,4.190681444991791,1.0,0.010777169455650682,1.069588067291594,0.916244253212307,0.08095238095238096,0.0650606241969439,0.3960385878489327
frozenset({'Beef Sausage Breakfast'}),"frozenset({'Smoked Beef Ribs', 'Grilled Chicken Breast'})",0.10074937552039967,0.0324729392173189,0.014154870940882597,0.14049586776859505,4.326552235643145,1.0,0.010883242593425822,1.1256805226413886,0.8550108932461873,0.11888111888111888,0.11164848295187836,0.28819665183301546
frozenset({'Grilled Chicken Breast'}),"frozenset({'Smoked Beef Ribs', 'Beef Sausage Breakfast'})",0.14238134887593673,0.03663613655287261,0.014154870940882597,0.09941520467836257,2.7135832004253055,1.0,0.008938568400881586,1.0697092249964857,0.7363221016561965,0.08585858585858584,0.06516651756155008,0.24288942052099946
"frozenset({'Pancakes with Maple Syrup', 'Peach Iced Tea'})",frozenset({'Beef Sausage Breakfast'}),0.012489592006661115,0.10074937552039967,0.010824313072439634,0.8666666666666668,8.602203856749313,1.0,0.009565994477263952,6.74437968359701,0.8949280062264885,0.10569105691056913,0.8517283950617286,0.4870523415977962
"frozenset({'Pancakes with Maple Syrup', 'Beef Sausage Breakfast'})",frozenset({'Peach Iced Tea'}),0.02997502081598668,0.049125728559533725,0.010824313072439634,0.3611111111111111,7.350753295668549,1.0,0.009351768336267099,1.488324946602469,0.8906569825024759,0.15853658536585366,0.32810371667639615,0.2907250470809793
"frozenset({'Beef Sausage Breakfast', 'Peach Iced Tea'})",frozenset({'Pancakes with Maple Syrup'}),0.01665278934221482,0.08825978351373855,0.010824313072439634,0.6500000000000001,7.364622641509436,1.0,0.009354541490195862,2.604972047103605,0.8788510388849086,0.11504424778761063,0.6161187214611874,0.3863207547169812
frozenset({'Pancakes with Maple Syrup'}),"frozenset({'Beef Sausage Breakfast', 'Peach Iced Tea'})",0.08825978351373855,0.01665278934221482,0.010824313072439634,0.12264150943396228,7.364622641509436,1.0,0.009354541490195862,1.120804347631454,0.9478749560941343,0.11504424778761063,0.10778361797645104,0.3863207547169812
frozenset({'Peach Iced Tea'}),"frozenset({'Pancakes with Maple Syrup', 'Beef Sausage Breakfast'})",0.049125728559533725,0.02997502081598668,0.010824313072439634,0.22033898305084745,7.350753295668549,1.0,0.009351768336267099,1.2441624733012344,0.9085949077192508,0.15853658536585366,0.196246453771732,0.2907250470809793
frozenset({'Beef Sausage Breakfast'}),"frozenset({'Pancakes with Maple Syrup', 'Peach Iced Tea'})",0.10074937552039967,0.012489592006661115,0.010824313072439634,0.10743801652892562,8.602203856749313,1.0,0.009565994477263952,1.1063774015480927,0.9827635327635328,0.10569105691056913,0.09614928992515993,0.4870523415977962
"frozenset({'Pancakes with Maple Syrup', 'Smoked Beef Ribs'})",frozenset({'Beef Sausage Breakfast'}),0.026644462947543714,0.10074937552039967,0.018318068276436304,0.6875,6.823863636363636,1.0,0.015633655273394848,2.877601998334721,0.8768177929854576,0.16793893129770993,0.6524884259259259,0.43465909090909094
"frozenset({'Pancakes with Maple Syrup', 'Beef Sausage Breakfast'})",frozenset({'Smoked Beef Ribs'}),0.02997502081598668,0.16902581182348042,0.018318068276436304,0.6111111111111112,3.615489874110564,1.0,0.013251516048588432,2.136790769596765,0.7457666796722591,0.10138248847926269,0.5320084613671788,0.35974274767378217
"frozenset({'Smoked Beef Ribs', 'Beef Sausage Breakfast'})",frozenset({'Pancakes with Maple Syrup'}),0.03663613655287261,0.08825978351373855,0.018318068276436304,0.5,5.665094339622642,1.0,0.015084570795500005,1.823480432972523,0.8547968885047537,0.17187500000000003,0.45159817351598175,0.3537735849056604
frozenset({'Pancakes with Maple Syrup'}),"frozenset({'Smoked Beef Ribs', 'Beef Sausage Breakfast'})",0.08825978351373855,0.03663613655287261,0.018318068276436304,0.2075471698113208,5.665094339622642,1.0,0.015084570795500005,1.215673446730899,0.9031963470319635,0.17187500000000003,0.17741067497268476,0.3537735849056604
frozenset({'Smoked Beef Ribs'}),"frozenset({'Pancakes with Maple Syrup', 'Beef Sausage Breakfast'})",0.16902581182348042,0.02997502081598668,0.018318068276436304,0.10837438423645322,3.615489874110564,1.0,0.013251516048588432,1.0879285678141144,0.87055930041902,0.10138248847926269,0.08082200469354535,0.35974274767378217
frozenset({'Beef Sausage Breakfast'}),"frozenset({'Pancakes with Maple Syrup', 'Smoked Beef Ribs'})",0.10074937552039967,0.026644462947543714,0.018318068276436304,0.18181818181818182,6.823863636363637,1.0,0.015633655273394848,1.1896567675085576,0.9490740740740742,0.16793893129770993,0.15942141690644684,0.43465909090909094
"frozenset({'Smoked Beef Ribs', 'Paratha with Omelette'})",frozenset({'Beef Sausage Breakfast'}),0.034970857618651124,0.10074937552039967,0.011656952539550375,0.3333333333333333,3.308539944903581,1.0,0.008133660473058463,1.3488759367194003,0.7230371009490941,0.09395973154362416,0.25864197530864197,0.22451790633608815
"frozenset({'Smoked Beef Ribs', 'Beef Sausage Breakfast'})",frozenset({'Paratha with Omelette'}),0.03663613655287261,0.12489592006661115,0.011656952539550375,0.3181818181818182,2.5475757575757574,1.0,0.007081248557093346,1.2834859839023036,0.6305716755154956,0.07777777777777777,0.22087189689473227,0.20575757575757575
"frozenset({'Paratha with Omelette', 'Beef Sausage Breakfast'})",frozenset({'Smoked Beef Ribs'}),0.019150707743547043,0.16902581182348042,0.011656952539550375,0.6086956521739131,3.6011994002998504,1.0,0.008419988616203123,2.1236007031177726,0.7364176570458405,0.0660377358490566,0.5291016816241179,0.3388305847076462
frozenset({'Smoked Beef Ribs'}),"frozenset({'Paratha with Omelette', 'Beef Sausage Breakfast'})",0.16902581182348042,0.019150707743547043,0.011656952539550375,0.06896551724137931,3.6011994002998504,1.0,0.008419988616203123,1.0535047953865606,0.8692384769539078,0.0660377358490566,0.05078742462385106,0.3388305847076462
frozenset({'Paratha with Omelette'}),"frozenset({'Smoked Beef Ribs', 'Beef Sausage Breakfast'})",0.12489592006661115,0.03663613655287261,0.011656952539550375,0.09333333333333334,2.5475757575757574,1.0,0.007081248557093346,1.062533672919626,0.6941688188120158,0.07777777777777777,0.058853356381446266,0.20575757575757575
frozenset({'Beef Sausage Breakfast'}),"frozenset({'Smoked Beef Ribs', 'Paratha with Omelette'})",0.10074937552039967,0.034970857618651124,0.011656952539550375,0.11570247933884298,3.3085399449035813,1.0,0.008133660473058463,1.0912946376461983,0.7759259259259259,0.09395973154362416,0.08365718523377948,0.22451790633608815
"frozenset({'Beef Steak Ribeye', 'Granola Yogurt Bowl'})",frozenset({'Grilled Prawns'}),0.025811823480432972,0.10824313072439634,0.01582014987510408,0.6129032258064517,5.6622828784119115,1.0,0.013026197291876533,2.3037052456286435,0.8452091767881242,0.13380281690140844,0.5659166892563479,0.37952853598014896
"frozenset({'Beef Steak Ribeye', 'Grilled Prawns'})",frozenset({'Granola Yogurt Bowl'}),0.0324729392173189,0.11323896752706078,0.01582014987510408,0.4871794871794873,4.302224736048267,1.0,0.012142947765565888,1.7291840133222316,0.793323670622339,0.12179487179487182,0.4216925484531119,0.31344268476621423
"frozenset({'Granola Yogurt Bowl', 'Grilled Prawns'})",frozenset({'Beef Steak Ribeye'}),0.035803497085761866,0.12489592006661115,0.01582014987510408,0.4418604651162791,3.5378294573643414,1.0,0.011348439164975622,1.567894809880655,0.7439778201981638,0.1091954022988506,0.3622021109463855,0.2842635658914729
frozenset({'Beef Steak Ribeye'}),"frozenset({'Granola Yogurt Bowl', 'Grilled Prawns'})",0.12489592006661115,0.035803497085761866,0.01582014987510408,0.12666666666666668,3.5378294573643414,1.0,0.011348439164975622,1.1040417972300436,0.8197205668786619,0.1091954022988506,0.0942371905584341,0.2842635658914729
frozenset({'Granola Yogurt Bowl'}),"frozenset({'Beef Steak Ribeye', 'Grilled Prawns'})",0.11323896752706078,0.0324729392173189,0.01582014987510408,0.1397058823529412,4.302224736048267,1.0,0.012142947765565888,1.1246468398841423,0.8655794415616506,0.12179487179487182,0.11083198339576798,0.31344268476621423
frozenset({'Grilled Prawns'}),"frozenset({'Beef Steak Ribeye', 'Granola Yogurt Bowl'})",0.10824313072439634,0.025811823480432972,0.01582014987510408,0.14615384615384616,5.6622828784119115,1.0,0.013026197291876533,1.140941107635529,0.9233377561550937,0.13380281690140844,0.12353057199211047,0.37952853598014896
"frozenset({'Beef Steak Ribeye', 'Granola Yogurt Bowl'})",frozenset({'Paneer Tikka Masala'}),0.025811823480432972,0.11074104912572856,0.012489592006661115,0.48387096774193544,4.369391219985447,1.0,0.009631163594589853,1.7229392173189009,0.7915669515669516,0.10067114093959731,0.4195964721517457,0.29832646131457674
"frozenset({'Beef Steak Ribeye', 'Paneer Tikka Masala'})",frozenset({'Granola Yogurt Bowl'}),0.02997502081598668,0.11323896752706078,0.012489592006661115,0.41666666666666663,3.67953431372549,1.0,0.00909525159785663,1.52016176995361,0.7507296137339057,0.09554140127388534,0.3421752738654147,0.2634803921568627
"frozenset({'Granola Yogurt Bowl', 'Paneer Tikka Masala'})",frozenset({'Beef Steak Ribeye'}),0.019983347210657785,0.12489592006661115,0.012489592006661115,0.625,5.004166666666666,1.0,0.009993753470775463,2.3336108798223703,0.816482582837723,0.09433962264150943,0.5714795432921028,0.3625
frozenset({'Beef Steak Ribeye'}),"frozenset({'Granola Yogurt Bowl', 'Paneer Tikka Masala'})",0.12489592006661115,0.019983347210657785,0.012489592006661115,0.09999999999999999,5.004166666666666,1.0,0.009993753470775463,1.088907391988158,0.9143672692673643,0.09433962264150943,0.0816482582837723,0.3625
frozenset({'Granola Yogurt Bowl'}),"frozenset({'Beef Steak Ribeye', 'Paneer Tikka Masala'})",0.11323896752706078,0.02997502081598668,0.012489592006661115,0.11029411764705882,3.67953431372549,1.0,0.00909525159785663,1.0902760096613704,0.8212206572769952,0.09554140127388534,0.0828010603382984,0.2634803921568627
frozenset({'Paneer Tikka Masala'}),"frozenset({'Beef Steak Ribeye', 'Granola Yogurt Bowl'})",0.11074104912572856,0.025811823480432972,0.012489592006661115,0.11278195488721804,4.369391219985447,1.0,0.009631163594589853,1.0980256565856137,0.8671660424469413,0.10067114093959731,0.08927446822183664,0.29832646131457674
"frozenset({'Beef Steak Ribeye', 'Mutton Karahi'})",frozenset({'Grilled Prawns'}),0.018318068276436304,0.10824313072439634,0.012489592006661115,0.6818181818181818,6.298951048951048,1.0,0.010506786947596403,2.802664446294754,0.8569409103760249,0.10948905109489049,0.6431966726084372,0.3986013986013986
"frozenset({'Beef Steak Ribeye', 'Grilled Prawns'})",frozenset({'Mutton Karahi'}),0.0324729392173189,0.10657785179017486,0.012489592006661115,0.38461538461538464,3.6087740384615388,1.0,0.009028695903566345,1.4518109908409658,0.7471600688468159,0.09868421052631578,0.3112051043085526,0.2509014423076923
"frozenset({'Mutton Karahi', 'Grilled Prawns'})",frozenset({'Beef Steak Ribeye'}),0.02331390507910075,0.12489592006661115,0.012489592006661115,0.5357142857142857,4.289285714285715,1.0,0.009577780381461188,1.8848395567796068,0.7851662404092071,0.09202453987730061,0.4694508631235558,0.31785714285714284
frozenset({'Beef Steak Ribeye'}),"frozenset({'Mutton Karahi', 'Grilled Prawns'})",0.12489592006661115,0.02331390507910075,0.012489592006661115,0.09999999999999999,4.289285714285714,1.0,0.009577780381461188,1.0852067721343326,0.8763082778306374,0.09202453987730061,0.0785166240409207,0.31785714285714284
frozenset({'Mutton Karahi'}),"frozenset({'Beef Steak Ribeye', 'Grilled Prawns'})",0.10657785179017486,0.0324729392173189,0.012489592006661115,0.11718749999999999,3.6087740384615383,1.0,0.009028695903566345,1.095959856461798,0.8091332712022367,0.09868421052631578,0.08755782056798621,0.2509014423076923
frozenset({'Grilled Prawns'}),"frozenset({'Beef Steak Ribeye', 'Mutton Karahi'})",0.10824313072439634,0.018318068276436304,0.012489592006661115,0.11538461538461538,6.298951048951048,1.0,0.010506786947596403,1.1097274010788112,0.943355119825708,0.10948905109489049,0.0988777973510798,0.3986013986013986
"frozenset({'Beef Steak Ribeye', 'Naan Garlic Bread'})",frozenset({'Grilled Prawns'}),0.017485428809325562,0.10824313072439634,0.011656952539550375,0.6666666666666666,6.158974358974358,1.0,0.009764274983170422,2.675270607826811,0.8525423728813558,0.1021897810218978,0.6262060379707437,0.38717948717948714
"frozenset({'Beef Steak Ribeye', 'Grilled Prawns'})",frozenset({'Naan Garlic Bread'}),0.0324729392173189,0.1015820149875104,0.011656952539550375,0.35897435897435903,3.5338377469525017,1.0,0.008358285941288172,1.401532056619484,0.7410867961642489,0.09523809523809525,0.28649509279722446,0.2368642286675074
"frozenset({'Naan Garlic Bread', 'Grilled Prawns'})",frozenset({'Beef Steak Ribeye'}),0.02497918401332223,0.12489592006661115,0.011656952539550375,0.4666666666666667,3.7364444444444445,1.0,0.00853715436969331,1.6408201498751043,0.7511284616323045,0.08433734939759037,0.3905486837932128,0.28
frozenset({'Beef Steak Ribeye'}),"frozenset({'Naan Garlic Bread', 'Grilled Prawns'})",0.12489592006661115,0.02497918401332223,0.011656952539550375,0.09333333333333334,3.736444444444445,1.0,0.00853715436969331,1.0753906058676594,0.8368900366997418,0.08433734939759037,0.07010532308568175,0.28
frozenset({'Naan Garlic Bread'}),"frozenset({'Beef Steak Ribeye', 'Grilled Prawns'})",0.1015820149875104,0.0324729392173189,0.011656952539550375,0.11475409836065574,3.5338377469525013,1.0,0.008358285941288172,1.0929472353285843,0.7980934727922679,0.09523809523809525,0.08504274710081544,0.2368642286675074
frozenset({'Grilled Prawns'}),"frozenset({'Beef Steak Ribeye', 'Naan Garlic Bread'})",0.10824313072439634,0.017485428809325562,0.011656952539550375,0.10769230769230768,6.158974358974358,1.0,0.009764274983170422,1.1010939159895488,0.9393090569561157,0.1021897810218978,0.09181225554106909,0.38717948717948714
"frozenset({'Beef Steak Ribeye', 'Paneer Tikka Masala'})",frozenset({'Grilled Prawns'}),0.02997502081598668,0.10824313072439634,0.014154870940882597,0.4722222222222222,4.362606837606838,1.0,0.01091028084423125,1.6896445944169334,0.794597323908104,0.11409395973154361,0.4081595601203444,0.3014957264957265
"frozenset({'Beef Steak Ribeye', 'Grilled Prawns'})",frozenset({'Paneer Tikka Masala'}),0.0324729392173189,0.11074104912572856,0.014154870940882597,0.4358974358974359,3.9361866203971467,1.0,0.010558783583760688,1.576413594731663,0.7709830920319934,0.10967741935483871,0.3656487083453376,0.2818584923848082
"frozenset({'Paneer Tikka Masala', 'Grilled Prawns'})",frozenset({'Beef Steak Ribeye'}),0.018318068276436304,0.12489592006661115,0.014154870940882597,0.7727272727272727,6.186969696969697,1.0,0.011867018949654083,3.8504579517069106,0.8540138701791149,0.10967741935483871,0.7402906322982441,0.443030303030303
frozenset({'Beef Steak Ribeye'}),"frozenset({'Paneer Tikka Masala', 'Grilled Prawns'})",0.12489592006661115,0.018318068276436304,0.014154870940882597,0.11333333333333333,6.186969696969697,1.0,0.011867018949654083,1.1071600733724403,0.9580231712094922,0.10967741935483871,0.0967882386202997,0.443030303030303
frozenset({'Paneer Tikka Masala'}),"frozenset({'Beef Steak Ribeye', 'Grilled Prawns'})",0.11074104912572856,0.0324729392173189,0.014154870940882597,0.12781954887218044,3.9361866203971467,1.0,0.010558783583760688,1.1093198196904879,0.8388411544393038,0.10967741935483871,0.0985467110116082,0.2818584923848082
frozenset({'Grilled Prawns'}),"frozenset({'Beef Steak Ribeye', 'Paneer Tikka Masala'})",0.10824313072439634,0.02997502081598668,0.014154870940882597,0.13076923076923075,4.362606837606837,1.0,0.01091028084423125,1.1159579406541746,0.8643378920195529,0.11409395973154361,0.10390888081875203,0.3014957264957265
"frozenset({'Smoked Beef Ribs', 'Breakfast Burrito'})",frozenset({'Chana Masala'}),0.027477102414654453,0.10741049125728559,0.01498751040799334,0.5454545454545455,5.0782241014799165,1.0,0.012036181339308557,1.963696919233972,0.8257705479452055,0.12500000000000003,0.49075644504748994,0.3424947145877379
"frozenset({'Smoked Beef Ribs', 'Chana Masala'})",frozenset({'Breakfast Burrito'}),0.030807660283097418,0.09408825978351373,0.01498751040799334,0.4864864864864865,5.170533365223632,1.0,0.012088871263955032,1.7641439151584206,0.8322355861015656,0.13636363636363638,0.43315282193958665,0.3228892609423583
"frozenset({'Breakfast Burrito', 'Chana Masala'})",frozenset({'Smoked Beef Ribs'}),0.017485428809325562,0.16902581182348042,0.01498751040799334,0.8571428571428572,5.071076706544687,1.0,0.012032021608415414,5.816819317235639,0.8170903954802261,0.08737864077669903,0.8280847409103923,0.47290640394088673
frozenset({'Smoked Beef Ribs'}),"frozenset({'Breakfast Burrito', 'Chana Masala'})",0.16902581182348042,0.017485428809325562,0.01498751040799334,0.08866995073891627,5.071076706544687,1.0,0.012032021608415414,1.07811058352274,0.9660988643954577,0.08737864077669903,0.07245136511647325,0.47290640394088673
frozenset({'Breakfast Burrito'}),"frozenset({'Smoked Beef Ribs', 'Chana Masala'})",0.09408825978351373,0.030807660283097418,0.01498751040799334,0.15929203539823011,5.170533365223632,1.0,0.012088871263955032,1.1528287830316841,0.8903696895424839,0.13636363636363638,0.13256850044095736,0.3228892609423583
frozenset({'Chana Masala'}),"frozenset({'Smoked Beef Ribs', 'Breakfast Burrito'})",0.10741049125728559,0.027477102414654453,0.01498751040799334,0.13953488372093023,5.078224101479916,1.0,0.012036181339308557,1.130229313409996,0.8997201492537313,0.12500000000000003,0.1152237973877031,0.3424947145877379
"frozenset({'Smoked Beef Ribs', 'Breakfast Burrito'})",frozenset({'Chicken Biryani'}),0.027477102414654453,0.12822647793505412,0.010824313072439634,0.393939393939394,3.072215663124754,1.0,0.007301021005947723,1.438426311407161,0.6935590094836671,0.07471264367816093,0.30479580909380344,0.2391774891774892
"frozenset({'Smoked Beef Ribs', 'Chicken Biryani'})",frozenset({'Breakfast Burrito'}),0.02497918401332223,0.09408825978351373,0.010824313072439634,0.4333333333333334,4.605604719764012,1.0,0.00847406511781398,1.5986677768526227,0.8029297773106485,0.10000000000000002,0.3744791666666668,0.274188790560472
"frozenset({'Breakfast Burrito', 'Chicken Biryani'})",frozenset({'Smoked Beef Ribs'}),0.012489592006661115,0.16902581182348042,0.010824313072439634,0.8666666666666668,5.127422003284074,1.0,0.008713249644169687,6.232306411323903,0.8151511220651187,0.06341463414634148,0.8395457581830329,0.46535303776683096
frozenset({'Smoked Beef Ribs'}),"frozenset({'Breakfast Burrito', 'Chicken Biryani'})",0.16902581182348042,0.012489592006661115,0.010824313072439634,0.06403940886699508,5.127422003284073,1.0,0.008713249644169687,1.0550769095928831,0.9687066440573455,0.06341463414634148,0.05220179599431795,0.46535303776683096
frozenset({'Breakfast Burrito'}),"frozenset({'Smoked Beef Ribs', 'Chicken Biryani'})",0.09408825978351373,0.02497918401332223,0.010824313072439634,0.11504424778761063,4.605604719764012,1.0,0.00847406511781398,1.1017735220649458,0.8641826923076925,0.10000000000000002,0.09237245225697725,0.274188790560472
frozenset({'Chicken Biryani'}),"frozenset({'Smoked Beef Ribs', 'Breakfast Burrito'})",0.12822647793505412,0.027477102414654453,0.010824313072439634,0.08441558441558442,3.072215663124754,1.0,0.007301021005947723,1.0621881292776114,0.7737124384688855,0.07471264367816093,0.05854718911225761,0.2391774891774892
"frozenset({'Four-Cheese Pizza', 'Smoked Sausage Combo'})",frozenset({'Breakfast Burrito'}),0.04329725228975854,0.09408825978351373,0.010824313072439634,0.25,2.6570796460176993,1.0,0.0067505499510884985,1.2078823202886484,0.6518711923411663,0.0855263157894737,0.17210477941176472,0.18252212389380532
"frozenset({'Four-Cheese Pizza', 'Breakfast Burrito'})",frozenset({'Smoked Sausage Combo'}),0.014154870940882597,0.16402997502081598,0.010824313072439634,0.7647058823529412,4.661988653329352,1.0,0.008502489945583789,3.552872606161533,0.7967775467775469,0.0646766169154229,0.7185376142488868,0.4153478650343386
"frozenset({'Smoked Sausage Combo', 'Breakfast Burrito'})",frozenset({'Four-Cheese Pizza'}),0.020815986677768527,0.1357202331390508,0.010824313072439634,0.52,3.831411042944785,1.0,0.007999162507513514,1.8005828476269776,0.7547095761381475,0.0742857142857143,0.4446242774566474,0.29987730061349693
frozenset({'Four-Cheese Pizza'}),"frozenset({'Smoked Sausage Combo', 'Breakfast Burrito'})",0.1357202331390508,0.020815986677768527,0.010824313072439634,0.07975460122699386,3.831411042944785,1.0,0.007999162507513514,1.0640466278101581,0.8550466874166297,0.0742857142857143,0.060191561287091515,0.29987730061349693
frozenset({'Smoked Sausage Combo'}),"frozenset({'Four-Cheese Pizza', 'Breakfast Burrito'})",0.16402997502081598,0.014154870940882597,0.010824313072439634,0.06598984771573604,4.661988653329352,1.0,0.008502489945583789,1.055497230568729,0.9396261109408521,0.0646766169154229,0.05257922897516807,0.4153478650343386
frozenset({'Breakfast Burrito'}),"frozenset({'Four-Cheese Pizza', 'Smoked Sausage Combo'})",0.09408825978351373,0.04329725228975854,0.010824313072439634,0.11504424778761063,2.6570796460176993,1.0,0.0067505499510884985,1.0810741049125727,0.6884191176470589,0.0855263157894737,0.07499403097730233,0.18252212389380532
"frozenset({'Four-Cheese Pizza', 'Butter Chicken'})",frozenset({'Pancakes with Maple Syrup'}),0.022481265611990008,0.08825978351373855,0.012489592006661115,0.5555555555555556,6.2945492662473805,1.0,0.010505400370632023,2.0514154870940886,0.8604770017035775,0.1271186440677966,0.5125317097919838,0.34853249475890985
"frozenset({'Four-Cheese Pizza', 'Pancakes with Maple Syrup'})",frozenset({'Butter Chicken'}),0.025811823480432972,0.10741049125728559,0.012489592006661115,0.48387096774193544,4.504876219054763,1.0,0.00971713136638147,1.7293921731890092,0.7986324786324787,0.10344827586206896,0.42176215695714975,0.30007501875468867
"frozenset({'Pancakes with Maple Syrup', 'Butter Chicken'})",frozenset({'Four-Cheese Pizza'}),0.017485428809325562,0.1357202331390508,0.012489592006661115,0.7142857142857142,5.2629272567922865,1.0,0.010116465532123173,3.024979184013321,0.8244067796610168,0.08875739644970412,0.6694192127718138,0.4031551270815074
frozenset({'Four-Cheese Pizza'}),"frozenset({'Pancakes with Maple Syrup', 'Butter Chicken'})",0.1357202331390508,0.017485428809325562,0.012489592006661115,0.09202453987730061,5.262927256792287,1.0,0.010116465532123173,1.0820937507032429,0.9371868978805394,0.08875739644970412,0.07586565457003223,0.4031551270815074
frozenset({'Butter Chicken'}),"frozenset({'Four-Cheese Pizza', 'Pancakes with Maple Syrup'})",0.10741049125728559,0.025811823480432972,0.012489592006661115,0.11627906976744186,4.504876219054764,1.0,0.00971713136638147,1.102370831324773,0.8716417910447762,0.10344827586206896,0.09286424170145101,0.30007501875468867
frozenset({'Pancakes with Maple Syrup'}),"frozenset({'Four-Cheese Pizza', 'Butter Chicken'})",0.08825978351373855,0.022481265611990008,0.012489592006661115,0.14150943396226415,6.29454926624738,1.0,0.010505400370632023,1.1386481961003192,0.9225570776255709,0.1271186440677966,0.12176561344861946,0.34853249475890985
"frozenset({'Four-Cheese Pizza', 'Butter Chicken'})",frozenset({'Paratha with Omelette'}),0.022481265611990008,0.12489592006661115,0.010824313072439634,0.4814814814814815,3.855061728395062,1.0,0.008016494719568276,1.6877007255858216,0.7576333377014808,0.07926829268292683,0.40747788702117915,0.2840740740740741
"frozenset({'Four-Cheese Pizza', 'Paratha with Omelette'})",frozenset({'Butter Chicken'}),0.03330557868442964,0.10741049125728559,0.010824313072439634,0.32500000000000007,3.0257751937984505,1.0,0.007246944504336867,1.3223548277669843,0.6925727158285298,0.08333333333333334,0.2437733208955225,0.21288759689922485
"frozenset({'Butter Chicken', 'Paratha with Omelette'})",frozenset({'Four-Cheese Pizza'}),0.017485428809325562,0.1357202331390508,0.010824313072439634,0.6190476190476191,4.5612036225533155,1.0,0.008451186597901693,2.268734388009992,0.7946544980443284,0.07602339181286549,0.5592256170290852,0.34940111013730646
frozenset({'Four-Cheese Pizza'}),"frozenset({'Butter Chicken', 'Paratha with Omelette'})",0.1357202331390508,0.017485428809325562,0.010824313072439634,0.07975460122699386,4.5612036225533155,1.0,0.008451186597901693,1.0676658340271996,0.903364458277753,0.07602339181286549,0.0633773526047624,0.34940111013730646
frozenset({'Butter Chicken'}),"frozenset({'Four-Cheese Pizza', 'Paratha with Omelette'})",0.10741049125728559,0.03330557868442964,0.010824313072439634,0.10077519379844962,3.02577519379845,1.0,0.007246944504336867,1.0750308650836946,0.7500717566016075,0.08333333333333334,0.06979414965713868,0.21288759689922485
frozenset({'Paratha with Omelette'}),"frozenset({'Four-Cheese Pizza', 'Butter Chicken'})",0.12489592006661115,0.022481265611990008,0.010824313072439634,0.08666666666666667,3.855061728395062,1.0,0.008016494719568276,1.0702759865562153,0.8463002268901411,0.07926829268292683,0.06566155593412834,0.2840740740740741
"frozenset({'Four-Cheese Pizza', 'Butter Chicken'})",frozenset({'Peach Iced Tea'}),0.022481265611990008,0.049125728559533725,0.010824313072439634,0.4814814814814815,9.801004394224734,1.0,0.009719904520310234,1.8338289520637565,0.9186214126588915,0.1780821917808219,0.45469287150548093,0.35091023226616447
"frozenset({'Four-Cheese Pizza', 'Peach Iced Tea'})",frozenset({'Butter Chicken'}),0.01665278934221482,0.10741049125728559,0.010824313072439634,0.6500000000000001,6.051550387596901,1.0,0.009035628788388251,2.550255739264899,0.848889467856445,0.09558823529411765,0.6078824626865673,0.37538759689922485
"frozenset({'Butter Chicken', 'Peach Iced Tea'})",frozenset({'Four-Cheese Pizza'}),0.017485428809325562,0.1357202331390508,0.010824313072439634,0.6190476190476191,4.5612036225533155,1.0,0.008451186597901693,2.268734388009992,0.7946544980443284,0.07602339181286549,0.5592256170290852,0.34940111013730646
frozenset({'Four-Cheese Pizza'}),"frozenset({'Butter Chicken', 'Peach Iced Tea'})",0.1357202331390508,0.017485428809325562,0.010824313072439634,0.07975460122699386,4.5612036225533155,1.0,0.008451186597901693,1.0676658340271996,0.903364458277753,0.07602339181286549,0.0633773526047624,0.34940111013730646
frozenset({'Butter Chicken'}),"frozenset({'Four-Cheese Pizza', 'Peach Iced Tea'})",0.10741049125728559,0.01665278934221482,0.010824313072439634,0.10077519379844962,6.0515503875969,1.0,0.009035628788388251,1.093549915300468,0.935203788748565,0.09558823529411765,0.08554700063669603,0.37538759689922485
frozenset({'Peach Iced Tea'}),"frozenset({'Four-Cheese Pizza', 'Butter Chicken'})",0.049125728559533725,0.022481265611990008,0.010824313072439634,0.22033898305084745,9.801004394224734,1.0,0.009719904520310234,1.2537740288889692,0.9443621177421527,0.1780821917808219,0.20240810787399302,0.35091023226616447
"frozenset({'Four-Cheese Pizza', 'Smoked Beef Ribs'})",frozenset({'Butter Chicken'}),0.034970857618651124,0.10741049125728559,0.013322231473771857,0.380952380952381,3.546696197858989,1.0,0.009565994477263952,1.4418753602766925,0.7440681622088008,0.10322580645161289,0.30645877754086714,0.2524916943521595
"frozenset({'Four-Cheese Pizza', 'Butter Chicken'})",frozenset({'Smoked Beef Ribs'}),0.022481265611990008,0.16902581182348042,0.013322231473771857,0.5925925925925927,3.505929574895093,1.0,0.009522317302885953,2.039663916433276,0.7312074105621806,0.07476635514018691,0.5097231500037113,0.33570516329137023
"frozenset({'Smoked Beef Ribs', 'Butter Chicken'})",frozenset({'Four-Cheese Pizza'}),0.02164862614487927,0.1357202331390508,0.013322231473771857,0.6153846153846153,4.534214252005662,1.0,0.010384074886248693,2.2471273938384675,0.7967021276595745,0.09248554913294796,0.5549874018082109,0.35677206229353464
frozenset({'Four-Cheese Pizza'}),"frozenset({'Smoked Beef Ribs', 'Butter Chicken'})",0.1357202331390508,0.02164862614487927,0.013322231473771857,0.09815950920245399,4.534214252005663,1.0,0.010384074886248693,1.084838598220304,0.901854527938343,0.09248554913294796,0.07820388983161468,0.35677206229353464
frozenset({'Smoked Beef Ribs'}),"frozenset({'Four-Cheese Pizza', 'Butter Chicken'})",0.16902581182348042,0.022481265611990008,0.013322231473771857,0.0788177339901478,3.505929574895093,1.0,0.009522317302885953,1.0611567009666631,0.8601578156312625,0.07476635514018691,0.057632111177314746,0.33570516329137023
frozenset({'Butter Chicken'}),"frozenset({'Four-Cheese Pizza', 'Smoked Beef Ribs'})",0.10741049125728559,0.034970857618651124,0.013322231473771857,0.124031007751938,3.546696197858989,1.0,0.009565994477263952,1.101670436877823,0.8044542910447762,0.10322580645161289,0.09228752399489003,0.2524916943521595
"frozenset({'Smoked Sausage Combo', 'Butter Chicken'})",frozenset({'Granola Yogurt Bowl'}),0.03996669442131557,0.11323896752706078,0.011656952539550375,0.2916666666666667,2.575674019607843,1.0,0.00713116532781106,1.2518979281970908,0.6372196753809937,0.0823529411764706,0.20121283255086073,0.19730392156862747
"frozenset({'Granola Yogurt Bowl', 'Smoked Sausage Combo'})",frozenset({'Butter Chicken'}),0.027477102414654453,0.10741049125728559,0.011656952539550375,0.42424242424242425,3.9497298567066013,1.0,0.008705623470865592,1.5502870415005041,0.7679182974559688,0.09459459459459461,0.3549581637268205,0.266384778012685
"frozenset({'Granola Yogurt Bowl', 'Butter Chicken'})",frozenset({'Smoked Sausage Combo'}),0.014154870940882597,0.16402997502081598,0.011656952539550375,0.823529411764706,5.0206031651239185,1.0,0.009335129412694529,4.737163474882045,0.8123190154440155,0.06999999999999999,0.7889032106866652,0.44729770080621084
frozenset({'Smoked Sausage Combo'}),"frozenset({'Granola Yogurt Bowl', 'Butter Chicken'})",0.16402997502081598,0.014154870940882597,0.011656952539550375,0.07106598984771574,5.0206031651239185,1.0,0.009335129412694529,1.0612649749980663,0.9579538986909505,0.06999999999999999,0.057728254904650854,0.44729770080621084
frozenset({'Butter Chicken'}),"frozenset({'Granola Yogurt Bowl', 'Smoked Sausage Combo'})",0.10741049125728559,0.027477102414654453,0.011656952539550375,0.10852713178294573,3.9497298567066013,1.0,0.008705623470865592,1.0909169894653006,0.8366871002132197,0.09459459459459461,0.08333997026653925,0.266384778012685
frozenset({'Granola Yogurt Bowl'}),"frozenset({'Smoked Sausage Combo', 'Butter Chicken'})",0.11323896752706078,0.03996669442131557,0.011656952539550375,0.10294117647058824,2.5756740196078436,1.0,0.00713116532781106,1.070201061956566,0.6898725687458082,0.0823529411764706,0.06559614305392583,0.19730392156862747
"frozenset({'Smoked Sausage Combo', 'Butter Chicken'})",frozenset({'Naan Garlic Bread'}),0.03996669442131557,0.1015820149875104,0.012489592006661115,0.3125,3.0763319672131146,1.0,0.008429694654953789,1.3067897963818031,0.7030355594102342,0.0967741935483871,0.23476598702502316,0.2177254098360656
"frozenset({'Smoked Sausage Combo', 'Naan Garlic Bread'})",frozenset({'Butter Chicken'}),0.019150707743547043,0.10741049125728559,0.012489592006661115,0.6521739130434783,6.071789686552073,1.0,0.010432605080002023,2.566194837635304,0.8516129032258063,0.10948905109489052,0.6103179753406879,0.38422649140546006
"frozenset({'Butter Chicken', 'Naan Garlic Bread'})",frozenset({'Smoked Sausage Combo'}),0.01498751040799334,0.16402997502081598,0.012489592006661115,0.8333333333333333,5.080372250423012,1.0,0.010031191048813748,5.015820149875102,0.8153846153846153,0.075,0.8006308100929614,0.45473773265651435
frozenset({'Smoked Sausage Combo'}),"frozenset({'Butter Chicken', 'Naan Garlic Bread'})",0.16402997502081598,0.01498751040799334,0.012489592006661115,0.07614213197969542,5.080372250423011,1.0,0.010031191048813748,1.0661948376353039,0.9607569721115538,0.075,0.06208512299882857,0.45473773265651435
frozenset({'Butter Chicken'}),"frozenset({'Smoked Sausage Combo', 'Naan Garlic Bread'})",0.10741049125728559,0.019150707743547043,0.012489592006661115,0.11627906976744186,6.071789686552073,1.0,0.010432605080002023,1.1099084096586178,0.9358208955223881,0.10948905109489052,0.09902475618904726,0.38422649140546006
frozenset({'Naan Garlic Bread'}),"frozenset({'Smoked Sausage Combo', 'Butter Chicken'})",0.1015820149875104,0.03996669442131557,0.012489592006661115,0.12295081967213115,3.0763319672131146,1.0,0.008429694654953789,1.0946174138373785,0.7512511584800742,0.0967741935483871,0.08643879828814356,0.2177254098360656
"frozenset({'Smoked Beef Ribs', 'Butter Chicken'})",frozenset({'Paratha with Omelette'}),0.02164862614487927,0.12489592006661115,0.010824313072439634,0.5,4.003333333333334,1.0,0.008120487991896845,1.7502081598667778,0.7668085106382979,0.07975460122699386,0.42863939105613696,0.29333333333333333
"frozenset({'Smoked Beef Ribs', 'Paratha with Omelette'})",frozenset({'Butter Chicken'}),0.034970857618651124,0.10741049125728559,0.010824313072439634,0.30952380952380953,2.8816906607604285,1.0,0.007068076075931729,1.2927158402480692,0.6766443220282738,0.08227848101265824,0.2264347903340441,0.20514950166112958
"frozenset({'Butter Chicken', 'Paratha with Omelette'})",frozenset({'Smoked Beef Ribs'}),0.017485428809325562,0.16902581182348042,0.010824313072439634,0.6190476190476191,3.662444288060052,1.0,0.007868824272861709,2.181307243963364,0.7398956975228161,0.06161137440758294,0.5415593090943792,0.3415435139573071
frozenset({'Smoked Beef Ribs'}),"frozenset({'Butter Chicken', 'Paratha with Omelette'})",0.16902581182348042,0.017485428809325562,0.010824313072439634,0.06403940886699508,3.662444288060052,1.0,0.007868824272861709,1.0497392523774047,0.8748265762293819,0.06161137440758294,0.047382483092594144,0.3415435139573071
frozenset({'Butter Chicken'}),"frozenset({'Smoked Beef Ribs', 'Paratha with Omelette'})",0.10741049125728559,0.034970857618651124,0.010824313072439634,0.10077519379844962,2.8816906607604285,1.0,0.007068076075931729,1.0731789600620172,0.7315585533869118,0.08227848101265824,0.06818896268501985,0.20514950166112958
frozenset({'Paratha with Omelette'}),"frozenset({'Smoked Beef Ribs', 'Butter Chicken'})",0.12489592006661115,0.02164862614487927,0.010824313072439634,0.08666666666666667,4.003333333333333,1.0,0.008120487991896845,1.0711876356077965,0.8572787821122739,0.07975460122699386,0.06645673758865249,0.29333333333333333
"frozenset({'Smoked Beef Ribs', 'Butter Chicken'})",frozenset({'Peach Iced Tea'}),0.02164862614487927,0.049125728559533725,0.010824313072439634,0.5,10.177966101694915,1.0,0.009760808540759471,1.9017485428809326,0.9217021276595745,0.18055555555555555,0.4741681260945709,0.3601694915254237
"frozenset({'Smoked Beef Ribs', 'Peach Iced Tea'})",frozenset({'Butter Chicken'}),0.010824313072439634,0.10741049125728559,0.010824313072439634,1.0,9.310077519379846,1.0,0.009661668287806235,inf,0.9023569023569024,0.10077519379844962,1.0,0.5503875968992248
"frozenset({'Butter Chicken', 'Peach Iced Tea'})",frozenset({'Smoked Beef Ribs'}),0.017485428809325562,0.16902581182348042,0.010824313072439634,0.6190476190476191,3.662444288060052,1.0,0.007868824272861709,2.181307243963364,0.7398956975228161,0.06161137440758294,0.5415593090943792,0.3415435139573071
frozenset({'Smoked Beef Ribs'}),"frozenset({'Butter Chicken', 'Peach Iced Tea'})",0.16902581182348042,0.017485428809325562,0.010824313072439634,0.06403940886699508,3.662444288060052,1.0,0.007868824272861709,1.0497392523774047,0.8748265762293819,0.06161137440758294,0.047382483092594144,0.3415435139573071
frozenset({'Butter Chicken'}),"frozenset({'Smoked Beef Ribs', 'Peach Iced Tea'})",0.10741049125728559,0.010824313072439634,0.010824313072439634,0.10077519379844962,9.310077519379846,1.0,0.009661668287806235,1.1000315828763387,1.0000000000000002,0.10077519379844962,0.09093519171038551,0.5503875968992248
frozenset({'Peach Iced Tea'}),"frozenset({'Smoked Beef Ribs', 'Butter Chicken'})",0.049125728559533725,0.02164862614487927,0.010824313072439634,0.22033898305084745,10.177966101694913,1.0,0.009760808540759471,1.2548419795098287,0.9483362521891419,0.18055555555555555,0.20308690948431302,0.3601694915254237
"frozenset({'Smoked Sausage Combo', 'Butter Chicken'})",frozenset({'Spicy Chicken Fajita Pizza'}),0.03996669442131557,0.08326394671107411,0.01582014987510408,0.39583333333333337,4.753958333333333,1.0,0.01249236516058988,1.5173562261333948,0.8225224813986398,0.14728682170542637,0.3409589766878595,0.2929166666666667
"frozenset({'Smoked Sausage Combo', 'Spicy Chicken Fajita Pizza'})",frozenset({'Butter Chicken'}),0.02497918401332223,0.10741049125728559,0.01582014987510408,0.6333333333333334,5.896382428940569,1.0,0.013137123449027007,2.434335023843767,0.8516787271338039,0.13571428571428573,0.5892101990049752,0.3903100775193799
"frozenset({'Butter Chicken', 'Spicy Chicken Fajita Pizza'})",frozenset({'Smoked Sausage Combo'}),0.020815986677768527,0.16402997502081598,0.01582014987510408,0.76,4.633299492385787,1.0,0.012405704100316071,3.483208437413267,0.8008413891872539,0.0935960591133005,0.7129083665338646,0.4282233502538071
frozenset({'Smoked Sausage Combo'}),"frozenset({'Butter Chicken', 'Spicy Chicken Fajita Pizza'})",0.16402997502081598,0.020815986677768527,0.01582014987510408,0.09644670050761422,4.633299492385787,1.0,0.012405704100316071,1.0837036551937056,0.9380373243866639,0.0935960591133005,0.0772385096170448,0.4282233502538071
frozenset({'Butter Chicken'}),"frozenset({'Smoked Sausage Combo', 'Spicy Chicken Fajita Pizza'})",0.10741049125728559,0.02497918401332223,0.01582014987510408,0.14728682170542637,5.896382428940569,1.0,0.013137123449027007,1.1434335023843767,0.9303318931657504,0.13571428571428573,0.12544105283366103,0.3903100775193799
frozenset({'Spicy Chicken Fajita Pizza'}),"frozenset({'Smoked Sausage Combo', 'Butter Chicken'})",0.08326394671107411,0.03996669442131557,0.01582014987510408,0.19,4.753958333333333,1.0,0.01249236516058988,1.1852263031835608,0.8613700463693293,0.14728682170542637,0.15627927146574155,0.2929166666666667
"frozenset({'Smoked Sausage Combo', 'Butter Chicken'})",frozenset({'Tandoori Chicken Pizza'}),0.03996669442131557,0.10241465445462115,0.010824313072439634,0.27083333333333337,2.644478319783198,1.0,0.006731137873587165,1.2309741881765197,0.6477416772299687,0.08227848101265824,0.1876352813852814,0.18826219512195125
"frozenset({'Smoked Sausage Combo', 'Tandoori Chicken Pizza'})",frozenset({'Butter Chicken'}),0.02331390507910075,0.10741049125728559,0.010824313072439634,0.4642857142857143,4.322535991140643,1.0,0.008320155074767698,1.6661670829864001,0.7870024263886157,0.0902777777777778,0.39982009594882734,0.282530454042082
"frozenset({'Butter Chicken', 'Tandoori Chicken Pizza'})",frozenset({'Smoked Sausage Combo'}),0.01665278934221482,0.16402997502081598,0.010824313072439634,0.6500000000000001,3.96269035532995,1.0,0.008092756452609227,2.3884857856548125,0.7603074317722922,0.06372549019607844,0.5813247011952193,0.3579949238578681
frozenset({'Smoked Sausage Combo'}),"frozenset({'Butter Chicken', 'Tandoori Chicken Pizza'})",0.16402997502081598,0.01665278934221482,0.010824313072439634,0.06598984771573604,3.9626903553299497,1.0,0.008092756452609227,1.052822828802085,0.8943456941464911,0.06372549019607844,0.050172571639795924,0.3579949238578681
frozenset({'Butter Chicken'}),"frozenset({'Smoked Sausage Combo', 'Tandoori Chicken Pizza'})",0.10741049125728559,0.02331390507910075,0.010824313072439634,0.10077519379844962,4.322535991140643,1.0,0.008320155074767698,1.0861422952137587,0.8611509758897821,0.0902777777777778,0.07931032203916283,0.282530454042082
frozenset({'Tandoori Chicken Pizza'}),"frozenset({'Smoked Sausage Combo', 'Butter Chicken'})",0.10241465445462115,0.03996669442131557,0.010824313072439634,0.10569105691056911,2.644478319783198,1.0,0.006731137873587165,1.0734917871470744,0.6928071928071928,0.08227848101265824,0.0684605024714601,0.18826219512195125
"frozenset({'Smoked Sausage Combo', 'Butter Chicken'})",frozenset({'Veggie Supreme Pizza'}),0.03996669442131557,0.11323896752706078,0.01582014987510408,0.39583333333333337,3.495557598039216,1.0,0.011294362663364766,1.4677423985758995,0.7436435842424797,0.11515151515151517,0.31868153364632246,0.2677696078431373
"frozenset({'Smoked Sausage Combo', 'Veggie Supreme Pizza'})",frozenset({'Butter Chicken'}),0.03663613655287261,0.10741049125728559,0.01582014987510408,0.4318181818181818,4.020260747004933,1.0,0.011885044450191038,1.5709575353871774,0.7798298685347769,0.12337662337662339,0.3634455563093623,0.2895525017618041
"frozenset({'Butter Chicken', 'Veggie Supreme Pizza'})",frozenset({'Smoked Sausage Combo'}),0.019983347210657785,0.16402997502081598,0.01582014987510408,0.7916666666666667,4.826353637901862,1.0,0.012542281931307592,4.012656119900085,0.8089701739480392,0.09405940594059407,0.7507885126162019,0.44405668358714045
frozenset({'Smoked Sausage Combo'}),"frozenset({'Butter Chicken', 'Veggie Supreme Pizza'})",0.16402997502081598,0.019983347210657785,0.01582014987510408,0.09644670050761422,4.826353637901862,1.0,0.012542281931307592,1.0846251719073057,0.9483644369888866,0.09405940594059407,0.07802250408635912,0.44405668358714045
frozenset({'Butter Chicken'}),"frozenset({'Smoked Sausage Combo', 'Veggie Supreme Pizza'})",0.10741049125728559,0.03663613655287261,0.01582014987510408,0.14728682170542637,4.020260747004933,1.0,0.011885044450191038,1.1297630762243587,0.8416633935585233,0.12337662337662339,0.11485866280744776,0.2895525017618041
frozenset({'Veggie Supreme Pizza'}),"frozenset({'Smoked Sausage Combo', 'Butter Chicken'})",0.11323896752706078,0.03996669442131557,0.01582014987510408,0.1397058823529412,3.4955575980392166,1.0,0.011294362663364766,1.1159361500743683,0.8050901902643933,0.11515151515151517,0.1038913830926994,0.2677696078431373
"frozenset({'Cold Brew Coffee', 'Chicken Biryani'})",frozenset({'Chana Masala'}),0.018318068276436304,0.10741049125728559,0.01665278934221482,0.909090909090909,8.463706835799858,1.0,0.014685236629758298,9.818484596169842,0.898303647158609,0.15267175572519084,0.8981512890094978,0.5320648343904157
"frozenset({'Chana Masala', 'Chicken Biryani'})",frozenset({'Cold Brew Coffee'}),0.03913405495420483,0.06411323896752706,0.01665278934221482,0.425531914893617,6.637192594639403,1.0,0.01414377832516755,1.6291362136491194,0.8839254766031196,0.19230769230769232,0.3861777845082153,0.3426360873169384
"frozenset({'Cold Brew Coffee', 'Chana Masala'})",frozenset({'Chicken Biryani'}),0.020815986677768527,0.12822647793505412,0.01665278934221482,0.7999999999999999,6.238961038961039,1.0,0.013983628685781554,4.358867610324728,0.8575680272108844,0.12578616352201258,0.770582617000955,0.46493506493506487
frozenset({'Chicken Biryani'}),"frozenset({'Cold Brew Coffee', 'Chana Masala'})",0.12822647793505412,0.020815986677768527,0.01665278934221482,0.12987012987012986,6.238961038961039,1.0,0.013983628685781554,1.1253308809822662,0.963228271251194,0.12578616352201258,0.1113724710663486,0.46493506493506487
frozenset({'Cold Brew Coffee'}),"frozenset({'Chana Masala', 'Chicken Biryani'})",0.06411323896752706,0.03913405495420483,0.01665278934221482,0.2597402597402597,6.637192594639402,1.0,0.01414377832516755,1.2980118906758986,0.9075177935943061,0.19230769230769232,0.22959103288392715,0.3426360873169384
frozenset({'Chana Masala'}),"frozenset({'Cold Brew Coffee', 'Chicken Biryani'})",0.10741049125728559,0.018318068276436304,0.01665278934221482,0.15503875968992248,8.463706835799858,1.0,0.014685236629758298,1.1618070568104562,0.9879664179104478,0.15267175572519084,0.1392718832804045,0.5320648343904157
"frozenset({'Four-Cheese Pizza', 'Chicken Biryani'})",frozenset({'Chana Masala'}),0.03330557868442964,0.10741049125728559,0.018318068276436304,0.55,5.120542635658915,1.0,0.014740699708333537,1.9835322416504766,0.8324328556886698,0.14965986394557826,0.49584888059701504,0.3602713178294574
"frozenset({'Four-Cheese Pizza', 'Chana Masala'})",frozenset({'Chicken Biryani'}),0.018318068276436304,0.12822647793505412,0.018318068276436304,1.0,7.798701298701299,1.0,0.01596920689877503,inf,0.8880407124681934,0.14285714285714288,1.0,0.5714285714285714
"frozenset({'Chana Masala', 'Chicken Biryani'})",frozenset({'Four-Cheese Pizza'}),0.03913405495420483,0.1357202331390508,0.018318068276436304,0.4680851063829788,3.448897010834095,1.0,0.013006785214375198,1.6248459616985846,0.7389711674806995,0.1170212765957447,0.384557045053909,0.30152721576817654
frozenset({'Four-Cheese Pizza'}),"frozenset({'Chana Masala', 'Chicken Biryani'})",0.1357202331390508,0.03913405495420483,0.018318068276436304,0.13496932515337423,3.448897010834095,1.0,0.013006785214375198,1.1107882910813094,0.8215536871606235,0.1170212765957447,0.0997384397826711,0.30152721576817654
frozenset({'Chicken Biryani'}),"frozenset({'Four-Cheese Pizza', 'Chana Masala'})",0.12822647793505412,0.018318068276436304,0.018318068276436304,0.14285714285714288,7.7987012987013,1.0,0.01596920689877503,1.1452955870108243,1.0,0.14285714285714288,0.12686295892402763,0.5714285714285714
frozenset({'Chana Masala'}),"frozenset({'Four-Cheese Pizza', 'Chicken Biryani'})",0.10741049125728559,0.03330557868442964,0.018318068276436304,0.17054263565891475,5.120542635658916,1.0,0.014740699708333537,1.1654540219598934,0.9015434192672999,0.14965986394557826,0.14196529321822277,0.3602713178294574
"frozenset({'Hawaiian Pizza', 'Chicken Biryani'})",frozenset({'Chana Masala'}),0.017485428809325562,0.10741049125728559,0.011656952539550375,0.6666666666666666,6.20671834625323,1.0,0.009778834041296421,2.6777685262281428,0.8538135593220338,0.10294117647058824,0.6265547263681591,0.38759689922480617
"frozenset({'Chana Masala', 'Chicken Biryani'})",frozenset({'Hawaiian Pizza'}),0.03913405495420483,0.10574521232306411,0.011656952539550375,0.29787234042553196,2.8168872507957787,1.0,0.007518713589355527,1.2736356066913934,0.6712676405050756,0.08750000000000001,0.21484607155592542,0.20405428044898646
"frozenset({'Hawaiian Pizza', 'Chana Masala'})",frozenset({'Chicken Biryani'}),0.01498751040799334,0.12822647793505412,0.011656952539550375,0.7777777777777778,6.065656565656566,1.0,0.009735156866918422,3.9229808492922564,0.8478444632290786,0.08860759493670886,0.745091796667728,0.43434343434343436
frozenset({'Chicken Biryani'}),"frozenset({'Hawaiian Pizza', 'Chana Masala'})",0.12822647793505412,0.01498751040799334,0.011656952539550375,0.09090909090909091,6.065656565656566,1.0,0.009735156866918422,1.0835137385512075,0.9579751671442216,0.08860759493670886,0.07707676938446169,0.43434343434343436
frozenset({'Hawaiian Pizza'}),"frozenset({'Chana Masala', 'Chicken Biryani'})",0.10574521232306411,0.03913405495420483,0.011656952539550375,0.11023622047244096,2.8168872507957787,1.0,0.007518713589355527,1.079911283370053,0.721268954509178,0.08750000000000001,0.07399800761473276,0.20405428044898646
frozenset({'Chana Masala'}),"frozenset({'Hawaiian Pizza', 'Chicken Biryani'})",0.10741049125728559,0.017485428809325562,0.011656952539550375,0.10852713178294573,6.20671834625323,1.0,0.009778834041296421,1.1021250407269303,0.9398320895522387,0.10294117647058824,0.09266193667060833,0.38759689922480617
"frozenset({'Mutton Karahi', 'Chicken Biryani'})",frozenset({'Chana Masala'}),0.029142381348875937,0.10741049125728559,0.019150707743547043,0.6571428571428571,6.118050941306755,1.0,0.01602051024645712,2.6033860671662503,0.8616600790513833,0.1631205673758865,0.6158848614072494,0.417718715393134
"frozenset({'Chana Masala', 'Chicken Biryani'})",frozenset({'Mutton Karahi'}),0.03913405495420483,0.10657785179017486,0.019150707743547043,0.48936170212765956,4.5915890957446805,1.0,0.014979884234689243,1.7496183735775739,0.8140682691583151,0.1513157894736842,0.4284467886815649,0.33452460106382975
"frozenset({'Mutton Karahi', 'Chana Masala'})",frozenset({'Chicken Biryani'}),0.02497918401332223,0.12822647793505412,0.019150707743547043,0.7666666666666666,5.979004329004328,1.0,0.015947714955827124,3.7361722374211954,0.8540823525043628,0.14285714285714285,0.7323463865011142,0.458008658008658
frozenset({'Chicken Biryani'}),"frozenset({'Mutton Karahi', 'Chana Masala'})",0.12822647793505412,0.02497918401332223,0.019150707743547043,0.14935064935064934,5.979004329004329,1.0,0.015947714955827124,1.1462076768087663,0.9552344171753666,0.14285714285714285,0.12755775394545676,0.458008658008658
frozenset({'Mutton Karahi'}),"frozenset({'Chana Masala', 'Chicken Biryani'})",0.10657785179017486,0.03913405495420483,0.019150707743547043,0.17968749999999997,4.5915890957446805,1.0,0.014979884234689243,1.171341342532017,0.8755216986101544,0.1513157894736842,0.14627789211438472,0.33452460106382975
frozenset({'Chana Masala'}),"frozenset({'Mutton Karahi', 'Chicken Biryani'})",0.10741049125728559,0.029142381348875937,0.019150707743547043,0.17829457364341084,6.1180509413067545,1.0,0.01602051024645712,1.1815154038301416,0.9372160934458145,0.1631205673758865,0.1536293164200141,0.417718715393134
"frozenset({'Paratha with Omelette', 'Chicken Biryani'})",frozenset({'Chana Masala'}),0.020815986677768527,0.10741049125728559,0.010824313072439634,0.52,4.84124031007752,1.0,0.008588457717375405,1.8595614765473216,0.8103087388801674,0.0921985815602837,0.4622388059701493,0.3103875968992248
"frozenset({'Chana Masala', 'Chicken Biryani'})",frozenset({'Paratha with Omelette'}),0.03913405495420483,0.12489592006661115,0.010824313072439634,0.2765957446808511,2.2146099290780143,1.0,0.0059366292729969,1.2097026987314494,0.5707905612584989,0.07065217391304349,0.17335060833653865,0.18163120567375887
"frozenset({'Paratha with Omelette', 'Chana Masala'})",frozenset({'Chicken Biryani'}),0.01665278934221482,0.12822647793505412,0.010824313072439634,0.6500000000000001,5.069155844155845,1.0,0.008688984547293022,2.4907814916141318,0.8163225428255065,0.08074534161490685,0.5985195797516716,0.36720779220779226
frozenset({'Chicken Biryani'}),"frozenset({'Paratha with Omelette', 'Chana Masala'})",0.12822647793505412,0.01665278934221482,0.010824313072439634,0.08441558441558442,5.069155844155844,1.0,0.008688984547293022,1.0740104286616945,0.92079935346411,0.08074534161490685,0.06891034452423107,0.36720779220779226
frozenset({'Paratha with Omelette'}),"frozenset({'Chana Masala', 'Chicken Biryani'})",0.12489592006661115,0.03913405495420483,0.010824313072439634,0.08666666666666667,2.2146099290780143,1.0,0.0059366292729969,1.0520430055245933,0.6267291224474859,0.07065217391304349,0.049468515309069906,0.18163120567375887
frozenset({'Chana Masala'}),"frozenset({'Paratha with Omelette', 'Chicken Biryani'})",0.10741049125728559,0.020815986677768527,0.010824313072439634,0.10077519379844962,4.84124031007752,1.0,0.008588457717375405,1.0889201527462746,0.8889207807118256,0.0921985815602837,0.08165902019722618,0.3103875968992248
"frozenset({'Smoked Beef Ribs', 'Chicken Biryani'})",frozenset({'Chana Masala'}),0.02497918401332223,0.10741049125728559,0.011656952539550375,0.4666666666666667,4.344702842377261,1.0,0.0089739261134733,1.6736053288925894,0.7895571550567281,0.09655172413793103,0.4024875621890548,0.2875968992248062
"frozenset({'Chana Masala', 'Chicken Biryani'})",frozenset({'Smoked Beef Ribs'}),0.03913405495420483,0.16902581182348042,0.011656952539550375,0.29787234042553196,1.762289068231842,1.0,0.005042287130971208,1.1835086922514066,0.4501733102253034,0.059322033898305086,0.15505479043192774,0.18341892883345562
"frozenset({'Smoked Beef Ribs', 'Chana Masala'})",frozenset({'Chicken Biryani'}),0.030807660283097418,0.12822647793505412,0.011656952539550375,0.3783783783783784,2.950859950859951,1.0,0.007706594768029141,1.4024182746262173,0.6821305841924399,0.0790960451977401,0.28694597175972536,0.23464373464373467
frozenset({'Chicken Biryani'}),"frozenset({'Smoked Beef Ribs', 'Chana Masala'})",0.12822647793505412,0.030807660283097418,0.011656952539550375,0.09090909090909091,2.950859950859951,1.0,0.007706594768029141,1.0661115736885929,0.7583572110792742,0.0790960451977401,0.06201187129022181,0.23464373464373467
frozenset({'Smoked Beef Ribs'}),"frozenset({'Chana Masala', 'Chicken Biryani'})",0.16902581182348042,0.03913405495420483,0.011656952539550375,0.06896551724137931,1.7622890682318415,1.0,0.005042287130971208,1.0320412002343726,0.5205410821643287,0.059322033898305086,0.031046435187951953,0.18341892883345562
frozenset({'Chana Masala'}),"frozenset({'Smoked Beef Ribs', 'Chicken Biryani'})",0.10741049125728559,0.02497918401332223,0.011656952539550375,0.10852713178294573,4.344702842377261,1.0,0.0089739261134733,1.0937190022807082,0.8624733475479746,0.09655172413793103,0.08568837341700924,0.2875968992248062
"frozenset({'Spicy Chicken Fajita Pizza', 'Chicken Biryani'})",frozenset({'Chana Masala'}),0.025811823480432972,0.10741049125728559,0.01498751040799334,0.5806451612903226,5.405851462865717,1.0,0.012215049767713695,2.1284826746941654,0.8366096866096866,0.12676056338028172,0.5301817525276843,0.36009002250562644
"frozenset({'Chana Masala', 'Chicken Biryani'})",frozenset({'Spicy Chicken Fajita Pizza'}),0.03913405495420483,0.08326394671107411,0.01498751040799334,0.3829787234042554,4.599574468085107,1.0,0.011729054541698182,1.4857446380889492,0.8144617754669747,0.13953488372093023,0.32693682725568635,0.2814893617021277
"frozenset({'Spicy Chicken Fajita Pizza', 'Chana Masala'})",frozenset({'Chicken Biryani'}),0.02414654454621149,0.12822647793505412,0.01498751040799334,0.6206896551724138,4.840573219883565,1.0,0.01189128404653075,2.2983120127166754,0.8130451270383011,0.1090909090909091,0.5648980667259493,0.36878638602776537
frozenset({'Chicken Biryani'}),"frozenset({'Spicy Chicken Fajita Pizza', 'Chana Masala'})",0.12822647793505412,0.02414654454621149,0.01498751040799334,0.11688311688311688,4.840573219883565,1.0,0.01189128404653075,1.1050105304403195,0.9101135519473629,0.1090909090909091,0.09503124861486635,0.36878638602776537
frozenset({'Spicy Chicken Fajita Pizza'}),"frozenset({'Chana Masala', 'Chicken Biryani'})",0.08326394671107411,0.03913405495420483,0.01498751040799334,0.18,4.599574468085106,1.0,0.011729054541698182,1.1717877378607258,0.8536683822787364,0.13953488372093023,0.14660311958405545,0.2814893617021277
frozenset({'Chana Masala'}),"frozenset({'Spicy Chicken Fajita Pizza', 'Chicken Biryani'})",0.10741049125728559,0.025811823480432972,0.01498751040799334,0.13953488372093023,5.405851462865717,1.0,0.012215049767713695,1.1321646375767942,0.9130907960199005,0.12676056338028172,0.11673623534088651,0.36009002250562644
"frozenset({'Turkey Bacon & Eggs', 'Chicken Biryani'})",frozenset({'Chana Masala'}),0.028309741881765195,0.10741049125728559,0.01665278934221482,0.5882352941176471,5.476516187870497,1.0,0.013612026059327468,2.1677173783751638,0.8412167952013709,0.13986013986013984,0.5386852502194909,0.37163702690378475
"frozenset({'Chana Masala', 'Chicken Biryani'})",frozenset({'Turkey Bacon & Eggs'}),0.03913405495420483,0.10990840965861781,0.01665278934221482,0.425531914893617,3.8716956802063187,1.0,0.012351627598705214,1.5494186942979615,0.7719237435008666,0.12578616352201258,0.354596660231276,0.2885235332043843
"frozenset({'Turkey Bacon & Eggs', 'Chana Masala'})",frozenset({'Chicken Biryani'}),0.019983347210657785,0.12822647793505412,0.01665278934221482,0.8333333333333333,6.498917748917748,1.0,0.014090395112038884,5.230641132389673,0.8633814783347492,0.12658227848101264,0.8088188475007958,0.4816017316017316
frozenset({'Chicken Biryani'}),"frozenset({'Turkey Bacon & Eggs', 'Chana Masala'})",0.12822647793505412,0.019983347210657785,0.01665278934221482,0.12987012987012986,6.498917748917749,1.0,0.014090395112038884,1.1262877949967067,0.9705826170009552,0.12658227848101264,0.1121274647187986,0.4816017316017316
frozenset({'Turkey Bacon & Eggs'}),"frozenset({'Chana Masala', 'Chicken Biryani'})",0.10990840965861781,0.03913405495420483,0.01665278934221482,0.15151515151515152,3.8716956802063187,1.0,0.012351627598705214,1.1324491495182585,0.8333021515434986,0.12578616352201258,0.11695814295467676,0.2885235332043843
frozenset({'Chana Masala'}),"frozenset({'Turkey Bacon & Eggs', 'Chicken Biryani'})",0.10741049125728559,0.028309741881765195,0.01665278934221482,0.15503875968992248,5.476516187870497,1.0,0.013612026059327468,1.149982048598645,0.9157649253731343,0.13986013986013984,0.1304212085583521,0.37163702690378475
"frozenset({'Mutton Karahi', 'Cold Brew Coffee'})",frozenset({'Chana Masala'}),0.02164862614487927,0.10741049125728559,0.01582014987510408,0.7307692307692308,6.803518187239118,1.0,0.013494860305837283,3.3153324610443686,0.871892497200448,0.1397058823529412,0.6983711251435133,0.4390280262373286
"frozenset({'Mutton Karahi', 'Chana Masala'})",frozenset({'Cold Brew Coffee'}),0.02497918401332223,0.06411323896752706,0.01582014987510408,0.6333333333333334,9.878354978354979,1.0,0.014218653481244122,2.552418439179472,0.9217942379432784,0.2159090909090909,0.6082147093712931,0.4400432900432901
"frozenset({'Cold Brew Coffee', 'Chana Masala'})",frozenset({'Mutton Karahi'}),0.020815986677768527,0.10657785179017486,0.01582014987510408,0.76,7.1309375,1.0,0.013601626732094613,3.7225922842076047,0.8780433225921948,0.1417910447761194,0.7313699906803355,0.45421875
frozenset({'Mutton Karahi'}),"frozenset({'Cold Brew Coffee', 'Chana Masala'})",0.10657785179017486,0.020815986677768527,0.01582014987510408,0.1484375,7.1309375,1.0,0.013601626732094613,1.1498674651857397,0.9623289351057046,0.1417910447761194,0.13033455569727892,0.45421875
frozenset({'Cold Brew Coffee'}),"frozenset({'Mutton Karahi', 'Chana Masala'})",0.06411323896752706,0.02497918401332223,0.01582014987510408,0.24675324675324678,9.878354978354979,1.0,0.014218653481244122,1.2944241867409343,0.9603390147967785,0.2159090909090909,0.22745572105093886,0.4400432900432901
frozenset({'Chana Masala'}),"frozenset({'Mutton Karahi', 'Cold Brew Coffee'})",0.10741049125728559,0.02164862614487927,0.01582014987510408,0.14728682170542637,6.803518187239117,1.0,0.013494860305837283,1.1473393384300963,0.9556657501963866,0.1397058823529412,0.1284182747814613,0.4390280262373286
"frozenset({'Smoked Beef Ribs', 'Cold Brew Coffee'})",frozenset({'Chana Masala'}),0.019150707743547043,0.10741049125728559,0.012489592006661115,0.6521739130434783,6.071789686552073,1.0,0.010432605080002023,2.566194837635304,0.8516129032258063,0.10948905109489052,0.6103179753406879,0.38422649140546006
"frozenset({'Smoked Beef Ribs', 'Chana Masala'})",frozenset({'Cold Brew Coffee'}),0.030807660283097418,0.06411323896752706,0.012489592006661115,0.40540540540540543,6.323271323271324,1.0,0.010514413120900498,1.573991370827341,0.8686139747995418,0.1515151515151515,0.36467250168317783,0.3001053001053001
"frozenset({'Cold Brew Coffee', 'Chana Masala'})",frozenset({'Smoked Beef Ribs'}),0.020815986677768527,0.16902581182348042,0.012489592006661115,0.6,3.549753694581281,1.0,0.008971152959544537,2.0774354704412987,0.7335600907029479,0.07042253521126761,0.5186372745490981,0.3369458128078818
frozenset({'Smoked Beef Ribs'}),"frozenset({'Cold Brew Coffee', 'Chana Masala'})",0.16902581182348042,0.020815986677768527,0.012489592006661115,0.07389162561576355,3.549753694581281,1.0,0.008971152959544537,1.0573103973638989,0.8643954575818303,0.07042253521126761,0.054203947588887774,0.3369458128078818
frozenset({'Cold Brew Coffee'}),"frozenset({'Smoked Beef Ribs', 'Chana Masala'})",0.06411323896752706,0.030807660283097418,0.012489592006661115,0.1948051948051948,6.323271323271323,1.0,0.010514413120900498,1.2036743573903466,0.8995255041518386,0.1515151515151515,0.1692105145713393,0.3001053001053001
frozenset({'Chana Masala'}),"frozenset({'Smoked Beef Ribs', 'Cold Brew Coffee'})",0.10741049125728559,0.019150707743547043,0.012489592006661115,0.11627906976744186,6.071789686552073,1.0,0.010432605080002023,1.1099084096586178,0.9358208955223881,0.10948905109489052,0.09902475618904726,0.38422649140546006
"frozenset({'Dal Makhani', 'Tandoori Chicken Pizza'})",frozenset({'Chana Masala'}),0.02164862614487927,0.10741049125728559,0.010824313072439634,0.5,4.655038759689923,1.0,0.008499023503172835,1.7851790174854287,0.8025531914893617,0.0915492957746479,0.43983208955223885,0.3003875968992248
"frozenset({'Chana Masala', 'Tandoori Chicken Pizza'})",frozenset({'Dal Makhani'}),0.018318068276436304,0.10491257285595337,0.010824313072439634,0.5909090909090909,5.632395382395383,1.0,0.008902517399807682,2.1879914885743363,0.8378025706269981,0.0962962962962963,0.5429598308668077,0.34704184704184704
"frozenset({'Dal Makhani', 'Chana Masala'})",frozenset({'Tandoori Chicken Pizza'}),0.018318068276436304,0.10241465445462115,0.010824313072439634,0.5909090909090909,5.769770879526977,1.0,0.008948274439632253,2.1940975113331485,0.8421086970705292,0.0984848484848485,0.5442317422836903,0.34830007390983003
frozenset({'Tandoori Chicken Pizza'}),"frozenset({'Dal Makhani', 'Chana Masala'})",0.10241465445462115,0.018318068276436304,0.010824313072439634,0.10569105691056911,5.769770879526977,1.0,0.008948274439632253,1.097698887290894,0.9210075638647067,0.0984848484848485,0.0890033582269665,0.34830007390983003
frozenset({'Dal Makhani'}),"frozenset({'Chana Masala', 'Tandoori Chicken Pizza'})",0.10491257285595337,0.018318068276436304,0.010824313072439634,0.10317460317460318,5.632395382395383,1.0,0.008902517399807682,1.0946187911253895,0.9188550983899821,0.0962962962962963,0.086439947763103,0.34704184704184704
frozenset({'Chana Masala'}),"frozenset({'Dal Makhani', 'Tandoori Chicken Pizza'})",0.10741049125728559,0.02164862614487927,0.010824313072439634,0.10077519379844962,4.655038759689923,1.0,0.008499023503172835,1.087994200235436,0.8796641791044777,0.0915492957746479,0.08087745340590469,0.3003875968992248
"frozenset({'Four-Cheese Pizza', 'Hawaiian Pizza'})",frozenset({'Chana Masala'}),0.0324729392173189,0.10741049125728559,0.011656952539550375,0.35897435897435903,3.3420791095209705,1.0,0.008169018185650176,1.3924396336386344,0.7243053848045241,0.09090909090909091,0.2818360122464601,0.23375074537865237
"frozenset({'Four-Cheese Pizza', 'Chana Masala'})",frozenset({'Hawaiian Pizza'}),0.018318068276436304,0.10574521232306411,0.011656952539550375,0.6363636363636364,6.017895490336436,1.0,0.009719904520310232,2.4592006661115735,0.8493881012964982,0.1037037037037037,0.5933638056543085,0.37329992841803866
"frozenset({'Hawaiian Pizza', 'Chana Masala'})",frozenset({'Four-Cheese Pizza'}),0.01498751040799334,0.1357202331390508,0.011656952539550375,0.7777777777777778,5.730743012951602,1.0,0.009622844132803569,3.8892589508742716,0.8380630358652337,0.08383233532934131,0.7428816099336331,0.43183367416496254
frozenset({'Four-Cheese Pizza'}),"frozenset({'Hawaiian Pizza', 'Chana Masala'})",0.1357202331390508,0.01498751040799334,0.011656952539550375,0.08588957055214724,5.730743012951602,1.0,0.009622844132803569,1.0775639986811885,0.9551334984860997,0.08383233532934131,0.07198087424609369,0.43183367416496254
frozenset({'Hawaiian Pizza'}),"frozenset({'Four-Cheese Pizza', 'Chana Masala'})",0.10574521232306411,0.018318068276436304,0.011656952539550375,0.11023622047244096,6.017895490336436,1.0,0.009719904520310232,1.103306241848607,0.9324288374567703,0.1037037037037037,0.0936333340011888,0.37329992841803866
frozenset({'Chana Masala'}),"frozenset({'Four-Cheese Pizza', 'Hawaiian Pizza'})",0.10741049125728559,0.0324729392173189,0.011656952539550375,0.10852713178294573,3.34207910952097,1.0,0.008169018185650176,1.0853129638344858,0.78511460554371,0.09090909090909091,0.07860678594777783,0.23375074537865237
"frozenset({'Four-Cheese Pizza', 'Mutton Karahi'})",frozenset({'Chana Masala'}),0.018318068276436304,0.10741049125728559,0.010824313072439634,0.5909090909090909,5.5014094432699086,1.0,0.008856760359983113,2.1818854658155242,0.8334964441834671,0.09420289855072465,0.5416808005427409,0.3458421423537703
"frozenset({'Four-Cheese Pizza', 'Chana Masala'})",frozenset({'Mutton Karahi'}),0.018318068276436304,0.10657785179017486,0.010824313072439634,0.5909090909090909,5.544389204545455,1.0,0.008872012706591301,2.183920806735128,0.834931819664644,0.09489051094890512,0.5421079386596628,0.34623579545454547
"frozenset({'Mutton Karahi', 'Chana Masala'})",frozenset({'Four-Cheese Pizza'}),0.02497918401332223,0.1357202331390508,0.010824313072439634,0.4333333333333334,3.1928425357873214,1.0,0.0074341323945282915,1.5251995885781457,0.7043946659659727,0.07222222222222223,0.3443481053307644,0.25654396728016365
frozenset({'Four-Cheese Pizza'}),"frozenset({'Mutton Karahi', 'Chana Masala'})",0.1357202331390508,0.02497918401332223,0.010824313072439634,0.07975460122699386,3.192842535787321,1.0,0.0074341323945282915,1.0595226200388566,0.7946494738402254,0.07222222222222223,0.05617871569053768,0.25654396728016365
frozenset({'Mutton Karahi'}),"frozenset({'Four-Cheese Pizza', 'Chana Masala'})",0.10657785179017486,0.018318068276436304,0.010824313072439634,0.1015625,5.544389204545454,1.0,0.008872012706591301,1.0926546718314447,0.917413434654814,0.09489051094890512,0.08479776293469041,0.34623579545454547
frozenset({'Chana Masala'}),"frozenset({'Four-Cheese Pizza', 'Mutton Karahi'})",0.10741049125728559,0.018318068276436304,0.010824313072439634,0.10077519379844962,5.5014094432699086,1.0,0.008856760359983113,1.0916980102787905,0.9166905855338693,0.09420289855072465,0.08399576569290754,0.3458421423537703
"frozenset({'Four-Cheese Pizza', 'Turkey Bacon & Eggs'})",frozenset({'Chana Masala'}),0.029142381348875937,0.10741049125728559,0.012489592006661115,0.42857142857142855,3.990033222591362,1.0,0.009359394509571194,1.5620316402997503,0.7718696397941681,0.10067114093959731,0.35980810234541577,0.2724252491694352
"frozenset({'Four-Cheese Pizza', 'Chana Masala'})",frozenset({'Turkey Bacon & Eggs'}),0.018318068276436304,0.10990840965861781,0.012489592006661115,0.6818181818181818,6.203512396694215,1.0,0.010476282254380022,2.7974307125014866,0.8544529262086514,0.10791366906474818,0.6425291266264137,0.3977272727272727
"frozenset({'Turkey Bacon & Eggs', 'Chana Masala'})",frozenset({'Four-Cheese Pizza'}),0.019983347210657785,0.1357202331390508,0.012489592006661115,0.625,4.605061349693251,1.0,0.00977744746433204,2.304746044962531,0.7988105352591334,0.08720930232558138,0.5661127167630058,0.3585122699386503
frozenset({'Four-Cheese Pizza'}),"frozenset({'Turkey Bacon & Eggs', 'Chana Masala'})",0.1357202331390508,0.019983347210657785,0.012489592006661115,0.09202453987730061,4.605061349693251,1.0,0.00977744746433204,1.0793426648963702,0.9057803468208092,0.08720930232558138,0.07351017195636196,0.3585122699386503
frozenset({'Turkey Bacon & Eggs'}),"frozenset({'Four-Cheese Pizza', 'Chana Masala'})",0.10990840965861781,0.018318068276436304,0.012489592006661115,0.11363636363636363,6.203512396694214,1.0,0.010476282254380022,1.107538589636841,0.9423760523854069,0.10791366906474818,0.0970969234328013,0.3977272727272727
frozenset({'Chana Masala'}),"frozenset({'Four-Cheese Pizza', 'Turkey Bacon & Eggs'})",0.10741049125728559,0.029142381348875937,0.012489592006661115,0.11627906976744186,3.990033222591362,1.0,0.009359394509571194,1.0986020421578508,0.8395522388059703,0.10067114093959731,0.08975228369699628,0.2724252491694352
"frozenset({'Granola Yogurt Bowl', 'Grilled Prawns'})",frozenset({'Chana Masala'}),0.035803497085761866,0.10741049125728559,0.010824313072439634,0.3023255813953489,2.814674598882279,1.0,0.006978641861729159,1.2793782958645574,0.6686594924936894,0.08176100628930819,0.2183703575147519,0.20155038759689925
"frozenset({'Granola Yogurt Bowl', 'Chana Masala'})",frozenset({'Grilled Prawns'}),0.014154870940882597,0.10824313072439634,0.010824313072439634,0.7647058823529412,7.064705882352941,1.0,0.009292145526798721,3.7899666944213166,0.8707770270270271,0.09701492537313434,0.7361454385675839,0.4323529411764706
"frozenset({'Grilled Prawns', 'Chana Masala'})",frozenset({'Granola Yogurt Bowl'}),0.01665278934221482,0.11323896752706078,0.010824313072439634,0.6500000000000001,5.740073529411766,1.0,0.008938568400881586,2.5336029499226846,0.8397707288477821,0.09090909090909093,0.605305164319249,0.3727941176470589
frozenset({'Granola Yogurt Bowl'}),"frozenset({'Grilled Prawns', 'Chana Masala'})",0.11323896752706078,0.01665278934221482,0.010824313072439634,0.09558823529411765,5.740073529411766,1.0,0.008938568400881586,1.0872782166622665,0.9312387143373059,0.09090909090909093,0.08027220202221448,0.3727941176470589
frozenset({'Grilled Prawns'}),"frozenset({'Granola Yogurt Bowl', 'Chana Masala'})",0.10824313072439634,0.014154870940882597,0.010824313072439634,0.1,7.064705882352942,1.0,0.009292145526798721,1.0953834767323527,0.9626517273576098,0.09701492537313434,0.08707770270270272,0.4323529411764706
frozenset({'Chana Masala'}),"frozenset({'Granola Yogurt Bowl', 'Grilled Prawns'})",0.10741049125728559,0.035803497085761866,0.010824313072439634,0.10077519379844962,2.814674598882279,1.0,0.006978641861729159,1.0722530075511785,0.7223019517795638,0.08176100628930819,0.06738428994122453,0.20155038759689925
"frozenset({'Paratha with Omelette', 'Spicy Chicken Fajita Pizza'})",frozenset({'Chana Masala'}),0.02414654454621149,0.10741049125728559,0.011656952539550375,0.48275862068965514,4.49452018176958,1.0,0.009063360327675869,1.7256730502359143,0.7967454900048757,0.09722222222222222,0.42051595470921255,0.2956428762363004
"frozenset({'Paratha with Omelette', 'Chana Masala'})",frozenset({'Spicy Chicken Fajita Pizza'}),0.01665278934221482,0.08326394671107411,0.011656952539550375,0.7000000000000001,8.407,1.0,0.010270375575169457,3.0557868442964207,0.895971936615459,0.1320754716981132,0.6727520435967304,0.42000000000000004
"frozenset({'Spicy Chicken Fajita Pizza', 'Chana Masala'})",frozenset({'Paratha with Omelette'}),0.02414654454621149,0.12489592006661115,0.011656952539550375,0.48275862068965514,3.865287356321839,1.0,0.008641147642021878,1.6918678878712183,0.7596294490492442,0.08484848484848485,0.4089373010925555,0.28804597701149426
frozenset({'Paratha with Omelette'}),"frozenset({'Spicy Chicken Fajita Pizza', 'Chana Masala'})",0.12489592006661115,0.02414654454621149,0.011656952539550375,0.09333333333333334,3.865287356321839,1.0,0.008641147642021878,1.0763089582210903,0.8470844094060078,0.08484848484848485,0.07089874857792947,0.28804597701149426
frozenset({'Spicy Chicken Fajita Pizza'}),"frozenset({'Paratha with Omelette', 'Chana Masala'})",0.08326394671107411,0.01665278934221482,0.011656952539550375,0.13999999999999999,8.407,1.0,0.010270375575169457,1.1434269891369595,0.9610743479953288,0.1320754716981132,0.12543607112616426,0.42000000000000004
frozenset({'Chana Masala'}),"frozenset({'Paratha with Omelette', 'Spicy Chicken Fajita Pizza'})",0.10741049125728559,0.02414654454621149,0.011656952539550375,0.10852713178294573,4.49452018176958,1.0,0.009063360327675869,1.0946530065525106,0.8710687633262261,0.09722222222222222,0.08646850279122682,0.2956428762363004
"frozenset({'Veggie Supreme Pizza', 'Scrambled Eggs Meal'})",frozenset({'Chana Masala'}),0.01582014987510408,0.10741049125728559,0.012489592006661115,0.7894736842105262,7.350061199510403,1.0,0.0107903419368123,4.239800166527891,0.8778341793570219,0.11278195488721804,0.7641398271798899,0.45287637698898403
"frozenset({'Chana Masala', 'Scrambled Eggs Meal'})",frozenset({'Veggie Supreme Pizza'}),0.017485428809325562,0.11323896752706078,0.012489592006661115,0.7142857142857142,6.307773109243697,1.0,0.010509560101525164,3.103663613655286,0.8564406779661016,0.1056338028169014,0.6778001341381622,0.41228991596638653
"frozenset({'Veggie Supreme Pizza', 'Chana Masala'})",frozenset({'Scrambled Eggs Meal'}),0.019983347210657785,0.06078268109908409,0.012489592006661115,0.625,10.282534246575343,1.0,0.011274950585863431,2.504579517069109,0.9211554800339847,0.18292682926829268,0.6007313829787234,0.4152397260273972
frozenset({'Scrambled Eggs Meal'}),"frozenset({'Veggie Supreme Pizza', 'Chana Masala'})",0.06078268109908409,0.019983347210657785,0.012489592006661115,0.2054794520547945,10.282534246575342,1.0,0.011274950585863431,1.2334692354072754,0.9611702127659575,0.18292682926829268,0.1892785232946544,0.4152397260273972
frozenset({'Veggie Supreme Pizza'}),"frozenset({'Chana Masala', 'Scrambled Eggs Meal'})",0.11323896752706078,0.017485428809325562,0.012489592006661115,0.11029411764705882,6.307773109243697,1.0,0.010509560101525164,1.104313898197783,0.9489201877934271,0.1056338028169014,0.09446036889332003,0.41228991596638653
frozenset({'Chana Masala'}),"frozenset({'Veggie Supreme Pizza', 'Scrambled Eggs Meal'})",0.10741049125728559,0.01582014987510408,0.012489592006661115,0.11627906976744186,7.350061199510403,1.0,0.0107903419368123,1.11367719882554,0.9679104477611941,0.11278195488721804,0.10207374178570022,0.45287637698898403
"frozenset({'Smoked Beef Ribs', 'Spicy Chicken Fajita Pizza'})",frozenset({'Chana Masala'}),0.013322231473771857,0.10741049125728559,0.011656952539550375,0.875,8.146317829457365,1.0,0.010226005112309268,7.140716069941715,0.8890898131404461,0.10687022900763359,0.8599580223880597,0.49176356589147285
"frozenset({'Smoked Beef Ribs', 'Chana Masala'})",frozenset({'Spicy Chicken Fajita Pizza'}),0.030807660283097418,0.08326394671107411,0.011656952539550375,0.3783783783783784,4.544324324324324,1.0,0.009091785155445677,1.4747493031169678,0.8047373588610702,0.11382113821138211,0.32191864889412575,0.2591891891891892
"frozenset({'Spicy Chicken Fajita Pizza', 'Chana Masala'})",frozenset({'Smoked Beef Ribs'}),0.02414654454621149,0.16902581182348042,0.011656952539550375,0.48275862068965514,2.8561236623067776,1.0,0.007575563244895144,1.6065500971412712,0.6659556313993173,0.06422018348623854,0.3775481998479718,0.27586206896551724
frozenset({'Smoked Beef Ribs'}),"frozenset({'Spicy Chicken Fajita Pizza', 'Chana Masala'})",0.16902581182348042,0.02414654454621149,0.011656952539550375,0.06896551724137931,2.8561236623067776,1.0,0.007575563244895144,1.0481388965985137,0.782064128256513,0.06422018348623854,0.045927974579263266,0.27586206896551724
frozenset({'Spicy Chicken Fajita Pizza'}),"frozenset({'Smoked Beef Ribs', 'Chana Masala'})",0.08326394671107411,0.030807660283097418,0.011656952539550375,0.13999999999999999,4.544324324324324,1.0,0.009091785155445677,1.1269678368801193,0.8507850006487607,0.11382113821138211,0.11266323024054982,0.2591891891891892
frozenset({'Chana Masala'}),"frozenset({'Smoked Beef Ribs', 'Spicy Chicken Fajita Pizza'})",0.10741049125728559,0.013322231473771857,0.011656952539550375,0.10852713178294573,8.146317829457365,1.0,0.010226005112309268,1.1067950620859428,0.9828091684434969,0.10687022900763359,0.09649036731756779,0.49176356589147285
"frozenset({'Mutton Karahi', 'Chocolate Shake'})",frozenset({'Chicken Biryani'}),0.01498751040799334,0.12822647793505412,0.011656952539550375,0.7777777777777778,6.065656565656566,1.0,0.009735156866918422,3.9229808492922564,0.8478444632290786,0.08860759493670886,0.745091796667728,0.43434343434343436
"frozenset({'Mutton Karahi', 'Chicken Biryani'})",frozenset({'Chocolate Shake'}),0.029142381348875937,0.05245628642797669,0.011656952539550375,0.4,7.625396825396826,1.0,0.010128251436320413,1.5792395226200389,0.8949399656946827,0.16666666666666666,0.3667838312829526,0.3111111111111111
"frozenset({'Chocolate Shake', 'Chicken Biryani'})",frozenset({'Mutton Karahi'}),0.017485428809325562,0.10657785179017486,0.011656952539550375,0.6666666666666666,6.255208333333333,1.0,0.009793393099422421,2.680266444629475,0.8550847457627118,0.1037037037037037,0.6269027648337993,0.3880208333333333
frozenset({'Mutton Karahi'}),"frozenset({'Chocolate Shake', 'Chicken Biryani'})",0.10657785179017486,0.017485428809325562,0.011656952539550375,0.109375,6.255208333333333,1.0,0.009793393099422421,1.1031742553719852,0.940354147250699,0.1037037037037037,0.09352489406779661,0.3880208333333333
frozenset({'Chocolate Shake'}),"frozenset({'Mutton Karahi', 'Chicken Biryani'})",0.05245628642797669,0.029142381348875937,0.011656952539550375,0.2222222222222222,7.625396825396825,1.0,0.010128251436320413,1.2482455096943024,0.9169595782073814,0.16666666666666666,0.1988755479321517,0.3111111111111111
frozenset({'Chicken Biryani'}),"frozenset({'Mutton Karahi', 'Chocolate Shake'})",0.12822647793505412,0.01498751040799334,0.011656952539550375,0.09090909090909091,6.065656565656566,1.0,0.009735156866918422,1.0835137385512075,0.9579751671442216,0.08860759493670886,0.07707676938446169,0.43434343434343436
"frozenset({'Mutton Karahi', 'Cold Brew Coffee'})",frozenset({'Chicken Biryani'}),0.02164862614487927,0.12822647793505412,0.01498751040799334,0.6923076923076923,5.399100899100899,1.0,0.012211583325302741,2.833263946711074,0.8328132387706855,0.1111111111111111,0.6470501800014694,0.4045954045954046
"frozenset({'Mutton Karahi', 'Chicken Biryani'})",frozenset({'Cold Brew Coffee'}),0.029142381348875937,0.06411323896752706,0.01498751040799334,0.5142857142857143,8.021521335807051,1.0,0.013119097948490054,1.926825684478621,0.9016104440632743,0.1914893617021277,0.4810116929334012,0.37402597402597404
"frozenset({'Cold Brew Coffee', 'Chicken Biryani'})",frozenset({'Mutton Karahi'}),0.018318068276436304,0.10657785179017486,0.01498751040799334,0.8181818181818181,7.67684659090909,1.0,0.013035210042145008,4.913821815154036,0.8859673923287156,0.13636363636363638,0.7964924171820723,0.47940340909090906
frozenset({'Mutton Karahi'}),"frozenset({'Cold Brew Coffee', 'Chicken Biryani'})",0.10657785179017486,0.018318068276436304,0.01498751040799334,0.140625,7.676846590909091,1.0,0.013035210042145008,1.1423207932783286,0.9734907321114219,0.13636363636363638,0.12458916454622561,0.47940340909090906
frozenset({'Cold Brew Coffee'}),"frozenset({'Mutton Karahi', 'Chicken Biryani'})",0.06411323896752706,0.029142381348875937,0.01498751040799334,0.23376623376623376,8.02152133580705,1.0,0.013119097948490054,1.267051468409094,0.935300514037169,0.1914893617021277,0.2107660778329732,0.37402597402597404
frozenset({'Chicken Biryani'}),"frozenset({'Mutton Karahi', 'Cold Brew Coffee'})",0.12822647793505412,0.02164862614487927,0.01498751040799334,0.11688311688311688,5.399100899100898,1.0,0.012211583325302741,1.1078390556888869,0.9346280377799002,0.1111111111111111,0.09734180712904117,0.4045954045954046
"frozenset({'Dal Makhani', 'Grilled Chicken Breast'})",frozenset({'Chicken Biryani'}),0.030807660283097418,0.12822647793505412,0.013322231473771857,0.43243243243243246,3.3724113724113725,1.0,0.009371873702250623,1.5359819198287141,0.7258376288659795,0.09142857142857143,0.34895066986757534,0.2681642681642682
"frozenset({'Dal Makhani', 'Chicken Biryani'})",frozenset({'Grilled Chicken Breast'}),0.019983347210657785,0.14238134887593673,0.013322231473771857,0.6666666666666667,4.682261208576998,1.0,0.010476975542862213,2.5728559533721906,0.8024638912489379,0.08938547486033518,0.6113268608414241,0.3801169590643275
"frozenset({'Grilled Chicken Breast', 'Chicken Biryani'})",frozenset({'Dal Makhani'}),0.028309741881765195,0.10491257285595337,0.013322231473771857,0.4705882352941177,4.485527544351074,1.0,0.010352183616067932,1.6907206957165328,0.799700085689803,0.11111111111111112,0.4085362517099863,0.29878618113912236
frozenset({'Dal Makhani'}),"frozenset({'Grilled Chicken Breast', 'Chicken Biryani'})",0.10491257285595337,0.028309741881765195,0.013322231473771857,0.12698412698412698,4.485527544351074,1.0,0.010352183616067932,1.1130270229354327,0.868139534883721,0.11111111111111112,0.10154921723045116,0.29878618113912236
frozenset({'Grilled Chicken Breast'}),"frozenset({'Dal Makhani', 'Chicken Biryani'})",0.14238134887593673,0.019983347210657785,0.013322231473771857,0.0935672514619883,4.682261208576998,1.0,0.010476975542862213,1.0811796621095324,0.9169902912621357,0.08938547486033518,0.07508434070165501,0.3801169590643275
frozenset({'Chicken Biryani'}),"frozenset({'Dal Makhani', 'Grilled Chicken Breast'})",0.12822647793505412,0.030807660283097418,0.013322231473771857,0.1038961038961039,3.372411372411373,1.0,0.009371873702250623,1.0815624660608913,0.806948424068768,0.09142857142857143,0.0754117017003615,0.2681642681642682
"frozenset({'Dal Makhani', 'Mango Smoothie'})",frozenset({'Chicken Biryani'}),0.014154870940882597,0.12822647793505412,0.011656952539550375,0.823529411764706,6.422459893048129,1.0,0.009841923293175753,4.940049958368029,0.856418918918919,0.08917197452229299,0.797572897353784,0.45721925133689845
"frozenset({'Dal Makhani', 'Chicken Biryani'})",frozenset({'Mango Smoothie'}),0.019983347210657785,0.06328059950041633,0.011656952539550375,0.5833333333333334,9.218201754385964,1.0,0.010392394348034979,2.248126561199001,0.9096977788566574,0.1627906976744186,0.5551851851851852,0.38377192982456143
"frozenset({'Mango Smoothie', 'Chicken Biryani'})",frozenset({'Dal Makhani'}),0.018318068276436304,0.10491257285595337,0.011656952539550375,0.6363636363636364,6.065656565656566,1.0,0.009735156866918422,2.4614904246461284,0.8507209499575912,0.1044776119402985,0.5937420718816068,0.3737373737373737
frozenset({'Dal Makhani'}),"frozenset({'Mango Smoothie', 'Chicken Biryani'})",0.10491257285595337,0.018318068276436304,0.011656952539550375,0.1111111111111111,6.065656565656565,1.0,0.009735156866918422,1.1043921731890092,0.9330232558139535,0.1044776119402985,0.0945245499952879,0.3737373737373737
frozenset({'Mango Smoothie'}),"frozenset({'Dal Makhani', 'Chicken Biryani'})",0.06328059950041633,0.019983347210657785,0.011656952539550375,0.18421052631578946,9.218201754385964,1.0,0.010392394348034979,1.2013107356772583,0.9517460317460318,0.1627906976744186,0.1675759066314895,0.38377192982456143
frozenset({'Chicken Biryani'}),"frozenset({'Dal Makhani', 'Mango Smoothie'})",0.12822647793505412,0.014154870940882597,0.011656952539550375,0.09090909090909091,6.422459893048129,1.0,0.009841923293175753,1.0844296419650292,0.9684813753581663,0.08917197452229299,0.07785626535626537,0.45721925133689845
"frozenset({'Four-Cheese Pizza', 'Hawaiian Pizza'})",frozenset({'Chicken Biryani'}),0.0324729392173189,0.12822647793505412,0.011656952539550375,0.35897435897435903,2.7995337995338,1.0,0.007493061915514479,1.3599666944213156,0.6643717728055076,0.0782122905027933,0.26468787500306135,0.22494172494172499
"frozenset({'Four-Cheese Pizza', 'Chicken Biryani'})",frozenset({'Hawaiian Pizza'}),0.03330557868442964,0.10574521232306411,0.011656952539550375,0.35000000000000003,3.3098425196850396,1.0,0.008135047050022845,1.3757765964260553,0.721914605635536,0.09150326797385623,0.2731378026070764,0.2301181102362205
"frozenset({'Hawaiian Pizza', 'Chicken Biryani'})",frozenset({'Four-Cheese Pizza'}),0.017485428809325562,0.1357202331390508,0.011656952539550375,0.6666666666666666,4.912065439672801,1.0,0.009283826065012435,2.592839300582847,0.8105932203389831,0.08235294117647057,0.6143224149004496,0.37627811860940696
frozenset({'Four-Cheese Pizza'}),"frozenset({'Hawaiian Pizza', 'Chicken Biryani'})",0.1357202331390508,0.017485428809325562,0.011656952539550375,0.08588957055214724,4.912065439672801,1.0,0.009283826065012435,1.074831376537449,0.9214836223506745,0.08235294117647057,0.06962150358739733,0.37627811860940696
frozenset({'Hawaiian Pizza'}),"frozenset({'Four-Cheese Pizza', 'Chicken Biryani'})",0.10574521232306411,0.03330557868442964,0.011656952539550375,0.11023622047244096,3.30984251968504,1.0,0.008135047050022845,1.0864618717440482,0.7803937217345039,0.09150326797385623,0.0795811376291142,0.2301181102362205
frozenset({'Chicken Biryani'}),"frozenset({'Four-Cheese Pizza', 'Hawaiian Pizza'})",0.12822647793505412,0.0324729392173189,0.011656952539550375,0.09090909090909091,2.7995337995338,1.0,0.007493061915514479,1.0642797668609494,0.7373447946513849,0.0782122905027933,0.0603974338914098,0.22494172494172499
"frozenset({'Four-Cheese Pizza', 'Mutton Karahi'})",frozenset({'Chicken Biryani'}),0.018318068276436304,0.12822647793505412,0.010824313072439634,0.5909090909090909,4.608323494687132,1.0,0.00847545169477836,2.1310019428254234,0.7976120571540419,0.07975460122699386,0.5307371711383173,0.33766233766233766
"frozenset({'Four-Cheese Pizza', 'Chicken Biryani'})",frozenset({'Mutton Karahi'}),0.03330557868442964,0.10657785179017486,0.010824313072439634,0.32500000000000007,3.0494140625000004,1.0,0.007274676043624485,1.3235883677182596,0.6952229510369045,0.08387096774193549,0.24447809878844368,0.21328125000000003
"frozenset({'Mutton Karahi', 'Chicken Biryani'})",frozenset({'Four-Cheese Pizza'}),0.029142381348875937,0.1357202331390508,0.010824313072439634,0.37142857142857144,2.7367221735319895,1.0,0.006869102281543067,1.3749905381878738,0.653648238553899,0.07027027027027029,0.27272226809799066,0.22559158632778264
frozenset({'Four-Cheese Pizza'}),"frozenset({'Mutton Karahi', 'Chicken Biryani'})",0.1357202331390508,0.029142381348875937,0.010824313072439634,0.07975460122699386,2.7367221735319895,1.0,0.006869102281543067,1.0549986122675548,0.7342522602638211,0.07027027027027029,0.05213145460859316,0.22559158632778264
frozenset({'Mutton Karahi'}),"frozenset({'Four-Cheese Pizza', 'Chicken Biryani'})",0.10657785179017486,0.03330557868442964,0.010824313072439634,0.1015625,3.0494140625000004,1.0,0.007274676043624485,1.075972921116461,0.752240303964442,0.08387096774193549,0.07060858096468561,0.21328125000000003
frozenset({'Chicken Biryani'}),"frozenset({'Four-Cheese Pizza', 'Mutton Karahi'})",0.12822647793505412,0.018318068276436304,0.010824313072439634,0.08441558441558442,4.608323494687131,1.0,0.00847545169477836,1.0721916133718354,0.8981705973109986,0.07975460122699386,0.06733088794157496,0.33766233766233766
"frozenset({'Four-Cheese Pizza', 'Turkey Bacon & Eggs'})",frozenset({'Chicken Biryani'}),0.029142381348875937,0.12822647793505412,0.01665278934221482,0.5714285714285714,4.456400742115028,1.0,0.012915964423208246,2.03413821815154,0.798885077186964,0.11834319526627217,0.5083913221449038,0.35064935064935066
"frozenset({'Four-Cheese Pizza', 'Chicken Biryani'})",frozenset({'Turkey Bacon & Eggs'}),0.03330557868442964,0.10990840965861781,0.01665278934221482,0.5,4.549242424242425,1.0,0.012992226156249198,1.7801831806827644,0.8070628768303187,0.13157894736842107,0.4382600561272217,0.32575757575757575
"frozenset({'Turkey Bacon & Eggs', 'Chicken Biryani'})",frozenset({'Four-Cheese Pizza'}),0.028309741881765195,0.1357202331390508,0.01665278934221482,0.5882352941176471,4.33417538794659,1.0,0.012810584573915297,2.0989651480908766,0.7916880891173949,0.11299435028248586,0.5235747478182025,0.35546734031035726
frozenset({'Four-Cheese Pizza'}),"frozenset({'Turkey Bacon & Eggs', 'Chicken Biryani'})",0.1357202331390508,0.028309741881765195,0.01665278934221482,0.12269938650306747,4.33417538794659,1.0,0.012810584573915297,1.1075909935193866,0.890077071290944,0.11299435028248586,0.09713964283649018,0.35546734031035726
frozenset({'Turkey Bacon & Eggs'}),"frozenset({'Four-Cheese Pizza', 'Chicken Biryani'})",0.10990840965861781,0.03330557868442964,0.01665278934221482,0.15151515151515152,4.549242424242425,1.0,0.012992226156249198,1.1393184251219222,0.8765201122544435,0.13157894736842107,0.12228225406519981,0.32575757575757575
frozenset({'Chicken Biryani'}),"frozenset({'Four-Cheese Pizza', 'Turkey Bacon & Eggs'})",0.12822647793505412,0.029142381348875937,0.01665278934221482,0.12987012987012986,4.456400742115028,1.0,0.012915964423208246,1.115761740837859,0.8896848137535817,0.11834319526627217,0.10375130872557972,0.35064935064935066
"frozenset({'Mutton Karahi', 'Hawaiian Pizza'})",frozenset({'Chicken Biryani'}),0.019983347210657785,0.12822647793505412,0.011656952539550375,0.5833333333333334,4.549242424242425,1.0,0.009094558309374438,2.09225645295587,0.7960917587085811,0.08536585365853659,0.5220471187519898,0.33712121212121215
"frozenset({'Mutton Karahi', 'Chicken Biryani'})",frozenset({'Hawaiian Pizza'}),0.029142381348875937,0.10574521232306411,0.011656952539550375,0.4,3.782677165354331,1.0,0.008575285236213785,1.4904246461282264,0.7577186963979416,0.09459459459459461,0.32905027932960895,0.2551181102362205
"frozenset({'Hawaiian Pizza', 'Chicken Biryani'})",frozenset({'Mutton Karahi'}),0.017485428809325562,0.10657785179017486,0.011656952539550375,0.6666666666666666,6.255208333333333,1.0,0.009793393099422421,2.680266444629475,0.8550847457627118,0.1037037037037037,0.6269027648337993,0.3880208333333333
frozenset({'Mutton Karahi'}),"frozenset({'Hawaiian Pizza', 'Chicken Biryani'})",0.10657785179017486,0.017485428809325562,0.011656952539550375,0.109375,6.255208333333333,1.0,0.009793393099422421,1.1031742553719852,0.940354147250699,0.1037037037037037,0.09352489406779661,0.3880208333333333
frozenset({'Hawaiian Pizza'}),"frozenset({'Mutton Karahi', 'Chicken Biryani'})",0.10574521232306411,0.029142381348875937,0.011656952539550375,0.11023622047244096,3.782677165354331,1.0,0.008575285236213785,1.091140863439759,0.8226256983240223,0.09459459459459461,0.08352804527221405,0.2551181102362205
frozenset({'Chicken Biryani'}),"frozenset({'Mutton Karahi', 'Hawaiian Pizza'})",0.12822647793505412,0.019983347210657785,0.011656952539550375,0.09090909090909091,4.549242424242425,1.0,0.009094558309374438,1.0780183180682765,0.894937917860554,0.08536585365853659,0.07237197806441648,0.33712121212121215
"frozenset({'Mutton Karahi', 'Turkey Bacon & Eggs'})",frozenset({'Chicken Biryani'}),0.022481265611990008,0.12822647793505412,0.013322231473771857,0.5925925925925927,4.621452621452622,1.0,0.01043953796482393,2.1398077359775947,0.8016396933560477,0.09696969696969696,0.5326682938908346,0.3482443482443483
"frozenset({'Mutton Karahi', 'Chicken Biryani'})",frozenset({'Turkey Bacon & Eggs'}),0.029142381348875937,0.10990840965861781,0.013322231473771857,0.45714285714285713,4.159307359307359,1.0,0.010119238686051937,1.6396424032604406,0.7823756432246998,0.10596026490066227,0.3901109180809835,0.2891774891774892
"frozenset({'Turkey Bacon & Eggs', 'Chicken Biryani'})",frozenset({'Mutton Karahi'}),0.028309741881765195,0.10657785179017486,0.013322231473771857,0.4705882352941177,4.415441176470589,1.0,0.010305039999278981,1.6875751688407812,0.7960582690659812,0.1095890410958904,0.40743380297132836,0.2977941176470589
frozenset({'Mutton Karahi'}),"frozenset({'Turkey Bacon & Eggs', 'Chicken Biryani'})",0.10657785179017486,0.028309741881765195,0.013322231473771857,0.125,4.415441176470589,1.0,0.010305039999278981,1.1105031521351256,0.8657968313140728,0.1095890410958904,0.09950728363324765,0.2977941176470589
frozenset({'Turkey Bacon & Eggs'}),"frozenset({'Mutton Karahi', 'Chicken Biryani'})",0.10990840965861781,0.029142381348875937,0.013322231473771857,0.12121212121212123,4.15930735930736,1.0,0.010119238686051937,1.1047690143271411,0.8533676333021515,0.10596026490066227,0.09483341129996363,0.2891774891774892
frozenset({'Chicken Biryani'}),"frozenset({'Mutton Karahi', 'Turkey Bacon & Eggs'})",0.12822647793505412,0.022481265611990008,0.013322231473771857,0.1038961038961039,4.6214526214526215,1.0,0.01043953796482393,1.090854239824301,0.8988777459407832,0.09696969696969696,0.0832872408681608,0.3482443482443483
"frozenset({'Paratha with Omelette', 'Spicy Chicken Fajita Pizza'})",frozenset({'Chicken Biryani'}),0.02414654454621149,0.12822647793505412,0.011656952539550375,0.48275862068965514,3.764890282131661,1.0,0.008560726178087785,1.6854288093255618,0.7525597269624573,0.08284023668639054,0.4066791818990218,0.28683385579937304
"frozenset({'Paratha with Omelette', 'Chicken Biryani'})",frozenset({'Spicy Chicken Fajita Pizza'}),0.020815986677768527,0.08326394671107411,0.011656952539550375,0.5599999999999999,6.725599999999999,1.0,0.009923731334074228,2.083491030202104,0.8694120505344995,0.12612612612612611,0.5200363306085376,0.35
"frozenset({'Spicy Chicken Fajita Pizza', 'Chicken Biryani'})",frozenset({'Paratha with Omelette'}),0.025811823480432972,0.12489592006661115,0.011656952539550375,0.45161290322580644,3.6159139784946235,1.0,0.008433161097364741,1.595778028113827,0.7426129426129426,0.08383233532934131,0.37334642890027925,0.2724731182795699
frozenset({'Paratha with Omelette'}),"frozenset({'Spicy Chicken Fajita Pizza', 'Chicken Biryani'})",0.12489592006661115,0.025811823480432972,0.011656952539550375,0.09333333333333334,3.615913978494624,1.0,0.008433161097364741,1.0744722535142284,0.8266956639934756,0.08383233532934131,0.06931054131054132,0.2724731182795699
frozenset({'Spicy Chicken Fajita Pizza'}),"frozenset({'Paratha with Omelette', 'Chicken Biryani'})",0.08326394671107411,0.020815986677768527,0.011656952539550375,0.13999999999999999,6.725599999999999,1.0,0.009923731334074228,1.1385860620025947,0.928636304658103,0.12612612612612611,0.12171768707482991,0.35
frozenset({'Chicken Biryani'}),"frozenset({'Paratha with Omelette', 'Spicy Chicken Fajita Pizza'})",0.12822647793505412,0.02414654454621149,0.011656952539550375,0.09090909090909091,3.7648902821316614,1.0,0.008560726178087785,1.0734388009991673,0.8424068767908309,0.08284023668639054,0.06841452063295067,0.28683385579937304
"frozenset({'Smoked Beef Ribs', 'Spicy Chicken Fajita Pizza'})",frozenset({'Chicken Biryani'}),0.013322231473771857,0.12822647793505412,0.012489592006661115,0.9374999999999999,7.311282467532466,1.0,0.010781329186543825,13.948376353039109,0.8748804500703236,0.0967741935483871,0.9283070678127984,0.5174512987012987
"frozenset({'Smoked Beef Ribs', 'Chicken Biryani'})",frozenset({'Spicy Chicken Fajita Pizza'}),0.02497918401332223,0.08326394671107411,0.012489592006661115,0.5,6.005,1.0,0.01040972656008974,1.8334721065778519,0.8548249359521777,0.13043478260869562,0.4545867393278837,0.325
"frozenset({'Spicy Chicken Fajita Pizza', 'Chicken Biryani'})",frozenset({'Smoked Beef Ribs'}),0.025811823480432972,0.16902581182348042,0.012489592006661115,0.48387096774193544,2.8627045924042585,1.0,0.008126727588236557,1.6100124895920067,0.6679202279202279,0.0684931506849315,0.3788868058698041,0.2788812966788495
frozenset({'Smoked Beef Ribs'}),"frozenset({'Spicy Chicken Fajita Pizza', 'Chicken Biryani'})",0.16902581182348042,0.025811823480432972,0.012489592006661115,0.07389162561576355,2.862704592404259,1.0,0.008126727588236557,1.0519159565610219,0.7830327321309284,0.0684931506849315,0.04935371142267695,0.2788812966788495
frozenset({'Spicy Chicken Fajita Pizza'}),"frozenset({'Smoked Beef Ribs', 'Chicken Biryani'})",0.08326394671107411,0.02497918401332223,0.012489592006661115,0.15,6.005,1.0,0.01040972656008974,1.1470833129255034,0.9091734786557675,0.13043478260869562,0.12822374039282664,0.325
frozenset({'Chicken Biryani'}),"frozenset({'Smoked Beef Ribs', 'Spicy Chicken Fajita Pizza'})",0.12822647793505412,0.013322231473771857,0.012489592006661115,0.0974025974025974,7.311282467532466,1.0,0.010781329186543825,1.0931537867125116,0.990194205666985,0.0967741935483871,0.08521562825360293,0.5174512987012987
"frozenset({'Smoked Sausage Combo', 'Turkey Bacon & Eggs'})",frozenset({'Chicken Biryani'}),0.030807660283097418,0.12822647793505412,0.010824313072439634,0.35135135135135137,2.74008424008424,1.0,0.006873955300918401,1.3439841798501249,0.6552339413164157,0.07303370786516855,0.2559436227058004,0.2178834678834679
"frozenset({'Smoked Sausage Combo', 'Chicken Biryani'})",frozenset({'Turkey Bacon & Eggs'}),0.029142381348875937,0.10990840965861781,0.010824313072439634,0.37142857142857144,3.37943722943723,1.0,0.007621320284719715,1.4160548028158353,0.7252276025860932,0.08441558441558444,0.2938126419885073,0.23495670995670997
"frozenset({'Turkey Bacon & Eggs', 'Chicken Biryani'})",frozenset({'Smoked Sausage Combo'}),0.028309741881765195,0.16402997502081598,0.010824313072439634,0.3823529411764706,2.330994326664676,1.0,0.006180666818727942,1.3534752785377264,0.5876343022872587,0.05963302752293579,0.2611612374033279,0.22417139444610334
frozenset({'Smoked Sausage Combo'}),"frozenset({'Turkey Bacon & Eggs', 'Chicken Biryani'})",0.16402997502081598,0.028309741881765195,0.010824313072439634,0.06598984771573604,2.330994326664676,1.0,0.006180666818727942,1.0403422872244144,0.683037082439473,0.05963302752293579,0.03877789812047899,0.22417139444610334
frozenset({'Turkey Bacon & Eggs'}),"frozenset({'Smoked Sausage Combo', 'Chicken Biryani'})",0.10990840965861781,0.029142381348875937,0.010824313072439634,0.0984848484848485,3.37943722943723,1.0,0.007621320284719715,1.0769176946382217,0.7910340361229042,0.08441558441558444,0.07142393055772131,0.23495670995670997
frozenset({'Chicken Biryani'}),"frozenset({'Smoked Sausage Combo', 'Turkey Bacon & Eggs'})",0.12822647793505412,0.030807660283097418,0.010824313072439634,0.08441558441558442,2.74008424008424,1.0,0.006873955300918401,1.0585504986978935,0.7284549261626627,0.07303370786516855,0.055311956085151964,0.2178834678834679
"frozenset({'Smoked Sausage Combo', 'Veggie Supreme Pizza'})",frozenset({'Chicken Biryani'}),0.03663613655287261,0.12822647793505412,0.01498751040799334,0.40909090909090906,3.1903778040141675,1.0,0.01028978765267079,1.4753090373406774,0.7126668587342745,0.10000000000000002,0.3221759138664582,0.262987012987013
"frozenset({'Smoked Sausage Combo', 'Chicken Biryani'})",frozenset({'Veggie Supreme Pizza'}),0.029142381348875937,0.11323896752706078,0.01498751040799334,0.5142857142857143,4.541596638655463,1.0,0.011687457232766756,1.8256844786207576,0.8032208881265486,0.11764705882352941,0.45226022803487603,0.32331932773109245
"frozenset({'Veggie Supreme Pizza', 'Chicken Biryani'})",frozenset({'Smoked Sausage Combo'}),0.02997502081598668,0.16402997502081598,0.01498751040799334,0.5,3.048223350253807,1.0,0.010070708492298606,1.671940049958368,0.6927038626609442,0.08372093023255814,0.4018924302788845,0.2956852791878173
frozenset({'Smoked Sausage Combo'}),"frozenset({'Veggie Supreme Pizza', 'Chicken Biryani'})",0.16402997502081598,0.02997502081598668,0.01498751040799334,0.09137055837563453,3.0482233502538074,1.0,0.010070708492298606,1.067569390498607,0.803784860557769,0.08372093023255814,0.06329273872028933,0.2956852791878173
frozenset({'Veggie Supreme Pizza'}),"frozenset({'Smoked Sausage Combo', 'Chicken Biryani'})",0.11323896752706078,0.029142381348875937,0.01498751040799334,0.1323529411764706,4.541596638655462,1.0,0.011687457232766756,1.1189545435301091,0.879394887845592,0.11764705882352941,0.10630864695792554,0.32331932773109245
frozenset({'Chicken Biryani'}),"frozenset({'Smoked Sausage Combo', 'Veggie Supreme Pizza'})",0.12822647793505412,0.03663613655287261,0.01498751040799334,0.11688311688311688,3.1903778040141675,1.0,0.01028978765267079,1.0908679041974825,0.7875411227846758,0.10000000000000002,0.08329872374816194,0.262987012987013
"frozenset({'Paneer Tikka Masala', 'Korean BBQ Short Ribs'})",frozenset({'Chicken Tandoori'}),0.022481265611990008,0.08326394671107411,0.010824313072439634,0.4814814814814815,5.782592592592593,1.0,0.008952434170525396,1.7679909599143573,0.8460883239418164,0.11403508771929827,0.43438624819187943,0.30574074074074076
"frozenset({'Paneer Tikka Masala', 'Chicken Tandoori'})",frozenset({'Korean BBQ Short Ribs'}),0.019150707743547043,0.13322231473771856,0.010824313072439634,0.5652173913043479,4.242663043478261,1.0,0.008273011457978745,1.9935886761032477,0.7792216272691654,0.07647058823529412,0.4983920143674561,0.32323369565217397
"frozenset({'Korean BBQ Short Ribs', 'Chicken Tandoori'})",frozenset({'Paneer Tikka Masala'}),0.020815986677768527,0.11074104912572856,0.010824313072439634,0.52,4.695639097744361,1.0,0.008519128869156359,1.852622814321399,0.803767660910518,0.08965517241379312,0.4602247191011236,0.30887218045112785
frozenset({'Paneer Tikka Masala'}),"frozenset({'Korean BBQ Short Ribs', 'Chicken Tandoori'})",0.11074104912572856,0.020815986677768527,0.010824313072439634,0.09774436090225565,4.695639097744361,1.0,0.008519128869156359,1.08526228143214,0.8850475367329301,0.08965517241379312,0.07856375632959951,0.30887218045112785
frozenset({'Korean BBQ Short Ribs'}),"frozenset({'Paneer Tikka Masala', 'Chicken Tandoori'})",0.13322231473771856,0.019150707743547043,0.010824313072439634,0.08125000000000002,4.242663043478262,1.0,0.008273011457978745,1.0675910664015815,0.8817704869578068,0.07647058823529412,0.0633117572156197,0.32323369565217397
frozenset({'Chicken Tandoori'}),"frozenset({'Paneer Tikka Masala', 'Korean BBQ Short Ribs'})",0.08326394671107411,0.022481265611990008,0.010824313072439634,0.13,5.782592592592593,1.0,0.008952434170525396,1.1235847521701263,0.9021868231677496,0.11403508771929827,0.10999148211243612,0.30574074074074076
"frozenset({'Korean BBQ Short Ribs', 'Veggie Supreme Pizza'})",frozenset({'Chicken Tandoori'}),0.028309741881765195,0.08326394671107411,0.010824313072439634,0.3823529411764706,4.5920588235294115,1.0,0.008467132232992074,1.4842393243725467,0.8050227407553885,0.10743801652892562,0.32625420740503286,0.25617647058823534
"frozenset({'Korean BBQ Short Ribs', 'Chicken Tandoori'})",frozenset({'Veggie Supreme Pizza'}),0.020815986677768527,0.11323896752706078,0.010824313072439634,0.52,4.592058823529412,1.0,0.008467132232992074,1.8474188176519568,0.7988618524332809,0.08783783783783786,0.4587042253521127,0.30779411764705883
"frozenset({'Chicken Tandoori', 'Veggie Supreme Pizza'})",frozenset({'Korean BBQ Short Ribs'}),0.01582014987510408,0.13322231473771856,0.010824313072439634,0.6842105263157895,5.135855263157895,1.0,0.00871671608658064,2.744796003330558,0.8182350644279578,0.07831325301204821,0.6356741999089943,0.38273026315789477
frozenset({'Korean BBQ Short Ribs'}),"frozenset({'Chicken Tandoori', 'Veggie Supreme Pizza'})",0.13322231473771856,0.01582014987510408,0.010824313072439634,0.08125000000000002,5.135855263157895,1.0,0.00871671608658064,1.0712161634012474,0.9290622921746842,0.07831325301204821,0.06648159898477159,0.38273026315789477
frozenset({'Veggie Supreme Pizza'}),"frozenset({'Korean BBQ Short Ribs', 'Chicken Tandoori'})",0.11323896752706078,0.020815986677768527,0.010824313072439634,0.09558823529411765,4.5920588235294115,1.0,0.008467132232992074,1.082675006600191,0.8821235102925243,0.08783783783783786,0.07636179471788716,0.30779411764705883
frozenset({'Chicken Tandoori'}),"frozenset({'Korean BBQ Short Ribs', 'Veggie Supreme Pizza'})",0.08326394671107411,0.028309741881765195,0.010824313072439634,0.13,4.592058823529412,1.0,0.008467132232992074,1.1168853541588906,0.8532802347516243,0.10743801652892562,0.10465295629820053,0.25617647058823534
"frozenset({'Chocolate Shake', 'Grilled Prawns'})",frozenset({'Grilled Chicken Breast'}),0.013322231473771857,0.14238134887593673,0.012489592006661115,0.9374999999999999,6.584429824561402,1.0,0.010592754719388019,13.721898417984988,0.8595780590717299,0.08720930232558138,0.9271237864077667,0.5126096491228069
"frozenset({'Chocolate Shake', 'Grilled Chicken Breast'})",frozenset({'Grilled Prawns'}),0.01665278934221482,0.10824313072439634,0.012489592006661115,0.75,6.928846153846154,1.0,0.010687041952965923,3.567027477102415,0.8701665255433249,0.1111111111111111,0.7196545284780579,0.4326923076923077
"frozenset({'Grilled Prawns', 'Grilled Chicken Breast'})",frozenset({'Chocolate Shake'}),0.02414654454621149,0.05245628642797669,0.012489592006661115,0.5172413793103448,9.860426929392444,1.0,0.011222953949699147,1.9627691209706193,0.9208191126279862,0.19480519480519476,0.49051572631961693,0.37766830870279144
frozenset({'Chocolate Shake'}),"frozenset({'Grilled Prawns', 'Grilled Chicken Breast'})",0.05245628642797669,0.02414654454621149,0.012489592006661115,0.23809523809523808,9.860426929392446,1.0,0.011222953949699147,1.2808076602830976,0.9483304042179261,0.19480519480519476,0.21924264586380626,0.37766830870279144
frozenset({'Grilled Prawns'}),"frozenset({'Chocolate Shake', 'Grilled Chicken Breast'})",0.10824313072439634,0.01665278934221482,0.012489592006661115,0.11538461538461538,6.928846153846154,1.0,0.010687041952965923,1.1116098903088008,0.9595393713040772,0.1111111111111111,0.10040382987038363,0.4326923076923077
frozenset({'Grilled Chicken Breast'}),"frozenset({'Chocolate Shake', 'Grilled Prawns'})",0.14238134887593673,0.013322231473771857,0.012489592006661115,0.08771929824561403,6.584429824561403,1.0,0.010592754719388019,1.0815506308845193,0.9889320388349514,0.08720930232558138,0.07540158412909911,0.5126096491228069
"frozenset({'Mutton Karahi', 'Cold Brew Coffee'})",frozenset({'Smoked Beef Ribs'}),0.02164862614487927,0.16902581182348042,0.011656952539550375,0.5384615384615384,3.1856763925729443,1.0,0.007997775930549133,1.800444074382459,0.7012765957446808,0.06511627906976744,0.44458147063357484,0.3037135278514589
"frozenset({'Mutton Karahi', 'Smoked Beef Ribs'})",frozenset({'Cold Brew Coffee'}),0.018318068276436304,0.06411323896752706,0.011656952539550375,0.6363636363636364,9.925619834710744,1.0,0.010482521850719738,2.5736885928393005,0.9160305343511451,0.1647058823529412,0.6114526043351666,0.40909090909090906
"frozenset({'Smoked Beef Ribs', 'Cold Brew Coffee'})",frozenset({'Mutton Karahi'}),0.019150707743547043,0.10657785179017486,0.011656952539550375,0.6086956521739131,5.711277173913044,1.0,0.009615911247981664,2.283189934313998,0.8410138248847927,0.10218978102189782,0.562016289152721,0.35903532608695654
frozenset({'Mutton Karahi'}),"frozenset({'Smoked Beef Ribs', 'Cold Brew Coffee'})",0.10657785179017486,0.019150707743547043,0.011656952539550375,0.109375,5.711277173913044,1.0,0.009615911247981664,1.1013044684984736,0.9233124750366131,0.10218978102189782,0.09198588709677419,0.35903532608695654
frozenset({'Cold Brew Coffee'}),"frozenset({'Mutton Karahi', 'Smoked Beef Ribs'})",0.06411323896752706,0.018318068276436304,0.011656952539550375,0.18181818181818182,9.925619834710744,1.0,0.010482521850719738,1.199833472106578,0.9608540925266904,0.1647058823529412,0.16655100624566274,0.40909090909090906
frozenset({'Smoked Beef Ribs'}),"frozenset({'Mutton Karahi', 'Cold Brew Coffee'})",0.16902581182348042,0.02164862614487927,0.011656952539550375,0.06896551724137931,3.185676392572944,1.0,0.007997775930549133,1.0508218459925371,0.8256513026052104,0.06511627906976744,0.04836390315480558,0.3037135278514589
"frozenset({'Mutton Karahi', 'Cold Brew Coffee'})",frozenset({'Spicy Chicken Fajita Pizza'}),0.02164862614487927,0.08326394671107411,0.012489592006661115,0.5769230769230769,6.928846153846153,1.0,0.010687041952965923,2.1668306714101884,0.8746099290780142,0.13513513513513511,0.5384964717389784,0.36346153846153845
"frozenset({'Mutton Karahi', 'Spicy Chicken Fajita Pizza'})",frozenset({'Cold Brew Coffee'}),0.01665278934221482,0.06411323896752706,0.012489592006661115,0.75,11.698051948051948,1.0,0.011421927744087809,3.7435470441298917,0.930002822466836,0.18292682926829265,0.7328736654804271,0.4724025974025974
"frozenset({'Cold Brew Coffee', 'Spicy Chicken Fajita Pizza'})",frozenset({'Mutton Karahi'}),0.014154870940882597,0.10657785179017486,0.012489592006661115,0.8823529411764706,8.278952205882353,1.0,0.010980996269414676,7.594088259783512,0.8918355855855856,0.11538461538461538,0.8683186228825174,0.4997702205882353
frozenset({'Mutton Karahi'}),"frozenset({'Cold Brew Coffee', 'Spicy Chicken Fajita Pizza'})",0.10657785179017486,0.014154870940882597,0.012489592006661115,0.11718749999999999,8.278952205882351,1.0,0.010980996269414676,1.116709526721832,0.984094439266853,0.11538461538461538,0.1045119826858108,0.4997702205882353
frozenset({'Cold Brew Coffee'}),"frozenset({'Mutton Karahi', 'Spicy Chicken Fajita Pizza'})",0.06411323896752706,0.01665278934221482,0.012489592006661115,0.1948051948051948,11.698051948051948,1.0,0.011421927744087809,1.2212537938814427,0.977164887307236,0.18292682926829265,0.18116938100003296,0.4724025974025974
frozenset({'Spicy Chicken Fajita Pizza'}),"frozenset({'Mutton Karahi', 'Cold Brew Coffee'})",0.08326394671107411,0.02164862614487927,0.012489592006661115,0.15,6.928846153846153,1.0,0.010687041952965923,1.151001616300142,0.9333938843475628,0.13513513513513511,0.1311914893617021,0.36346153846153845
"frozenset({'Smoked Beef Ribs', 'Cold Brew Coffee'})",frozenset({'Paratha with Omelette'}),0.019150707743547043,0.12489592006661115,0.010824313072439634,0.5652173913043479,4.5255072463768125,1.0,0.008432467808882552,2.0127393838467946,0.7942405641896304,0.08125000000000002,0.5031646878749018,0.3259420289855073
"frozenset({'Cold Brew Coffee', 'Paratha with Omelette'})",frozenset({'Smoked Beef Ribs'}),0.013322231473771857,0.16902581182348042,0.010824313072439634,0.8125,4.8069581280788185,1.0,0.008572512082285023,4.431862336941438,0.8026614735475495,0.06310679611650487,0.7743612224448898,0.43826970443349755
"frozenset({'Smoked Beef Ribs', 'Paratha with Omelette'})",frozenset({'Cold Brew Coffee'}),0.034970857618651124,0.06411323896752706,0.010824313072439634,0.30952380952380953,4.827767470624614,1.0,0.008582218121035691,1.3554222056332366,0.8215968673259443,0.12264150943396228,0.26222250466022706,0.23917748917748918
frozenset({'Cold Brew Coffee'}),"frozenset({'Smoked Beef Ribs', 'Paratha with Omelette'})",0.06411323896752706,0.034970857618651124,0.010824313072439634,0.16883116883116883,4.827767470624614,1.0,0.008582218121035691,1.1610506869275603,0.8471803996715028,0.12264150943396228,0.1387111594186659,0.23917748917748918
frozenset({'Smoked Beef Ribs'}),"frozenset({'Cold Brew Coffee', 'Paratha with Omelette'})",0.16902581182348042,0.013322231473771857,0.010824313072439634,0.06403940886699508,4.806958128078818,1.0,0.008572512082285023,1.0541873000569701,0.9530599660860181,0.06310679611650487,0.05140196628629628,0.43826970443349755
frozenset({'Paratha with Omelette'}),"frozenset({'Smoked Beef Ribs', 'Cold Brew Coffee'})",0.12489592006661115,0.019150707743547043,0.010824313072439634,0.08666666666666667,4.5255072463768125,1.0,0.008432467808882552,1.0739225827625398,0.8902144477786723,0.08125000000000002,0.06883418222976796,0.3259420289855073
"frozenset({'Smoked Sausage Combo', 'Dal Makhani'})",frozenset({'Grilled Chicken Breast'}),0.028309741881765195,0.14238134887593673,0.011656952539550375,0.411764705882353,2.891984864121087,1.0,0.007626173304095047,1.4579517069109078,0.6732770228914188,0.07329842931937172,0.3141062250142776,0.24681802545579637
"frozenset({'Smoked Sausage Combo', 'Grilled Chicken Breast'})",frozenset({'Dal Makhani'}),0.027477102414654453,0.10491257285595337,0.011656952539550375,0.42424242424242425,4.043771043771044,1.0,0.008774259030602447,1.5546255313554496,0.7739726027397261,0.09655172413793103,0.3567582804792107,0.2676767676767677
"frozenset({'Dal Makhani', 'Grilled Chicken Breast'})",frozenset({'Smoked Sausage Combo'}),0.030807660283097418,0.16402997502081598,0.011656952539550375,0.3783783783783784,2.3067636164082868,1.0,0.006603572792864121,1.344821344531731,0.584499263622975,0.06363636363636364,0.2564068052115861,0.22472218411304706
frozenset({'Smoked Sausage Combo'}),"frozenset({'Dal Makhani', 'Grilled Chicken Breast'})",0.16402997502081598,0.030807660283097418,0.011656952539550375,0.07106598984771574,2.3067636164082868,1.0,0.006603572792864121,1.0433382017717476,0.6776465566306203,0.06363636363636364,0.04153801873462767,0.22472218411304706
frozenset({'Dal Makhani'}),"frozenset({'Smoked Sausage Combo', 'Grilled Chicken Breast'})",0.10491257285595337,0.027477102414654453,0.011656952539550375,0.1111111111111111,4.043771043771044,1.0,0.008774259030602447,1.0940882597835138,0.8409302325581396,0.09655172413793103,0.08599695585996955,0.2676767676767677
frozenset({'Grilled Chicken Breast'}),"frozenset({'Smoked Sausage Combo', 'Dal Makhani'})",0.14238134887593673,0.028309741881765195,0.011656952539550375,0.08187134502923976,2.891984864121087,1.0,0.007626173304095047,1.0583377970587144,0.7628294036061025,0.07329842931937172,0.0551220954414027,0.24681802545579637
"frozenset({'Korean BBQ Short Ribs', 'Turkey Bacon & Eggs'})",frozenset({'Dal Makhani'}),0.02997502081598668,0.10491257285595337,0.010824313072439634,0.3611111111111111,3.442019400352734,1.0,0.007679556517223713,1.4010064077037252,0.7313965004952129,0.087248322147651,0.2862273901808785,0.23214285714285715
"frozenset({'Korean BBQ Short Ribs', 'Dal Makhani'})",frozenset({'Turkey Bacon & Eggs'}),0.02414654454621149,0.10990840965861781,0.010824313072439634,0.4482758620689655,4.078631138975967,1.0,0.008170404762614557,1.6132910074937552,0.7734969808348647,0.08783783783783786,0.38014902745072743,0.273380355276907
"frozenset({'Turkey Bacon & Eggs', 'Dal Makhani'})",frozenset({'Korean BBQ Short Ribs'}),0.017485428809325562,0.13322231473771856,0.010824313072439634,0.6190476190476191,4.6467261904761905,1.0,0.008494863772279693,2.275291423813489,0.798761408083442,0.07738095238095238,0.5604958602076757,0.35014880952380956
frozenset({'Korean BBQ Short Ribs'}),"frozenset({'Turkey Bacon & Eggs', 'Dal Makhani'})",0.13322231473771856,0.017485428809325562,0.010824313072439634,0.08125000000000002,4.646726190476191,1.0,0.008494863772279693,1.0694036149014143,0.9054163895662456,0.07738095238095238,0.06489936440677968,0.35014880952380956
frozenset({'Turkey Bacon & Eggs'}),"frozenset({'Korean BBQ Short Ribs', 'Dal Makhani'})",0.10990840965861781,0.02414654454621149,0.010824313072439634,0.0984848484848485,4.078631138975966,1.0,0.008170404762614557,1.0824592951252108,0.8480247535439304,0.08783783783783786,0.07617773296100941,0.273380355276907
frozenset({'Dal Makhani'}),"frozenset({'Korean BBQ Short Ribs', 'Turkey Bacon & Eggs'})",0.10491257285595337,0.02997502081598668,0.010824313072439634,0.10317460317460318,3.442019400352734,1.0,0.007679556517223713,1.0816207732494307,0.7926296958855099,0.087248322147651,0.07546154370188707,0.23214285714285715
"frozenset({'Pancakes with Maple Syrup', 'Smoked Beef Ribs'})",frozenset({'Dal Makhani'}),0.026644462947543714,0.10491257285595337,0.010824313072439634,0.40625,3.8722718253968256,1.0,0.008028973912247704,1.5075156667689207,0.7620583009804567,0.08965517241379312,0.33665697674418604,0.25471230158730157
"frozenset({'Pancakes with Maple Syrup', 'Dal Makhani'})",frozenset({'Smoked Beef Ribs'}),0.01582014987510408,0.16902581182348042,0.010824313072439634,0.6842105263157895,4.047964739434795,1.0,0.008150299396631035,2.6314182625589786,0.7650657295327347,0.062200956937799055,0.6199767956966565,0.3741249675913923
"frozenset({'Smoked Beef Ribs', 'Dal Makhani'})",frozenset({'Pancakes with Maple Syrup'}),0.02997502081598668,0.08825978351373855,0.010824313072439634,0.3611111111111111,4.091457023060797,1.0,0.008178724224400843,1.4270716431958876,0.7789369428854407,0.10077519379844964,0.29926433282597664,0.2418763102725367
frozenset({'Pancakes with Maple Syrup'}),"frozenset({'Smoked Beef Ribs', 'Dal Makhani'})",0.08825978351373855,0.02997502081598668,0.010824313072439634,0.12264150943396228,4.091457023060797,1.0,0.008178724224400843,1.10561986874737,0.8287319985950123,0.10077519379844964,0.09553000242934653,0.2418763102725367
frozenset({'Smoked Beef Ribs'}),"frozenset({'Pancakes with Maple Syrup', 'Dal Makhani'})",0.16902581182348042,0.01582014987510408,0.010824313072439634,0.06403940886699508,4.047964739434794,1.0,0.008150299396631035,1.051518471449231,0.9061199321720365,0.062200956937799055,0.04899435706367267,0.3741249675913923
frozenset({'Dal Makhani'}),"frozenset({'Pancakes with Maple Syrup', 'Smoked Beef Ribs'})",0.10491257285595337,0.026644462947543714,0.010824313072439634,0.10317460317460318,3.8722718253968256,1.0,0.008028973912247704,1.0853344926425619,0.8286940966010734,0.08965517241379312,0.07862506279957093,0.25471230158730157
"frozenset({'Four-Cheese Pizza', 'Fish Masala Curry'})",frozenset({'Paratha with Omelette'}),0.03164029975020816,0.12489592006661115,0.011656952539550375,0.3684210526315789,2.9498245614035086,1.0,0.007705208191064759,1.3855814598945324,0.6825942758874832,0.08045977011494253,0.2782813360709099,0.23087719298245613
"frozenset({'Four-Cheese Pizza', 'Paratha with Omelette'})",frozenset({'Fish Masala Curry'}),0.03330557868442964,0.11490424646128226,0.011656952539550375,0.35000000000000003,3.0460144927536237,1.0,0.007830000117859042,1.3616857746749504,0.6948443460071367,0.08536585365853659,0.2656161806208843,0.22572463768115944
"frozenset({'Fish Masala Curry', 'Paratha with Omelette'})",frozenset({'Four-Cheese Pizza'}),0.022481265611990008,0.1357202331390508,0.011656952539550375,0.5185185185185185,3.8204953419677343,1.0,0.008605789929430166,1.7950425927112021,0.7552324166463861,0.07954545454545454,0.44291015485620494,0.3022040445353329
frozenset({'Four-Cheese Pizza'}),"frozenset({'Fish Masala Curry', 'Paratha with Omelette'})",0.1357202331390508,0.022481265611990008,0.011656952539550375,0.08588957055214724,3.8204953419677348,1.0,0.008605789929430166,1.0693661322499706,0.8541838700798239,0.07954545454545454,0.06486658793281842,0.3022040445353329
frozenset({'Fish Masala Curry'}),"frozenset({'Four-Cheese Pizza', 'Paratha with Omelette'})",0.11490424646128226,0.03330557868442964,0.011656952539550375,0.10144927536231885,3.0460144927536237,1.0,0.007830000117859042,1.0758373398511993,0.7589033732025265,0.08536585365853659,0.07049145539202836,0.22572463768115944
frozenset({'Paratha with Omelette'}),"frozenset({'Four-Cheese Pizza', 'Fish Masala Curry'})",0.12489592006661115,0.03164029975020816,0.011656952539550375,0.09333333333333334,2.9498245614035086,1.0,0.007705208191064759,1.0680437870402115,0.7553350550496126,0.08045977011494253,0.06370879908283177,0.23087719298245613
"frozenset({'Fish Masala Curry', 'Granola Yogurt Bowl'})",frozenset({'Grilled Prawns'}),0.02331390507910075,0.10824313072439634,0.011656952539550375,0.5,4.619230769230769,1.0,0.009133382464377105,1.7835137385512074,0.8022165387894288,0.09722222222222222,0.4393090569561158,0.3038461538461538
"frozenset({'Fish Masala Curry', 'Grilled Prawns'})",frozenset({'Granola Yogurt Bowl'}),0.019150707743547043,0.11323896752706078,0.011656952539550375,0.6086956521739131,5.37531969309463,1.0,0.00948834616725862,2.2661670829864007,0.8298569003153045,0.09655172413793103,0.5587262706674833,0.35581841432225064
"frozenset({'Granola Yogurt Bowl', 'Grilled Prawns'})",frozenset({'Fish Masala Curry'}),0.035803497085761866,0.11490424646128226,0.011656952539550375,0.3255813953488372,2.8335018537243,1.0,0.007542978686232192,1.31238335869534,0.6711078213668887,0.08383233532934131,0.23802752193222337,0.213515335355578
frozenset({'Fish Masala Curry'}),"frozenset({'Granola Yogurt Bowl', 'Grilled Prawns'})",0.11490424646128226,0.035803497085761866,0.011656952539550375,0.10144927536231885,2.8335018537243006,1.0,0.007542978686232192,1.0730573984045553,0.7310845316489719,0.08383233532934131,0.06808340216765539,0.213515335355578
frozenset({'Granola Yogurt Bowl'}),"frozenset({'Fish Masala Curry', 'Grilled Prawns'})",0.11323896752706078,0.019150707743547043,0.011656952539550375,0.10294117647058824,5.37531969309463,1.0,0.00948834616725862,1.0934057684170295,0.9179074446680081,0.09655172413793103,0.0854264456206931,0.35581841432225064
frozenset({'Grilled Prawns'}),"frozenset({'Fish Masala Curry', 'Granola Yogurt Bowl'})",0.10824313072439634,0.02331390507910075,0.011656952539550375,0.10769230769230768,4.619230769230769,1.0,0.009133382464377105,1.094562002928594,0.8786181139122315,0.09722222222222222,0.08639255033116924,0.3038461538461538
"frozenset({'Fish Masala Curry', 'Granola Yogurt Bowl'})",frozenset({'Mushroom Alfredo Pizza'}),0.02331390507910075,0.09908409658617819,0.010824313072439634,0.4642857142857143,4.6857743097238895,1.0,0.008514275849781025,1.6817096863724674,0.8053642861827005,0.09701492537313434,0.4053670451544759,0.286764705882353
"frozenset({'Fish Masala Curry', 'Mushroom Alfredo Pizza'})",frozenset({'Granola Yogurt Bowl'}),0.022481265611990008,0.11323896752706078,0.010824313072439634,0.4814814814814815,4.251906318082789,1.0,0.00827855776583627,1.7101819911978116,0.7824007338487748,0.08666666666666667,0.4152669101025909,0.2885348583877996
"frozenset({'Granola Yogurt Bowl', 'Mushroom Alfredo Pizza'})",frozenset({'Fish Masala Curry'}),0.013322231473771857,0.11490424646128226,0.010824313072439634,0.8125,7.0711050724637685,1.0,0.0092935321037631,4.7205106855398276,0.8701720220707563,0.0921985815602837,0.7881585136406397,0.4533514492753623
frozenset({'Fish Masala Curry'}),"frozenset({'Granola Yogurt Bowl', 'Mushroom Alfredo Pizza'})",0.11490424646128226,0.013322231473771857,0.010824313072439634,0.09420289855072464,7.071105072463768,1.0,0.0092935321037631,1.089292256452956,0.9700412475577104,0.0921985815602837,0.08197272671681037,0.4533514492753623
frozenset({'Granola Yogurt Bowl'}),"frozenset({'Fish Masala Curry', 'Mushroom Alfredo Pizza'})",0.11323896752706078,0.022481265611990008,0.010824313072439634,0.09558823529411765,4.251906318082789,1.0,0.00827855776583627,1.0808337225753606,0.8624774286746119,0.08666666666666667,0.07478830544142702,0.2885348583877996
frozenset({'Mushroom Alfredo Pizza'}),"frozenset({'Fish Masala Curry', 'Granola Yogurt Bowl'})",0.09908409658617819,0.02331390507910075,0.010824313072439634,0.10924369747899161,4.68577430972389,1.0,0.008514275849781025,1.0964683518451606,0.8730982511019479,0.09701492537313434,0.08798097244012695,0.286764705882353
"frozenset({'Four-Cheese Pizza', 'Smoked Sausage Combo'})",frozenset({'French Toast'}),0.04329725228975854,0.10824313072439634,0.011656952539550375,0.2692307692307692,2.4872781065088754,1.0,0.006970322399942872,1.220298873745563,0.6250155414646276,0.08333333333333333,0.18052862170509226,0.18846153846153846
"frozenset({'Four-Cheese Pizza', 'French Toast'})",frozenset({'Smoked Sausage Combo'}),0.017485428809325562,0.16402997502081598,0.011656952539550375,0.6666666666666666,4.06429780033841,1.0,0.008788818088728447,2.507910074937552,0.7673728813559322,0.06862745098039216,0.601261620185923,0.3688663282571912
"frozenset({'Smoked Sausage Combo', 'French Toast'})",frozenset({'Four-Cheese Pizza'}),0.022481265611990008,0.1357202331390508,0.011656952539550375,0.5185185185185185,3.8204953419677343,1.0,0.008605789929430166,1.7950425927112021,0.7552324166463861,0.07954545454545454,0.44291015485620494,0.3022040445353329
frozenset({'Four-Cheese Pizza'}),"frozenset({'Smoked Sausage Combo', 'French Toast'})",0.1357202331390508,0.022481265611990008,0.011656952539550375,0.08588957055214724,3.8204953419677348,1.0,0.008605789929430166,1.0693661322499706,0.8541838700798239,0.07954545454545454,0.06486658793281842,0.3022040445353329
frozenset({'Smoked Sausage Combo'}),"frozenset({'Four-Cheese Pizza', 'French Toast'})",0.16402997502081598,0.017485428809325562,0.011656952539550375,0.07106598984771574,4.06429780033841,1.0,0.008788818088728447,1.0576796203528025,0.9018924302788844,0.06862745098039216,0.054534113395853054,0.3688663282571912
frozenset({'French Toast'}),"frozenset({'Four-Cheese Pizza', 'Smoked Sausage Combo'})",0.10824313072439634,0.04329725228975854,0.011656952539550375,0.10769230769230768,2.4872781065088754,1.0,0.006970322399942872,1.0721668724338913,0.6705348806189142,0.08333333333333333,0.06730936600388296,0.18846153846153846
"frozenset({'Four-Cheese Pizza', 'Mutton Karahi'})",frozenset({'Hawaiian Pizza'}),0.018318068276436304,0.10574521232306411,0.011656952539550375,0.6363636363636364,6.017895490336436,1.0,0.009719904520310232,2.4592006661115735,0.8493881012964982,0.1037037037037037,0.5933638056543085,0.37329992841803866
"frozenset({'Four-Cheese Pizza', 'Hawaiian Pizza'})",frozenset({'Mutton Karahi'}),0.0324729392173189,0.10657785179017486,0.011656952539550375,0.35897435897435903,3.368189102564103,1.0,0.008196056436455604,1.3937385512073273,0.7267027292844849,0.0915032679738562,0.2825053169880757,0.23417467948717952
"frozenset({'Mutton Karahi', 'Hawaiian Pizza'})",frozenset({'Four-Cheese Pizza'}),0.019983347210657785,0.1357202331390508,0.011656952539550375,0.5833333333333334,4.298057259713701,1.0,0.0089448079972213,2.074271440466278,0.7829833717684184,0.08092485549132948,0.517903018625562,0.33461145194274033
frozenset({'Four-Cheese Pizza'}),"frozenset({'Mutton Karahi', 'Hawaiian Pizza'})",0.1357202331390508,0.019983347210657785,0.011656952539550375,0.08588957055214724,4.298057259713702,1.0,0.0089448079972213,1.07209875439371,0.8878337462152491,0.08092485549132948,0.06725010555066172,0.33461145194274033
frozenset({'Mutton Karahi'}),"frozenset({'Four-Cheese Pizza', 'Hawaiian Pizza'})",0.10657785179017486,0.0324729392173189,0.011656952539550375,0.109375,3.3681891025641026,1.0,0.008196056436455604,1.0863461735103788,0.786979097323925,0.0915032679738562,0.07948311101549053,0.23417467948717952
frozenset({'Hawaiian Pizza'}),"frozenset({'Four-Cheese Pizza', 'Mutton Karahi'})",0.10574521232306411,0.018318068276436304,0.011656952539550375,0.11023622047244096,6.017895490336436,1.0,0.009719904520310232,1.103306241848607,0.9324288374567703,0.1037037037037037,0.0936333340011888,0.37329992841803866
"frozenset({'Four-Cheese Pizza', 'Paneer Tikka Masala'})",frozenset({'Hawaiian Pizza'}),0.022481265611990008,0.10574521232306411,0.010824313072439634,0.4814814814814815,4.553222513852436,1.0,0.008447026867008552,1.724634233376948,0.7983226313720353,0.0921985815602837,0.420166908062625,0.2919218431029455
"frozenset({'Four-Cheese Pizza', 'Hawaiian Pizza'})",frozenset({'Paneer Tikka Masala'}),0.0324729392173189,0.11074104912572856,0.010824313072439634,0.33333333333333337,3.010025062656642,1.0,0.007228225715317725,1.3338884263114072,0.6901893287435457,0.08176100628930819,0.2503121098626717,0.2155388471177945
"frozenset({'Paneer Tikka Masala', 'Hawaiian Pizza'})",frozenset({'Four-Cheese Pizza'}),0.022481265611990008,0.1357202331390508,0.010824313072439634,0.4814814814814815,3.547602817541468,1.0,0.007773150462319425,1.666825264660402,0.7346350412789937,0.07344632768361582,0.4000570898451438,0.2806180413542377
frozenset({'Four-Cheese Pizza'}),"frozenset({'Paneer Tikka Masala', 'Hawaiian Pizza'})",0.1357202331390508,0.022481265611990008,0.010824313072439634,0.07975460122699386,3.547602817541468,1.0,0.007773150462319425,1.0622370247016375,0.830887801986068,0.07344632768361582,0.05859052476458231,0.2806180413542377
frozenset({'Paneer Tikka Masala'}),"frozenset({'Four-Cheese Pizza', 'Hawaiian Pizza'})",0.11074104912572856,0.0324729392173189,0.010824313072439634,0.09774436090225565,3.0100250626566423,1.0,0.007228225715317725,1.0723424923674716,0.7509363295880152,0.08176100628930819,0.06746211483959469,0.2155388471177945
frozenset({'Hawaiian Pizza'}),"frozenset({'Four-Cheese Pizza', 'Paneer Tikka Masala'})",0.10574521232306411,0.022481265611990008,0.010824313072439634,0.10236220472440946,4.553222513852436,1.0,0.008447026867008552,1.088990169011204,0.8726543475146827,0.0921985815602837,0.08171806462863353,0.2919218431029455
"frozenset({'Four-Cheese Pizza', 'Smoked Beef Ribs'})",frozenset({'Hawaiian Pizza'}),0.034970857618651124,0.10574521232306411,0.01665278934221482,0.47619047619047616,4.503187101612299,1.0,0.012954788578210913,1.7072136855650593,0.806125970664366,0.1342281879194631,0.41425024385918235,0.31683539557555307
"frozenset({'Four-Cheese Pizza', 'Hawaiian Pizza'})",frozenset({'Smoked Beef Ribs'}),0.0324729392173189,0.16902581182348042,0.01665278934221482,0.5128205128205129,3.033977516736138,1.0,0.011164024428712959,1.7056838599412774,0.6929001721170397,0.09009009009009009,0.4137248856687735,0.3056713401540988
"frozenset({'Smoked Beef Ribs', 'Hawaiian Pizza'})",frozenset({'Four-Cheese Pizza'}),0.025811823480432972,0.1357202331390508,0.01665278934221482,0.6451612903225806,4.753611715812388,1.0,0.01314960264170643,2.4356975247899477,0.8105555555555555,0.11494252873563215,0.5894399900553172,0.38393033841282403
frozenset({'Four-Cheese Pizza'}),"frozenset({'Smoked Beef Ribs', 'Hawaiian Pizza'})",0.1357202331390508,0.025811823480432972,0.01665278934221482,0.12269938650306747,4.753611715812388,1.0,0.01314960264170643,1.1104382711376881,0.9136319845857417,0.11494252873563215,0.09945466939331969,0.38393033841282403
frozenset({'Smoked Beef Ribs'}),"frozenset({'Four-Cheese Pizza', 'Hawaiian Pizza'})",0.16902581182348042,0.0324729392173189,0.01665278934221482,0.09852216748768473,3.033977516736138,1.0,0.011164024428712959,1.073267723163302,0.8067635270541083,0.09009009009009009,0.06826602680956055,0.3056713401540988
frozenset({'Hawaiian Pizza'}),"frozenset({'Four-Cheese Pizza', 'Smoked Beef Ribs'})",0.10574521232306411,0.034970857618651124,0.01665278934221482,0.15748031496062992,4.503187101612299,1.0,0.012954788578210913,1.1454084213311335,0.8699255121042831,0.1342281879194631,0.12694897175816786,0.31683539557555307
"frozenset({'Four-Cheese Pizza', 'Turkey Bacon & Eggs'})",frozenset({'Hawaiian Pizza'}),0.029142381348875937,0.10574521232306411,0.010824313072439634,0.37142857142857144,3.512485939257593,1.0,0.0077426457691030445,1.4226780713042162,0.7367726613009632,0.08724832214765103,0.2971002926310189,0.23689538807649047
"frozenset({'Four-Cheese Pizza', 'Hawaiian Pizza'})",frozenset({'Turkey Bacon & Eggs'}),0.0324729392173189,0.10990840965861781,0.010824313072439634,0.33333333333333337,3.0328282828282833,1.0,0.007255263966123153,1.3351373855120734,0.6927710843373495,0.08227848101265825,0.25101340816962897,0.21590909090909094
"frozenset({'Turkey Bacon & Eggs', 'Hawaiian Pizza'})",frozenset({'Four-Cheese Pizza'}),0.011656952539550375,0.1357202331390508,0.010824313072439634,0.9285714285714286,6.841805433829974,1.0,0.009242228756081007,12.099916736053295,0.8639103104141014,0.07926829268292683,0.9173548031929535,0.5041630148992112
frozenset({'Four-Cheese Pizza'}),"frozenset({'Turkey Bacon & Eggs', 'Hawaiian Pizza'})",0.1357202331390508,0.011656952539550375,0.010824313072439634,0.07975460122699386,6.841805433829974,1.0,0.009242228756081007,1.073999444907022,0.9879205572847192,0.07926829268292683,0.06890082230296514,0.5041630148992112
frozenset({'Turkey Bacon & Eggs'}),"frozenset({'Four-Cheese Pizza', 'Hawaiian Pizza'})",0.10990840965861781,0.0324729392173189,0.010824313072439634,0.0984848484848485,3.0328282828282833,1.0,0.007255263966123153,1.0732232943135622,0.753040224508887,0.08227848101265825,0.06822745527564805,0.21590909090909094
frozenset({'Hawaiian Pizza'}),"frozenset({'Four-Cheese Pizza', 'Turkey Bacon & Eggs'})",0.10574521232306411,0.029142381348875937,0.010824313072439634,0.10236220472440946,3.5124859392575933,1.0,0.0077426457691030445,1.0815694523569541,0.7998854032373585,0.08724832214765103,0.07541767399143719,0.23689538807649047
"frozenset({'Four-Cheese Pizza', 'Hawaiian Pizza'})",frozenset({'Veggie Supreme Pizza'}),0.0324729392173189,0.11323896752706078,0.010824313072439634,0.33333333333333337,2.9436274509803924,1.0,0.007147110962901441,1.330141548709409,0.6824440619621343,0.08024691358024694,0.2482003129890454,0.2144607843137255
"frozenset({'Four-Cheese Pizza', 'Veggie Supreme Pizza'})",frozenset({'Hawaiian Pizza'}),0.025811823480432972,0.10574521232306411,0.010824313072439634,0.41935483870967744,3.9657099314198634,1.0,0.008094836318055798,1.5401054676658341,0.7676528599605523,0.08965517241379312,0.3506938187060732,0.26085852171704343
"frozenset({'Hawaiian Pizza', 'Veggie Supreme Pizza'})",frozenset({'Four-Cheese Pizza'}),0.018318068276436304,0.1357202331390508,0.010824313072439634,0.5909090909090909,4.353876185164529,1.0,0.008338180575304648,2.112683874548987,0.7846936778234488,0.07558139534883722,0.5266684182869155,0.3353318460680424
frozenset({'Four-Cheese Pizza'}),"frozenset({'Hawaiian Pizza', 'Veggie Supreme Pizza'})",0.1357202331390508,0.018318068276436304,0.010824313072439634,0.07975460122699386,4.353876185164529,1.0,0.008338180575304648,1.066761032472939,0.8912850155624722,0.07558139534883722,0.06258293136015236,0.3353318460680424
frozenset({'Hawaiian Pizza'}),"frozenset({'Four-Cheese Pizza', 'Veggie Supreme Pizza'})",0.10574521232306411,0.025811823480432972,0.010824313072439634,0.10236220472440946,3.9657099314198634,1.0,0.008094836318055798,1.085279810684079,0.8362698753760206,0.08965517241379312,0.07857863920856048,0.26085852171704343
frozenset({'Veggie Supreme Pizza'}),"frozenset({'Four-Cheese Pizza', 'Hawaiian Pizza'})",0.11323896752706078,0.0324729392173189,0.010824313072439634,0.09558823529411765,2.943627450980393,1.0,0.007147110962901441,1.0697860184263792,0.7446009389671362,0.08024691358024694,0.06523362356990989,0.2144607843137255
"frozenset({'Four-Cheese Pizza', 'Korean BBQ Short Ribs'})",frozenset({'Paratha with Omelette'}),0.025811823480432972,0.12489592006661115,0.013322231473771857,0.5161290322580645,4.13247311827957,1.0,0.010098440031586223,1.808548431862337,0.7780982905982906,0.09696969696969696,0.4470703784414229,0.3113978494623656
"frozenset({'Four-Cheese Pizza', 'Paratha with Omelette'})",frozenset({'Korean BBQ Short Ribs'}),0.03330557868442964,0.13322231473771856,0.013322231473771857,0.4,3.0025000000000004,1.0,0.008885185187752921,1.4446294754371358,0.6899224806201552,0.08695652173913045,0.30778097982708935,0.25
"frozenset({'Korean BBQ Short Ribs', 'Paratha with Omelette'})",frozenset({'Four-Cheese Pizza'}),0.02997502081598668,0.1357202331390508,0.013322231473771857,0.4444444444444444,3.274710293115201,1.0,0.009254014660278245,1.5557035803497086,0.7160944206008584,0.08743169398907102,0.3572040248340826,0.2713019768234492
frozenset({'Four-Cheese Pizza'}),"frozenset({'Korean BBQ Short Ribs', 'Paratha with Omelette'})",0.1357202331390508,0.02997502081598668,0.013322231473771857,0.09815950920245399,3.2747102931152012,1.0,0.009254014660278245,1.0756059292992801,0.803709055876686,0.08743169398907102,0.07029147686879592,0.2713019768234492
frozenset({'Korean BBQ Short Ribs'}),"frozenset({'Four-Cheese Pizza', 'Paratha with Omelette'})",0.13322231473771856,0.03330557868442964,0.013322231473771857,0.1,3.0025000000000004,1.0,0.008885185187752921,1.074104912572856,0.7694524495677233,0.08695652173913045,0.06899224806201551,0.25
frozenset({'Paratha with Omelette'}),"frozenset({'Four-Cheese Pizza', 'Korean BBQ Short Ribs'})",0.12489592006661115,0.025811823480432972,0.013322231473771857,0.10666666666666667,4.13247311827957,1.0,0.010098440031586223,1.090509152820411,0.8661988582302569,0.09696969696969696,0.082997150997151,0.3113978494623656
"frozenset({'Four-Cheese Pizza', 'Smoked Sausage Combo'})",frozenset({'Korean BBQ Short Ribs'}),0.04329725228975854,0.13322231473771856,0.010824313072439634,0.25,1.8765625000000001,1.0,0.005056152900615017,1.1557035803497087,0.4882506527415144,0.06532663316582915,0.13472622478386168,0.16562500000000002
"frozenset({'Four-Cheese Pizza', 'Korean BBQ Short Ribs'})",frozenset({'Smoked Sausage Combo'}),0.025811823480432972,0.16402997502081598,0.010824313072439634,0.41935483870967744,2.5565744227935157,1.0,0.006590400311702503,1.439726154130817,0.624983563445102,0.060465116279069774,0.30542346742064,0.24267234321270675
"frozenset({'Smoked Sausage Combo', 'Korean BBQ Short Ribs'})",frozenset({'Four-Cheese Pizza'}),0.028309741881765195,0.1357202331390508,0.010824313072439634,0.3823529411764706,2.8172140021652834,1.0,0.006982108304140111,1.399310098727251,0.6638323116472217,0.07065217391304349,0.2853621217273037,0.23105377120173223
frozenset({'Four-Cheese Pizza'}),"frozenset({'Smoked Sausage Combo', 'Korean BBQ Short Ribs'})",0.1357202331390508,0.028309741881765195,0.010824313072439634,0.07975460122699386,2.8172140021652834,1.0,0.006982108304140111,1.055903413821815,0.7463317029791019,0.07065217391304349,0.052943681297017674,0.23105377120173223
frozenset({'Smoked Sausage Combo'}),"frozenset({'Four-Cheese Pizza', 'Korean BBQ Short Ribs'})",0.16402997502081598,0.025811823480432972,0.010824313072439634,0.06598984771573604,2.5565744227935157,1.0,0.006590400311702503,1.0430166889910581,0.728317499233834,0.060465116279069774,0.04124257017658034,0.24267234321270675
frozenset({'Korean BBQ Short Ribs'}),"frozenset({'Four-Cheese Pizza', 'Smoked Sausage Combo'})",0.13322231473771856,0.04329725228975854,0.010824313072439634,0.08125000000000002,1.8765625000000001,1.0,0.005056152900615017,1.0413091131540044,0.5389048991354467,0.06532663316582915,0.03967036553524805,0.16562500000000002
"frozenset({'Four-Cheese Pizza', 'Mutton Karahi'})",frozenset({'Turkey Bacon & Eggs'}),0.018318068276436304,0.10990840965861781,0.01665278934221482,0.909090909090909,8.271349862258953,1.0,0.014639479589933727,9.791007493755188,0.8955046649703138,0.14925373134328357,0.8978654647504037,0.5303030303030303
"frozenset({'Four-Cheese Pizza', 'Turkey Bacon & Eggs'})",frozenset({'Mutton Karahi'}),0.029142381348875937,0.10657785179017486,0.01665278934221482,0.5714285714285714,5.361607142857142,1.0,0.013546856942001565,2.0846516791562584,0.8379073756432247,0.13986013986013984,0.5203035547863134,0.3638392857142857
"frozenset({'Mutton Karahi', 'Turkey Bacon & Eggs'})",frozenset({'Four-Cheese Pizza'}),0.022481265611990008,0.1357202331390508,0.01665278934221482,0.7407407407407407,5.4578504885253345,1.0,0.013601626732094611,3.3336505293208036,0.8355621805792164,0.1176470588235294,0.7000285449225718,0.43172006362190407
frozenset({'Four-Cheese Pizza'}),"frozenset({'Mutton Karahi', 'Turkey Bacon & Eggs'})",0.1357202331390508,0.022481265611990008,0.01665278934221482,0.12269938650306747,5.4578504885253345,1.0,0.013601626732094611,1.1142346412954238,0.945038535645472,0.1176470588235294,0.10252296694223512,0.43172006362190407
frozenset({'Mutton Karahi'}),"frozenset({'Four-Cheese Pizza', 'Turkey Bacon & Eggs'})",0.10657785179017486,0.029142381348875937,0.01665278934221482,0.15625,5.361607142857143,1.0,0.013546856942001565,1.1506460665494804,0.9105312208760484,0.13986013986013984,0.13092302744425388,0.3638392857142857
frozenset({'Turkey Bacon & Eggs'}),"frozenset({'Four-Cheese Pizza', 'Mutton Karahi'})",0.10990840965861781,0.018318068276436304,0.01665278934221482,0.15151515151515152,8.271349862258953,1.0,0.014639479589933727,1.1569822766742,0.9876520112254443,0.14925373134328357,0.1356825249955021,0.5303030303030303
"frozenset({'Four-Cheese Pizza', 'Smoked Sausage Combo'})",frozenset({'Naan Garlic Bread'}),0.04329725228975854,0.1015820149875104,0.010824313072439634,0.25,2.461065573770492,1.0,0.0064260909414233635,1.1978906466833195,0.6205395996518712,0.08074534161490685,0.16519925857275256,0.17827868852459017
"frozenset({'Four-Cheese Pizza', 'Naan Garlic Bread'})",frozenset({'Smoked Sausage Combo'}),0.022481265611990008,0.16402997502081598,0.010824313072439634,0.4814814814814815,2.935326189133296,1.0,0.007136711635668584,1.612227905316998,0.6744856506355655,0.06161137440758294,0.37974029806699133,0.27373566459860876
"frozenset({'Smoked Sausage Combo', 'Naan Garlic Bread'})",frozenset({'Four-Cheese Pizza'}),0.019150707743547043,0.1357202331390508,0.010824313072439634,0.5652173913043479,4.164577220592158,1.0,0.008225174552707604,1.9878434637801834,0.7747159461930259,0.07514450867052024,0.4969422803049343,0.32248599626567087
frozenset({'Four-Cheese Pizza'}),"frozenset({'Smoked Sausage Combo', 'Naan Garlic Bread'})",0.1357202331390508,0.019150707743547043,0.010824313072439634,0.07975460122699386,4.164577220592158,1.0,0.008225174552707604,1.065856230918679,0.8792055728471914,0.07514450867052024,0.06178716135281802,0.32248599626567087
frozenset({'Smoked Sausage Combo'}),"frozenset({'Four-Cheese Pizza', 'Naan Garlic Bread'})",0.16402997502081598,0.022481265611990008,0.010824313072439634,0.06598984771573604,2.935326189133296,1.0,0.007136711635668584,1.0465825580132497,0.788691388292982,0.06161137440758294,0.04450920537189011,0.27373566459860876
frozenset({'Naan Garlic Bread'}),"frozenset({'Four-Cheese Pizza', 'Smoked Sausage Combo'})",0.1015820149875104,0.04329725228975854,0.010824313072439634,0.10655737704918034,2.4610655737704916,1.0,0.0064260909414233635,1.0708049102811876,0.6607970342910102,0.08074534161490685,0.06612307209405185,0.17827868852459017
"frozenset({'Four-Cheese Pizza', 'Smoked Beef Ribs'})",frozenset({'Omelette with Cheese'}),0.034970857618651124,0.08825978351373855,0.010824313072439634,0.30952380952380953,3.5069631626235402,1.0,0.0077377927497277125,1.3204513480145856,0.7407579478330127,0.09629629629629631,0.24268319199826052,0.2160826594788859
"frozenset({'Four-Cheese Pizza', 'Omelette with Cheese'})",frozenset({'Smoked Beef Ribs'}),0.019150707743547043,0.16902581182348042,0.010824313072439634,0.5652173913043479,3.3439708717070045,1.0,0.007587349149092383,1.9112406328059954,0.7146401985111663,0.06103286384976527,0.47677964624901986,0.3146284000856715
"frozenset({'Smoked Beef Ribs', 'Omelette with Cheese'})",frozenset({'Four-Cheese Pizza'}),0.022481265611990008,0.1357202331390508,0.010824313072439634,0.4814814814814815,3.547602817541468,1.0,0.007773150462319425,1.666825264660402,0.7346350412789937,0.07344632768361582,0.4000570898451438,0.2806180413542377
frozenset({'Four-Cheese Pizza'}),"frozenset({'Smoked Beef Ribs', 'Omelette with Cheese'})",0.1357202331390508,0.022481265611990008,0.010824313072439634,0.07975460122699386,3.547602817541468,1.0,0.007773150462319425,1.0622370247016375,0.830887801986068,0.07344632768361582,0.05859052476458231,0.2806180413542377
frozenset({'Smoked Beef Ribs'}),"frozenset({'Four-Cheese Pizza', 'Omelette with Cheese'})",0.16902581182348042,0.019150707743547043,0.010824313072439634,0.06403940886699508,3.343970871707004,1.0,0.007587349149092383,1.0479600333055787,0.8435332202867274,0.06103286384976527,0.0457651358652471,0.3146284000856715
frozenset({'Omelette with Cheese'}),"frozenset({'Four-Cheese Pizza', 'Smoked Beef Ribs'})",0.08825978351373855,0.034970857618651124,0.010824313072439634,0.12264150943396228,3.5069631626235402,1.0,0.0077377927497277125,1.0999256891658384,0.7840533895328416,0.09629629629629631,0.09084767284744495,0.2160826594788859
"frozenset({'Four-Cheese Pizza', 'Pancakes with Maple Syrup'})",frozenset({'Peach Iced Tea'}),0.025811823480432972,0.049125728559533725,0.010824313072439634,0.41935483870967744,8.536358665937671,1.0,0.009556288438513284,1.6376168008141367,0.9062458908612755,0.16883116883116883,0.38935653352917915,0.31984691088026246
"frozenset({'Four-Cheese Pizza', 'Peach Iced Tea'})",frozenset({'Pancakes with Maple Syrup'}),0.01665278934221482,0.08825978351373855,0.010824313072439634,0.6500000000000001,7.364622641509436,1.0,0.009354541490195862,2.604972047103605,0.8788510388849086,0.11504424778761063,0.6161187214611874,0.3863207547169812
"frozenset({'Pancakes with Maple Syrup', 'Peach Iced Tea'})",frozenset({'Four-Cheese Pizza'}),0.012489592006661115,0.1357202331390508,0.010824313072439634,0.8666666666666668,6.385685071574643,1.0,0.009129222733483962,6.482098251457126,0.8540666753145674,0.0787878787878788,0.84572896596018,0.47321063394683033
frozenset({'Four-Cheese Pizza'}),"frozenset({'Pancakes with Maple Syrup', 'Peach Iced Tea'})",0.1357202331390508,0.012489592006661115,0.010824313072439634,0.07975460122699386,6.385685071574642,1.0,0.009129222733483962,1.0730946433527615,0.9758411145694383,0.0787878787878788,0.06811574711097777,0.47321063394683033
frozenset({'Pancakes with Maple Syrup'}),"frozenset({'Four-Cheese Pizza', 'Peach Iced Tea'})",0.08825978351373855,0.01665278934221482,0.010824313072439634,0.12264150943396228,7.364622641509436,1.0,0.009354541490195862,1.120804347631454,0.9478749560941343,0.11504424778761063,0.10778361797645104,0.3863207547169812
frozenset({'Peach Iced Tea'}),"frozenset({'Four-Cheese Pizza', 'Pancakes with Maple Syrup'})",0.049125728559533725,0.025811823480432972,0.010824313072439634,0.22033898305084745,8.536358665937671,1.0,0.009556288438513284,1.2495022264055315,0.9284655799541962,0.16883116883116883,0.19968129798638273,0.31984691088026246
"frozenset({'Four-Cheese Pizza', 'Paneer Tikka Masala'})",frozenset({'Smoked Sausage Combo'}),0.022481265611990008,0.16402997502081598,0.010824313072439634,0.4814814814814815,2.935326189133296,1.0,0.007136711635668584,1.612227905316998,0.6744856506355655,0.06161137440758294,0.37974029806699133,0.27373566459860876
"frozenset({'Four-Cheese Pizza', 'Smoked Sausage Combo'})",frozenset({'Paneer Tikka Masala'}),0.04329725228975854,0.11074104912572856,0.010824313072439634,0.25,2.257518796992481,1.0,0.006029529929610421,1.1856786011656952,0.5822454308093995,0.07558139534883722,0.1566011235955056,0.17387218045112782
"frozenset({'Smoked Sausage Combo', 'Paneer Tikka Masala'})",frozenset({'Four-Cheese Pizza'}),0.028309741881765195,0.1357202331390508,0.010824313072439634,0.3823529411764706,2.8172140021652834,1.0,0.006982108304140111,1.399310098727251,0.6638323116472217,0.07065217391304349,0.2853621217273037,0.23105377120173223
frozenset({'Four-Cheese Pizza'}),"frozenset({'Smoked Sausage Combo', 'Paneer Tikka Masala'})",0.1357202331390508,0.028309741881765195,0.010824313072439634,0.07975460122699386,2.8172140021652834,1.0,0.006982108304140111,1.055903413821815,0.7463317029791019,0.07065217391304349,0.052943681297017674,0.23105377120173223
frozenset({'Paneer Tikka Masala'}),"frozenset({'Four-Cheese Pizza', 'Smoked Sausage Combo'})",0.11074104912572856,0.04329725228975854,0.010824313072439634,0.09774436090225565,2.257518796992481,1.0,0.006029529929610421,1.060345545378851,0.6264044943820226,0.07558139534883722,0.056911207522723266,0.17387218045112782
frozenset({'Smoked Sausage Combo'}),"frozenset({'Four-Cheese Pizza', 'Paneer Tikka Masala'})",0.16402997502081598,0.022481265611990008,0.010824313072439634,0.06598984771573604,2.935326189133296,1.0,0.007136711635668584,1.0465825580132497,0.788691388292982,0.06161137440758294,0.04450920537189011,0.27373566459860876
"frozenset({'Four-Cheese Pizza', 'Smoked Beef Ribs'})",frozenset({'Paratha with Omelette'}),0.034970857618651124,0.12489592006661115,0.010824313072439634,0.30952380952380953,2.4782539682539686,1.0,0.006456595634639744,1.2673921157655978,0.6181057941195992,0.07262569832402235,0.21097820669657016,0.1980952380952381
"frozenset({'Four-Cheese Pizza', 'Paratha with Omelette'})",frozenset({'Smoked Beef Ribs'}),0.03330557868442964,0.16902581182348042,0.010824313072439634,0.32500000000000007,1.9227832512315277,1.0,0.0051948105970531094,1.2310728713726218,0.49645531040879887,0.056521739130434796,0.1877004008016033,0.1945197044334976
"frozenset({'Smoked Beef Ribs', 'Paratha with Omelette'})",frozenset({'Four-Cheese Pizza'}),0.034970857618651124,0.1357202331390508,0.010824313072439634,0.30952380952380953,2.2806018112766577,1.0,0.006078060123363753,1.2517155244193057,0.5818676577951816,0.06770833333333334,0.201096430865217,0.1946392053754017
frozenset({'Four-Cheese Pizza'}),"frozenset({'Smoked Beef Ribs', 'Paratha with Omelette'})",0.1357202331390508,0.034970857618651124,0.010824313072439634,0.07975460122699386,2.2806018112766577,1.0,0.006078060123363753,1.0486650013877323,0.6496961612568549,0.06770833333333334,0.04640662301433963,0.1946392053754017
frozenset({'Smoked Beef Ribs'}),"frozenset({'Four-Cheese Pizza', 'Paratha with Omelette'})",0.16902581182348042,0.03330557868442964,0.010824313072439634,0.06403940886699508,1.9227832512315273,1.0,0.0051948105970531094,1.0328366711950567,0.5775396947741638,0.056521739130434796,0.031792704607460025,0.1945197044334976
frozenset({'Paratha with Omelette'}),"frozenset({'Four-Cheese Pizza', 'Smoked Beef Ribs'})",0.12489592006661115,0.034970857618651124,0.010824313072439634,0.08666666666666667,2.478253968253968,1.0,0.006456595634639744,1.0566012507824987,0.6816218985581498,0.07262569832402235,0.053569168823698596,0.1980952380952381
"frozenset({'Four-Cheese Pizza', 'Smoked Sausage Combo'})",frozenset({'Paratha with Omelette'}),0.04329725228975854,0.12489592006661115,0.013322231473771857,0.30769230769230765,2.4635897435897434,1.0,0.007914581312686278,1.2640392265704508,0.6209747606614447,0.08602150537634408,0.20888531069311272,0.20717948717948717
"frozenset({'Four-Cheese Pizza', 'Paratha with Omelette'})",frozenset({'Smoked Sausage Combo'}),0.03330557868442964,0.16402997502081598,0.013322231473771857,0.4,2.438578680203046,1.0,0.007859118234111041,1.3932833749653069,0.6102497846683893,0.07239819004524886,0.2822709163346614,0.24060913705583759
"frozenset({'Smoked Sausage Combo', 'Paratha with Omelette'})",frozenset({'Four-Cheese Pizza'}),0.029142381348875937,0.1357202331390508,0.013322231473771857,0.45714285714285713,3.368273444347064,1.0,0.00936702068287529,1.5920943073754326,0.724217409948542,0.08791208791208792,0.37189650426644644,0.2776511831726556
frozenset({'Four-Cheese Pizza'}),"frozenset({'Smoked Sausage Combo', 'Paratha with Omelette'})",0.1357202331390508,0.029142381348875937,0.013322231473771857,0.09815950920245399,3.368273444347064,1.0,0.00936702068287529,1.0765291961913825,0.8135236030828517,0.08791208791208792,0.0710888255164213,0.2776511831726556
frozenset({'Smoked Sausage Combo'}),"frozenset({'Four-Cheese Pizza', 'Paratha with Omelette'})",0.16402997502081598,0.03330557868442964,0.013322231473771857,0.08121827411167513,2.438578680203046,1.0,0.007859118234111041,1.0521480718186043,0.7056772908366534,0.07239819004524886,0.04956343428778797,0.24060913705583759
frozenset({'Paratha with Omelette'}),"frozenset({'Four-Cheese Pizza', 'Smoked Sausage Combo'})",0.12489592006661115,0.04329725228975854,0.013322231473771857,0.10666666666666667,2.4635897435897434,1.0,0.007914581312686278,1.070935911615942,0.6788772597526166,0.08602150537634408,0.06623730780388744,0.20717948717948717
"frozenset({'Four-Cheese Pizza', 'Turkey Bacon & Eggs'})",frozenset({'Paratha with Omelette'}),0.029142381348875937,0.12489592006661115,0.010824313072439634,0.37142857142857144,2.973904761904762,1.0,0.007184548540939726,1.3922110362576643,0.6836653912125611,0.07558139534883723,0.28171809161342937,0.22904761904761906
"frozenset({'Four-Cheese Pizza', 'Paratha with Omelette'})",frozenset({'Turkey Bacon & Eggs'}),0.03330557868442964,0.10990840965861781,0.010824313072439634,0.32500000000000007,2.9570075757575767,1.0,0.007163749886474013,1.318654207913159,0.6846220102034056,0.0817610062893082,0.24165107577174938,0.2117424242424243
"frozenset({'Turkey Bacon & Eggs', 'Paratha with Omelette'})",frozenset({'Four-Cheese Pizza'}),0.02331390507910075,0.1357202331390508,0.010824313072439634,0.4642857142857143,3.420902716914987,1.0,0.007660144439722381,1.6133222314737719,0.7245721030887272,0.07303370786516855,0.3801610239471511,0.2720201577563541
frozenset({'Four-Cheese Pizza'}),"frozenset({'Turkey Bacon & Eggs', 'Paratha with Omelette'})",0.1357202331390508,0.02331390507910075,0.010824313072439634,0.07975460122699386,3.420902716914987,1.0,0.007660144439722381,1.0613322231473772,0.8188083592707871,0.07303370786516855,0.057787959142045715,0.2720201577563541
frozenset({'Turkey Bacon & Eggs'}),"frozenset({'Four-Cheese Pizza', 'Paratha with Omelette'})",0.10990840965861781,0.03330557868442964,0.010824313072439634,0.0984848484848485,2.9570075757575762,1.0,0.007163749886474013,1.0722996942323975,0.7435417716053826,0.0817610062893082,0.0674248949442748,0.2117424242424243
frozenset({'Paratha with Omelette'}),"frozenset({'Four-Cheese Pizza', 'Turkey Bacon & Eggs'})",0.12489592006661115,0.029142381348875937,0.010824313072439634,0.08666666666666667,2.973904761904762,1.0,0.007184548540939726,1.0629827941435666,0.7584717851130791,0.07558139534883723,0.059251000571755294,0.22904761904761906
"frozenset({'Four-Cheese Pizza', 'Smoked Beef Ribs'})",frozenset({'Veggie Supreme Pizza'}),0.034970857618651124,0.11323896752706078,0.011656952539550375,0.3333333333333333,2.943627450980392,1.0,0.007696888729278474,1.3301415487094088,0.6842105263157895,0.08536585365853659,0.24820031298904535,0.2181372549019608
"frozenset({'Four-Cheese Pizza', 'Veggie Supreme Pizza'})",frozenset({'Smoked Beef Ribs'}),0.025811823480432972,0.16902581182348042,0.011656952539550375,0.45161290322580644,2.6718576195773083,1.0,0.0072940881211258175,1.5153058725571829,0.6423076923076924,0.06363636363636364,0.3400672312366669,0.26028921023359286
"frozenset({'Smoked Beef Ribs', 'Veggie Supreme Pizza'})",frozenset({'Four-Cheese Pizza'}),0.02497918401332223,0.1357202331390508,0.011656952539550375,0.4666666666666667,3.438445807770961,1.0,0.008266771861639032,1.6205245628642797,0.7273392704648042,0.0782122905027933,0.38291586384071935,0.276278118609407
frozenset({'Four-Cheese Pizza'}),"frozenset({'Smoked Beef Ribs', 'Veggie Supreme Pizza'})",0.1357202331390508,0.02497918401332223,0.011656952539550375,0.08588957055214724,3.4384458077709614,1.0,0.008266771861639032,1.0666335101062314,0.8205339939443987,0.0782122905027933,0.062470857585934104,0.276278118609407
frozenset({'Smoked Beef Ribs'}),"frozenset({'Four-Cheese Pizza', 'Veggie Supreme Pizza'})",0.16902581182348042,0.025811823480432972,0.011656952539550375,0.06896551724137931,2.6718576195773083,1.0,0.0072940881211258175,1.0463502636691646,0.753006012024048,0.06363636363636364,0.044297082228116715,0.26028921023359286
frozenset({'Veggie Supreme Pizza'}),"frozenset({'Four-Cheese Pizza', 'Smoked Beef Ribs'})",0.11323896752706078,0.034970857618651124,0.011656952539550375,0.10294117647058824,2.9436274509803924,1.0,0.007696888729278474,1.0757701915070774,0.7446009389671362,0.08536585365853659,0.07043343653250775,0.2181372549019608
"frozenset({'Four-Cheese Pizza', 'Smoked Sausage Combo'})",frozenset({'Veggie Supreme Pizza'}),0.04329725228975854,0.11323896752706078,0.011656952539550375,0.2692307692307692,2.377545248868778,1.0,0.00675401639349945,1.2134624654892852,0.6056197936093497,0.08045977011494253,0.17591188154568435,0.18608597285067874
"frozenset({'Four-Cheese Pizza', 'Veggie Supreme Pizza'})",frozenset({'Smoked Sausage Combo'}),0.025811823480432972,0.16402997502081598,0.011656952539550375,0.45161290322580644,2.753233993777632,1.0,0.007423039778813243,1.5244159279032181,0.6536630036630038,0.06542056074766354,0.3440110525639377,0.2613394465367611
"frozenset({'Smoked Sausage Combo', 'Veggie Supreme Pizza'})",frozenset({'Four-Cheese Pizza'}),0.03663613655287261,0.1357202331390508,0.011656952539550375,0.3181818181818182,2.3443948689347462,1.0,0.006684687545280404,1.267610324729392,0.5952586739103592,0.07253886010362694,0.21111403047819233,0.2020356943669827
frozenset({'Four-Cheese Pizza'}),"frozenset({'Smoked Sausage Combo', 'Veggie Supreme Pizza'})",0.1357202331390508,0.03663613655287261,0.011656952539550375,0.08588957055214724,2.3443948689347462,1.0,0.006684687545280404,1.0538812734354481,0.6635012386457474,0.07253886010362694,0.05112651186960141,0.2020356943669827
frozenset({'Smoked Sausage Combo'}),"frozenset({'Four-Cheese Pizza', 'Veggie Supreme Pizza'})",0.16402997502081598,0.025811823480432972,0.011656952539550375,0.07106598984771574,2.7532339937776324,1.0,0.007423039778813243,1.0487162337396432,0.7617387592487194,0.06542056074766354,0.046453208382142404,0.2613394465367611
frozenset({'Veggie Supreme Pizza'}),"frozenset({'Four-Cheese Pizza', 'Smoked Sausage Combo'})",0.11323896752706078,0.04329725228975854,0.011656952539550375,0.10294117647058824,2.3775452488687785,1.0,0.00675401639349945,1.066488308922892,0.6533869885982562,0.08045977011494253,0.0623432140480213,0.18608597285067874
"frozenset({'Four-Cheese Pizza', 'Turkey Bacon & Eggs'})",frozenset({'Veggie Supreme Pizza'}),0.029142381348875937,0.11323896752706078,0.010824313072439634,0.37142857142857144,3.280042016806723,1.0,0.0075242598972130505,1.4107561880251307,0.7159915556141971,0.08227848101265824,0.29116029510395713,0.23350840336134454
"frozenset({'Four-Cheese Pizza', 'Veggie Supreme Pizza'})",frozenset({'Turkey Bacon & Eggs'}),0.025811823480432972,0.10990840965861781,0.010824313072439634,0.41935483870967744,3.815493646138808,1.0,0.007987376603316276,1.5329355166990473,0.7574621959237344,0.08666666666666667,0.3476568393735478,0.25891984359726294
"frozenset({'Turkey Bacon & Eggs', 'Veggie Supreme Pizza'})",frozenset({'Four-Cheese Pizza'}),0.019983347210657785,0.1357202331390508,0.010824313072439634,0.5416666666666667,3.9910531697341516,1.0,0.008112168530110559,1.8857013095147985,0.7647212600483628,0.07471264367816093,0.46969332048811824,0.3107106339468303
frozenset({'Four-Cheese Pizza'}),"frozenset({'Turkey Bacon & Eggs', 'Veggie Supreme Pizza'})",0.1357202331390508,0.019983347210657785,0.010824313072439634,0.07975460122699386,3.991053169734151,1.0,0.008112168530110559,1.0649514293644184,0.8671261301319105,0.07471264367816093,0.060990039144961455,0.3107106339468303
frozenset({'Turkey Bacon & Eggs'}),"frozenset({'Four-Cheese Pizza', 'Veggie Supreme Pizza'})",0.10990840965861781,0.025811823480432972,0.010824313072439634,0.0984848484848485,3.815493646138808,1.0,0.007987376603316276,1.080612094962881,0.8290278477369216,0.08666666666666667,0.07459854959854961,0.25891984359726294
frozenset({'Veggie Supreme Pizza'}),"frozenset({'Four-Cheese Pizza', 'Turkey Bacon & Eggs'})",0.11323896752706078,0.029142381348875937,0.010824313072439634,0.09558823529411765,3.280042016806723,1.0,0.0075242598972130505,1.0734685864760396,0.7838931022029614,0.08227848101265824,0.0684403692866512,0.23350840336134454
"frozenset({'Granola Yogurt Bowl', 'Grilled Prawns'})",frozenset({'French Toast'}),0.035803497085761866,0.10824313072439634,0.013322231473771857,0.37209302325581395,3.4375670840787116,1.0,0.009446748858327192,1.4202053844018874,0.7354274611398964,0.1019108280254777,0.2958764901309361,0.24758497316636852
"frozenset({'Granola Yogurt Bowl', 'French Toast'})",frozenset({'Grilled Prawns'}),0.020815986677768527,0.10824313072439634,0.013322231473771857,0.64,5.912615384615385,1.0,0.011069043906652866,2.4771024146544547,0.8485331632653061,0.11510791366906475,0.5963025210084033,0.38153846153846155
"frozenset({'Grilled Prawns', 'French Toast'})",frozenset({'Granola Yogurt Bowl'}),0.02331390507910075,0.11323896752706078,0.013322231473771857,0.5714285714285714,5.046218487394958,1.0,0.010682188933590589,2.0691090757701915,0.8209718670076726,0.10810810810810811,0.5167002012072435,0.3445378151260504
frozenset({'Granola Yogurt Bowl'}),"frozenset({'Grilled Prawns', 'French Toast'})",0.11323896752706078,0.02331390507910075,0.013322231473771857,0.11764705882352942,5.046218487394959,1.0,0.010682188933590589,1.1069109075770192,0.9042253521126759,0.10810810810810811,0.09658492553031443,0.3445378151260504
frozenset({'Grilled Prawns'}),"frozenset({'Granola Yogurt Bowl', 'French Toast'})",0.10824313072439634,0.020815986677768527,0.013322231473771857,0.12307692307692307,5.912615384615384,1.0,0.011069043906652866,1.1166133485253518,0.9317226890756302,0.11510791366906475,0.10443485086342227,0.38153846153846155
frozenset({'French Toast'}),"frozenset({'Granola Yogurt Bowl', 'Grilled Prawns'})",0.10824313072439634,0.035803497085761866,0.013322231473771857,0.12307692307692307,3.4375670840787116,1.0,0.009446748858327192,1.0995223278846575,0.7951680672268906,0.1019108280254777,0.09051414906337185,0.24758497316636852
"frozenset({'Hawaiian Pizza', 'Grilled Prawns'})",frozenset({'French Toast'}),0.020815986677768527,0.10824313072439634,0.010824313072439634,0.52,4.804,1.0,0.008571125505320644,1.8578268109908411,0.8086734693877551,0.0915492957746479,0.46173669467787115,0.31
"frozenset({'Hawaiian Pizza', 'French Toast'})",frozenset({'Grilled Prawns'}),0.01498751040799334,0.10824313072439634,0.010824313072439634,0.7222222222222222,6.672222222222222,1.0,0.00920201802411396,3.2103247293921733,0.8630600169061706,0.0962962962962963,0.6885050316422864,0.4111111111111111
"frozenset({'Grilled Prawns', 'French Toast'})",frozenset({'Hawaiian Pizza'}),0.02331390507910075,0.10574521232306411,0.010824313072439634,0.4642857142857143,4.390607424071991,1.0,0.008358979229770363,1.6692756036636136,0.7906747983474327,0.0915492957746479,0.40093774940143656,0.2833239595050619
frozenset({'Hawaiian Pizza'}),"frozenset({'Grilled Prawns', 'French Toast'})",0.10574521232306411,0.02331390507910075,0.010824313072439634,0.10236220472440946,4.390607424071992,1.0,0.008358979229770363,1.088062579429423,0.8635582294800173,0.0915492957746479,0.08093521557887107,0.2833239595050619
frozenset({'Grilled Prawns'}),"frozenset({'Hawaiian Pizza', 'French Toast'})",0.10824313072439634,0.01498751040799334,0.010824313072439634,0.1,6.6722222222222225,1.0,0.00920201802411396,1.0944583217688963,0.9533146591970121,0.0962962962962963,0.08630600169061707,0.4111111111111111
frozenset({'French Toast'}),"frozenset({'Hawaiian Pizza', 'Grilled Prawns'})",0.10824313072439634,0.020815986677768527,0.010824313072439634,0.1,4.804,1.0,0.008571125505320644,1.0879822370247016,0.8879551820728292,0.0915492957746479,0.08086734693877551,0.31
"frozenset({'Margherita Pizza', 'Mediterranean Olive Pizza'})",frozenset({'French Toast'}),0.018318068276436304,0.10824313072439634,0.012489592006661115,0.6818181818181818,6.298951048951048,1.0,0.010506786947596403,2.802664446294754,0.8569409103760249,0.10948905109489049,0.6431966726084372,0.3986013986013986
"frozenset({'Margherita Pizza', 'French Toast'})",frozenset({'Mediterranean Olive Pizza'}),0.01665278934221482,0.08825978351373855,0.012489592006661115,0.75,8.497641509433963,1.0,0.011019820424417343,3.646960865945046,0.8972622071690658,0.13513513513513511,0.7257990867579909,0.44575471698113206
"frozenset({'Mediterranean Olive Pizza', 'French Toast'})",frozenset({'Margherita Pizza'}),0.02331390507910075,0.0749375520399667,0.012489592006661115,0.5357142857142857,7.148809523809523,1.0,0.010742505031541158,1.9924421956062255,0.8806479113384483,0.145631067961165,0.49810338176674807,0.35119047619047616
frozenset({'Margherita Pizza'}),"frozenset({'Mediterranean Olive Pizza', 'French Toast'})",0.0749375520399667,0.02331390507910075,0.012489592006661115,0.16666666666666663,7.148809523809522,1.0,0.010742505031541158,1.172023313905079,0.9297929792979297,0.145631067961165,0.14677465188974137,0.35119047619047616
frozenset({'Mediterranean Olive Pizza'}),"frozenset({'Margherita Pizza', 'French Toast'})",0.08825978351373855,0.01665278934221482,0.012489592006661115,0.14150943396226415,8.497641509433963,1.0,0.011019820424417343,1.1454374102167608,0.9677321156773212,0.13513513513513511,0.1269710670522263,0.44575471698113206
frozenset({'French Toast'}),"frozenset({'Margherita Pizza', 'Mediterranean Olive Pizza'})",0.10824313072439634,0.018318068276436304,0.012489592006661115,0.11538461538461538,6.298951048951048,1.0,0.010506786947596403,1.1097274010788112,0.943355119825708,0.10948905109489049,0.0988777973510798,0.3986013986013986
"frozenset({'Turkey Bacon & Eggs', 'Mushroom Alfredo Pizza'})",frozenset({'French Toast'}),0.02164862614487927,0.10824313072439634,0.010824313072439634,0.5,4.619230769230769,1.0,0.008480998002635883,1.7835137385512074,0.8008510638297872,0.09090909090909091,0.4393090569561158,0.3
"frozenset({'Turkey Bacon & Eggs', 'French Toast'})",frozenset({'Mushroom Alfredo Pizza'}),0.01498751040799334,0.09908409658617819,0.010824313072439634,0.7222222222222222,7.288982259570495,1.0,0.009339289143587672,3.243297252289758,0.8759347161714025,0.10483870967741936,0.6916718011912096,0.41573295985060693
"frozenset({'Mushroom Alfredo Pizza', 'French Toast'})",frozenset({'Turkey Bacon & Eggs'}),0.012489592006661115,0.10990840965861781,0.010824313072439634,0.8666666666666668,7.885353535353537,1.0,0.009451601877702526,6.675686927560373,0.8842262290828901,0.09701492537313436,0.850202681633926,0.48257575757575766
frozenset({'Turkey Bacon & Eggs'}),"frozenset({'Mushroom Alfredo Pizza', 'French Toast'})",0.10990840965861781,0.012489592006661115,0.010824313072439634,0.0984848484848485,7.885353535353537,1.0,0.009451601877702526,1.0953896962615188,0.9810030941929913,0.09701492537313436,0.08708288619755737,0.48257575757575766
frozenset({'Mushroom Alfredo Pizza'}),"frozenset({'Turkey Bacon & Eggs', 'French Toast'})",0.09908409658617819,0.01498751040799334,0.010824313072439634,0.10924369747899161,7.288982259570496,1.0,0.009339289143587672,1.1058159081268755,0.9576994170339826,0.10483870967741936,0.09569034714477508,0.41573295985060693
frozenset({'French Toast'}),"frozenset({'Turkey Bacon & Eggs', 'Mushroom Alfredo Pizza'})",0.10824313072439634,0.02164862614487927,0.010824313072439634,0.1,4.619230769230769,1.0,0.008480998002635883,1.0870570820612453,0.8786181139122315,0.09090909090909091,0.08008510638297874,0.3
"frozenset({'Smoked Sausage Combo', 'Paneer Tikka Masala'})",frozenset({'French Toast'}),0.028309741881765195,0.10824313072439634,0.013322231473771857,0.4705882352941177,4.347511312217195,1.0,0.010257896382490028,1.6844296419650295,0.7924164524421593,0.10810810810810811,0.4063272367770638,0.29683257918552036
"frozenset({'Paneer Tikka Masala', 'French Toast'})",frozenset({'Smoked Sausage Combo'}),0.02331390507910075,0.16402997502081598,0.013322231473771857,0.5714285714285714,3.4836838288614937,1.0,0.009498052206009286,1.9505967249514293,0.7299658994032395,0.07655502392344497,0.4873363688104724,0.3263234227701233
"frozenset({'Smoked Sausage Combo', 'French Toast'})",frozenset({'Paneer Tikka Masala'}),0.022481265611990008,0.11074104912572856,0.013322231473771857,0.5925925925925927,5.351155666945141,1.0,0.010832632534225919,2.182726515782303,0.8318249574105621,0.11111111111111112,0.5418574004716328,0.35644667223614596
frozenset({'Paneer Tikka Masala'}),"frozenset({'Smoked Sausage Combo', 'French Toast'})",0.11074104912572856,0.022481265611990008,0.013322231473771857,0.12030075187969926,5.351155666945141,1.0,0.010832632534225919,1.1111965100308148,0.9143843632958801,0.11111111111111112,0.10006916780878945,0.35644667223614596
frozenset({'Smoked Sausage Combo'}),"frozenset({'Paneer Tikka Masala', 'French Toast'})",0.16402997502081598,0.02331390507910075,0.013322231473771857,0.08121827411167513,3.483683828861494,1.0,0.009498052206009286,1.0630229872895975,0.8528386454183267,0.07655502392344497,0.059286570509907786,0.3263234227701233
frozenset({'French Toast'}),"frozenset({'Smoked Sausage Combo', 'Paneer Tikka Masala'})",0.10824313072439634,0.028309741881765195,0.013322231473771857,0.12307692307692307,4.347511312217194,1.0,0.010257896382490028,1.1080678382050047,0.8634453781512603,0.10810810810810811,0.09752817876211191,0.29683257918552036
"frozenset({'Smoked Sausage Combo', 'Paratha with Omelette'})",frozenset({'French Toast'}),0.029142381348875937,0.10824313072439634,0.012489592006661115,0.42857142857142855,3.959340659340659,1.0,0.009335129412694527,1.5605745212323066,0.7698684962835906,0.09999999999999999,0.35921035080698943,0.27197802197802196
"frozenset({'Smoked Sausage Combo', 'French Toast'})",frozenset({'Paratha with Omelette'}),0.022481265611990008,0.12489592006661115,0.012489592006661115,0.5555555555555556,4.448148148148149,1.0,0.009681773653789756,1.968984179850125,0.7930153321976149,0.09259259259259259,0.4921239031610107,0.3277777777777778
"frozenset({'Paratha with Omelette', 'French Toast'})",frozenset({'Smoked Sausage Combo'}),0.02164862614487927,0.16402997502081598,0.012489592006661115,0.5769230769230769,3.5171807887543927,1.0,0.008938568400881586,1.9759291499507985,0.731517730496454,0.07211538461538461,0.49390897946674833,0.32653260445138615
frozenset({'Smoked Sausage Combo'}),"frozenset({'Paratha with Omelette', 'French Toast'})",0.16402997502081598,0.02164862614487927,0.012489592006661115,0.07614213197969542,3.517180788754392,1.0,0.008938568400881586,1.0589847288431802,0.856108897742364,0.07211538461538461,0.05569931958094826,0.32653260445138615
frozenset({'Paratha with Omelette'}),"frozenset({'Smoked Sausage Combo', 'French Toast'})",0.12489592006661115,0.022481265611990008,0.012489592006661115,0.09999999999999999,4.448148148148148,1.0,0.009681773653789756,1.0861319270977887,0.8858230256898191,0.09259259259259259,0.07930153321976151,0.3277777777777778
frozenset({'French Toast'}),"frozenset({'Smoked Sausage Combo', 'Paratha with Omelette'})",0.10824313072439634,0.029142381348875937,0.012489592006661115,0.11538461538461538,3.959340659340659,1.0,0.009335129412694527,1.0974912210838794,0.8381574852163086,0.09999999999999999,0.0888309803404143,0.27197802197802196
"frozenset({'Mutton Karahi', 'Granola Yogurt Bowl'})",frozenset({'Grilled Prawns'}),0.026644462947543714,0.10824313072439634,0.011656952539550375,0.4375,4.041826923076923,1.0,0.008772872453638066,1.585345545378851,0.7731883172430648,0.09459459459459459,0.3692226890756302,0.2725961538461538
"frozenset({'Mutton Karahi', 'Grilled Prawns'})",frozenset({'Granola Yogurt Bowl'}),0.02331390507910075,0.11323896752706078,0.011656952539550375,0.5,4.415441176470589,1.0,0.009016909999369108,1.7735220649458785,0.7919863597612958,0.09333333333333334,0.43615023474178405,0.3014705882352941
"frozenset({'Granola Yogurt Bowl', 'Grilled Prawns'})",frozenset({'Mutton Karahi'}),0.035803497085761866,0.10657785179017486,0.011656952539550375,0.3255813953488372,3.054869186046511,1.0,0.00784109273357409,1.3247293921731889,0.6976313841598816,0.08917197452229299,0.2451288497800125,0.2174781976744186
frozenset({'Mutton Karahi'}),"frozenset({'Granola Yogurt Bowl', 'Grilled Prawns'})",0.10657785179017486,0.035803497085761866,0.011656952539550375,0.109375,3.0548691860465116,1.0,0.00784109273357409,1.082606599763355,0.752895752895753,0.08917197452229299,0.07630343264248705,0.2174781976744186
frozenset({'Granola Yogurt Bowl'}),"frozenset({'Mutton Karahi', 'Grilled Prawns'})",0.11323896752706078,0.02331390507910075,0.011656952539550375,0.10294117647058824,4.415441176470589,1.0,0.009016909999369108,1.0887648271249368,0.8723004694835681,0.09333333333333334,0.08152800762248634,0.3014705882352941
frozenset({'Grilled Prawns'}),"frozenset({'Mutton Karahi', 'Granola Yogurt Bowl'})",0.10824313072439634,0.026644462947543714,0.011656952539550375,0.10769230769230768,4.041826923076923,1.0,0.008772872453638066,1.0908294811794768,0.843937575030012,0.09459459459459459,0.08326643416463775,0.2725961538461538
"frozenset({'Granola Yogurt Bowl', 'Naan Garlic Bread'})",frozenset({'Grilled Prawns'}),0.02497918401332223,0.10824313072439634,0.014154870940882597,0.5666666666666667,5.235128205128205,1.0,0.011451045860339808,2.0579004675590853,0.829708142864319,0.11888111888111888,0.5140678493619669,0.3487179487179487
"frozenset({'Granola Yogurt Bowl', 'Grilled Prawns'})",frozenset({'Naan Garlic Bread'}),0.035803497085761866,0.1015820149875104,0.014154870940882597,0.3953488372093023,3.8919176515440337,1.0,0.01051787956331145,1.4858451290591175,0.7706491923194149,0.11486486486486487,0.32698234799663767,0.26734654975219213
"frozenset({'Naan Garlic Bread', 'Grilled Prawns'})",frozenset({'Granola Yogurt Bowl'}),0.02497918401332223,0.11323896752706078,0.014154870940882597,0.5666666666666667,5.004166666666666,1.0,0.011326253933545525,2.0463716133990904,0.8206660973526899,0.11409395973154363,0.5113302034428795,0.3458333333333333
frozenset({'Granola Yogurt Bowl'}),"frozenset({'Naan Garlic Bread', 'Grilled Prawns'})",0.11323896752706078,0.02497918401332223,0.014154870940882597,0.125,5.004166666666667,1.0,0.011326253933545525,1.1143095039847746,0.9023474178403755,0.11409395973154363,0.10258326216908625,0.3458333333333333
frozenset({'Naan Garlic Bread'}),"frozenset({'Granola Yogurt Bowl', 'Grilled Prawns'})",0.1015820149875104,0.035803497085761866,0.014154870940882597,0.13934426229508196,3.8919176515440332,1.0,0.01051787956331145,1.120304508147972,0.8270729978738484,0.11486486486486487,0.1073855431920496,0.26734654975219213
frozenset({'Grilled Prawns'}),"frozenset({'Granola Yogurt Bowl', 'Naan Garlic Bread'})",0.10824313072439634,0.02497918401332223,0.014154870940882597,0.13076923076923075,5.235128205128205,1.0,0.011451045860339808,1.1217053635244965,0.9071785576975888,0.11888111888111888,0.10850029560533402,0.3487179487179487
"frozenset({'Granola Yogurt Bowl', 'Paneer Tikka Masala'})",frozenset({'Grilled Prawns'}),0.019983347210657785,0.10824313072439634,0.010824313072439634,0.5416666666666667,5.004166666666667,1.0,0.008661253008005403,1.9456513511467721,0.816482582837723,0.0921985815602837,0.48603330220977287,0.32083333333333336
"frozenset({'Granola Yogurt Bowl', 'Grilled Prawns'})",frozenset({'Paneer Tikka Masala'}),0.035803497085761866,0.11074104912572856,0.010824313072439634,0.3023255813953489,2.730022731246722,1.0,0.0068593962427924,1.2746044962531224,0.6572339577520925,0.07975460122699386,0.2154429056702378,0.20003497114880225
"frozenset({'Paneer Tikka Masala', 'Grilled Prawns'})",frozenset({'Granola Yogurt Bowl'}),0.018318068276436304,0.11323896752706078,0.010824313072439634,0.5909090909090909,5.218248663101605,1.0,0.008749993933725782,2.167638079378296,0.8234488158152281,0.08965517241379312,0.5386683738796415,0.3432486631016043
frozenset({'Granola Yogurt Bowl'}),"frozenset({'Paneer Tikka Masala', 'Grilled Prawns'})",0.11323896752706078,0.018318068276436304,0.010824313072439634,0.09558823529411765,5.218248663101605,1.0,0.008749993933725782,1.0854369326374362,0.9115926327193933,0.08965517241379312,0.07871201915880857,0.3432486631016043
frozenset({'Paneer Tikka Masala'}),"frozenset({'Granola Yogurt Bowl', 'Grilled Prawns'})",0.11074104912572856,0.035803497085761866,0.010824313072439634,0.09774436090225565,2.730022731246722,1.0,0.0068593962427924,1.0686511240632806,0.712618841832325,0.07975460122699386,0.06424091316373837,0.20003497114880225
frozenset({'Grilled Prawns'}),"frozenset({'Granola Yogurt Bowl', 'Paneer Tikka Masala'})",0.10824313072439634,0.019983347210657785,0.010824313072439634,0.1,5.004166666666667,1.0,0.008661253008005403,1.088907391988158,0.8972922502334267,0.0921985815602837,0.08164825828377231,0.32083333333333336
"frozenset({'Smoked Beef Ribs', 'Granola Yogurt Bowl'})",frozenset({'Grilled Prawns'}),0.020815986677768527,0.10824313072439634,0.010824313072439634,0.52,4.804,1.0,0.008571125505320644,1.8578268109908411,0.8086734693877551,0.0915492957746479,0.46173669467787115,0.31
"frozenset({'Smoked Beef Ribs', 'Grilled Prawns'})",frozenset({'Granola Yogurt Bowl'}),0.019983347210657785,0.11323896752706078,0.010824313072439634,0.5416666666666667,4.783394607843138,1.0,0.008561419466569978,1.9347513435773223,0.8070714332396577,0.08843537414965988,0.4831377151799688,0.3186274509803922
"frozenset({'Granola Yogurt Bowl', 'Grilled Prawns'})",frozenset({'Smoked Beef Ribs'}),0.035803497085761866,0.16902581182348042,0.010824313072439634,0.3023255813953489,1.788635582540956,1.0,0.004772597911399119,1.1910630030530116,0.45728709977414644,0.05579399141630902,0.16041385095772948,0.18318249513117196
frozenset({'Smoked Beef Ribs'}),"frozenset({'Granola Yogurt Bowl', 'Grilled Prawns'})",0.16902581182348042,0.035803497085761866,0.010824313072439634,0.06403940886699508,1.7886355825409554,1.0,0.004772597911399119,1.0301678425873175,0.530599660860182,0.05579399141630902,0.029284395552038937,0.18318249513117196
frozenset({'Granola Yogurt Bowl'}),"frozenset({'Smoked Beef Ribs', 'Grilled Prawns'})",0.11323896752706078,0.019983347210657785,0.010824313072439634,0.09558823529411765,4.783394607843138,1.0,0.008561419466569978,1.0835956486126062,0.8919465511014808,0.08843537414965988,0.07714653405967316,0.3186274509803922
frozenset({'Grilled Prawns'}),"frozenset({'Smoked Beef Ribs', 'Granola Yogurt Bowl'})",0.10824313072439634,0.020815986677768527,0.010824313072439634,0.1,4.804,1.0,0.008571125505320644,1.0879822370247016,0.8879551820728292,0.0915492957746479,0.08086734693877551,0.31
"frozenset({'Mutton Karahi', 'Naan Garlic Bread'})",frozenset({'Granola Yogurt Bowl'}),0.02164862614487927,0.11323896752706078,0.014154870940882597,0.6538461538461537,5.774038461538461,1.0,0.011703402867857135,2.5617540938107126,0.8451063829787234,0.11724137931034481,0.6096424702058504,0.38942307692307687
"frozenset({'Mutton Karahi', 'Granola Yogurt Bowl'})",frozenset({'Naan Garlic Bread'}),0.026644462947543714,0.1015820149875104,0.014154870940882597,0.53125,5.229764344262295,1.0,0.011448272706411047,1.9166250346933111,0.8309263825290596,0.1240875912408759,0.47824953660797037,0.335297131147541
"frozenset({'Granola Yogurt Bowl', 'Naan Garlic Bread'})",frozenset({'Mutton Karahi'}),0.02497918401332223,0.10657785179017486,0.014154870940882597,0.5666666666666667,5.316927083333333,1.0,0.011492643169271236,2.0617434189457504,0.8327221580348622,0.12056737588652482,0.5149735942839391,0.3497395833333333
frozenset({'Mutton Karahi'}),"frozenset({'Granola Yogurt Bowl', 'Naan Garlic Bread'})",0.10657785179017486,0.02497918401332223,0.014154870940882597,0.1328125,5.316927083333334,1.0,0.011492643169271236,1.1243483283449978,0.9087769310893044,0.12056737588652482,0.11059591161400512,0.3497395833333333
frozenset({'Naan Garlic Bread'}),"frozenset({'Mutton Karahi', 'Granola Yogurt Bowl'})",0.1015820149875104,0.026644462947543714,0.014154870940882597,0.13934426229508196,5.2297643442622945,1.0,0.011448272706411047,1.1309464335276158,0.9002344218502971,0.1240875912408759,0.11578482379503287,0.335297131147541
frozenset({'Granola Yogurt Bowl'}),"frozenset({'Mutton Karahi', 'Naan Garlic Bread'})",0.11323896752706078,0.02164862614487927,0.014154870940882597,0.125,5.774038461538461,1.0,0.011703402867857135,1.1181158558344237,0.9323943661971831,0.11724137931034481,0.10563829787234043,0.38942307692307687
"frozenset({'Granola Yogurt Bowl', 'Smoked Sausage Combo'})",frozenset({'Spicy Chicken Fajita Pizza'}),0.027477102414654453,0.08326394671107411,0.012489592006661115,0.45454545454545453,5.459090909090909,1.0,0.0102017400154326,1.680682764363031,0.8398972602739726,0.1271186440677966,0.4050037156304186,0.30227272727272725
"frozenset({'Granola Yogurt Bowl', 'Spicy Chicken Fajita Pizza'})",frozenset({'Smoked Sausage Combo'}),0.017485428809325562,0.16402997502081598,0.012489592006661115,0.7142857142857142,4.354604786076867,1.0,0.009621457555839187,2.925895087427143,0.7840677966101695,0.07389162561576355,0.6582242458736481,0.3952139231327048
"frozenset({'Smoked Sausage Combo', 'Spicy Chicken Fajita Pizza'})",frozenset({'Granola Yogurt Bowl'}),0.02497918401332223,0.11323896752706078,0.012489592006661115,0.5,4.415441176470589,1.0,0.009660974999324043,1.7735220649458785,0.7933390264731,0.09933774834437087,0.43615023474178405,0.30514705882352944
frozenset({'Granola Yogurt Bowl'}),"frozenset({'Smoked Sausage Combo', 'Spicy Chicken Fajita Pizza'})",0.11323896752706078,0.02497918401332223,0.012489592006661115,0.11029411764705882,4.415441176470589,1.0,0.009660974999324043,1.0958911650759353,0.872300469483568,0.09933774834437087,0.08750062791982718,0.30514705882352944
frozenset({'Smoked Sausage Combo'}),"frozenset({'Granola Yogurt Bowl', 'Spicy Chicken Fajita Pizza'})",0.16402997502081598,0.017485428809325562,0.012489592006661115,0.07614213197969542,4.354604786076867,1.0,0.009621457555839187,1.0634910468382575,0.9215139442231076,0.07389162561576355,0.059700593650520516,0.3952139231327048
frozenset({'Spicy Chicken Fajita Pizza'}),"frozenset({'Granola Yogurt Bowl', 'Smoked Sausage Combo'})",0.08326394671107411,0.027477102414654453,0.012489592006661115,0.15,5.459090909090909,1.0,0.0102017400154326,1.1441445853945242,0.8910081743869208,0.1271186440677966,0.12598458904109588,0.30227272727272725
"frozenset({'Granola Yogurt Bowl', 'Smoked Sausage Combo'})",frozenset({'Veggie Supreme Pizza'}),0.027477102414654453,0.11323896752706078,0.011656952539550375,0.42424242424242425,3.7464349376114083,1.0,0.008545473831479595,1.5401638985056314,0.7537915851272016,0.0903225806451613,0.3507184521269028,0.26359180035650626
"frozenset({'Granola Yogurt Bowl', 'Veggie Supreme Pizza'})",frozenset({'Smoked Sausage Combo'}),0.022481265611990008,0.16402997502081598,0.011656952539550375,0.5185185185185185,3.1611205113743184,1.0,0.007969351102779324,1.7362454364952282,0.6993794110489171,0.06666666666666667,0.4240445624907776,0.2947922541831171
"frozenset({'Smoked Sausage Combo', 'Veggie Supreme Pizza'})",frozenset({'Granola Yogurt Bowl'}),0.03663613655287261,0.11323896752706078,0.011656952539550375,0.3181818181818182,2.8098262032085564,1.0,0.007508314262122669,1.3005828476269774,0.6686010618594889,0.08433734939759037,0.23111395646606914,0.21056149732620322
frozenset({'Granola Yogurt Bowl'}),"frozenset({'Smoked Sausage Combo', 'Veggie Supreme Pizza'})",0.11323896752706078,0.03663613655287261,0.011656952539550375,0.10294117647058824,2.8098262032085564,1.0,0.007508314262122669,1.0739138149902403,0.7263581488933601,0.08433734939759037,0.06882657989730033,0.21056149732620322
frozenset({'Smoked Sausage Combo'}),"frozenset({'Granola Yogurt Bowl', 'Veggie Supreme Pizza'})",0.16402997502081598,0.022481265611990008,0.011656952539550375,0.07106598984771574,3.161120511374319,1.0,0.007969351102779324,1.052301588384907,0.8178002276607854,0.06666666666666667,0.04970209012530376,0.2947922541831171
frozenset({'Veggie Supreme Pizza'}),"frozenset({'Granola Yogurt Bowl', 'Smoked Sausage Combo'})",0.11323896752706078,0.027477102414654453,0.011656952539550375,0.10294117647058824,3.7464349376114088,1.0,0.008545473831479595,1.0841238858328441,0.826693494299128,0.0903225806451613,0.0775961925866237,0.26359180035650626
"frozenset({'Grilled Prawns', 'Grilled Chicken Breast'})",frozenset({'Omelette with Cheese'}),0.02414654454621149,0.08825978351373855,0.011656952539550375,0.48275862068965514,5.469746258945999,1.0,0.009525783745296904,1.7626977518734388,0.8373963920039005,0.11570247933884298,0.432687765706188,0.30741704619388416
"frozenset({'Grilled Chicken Breast', 'Omelette with Cheese'})",frozenset({'Grilled Prawns'}),0.02331390507910075,0.10824313072439634,0.011656952539550375,0.5,4.619230769230769,1.0,0.009133382464377105,1.7835137385512074,0.8022165387894288,0.09722222222222222,0.4393090569561158,0.3038461538461538
"frozenset({'Grilled Prawns', 'Omelette with Cheese'})",frozenset({'Grilled Chicken Breast'}),0.019150707743547043,0.14238134887593673,0.011656952539550375,0.6086956521739131,4.275108060005085,1.0,0.0089302489390953,2.191692108428162,0.7810453553237933,0.07777777777777777,0.5437315322921064,0.3452834986015764
frozenset({'Grilled Chicken Breast'}),"frozenset({'Grilled Prawns', 'Omelette with Cheese'})",0.14238134887593673,0.019150707743547043,0.011656952539550375,0.08187134502923976,4.275108060005085,1.0,0.0089302489390953,1.0683135603557545,0.8932732316227461,0.07777777777777777,0.06394523376919944,0.3452834986015764
frozenset({'Grilled Prawns'}),"frozenset({'Grilled Chicken Breast', 'Omelette with Cheese'})",0.10824313072439634,0.02331390507910075,0.011656952539550375,0.10769230769230768,4.619230769230769,1.0,0.009133382464377105,1.094562002928594,0.8786181139122315,0.09722222222222222,0.08639255033116924,0.3038461538461538
frozenset({'Omelette with Cheese'}),"frozenset({'Grilled Prawns', 'Grilled Chicken Breast'})",0.08825978351373855,0.02414654454621149,0.011656952539550375,0.1320754716981132,5.469746258945999,1.0,0.009525783745296904,1.1243528943271912,0.8962818003913894,0.11570247933884298,0.11059952347221327,0.30741704619388416
"frozenset({'Smoked Beef Ribs', 'Veggie Supreme Pizza'})",frozenset({'Grilled Chicken Breast'}),0.02497918401332223,0.14238134887593673,0.014154870940882597,0.5666666666666667,3.979922027290448,1.0,0.010598301027245544,1.9791199641324537,0.767920831868187,0.0923913043478261,0.4947249190938511,0.3330409356725146
"frozenset({'Smoked Beef Ribs', 'Grilled Chicken Breast'})",frozenset({'Veggie Supreme Pizza'}),0.0324729392173189,0.11323896752706078,0.014154870940882597,0.4358974358974359,3.8493589743589745,1.0,0.010477668831344404,1.5719854666565742,0.7650602409638554,0.10759493670886078,0.36386180329842305,0.28044871794871795
"frozenset({'Veggie Supreme Pizza', 'Grilled Chicken Breast'})",frozenset({'Smoked Beef Ribs'}),0.028309741881765195,0.16902581182348042,0.014154870940882597,0.5,2.958128078817734,1.0,0.009369793836804051,1.6619483763530392,0.6812339331619537,0.07727272727272728,0.3982965931863727,0.291871921182266
frozenset({'Smoked Beef Ribs'}),"frozenset({'Veggie Supreme Pizza', 'Grilled Chicken Breast'})",0.16902581182348042,0.028309741881765195,0.014154870940882597,0.08374384236453203,2.9581280788177344,1.0,0.009369793836804051,1.0605006580537724,0.7965931863727455,0.07727272727272728,0.0570491471120848,0.291871921182266
frozenset({'Veggie Supreme Pizza'}),"frozenset({'Smoked Beef Ribs', 'Grilled Chicken Breast'})",0.11323896752706078,0.0324729392173189,0.014154870940882597,0.125,3.849358974358975,1.0,0.010477668831344404,1.1057452123230642,0.8347417840375587,0.10759493670886078,0.09563253012048194,0.28044871794871795
frozenset({'Grilled Chicken Breast'}),"frozenset({'Smoked Beef Ribs', 'Veggie Supreme Pizza'})",0.14238134887593673,0.02497918401332223,0.014154870940882597,0.09941520467836257,3.9799220272904483,1.0,0.010598301027245544,1.082652983985207,0.873043974871502,0.0923913043478261,0.07634300667695426,0.3330409356725146
"frozenset({'Mutton Karahi', 'Naan Garlic Bread'})",frozenset({'Grilled Prawns'}),0.02164862614487927,0.10824313072439634,0.010824313072439634,0.5,4.619230769230769,1.0,0.008480998002635883,1.7835137385512074,0.8008510638297872,0.09090909090909091,0.4393090569561158,0.3
"frozenset({'Mutton Karahi', 'Grilled Prawns'})",frozenset({'Naan Garlic Bread'}),0.02331390507910075,0.1015820149875104,0.010824313072439634,0.4642857142857143,4.570550351288056,1.0,0.008456039617277027,1.6770469053566472,0.799855728244475,0.09489051094890512,0.4037137561233947,0.2854215456674473
"frozenset({'Naan Garlic Bread', 'Grilled Prawns'})",frozenset({'Mutton Karahi'}),0.02497918401332223,0.10657785179017486,0.010824313072439634,0.4333333333333334,4.065885416666667,1.0,0.008162085300828273,1.5766273203702796,0.7733692439072457,0.08965517241379312,0.3657347002174589,0.2674479166666667
frozenset({'Mutton Karahi'}),"frozenset({'Naan Garlic Bread', 'Grilled Prawns'})",0.10657785179017486,0.02497918401332223,0.010824313072439634,0.1015625,4.065885416666667,1.0,0.008162085300828273,1.085240560402563,0.844003154347982,0.08965517241379312,0.07854531383432962,0.2674479166666667
frozenset({'Naan Garlic Bread'}),"frozenset({'Mutton Karahi', 'Grilled Prawns'})",0.1015820149875104,0.02331390507910075,0.010824313072439634,0.10655737704918034,4.570550351288056,1.0,0.008456039617277027,1.0931715924802727,0.8695373208811578,0.09489051094890512,0.08523052841949325,0.2854215456674473
frozenset({'Grilled Prawns'}),"frozenset({'Mutton Karahi', 'Naan Garlic Bread'})",0.10824313072439634,0.02164862614487927,0.010824313072439634,0.1,4.619230769230769,1.0,0.008480998002635883,1.0870570820612453,0.8786181139122315,0.09090909090909091,0.08008510638297874,0.3
"frozenset({'Paneer Tikka Masala', 'Naan Garlic Bread'})",frozenset({'Grilled Prawns'}),0.017485428809325562,0.10824313072439634,0.010824313072439634,0.6190476190476191,5.719047619047619,1.0,0.008931635516059681,2.34086178184846,0.8398305084745762,0.09420289855072464,0.572806900537993,0.3595238095238095
"frozenset({'Paneer Tikka Masala', 'Grilled Prawns'})",frozenset({'Naan Garlic Bread'}),0.018318068276436304,0.1015820149875104,0.010824313072439634,0.5909090909090909,5.8170640834575265,1.0,0.008963526786240444,2.1961328522527523,0.8435440725517063,0.09923664122137406,0.5446541410396832,0.34873323397913564
"frozenset({'Naan Garlic Bread', 'Grilled Prawns'})",frozenset({'Paneer Tikka Masala'}),0.02497918401332223,0.11074104912572856,0.010824313072439634,0.4333333333333334,3.913032581453635,1.0,0.008058092028499704,1.569280501542832,0.7635157327727781,0.08666666666666667,0.36276529338327096,0.2655388471177945
frozenset({'Paneer Tikka Masala'}),"frozenset({'Naan Garlic Bread', 'Grilled Prawns'})",0.11074104912572856,0.02497918401332223,0.010824313072439634,0.09774436090225565,3.9130325814536344,1.0,0.008058092028499704,1.0806480710519013,0.8371506770383176,0.08666666666666667,0.0746293573386926,0.2655388471177945
frozenset({'Naan Garlic Bread'}),"frozenset({'Paneer Tikka Masala', 'Grilled Prawns'})",0.1015820149875104,0.018318068276436304,0.010824313072439634,0.10655737704918034,5.8170640834575265,1.0,0.008963526786240444,1.0987632630300437,0.9217223925286948,0.09923664122137406,0.08988584379649328,0.34873323397913564
frozenset({'Grilled Prawns'}),"frozenset({'Paneer Tikka Masala', 'Naan Garlic Bread'})",0.10824313072439634,0.017485428809325562,0.010824313072439634,0.1,5.719047619047619,1.0,0.008931635516059681,1.091682856878527,0.9253034547152195,0.09420289855072464,0.08398305084745764,0.3595238095238095
"frozenset({'Mutton Karahi', 'Turkey Bacon & Eggs'})",frozenset({'Hawaiian Pizza'}),0.022481265611990008,0.10574521232306411,0.010824313072439634,0.4814814814814815,4.553222513852436,1.0,0.008447026867008552,1.724634233376948,0.7983226313720353,0.0921985815602837,0.420166908062625,0.2919218431029455
"frozenset({'Mutton Karahi', 'Hawaiian Pizza'})",frozenset({'Turkey Bacon & Eggs'}),0.019983347210657785,0.10990840965861781,0.010824313072439634,0.5416666666666667,4.92834595959596,1.0,0.008627975160860262,1.9420180152902888,0.8133455329717013,0.09090909090909093,0.48507171811662,0.3200757575757576
"frozenset({'Turkey Bacon & Eggs', 'Hawaiian Pizza'})",frozenset({'Mutton Karahi'}),0.011656952539550375,0.10657785179017486,0.010824313072439634,0.9285714285714286,8.712611607142858,1.0,0.009581940112354331,12.507910074937557,0.8956645713174777,0.10077519379844962,0.9200505924643856,0.5150669642857143
frozenset({'Mutton Karahi'}),"frozenset({'Turkey Bacon & Eggs', 'Hawaiian Pizza'})",0.10657785179017486,0.011656952539550375,0.010824313072439634,0.1015625,8.712611607142858,1.0,0.009581940112354331,1.1000687832603266,0.9908237149616459,0.10077519379844962,0.09096593302443133,0.5150669642857143
frozenset({'Turkey Bacon & Eggs'}),"frozenset({'Mutton Karahi', 'Hawaiian Pizza'})",0.10990840965861781,0.019983347210657785,0.010824313072439634,0.0984848484848485,4.92834595959596,1.0,0.008627975160860262,1.087077295531035,0.8955170180614522,0.09090909090909093,0.08010221158054634,0.3200757575757576
frozenset({'Hawaiian Pizza'}),"frozenset({'Mutton Karahi', 'Turkey Bacon & Eggs'})",0.10574521232306411,0.022481265611990008,0.010824313072439634,0.10236220472440946,4.553222513852436,1.0,0.008447026867008552,1.088990169011204,0.8726543475146827,0.0921985815602837,0.08171806462863353,0.2919218431029455
"frozenset({'Smoked Sausage Combo', 'Korean BBQ Short Ribs'})",frozenset({'Turkey Bacon & Eggs'}),0.028309741881765195,0.10990840965861781,0.010824313072439634,0.3823529411764706,3.478832442067737,1.0,0.007712834364368855,1.4411006700765234,0.7333069672401292,0.08496732026143793,0.30608595168656805,0.24041889483065956
"frozenset({'Smoked Sausage Combo', 'Turkey Bacon & Eggs'})",frozenset({'Korean BBQ Short Ribs'}),0.030807660283097418,0.13322231473771856,0.010824313072439634,0.35135135135135137,2.6373310810810815,1.0,0.006720045257872119,1.3362822647793506,0.6405630452022205,0.07065217391304349,0.2516551133265831,0.21630067567567568
"frozenset({'Korean BBQ Short Ribs', 'Turkey Bacon & Eggs'})",frozenset({'Smoked Sausage Combo'}),0.02997502081598668,0.16402997502081598,0.010824313072439634,0.3611111111111111,2.2014946418499717,1.0,0.005907511156744901,1.308474821706549,0.5626279300099043,0.0590909090909091,0.23575143868968568,0.2135504794134236
frozenset({'Smoked Sausage Combo'}),"frozenset({'Korean BBQ Short Ribs', 'Turkey Bacon & Eggs'})",0.16402997502081598,0.02997502081598668,0.010824313072439634,0.06598984771573604,2.2014946418499717,1.0,0.005907511156744901,1.0385593527133186,0.652850137909899,0.0590909090909091,0.03712773142197338,0.2135504794134236
frozenset({'Korean BBQ Short Ribs'}),"frozenset({'Smoked Sausage Combo', 'Turkey Bacon & Eggs'})",0.13322231473771856,0.030807660283097418,0.010824313072439634,0.08125000000000002,2.637331081081082,1.0,0.006720045257872119,1.0549032269027512,0.7162491686987366,0.07065217391304349,0.05204574742268043,0.21630067567567568
frozenset({'Turkey Bacon & Eggs'}),"frozenset({'Smoked Sausage Combo', 'Korean BBQ Short Ribs'})",0.10990840965861781,0.028309741881765195,0.010824313072439634,0.0984848484848485,3.478832442067737,1.0,0.007712834364368855,1.0778412947193865,0.8005324890264086,0.08496732026143793,0.07221962556152788,0.24041889483065956
"frozenset({'Korean BBQ Short Ribs', 'Turkey Bacon & Eggs'})",frozenset({'Veggie Supreme Pizza'}),0.02997502081598668,0.11323896752706078,0.011656952539550375,0.3888888888888889,3.434232026143791,1.0,0.008262612130745889,1.4510635076829914,0.7307173513182098,0.08860759493670886,0.3108502869066249,0.24591503267973858
"frozenset({'Korean BBQ Short Ribs', 'Veggie Supreme Pizza'})",frozenset({'Turkey Bacon & Eggs'}),0.028309741881765195,0.10990840965861781,0.011656952539550375,0.411764705882353,3.7464349376114088,1.0,0.008545473831479595,1.51315570358035,0.7544375076508752,0.09210526315789475,0.33912947779673147,0.2589126559714795
"frozenset({'Turkey Bacon & Eggs', 'Veggie Supreme Pizza'})",frozenset({'Korean BBQ Short Ribs'}),0.019983347210657785,0.13322231473771856,0.011656952539550375,0.5833333333333334,4.378645833333334,1.0,0.008994724767939014,2.080266444629476,0.787352834081806,0.0823529411764706,0.5192923471021453,0.3354166666666667
frozenset({'Korean BBQ Short Ribs'}),"frozenset({'Turkey Bacon & Eggs', 'Veggie Supreme Pizza'})",0.13322231473771856,0.019983347210657785,0.011656952539550375,0.08750000000000001,4.378645833333334,1.0,0.008994724767939014,1.073990852371882,0.8902154521751063,0.0823529411764706,0.06889337298215804,0.3354166666666667
frozenset({'Turkey Bacon & Eggs'}),"frozenset({'Korean BBQ Short Ribs', 'Veggie Supreme Pizza'})",0.10990840965861781,0.028309741881765195,0.011656952539550375,0.10606060606060606,3.7464349376114083,1.0,0.008545473831479595,1.0869755429797203,0.8236001603634905,0.09210526315789475,0.08001609929630495,0.2589126559714795
frozenset({'Veggie Supreme Pizza'}),"frozenset({'Korean BBQ Short Ribs', 'Turkey Bacon & Eggs'})",0.11323896752706078,0.02997502081598668,0.011656952539550375,0.10294117647058824,3.434232026143791,1.0,0.008262612130745889,1.0813393210575886,0.7993293091884641,0.08860759493670886,0.07522090381216866,0.24591503267973858
"frozenset({'Smoked Beef Ribs', 'Mediterranean Olive Pizza'})",frozenset({'Margherita Pizza'}),0.02164862614487927,0.0749375520399667,0.011656952539550375,0.5384615384615384,7.185470085470085,1.0,0.0100346574912247,2.004301970580072,0.8798784194528875,0.1372549019607843,0.501073184241501,0.347008547008547
"frozenset({'Smoked Beef Ribs', 'Margherita Pizza'})",frozenset({'Mediterranean Olive Pizza'}),0.026644462947543714,0.08825978351373855,0.011656952539550375,0.4375,4.956957547169812,1.0,0.009305318007960339,1.620871495975576,0.8201148722962239,0.11290322580645161,0.38304794520547947,0.2847877358490566
"frozenset({'Margherita Pizza', 'Mediterranean Olive Pizza'})",frozenset({'Smoked Beef Ribs'}),0.018318068276436304,0.16902581182348042,0.011656952539550375,0.6363636363636364,3.7648902821316614,1.0,0.008560726178087785,2.285179017485429,0.7480916030534351,0.06635071090047394,0.562397522317362,0.35266457680250785
frozenset({'Smoked Beef Ribs'}),"frozenset({'Margherita Pizza', 'Mediterranean Olive Pizza'})",0.16902581182348042,0.018318068276436304,0.011656952539550375,0.06896551724137931,3.764890282131661,1.0,0.008560726178087785,1.054399111851235,0.8837675350701402,0.06635071090047394,0.05159252434851277,0.35266457680250785
frozenset({'Mediterranean Olive Pizza'}),"frozenset({'Smoked Beef Ribs', 'Margherita Pizza'})",0.08825978351373855,0.026644462947543714,0.011656952539550375,0.1320754716981132,4.956957547169811,1.0,0.009305318007960339,1.1214748579082647,0.8755381604696674,0.11290322580645161,0.10831705860516164,0.2847877358490566
frozenset({'Margherita Pizza'}),"frozenset({'Smoked Beef Ribs', 'Mediterranean Olive Pizza'})",0.0749375520399667,0.02164862614487927,0.011656952539550375,0.15555555555555553,7.185470085470084,1.0,0.0100346574912247,1.1585739953547483,0.9305644850199305,0.1372549019607843,0.13686997635933804,0.347008547008547
"frozenset({'Smoked Beef Ribs', 'Mushroom Alfredo Pizza'})",frozenset({'Margherita Pizza'}),0.02331390507910075,0.0749375520399667,0.012489592006661115,0.5357142857142857,7.148809523809523,1.0,0.010742505031541158,1.9924421956062255,0.8806479113384483,0.145631067961165,0.49810338176674807,0.35119047619047616
"frozenset({'Smoked Beef Ribs', 'Margherita Pizza'})",frozenset({'Mushroom Alfredo Pizza'}),0.026644462947543714,0.09908409658617819,0.012489592006661115,0.46874999999999994,4.730829831932772,1.0,0.009849549466479847,1.6958417005436646,0.8102081551183347,0.11029411764705882,0.4103223197781885,0.2974002100840336
"frozenset({'Margherita Pizza', 'Mushroom Alfredo Pizza'})",frozenset({'Smoked Beef Ribs'}),0.012489592006661115,0.16902581182348042,0.012489592006661115,1.0,5.916256157635468,1.0,0.010378528578391168,inf,0.8414839797639123,0.07389162561576355,1.0,0.5369458128078818
frozenset({'Smoked Beef Ribs'}),"frozenset({'Margherita Pizza', 'Mushroom Alfredo Pizza'})",0.16902581182348042,0.012489592006661115,0.012489592006661115,0.07389162561576355,5.916256157635469,1.0,0.010378528578391168,1.0663011320353606,1.0,0.07389162561576355,0.06217861919437776,0.5369458128078818
frozenset({'Mushroom Alfredo Pizza'}),"frozenset({'Smoked Beef Ribs', 'Margherita Pizza'})",0.09908409658617819,0.026644462947543714,0.012489592006661115,0.12605042016806722,4.730829831932772,1.0,0.009849549466479847,1.1137433548965605,0.8753542821934688,0.11029411764705882,0.10212707837626069,0.2974002100840336
frozenset({'Margherita Pizza'}),"frozenset({'Smoked Beef Ribs', 'Mushroom Alfredo Pizza'})",0.0749375520399667,0.02331390507910075,0.012489592006661115,0.16666666666666663,7.148809523809522,1.0,0.010742505031541158,1.172023313905079,0.9297929792979297,0.145631067961165,0.14677465188974137,0.35119047619047616
"frozenset({'Paneer Tikka Masala', 'Mediterranean Olive Pizza'})",frozenset({'Mushroom Alfredo Pizza'}),0.019150707743547043,0.09908409658617819,0.011656952539550375,0.6086956521739131,6.143222506393863,1.0,0.00975942196379509,2.302340642057545,0.853565365025467,0.109375,0.5656594068954433,0.36317135549872126
"frozenset({'Paneer Tikka Masala', 'Mushroom Alfredo Pizza'})",frozenset({'Mediterranean Olive Pizza'}),0.01582014987510408,0.08825978351373855,0.011656952539550375,0.7368421052631579,8.348560079443892,1.0,0.010260669536418791,3.4646128226477932,0.8943678994440416,0.12612612612612614,0.7113674597452535,0.4344587884806355
"frozenset({'Mediterranean Olive Pizza', 'Mushroom Alfredo Pizza'})",frozenset({'Paneer Tikka Masala'}),0.019150707743547043,0.11074104912572856,0.011656952539550375,0.6086956521739131,5.496567505720824,1.0,0.009536183072529762,2.2725506522342496,0.8340407470288626,0.09859154929577466,0.5599658036150464,0.35697940503432496
frozenset({'Paneer Tikka Masala'}),"frozenset({'Mediterranean Olive Pizza', 'Mushroom Alfredo Pizza'})",0.11074104912572856,0.019150707743547043,0.011656952539550375,0.10526315789473684,5.496567505720824,1.0,0.009536183072529762,1.096243326639565,0.9199438202247191,0.09859154929577466,0.08779376284514341,0.35697940503432496
frozenset({'Mediterranean Olive Pizza'}),"frozenset({'Paneer Tikka Masala', 'Mushroom Alfredo Pizza'})",0.08825978351373855,0.01582014987510408,0.011656952539550375,0.1320754716981132,8.348560079443892,1.0,0.010260669536418791,1.1339463490569452,0.9654272667971299,0.12612612612612614,0.11812406219072247,0.4344587884806355
frozenset({'Mushroom Alfredo Pizza'}),"frozenset({'Paneer Tikka Masala', 'Mediterranean Olive Pizza'})",0.09908409658617819,0.019150707743547043,0.011656952539550375,0.11764705882352941,6.143222506393863,1.0,0.00975942196379509,1.1116291978906467,0.929297597042514,0.109375,0.10041945470887845,0.36317135549872126
"frozenset({'Smoked Beef Ribs', 'Paneer Tikka Masala'})",frozenset({'Mushroom Alfredo Pizza'}),0.020815986677768527,0.09908409658617819,0.011656952539550375,0.5599999999999999,5.651764705882353,1.0,0.00959441930503376,2.047536144122322,0.840561224489796,0.10769230769230768,0.5116081330868761,0.3388235294117647
"frozenset({'Smoked Beef Ribs', 'Mushroom Alfredo Pizza'})",frozenset({'Paneer Tikka Masala'}),0.02331390507910075,0.11074104912572856,0.011656952539550375,0.5,4.515037593984962,1.0,0.009075146231873107,1.7785179017485429,0.7971014492753623,0.09523809523809523,0.43773408239700373,0.3026315789473684
"frozenset({'Paneer Tikka Masala', 'Mushroom Alfredo Pizza'})",frozenset({'Smoked Beef Ribs'}),0.01582014987510408,0.16902581182348042,0.011656952539550375,0.7368421052631579,4.35934664246824,1.0,0.008982938863741775,3.1577019150707737,0.782994923857868,0.06730769230769232,0.6833139964138804,0.4029038112522686
frozenset({'Smoked Beef Ribs'}),"frozenset({'Paneer Tikka Masala', 'Mushroom Alfredo Pizza'})",0.16902581182348042,0.01582014987510408,0.011656952539550375,0.06896551724137931,4.359346642468239,1.0,0.008982938863741775,1.0570820612452587,0.9273547094188376,0.06730769230769232,0.053999649921232275,0.4029038112522686
frozenset({'Paneer Tikka Masala'}),"frozenset({'Smoked Beef Ribs', 'Mushroom Alfredo Pizza'})",0.11074104912572856,0.02331390507910075,0.011656952539550375,0.10526315789473684,4.515037593984962,1.0,0.009075146231873107,1.0915903413821815,0.8754681647940076,0.09523809523809523,0.08390541571319603,0.3026315789473684
frozenset({'Mushroom Alfredo Pizza'}),"frozenset({'Smoked Beef Ribs', 'Paneer Tikka Masala'})",0.09908409658617819,0.020815986677768527,0.011656952539550375,0.11764705882352941,5.651764705882353,1.0,0.00959441930503376,1.1097418817651956,0.9135859519408505,0.10769230769230768,0.09888955582232893,0.3388235294117647
"frozenset({'Paratha with Omelette', 'Mushroom Alfredo Pizza'})",frozenset({'Tandoori Chicken Pizza'}),0.025811823480432972,0.10241465445462115,0.011656952539550375,0.45161290322580644,4.409651193286126,1.0,0.009013443556958156,1.636773277170985,0.7937118437118438,0.1,0.38904183374229456,0.2827170207185943
"frozenset({'Paratha with Omelette', 'Tandoori Chicken Pizza'})",frozenset({'Mushroom Alfredo Pizza'}),0.02497918401332223,0.09908409658617819,0.011656952539550375,0.4666666666666667,4.709803921568628,1.0,0.009181912658130436,1.6892173189009159,0.8078565328778821,0.1037037037037037,0.40800985828712266,0.29215686274509806
"frozenset({'Mushroom Alfredo Pizza', 'Tandoori Chicken Pizza'})",frozenset({'Paratha with Omelette'}),0.01665278934221482,0.12489592006661115,0.011656952539550375,0.7000000000000001,5.604666666666668,1.0,0.009577087092978998,2.9170135997779636,0.8354905044151445,0.08974358974358976,0.6571836346336822,0.3966666666666667
frozenset({'Paratha with Omelette'}),"frozenset({'Mushroom Alfredo Pizza', 'Tandoori Chicken Pizza'})",0.12489592006661115,0.01665278934221482,0.011656952539550375,0.09333333333333334,5.604666666666668,1.0,0.009577087092978998,1.084574129401969,0.938833763762403,0.08974358974358976,0.07797911374541348,0.3966666666666667
frozenset({'Mushroom Alfredo Pizza'}),"frozenset({'Paratha with Omelette', 'Tandoori Chicken Pizza'})",0.09908409658617819,0.02497918401332223,0.011656952539550375,0.11764705882352941,4.709803921568628,1.0,0.009181912658130436,1.1050235914515683,0.8743068391866914,0.1037037037037037,0.09504194504445672,0.29215686274509806
frozenset({'Tandoori Chicken Pizza'}),"frozenset({'Paratha with Omelette', 'Mushroom Alfredo Pizza'})",0.10241465445462115,0.025811823480432972,0.011656952539550375,0.11382113821138211,4.409651193286126,1.0,0.009013443556958156,1.0993132634119884,0.861449774715081,0.1,0.09034118546313669,0.2827170207185943
"frozenset({'Turkey Bacon & Eggs', 'Mushroom Alfredo Pizza'})",frozenset({'Paratha with Omelette'}),0.02164862614487927,0.12489592006661115,0.013322231473771857,0.6153846153846153,4.927179487179487,1.0,0.010618406393229068,2.2752706078268106,0.8146808510638298,0.09999999999999999,0.5604918392739514,0.361025641025641
"frozenset({'Turkey Bacon & Eggs', 'Paratha with Omelette'})",frozenset({'Mushroom Alfredo Pizza'}),0.02331390507910075,0.09908409658617819,0.013322231473771857,0.5714285714285714,5.767106842737094,1.0,0.011012194251113248,2.102137107965584,0.8463341858482523,0.12213740458015268,0.5242936361235807,0.3529411764705882
"frozenset({'Paratha with Omelette', 'Mushroom Alfredo Pizza'})",frozenset({'Turkey Bacon & Eggs'}),0.025811823480432972,0.10990840965861781,0.013322231473771857,0.5161290322580645,4.695992179863148,1.0,0.010485295004648499,1.8395226200388564,0.8079059829059828,0.10884353741496598,0.45638069947795645,0.31867057673509286
frozenset({'Turkey Bacon & Eggs'}),"frozenset({'Paratha with Omelette', 'Mushroom Alfredo Pizza'})",0.10990840965861781,0.025811823480432972,0.013322231473771857,0.12121212121212123,4.695992179863148,1.0,0.010485295004648499,1.1085589594877832,0.8842376052385407,0.10884353741496598,0.09792799792799795,0.31867057673509286
frozenset({'Mushroom Alfredo Pizza'}),"frozenset({'Turkey Bacon & Eggs', 'Paratha with Omelette'})",0.09908409658617819,0.02331390507910075,0.013322231473771857,0.13445378151260504,5.767106842737094,1.0,0.011012194251113248,1.1284043232581262,0.9175138632162663,0.12213740458015268,0.11379283171068938,0.3529411764705882
frozenset({'Paratha with Omelette'}),"frozenset({'Turkey Bacon & Eggs', 'Mushroom Alfredo Pizza'})",0.12489592006661115,0.02164862614487927,0.013322231473771857,0.10666666666666667,4.927179487179487,1.0,0.010618406393229068,1.0951694483452845,0.9107992388201712,0.09999999999999999,0.08689929078014186,0.361025641025641
"frozenset({'Naan Garlic Bread', 'Spicy Chicken Fajita Pizza'})",frozenset({'Tandoori Chicken Pizza'}),0.017485428809325562,0.10241465445462115,0.011656952539550375,0.6666666666666666,6.509485094850948,1.0,0.009866188390052419,2.692756036636136,0.8614406779661016,0.10769230769230768,0.6286332714904143,0.39024390243902435
"frozenset({'Naan Garlic Bread', 'Tandoori Chicken Pizza'})",frozenset({'Spicy Chicken Fajita Pizza'}),0.01582014987510408,0.08326394671107411,0.011656952539550375,0.7368421052631579,8.849473684210526,1.0,0.010339704423388503,3.483597002497918,0.9012569494802997,0.13333333333333333,0.7129403891199387,0.43842105263157893
"frozenset({'Spicy Chicken Fajita Pizza', 'Tandoori Chicken Pizza'})",frozenset({'Naan Garlic Bread'}),0.017485428809325562,0.1015820149875104,0.011656952539550375,0.6666666666666666,6.562841530054644,1.0,0.00988074744817842,2.6952539550374683,0.8627118644067797,0.10852713178294573,0.6289774482545567,0.3907103825136612
frozenset({'Naan Garlic Bread'}),"frozenset({'Spicy Chicken Fajita Pizza', 'Tandoori Chicken Pizza'})",0.1015820149875104,0.017485428809325562,0.011656952539550375,0.11475409836065574,6.562841530054645,1.0,0.00988074744817842,1.1098775711598359,0.943466172381835,0.10852713178294573,0.0989997221450403,0.3907103825136612
frozenset({'Spicy Chicken Fajita Pizza'}),"frozenset({'Naan Garlic Bread', 'Tandoori Chicken Pizza'})",0.08326394671107411,0.01582014987510408,0.011656952539550375,0.13999999999999999,8.849473684210524,1.0,0.010339704423388503,1.1443951745638326,0.967561956662774,0.13333333333333333,0.12617597292724195,0.43842105263157893
frozenset({'Tandoori Chicken Pizza'}),"frozenset({'Naan Garlic Bread', 'Spicy Chicken Fajita Pizza'})",0.10241465445462115,0.017485428809325562,0.011656952539550375,0.11382113821138211,6.509485094850948,1.0,0.009866188390052419,1.1087091032702105,0.9429499072356214,0.10769230769230768,0.09805015846768637,0.39024390243902435
"frozenset({'Turkey Bacon & Eggs', 'Tandoori Chicken Pizza'})",frozenset({'Paratha with Omelette'}),0.017485428809325562,0.12489592006661115,0.011656952539550375,0.6666666666666666,5.337777777777777,1.0,0.00947309382065043,2.6253122398001665,0.8271186440677966,0.08917197452229299,0.6190929273707578,0.38
"frozenset({'Paratha with Omelette', 'Tandoori Chicken Pizza'})",frozenset({'Turkey Bacon & Eggs'}),0.02497918401332223,0.10990840965861781,0.011656952539550375,0.4666666666666667,4.245959595959596,1.0,0.008911530150076157,1.6689217318900915,0.7840673417103817,0.09459459459459461,0.40081072653570315,0.2863636363636364
"frozenset({'Turkey Bacon & Eggs', 'Paratha with Omelette'})",frozenset({'Tandoori Chicken Pizza'}),0.02331390507910075,0.10241465445462115,0.011656952539550375,0.5,4.882113821138211,1.0,0.009269267006886434,1.7951706910907577,0.8141517476555838,0.1021897810218978,0.4429499072356215,0.30691056910569103
frozenset({'Tandoori Chicken Pizza'}),"frozenset({'Turkey Bacon & Eggs', 'Paratha with Omelette'})",0.10241465445462115,0.02331390507910075,0.011656952539550375,0.11382113821138211,4.882113821138211,1.0,0.009269267006886434,1.1021320153694552,0.885899814471243,0.1021897810218978,0.0926676785949445,0.30691056910569103
frozenset({'Turkey Bacon & Eggs'}),"frozenset({'Paratha with Omelette', 'Tandoori Chicken Pizza'})",0.10990840965861781,0.02497918401332223,0.011656952539550375,0.10606060606060606,4.245959595959596,1.0,0.008911530150076157,1.0907012517817074,0.8588801282907924,0.09459459459459461,0.08315865745413141,0.2863636363636364
frozenset({'Paratha with Omelette'}),"frozenset({'Turkey Bacon & Eggs', 'Tandoori Chicken Pizza'})",0.12489592006661115,0.017485428809325562,0.011656952539550375,0.09333333333333334,5.337777777777778,1.0,0.00947309382065043,1.083655777048538,0.928639391056137,0.08917197452229299,0.07719774011299435,0.38
"frozenset({'Smoked Sausage Combo', 'Veggie Supreme Pizza'})",frozenset({'Spicy Chicken Fajita Pizza'}),0.03663613655287261,0.08326394671107411,0.011656952539550375,0.3181818181818182,3.8213636363636363,1.0,0.008606483217912356,1.3445462114904245,0.7663909124583282,0.10769230769230768,0.25625464453802327,0.22909090909090907
"frozenset({'Smoked Sausage Combo', 'Spicy Chicken Fajita Pizza'})",frozenset({'Veggie Supreme Pizza'}),0.02497918401332223,0.11323896752706078,0.011656952539550375,0.4666666666666667,4.121078431372549,1.0,0.008828335532213303,1.662676935886761,0.7767475905819201,0.09210526315789475,0.3985602503912363,0.28480392156862744
"frozenset({'Veggie Supreme Pizza', 'Spicy Chicken Fajita Pizza'})",frozenset({'Smoked Sausage Combo'}),0.018318068276436304,0.16402997502081598,0.011656952539550375,0.6363636363636364,3.879556991232118,1.0,0.008652240257736926,2.298917568692756,0.7560886950199928,0.06829268292682927,0.5650126765664615,0.35371481310567604
frozenset({'Smoked Sausage Combo'}),"frozenset({'Veggie Supreme Pizza', 'Spicy Chicken Fajita Pizza'})",0.16402997502081598,0.018318068276436304,0.011656952539550375,0.07106598984771574,3.879556991232118,1.0,0.008652240257736926,1.0567832816914866,0.8878770631758679,0.06829268292682927,0.05373219152426345,0.35371481310567604
frozenset({'Veggie Supreme Pizza'}),"frozenset({'Smoked Sausage Combo', 'Spicy Chicken Fajita Pizza'})",0.11323896752706078,0.02497918401332223,0.011656952539550375,0.10294117647058824,4.12107843137255,1.0,0.008828335532213303,1.0869084506080997,0.854057679409792,0.09210526315789475,0.07995931079519768,0.28480392156862744
frozenset({'Spicy Chicken Fajita Pizza'}),"frozenset({'Smoked Sausage Combo', 'Veggie Supreme Pizza'})",0.08326394671107411,0.03663613655287261,0.011656952539550375,0.13999999999999999,3.821363636363636,1.0,0.008606483217912356,1.1201905388920086,0.8053717399766446,0.10769230769230768,0.10729472774416593,0.22909090909090907
"frozenset({'Four-Cheese Pizza', 'Korean BBQ Short Ribs', 'Paratha with Omelette'})",frozenset({'Aloo Paratha'}),0.013322231473771857,0.13322231473771856,0.012489592006661115,0.9374999999999999,7.037109374999999,1.0,0.01071477349225354,13.868442964196479,0.869479606188467,0.09316770186335405,0.9278938520653216,0.515625
"frozenset({'Four-Cheese Pizza', 'Korean BBQ Short Ribs', 'Aloo Paratha'})",frozenset({'Paratha with Omelette'}),0.017485428809325562,0.12489592006661115,0.012489592006661115,0.7142857142857142,5.719047619047618,1.0,0.01030573328776117,3.06286427976686,0.8398305084745762,0.09615384615384613,0.6735082234606496,0.4071428571428571
"frozenset({'Four-Cheese Pizza', 'Paratha with Omelette', 'Aloo Paratha'})",frozenset({'Korean BBQ Short Ribs'}),0.019983347210657785,0.13322231473771856,0.012489592006661115,0.625,4.69140625,1.0,0.009827364235049754,2.3114071606994173,0.8028887000849618,0.08875739644970414,0.5673631123919308,0.359375
"frozenset({'Korean BBQ Short Ribs', 'Paratha with Omelette', 'Aloo Paratha'})",frozenset({'Four-Cheese Pizza'}),0.017485428809325562,0.1357202331390508,0.012489592006661115,0.7142857142857142,5.2629272567922865,1.0,0.010116465532123173,3.024979184013321,0.8244067796610168,0.08875739644970412,0.6694192127718138,0.4031551270815074
"frozenset({'Four-Cheese Pizza', 'Korean BBQ Short Ribs'})","frozenset({'Paratha with Omelette', 'Aloo Paratha'})",0.025811823480432972,0.030807660283097418,0.012489592006661115,0.48387096774193544,15.70619006102877,1.0,0.011694390117588658,1.8778101582014988,0.9611396011396011,0.2830188679245283,0.46746480434541626,0.44463818657367044
"frozenset({'Four-Cheese Pizza', 'Paratha with Omelette'})","frozenset({'Korean BBQ Short Ribs', 'Aloo Paratha'})",0.03330557868442964,0.03413821815154038,0.012489592006661115,0.375,10.984756097560975,1.0,0.011352598895868763,1.5453788509575355,0.9402813666379558,0.2272727272727273,0.35290948275862066,0.3704268292682927
"frozenset({'Four-Cheese Pizza', 'Aloo Paratha'})","frozenset({'Korean BBQ Short Ribs', 'Paratha with Omelette'})",0.03663613655287261,0.02997502081598668,0.012489592006661115,0.3409090909090909,11.373106060606059,1.0,0.011391423050871428,1.4717620373826408,0.9467588591184096,0.23076923076923078,0.32054233320327735,0.3787878787878788
"frozenset({'Korean BBQ Short Ribs', 'Paratha with Omelette'})","frozenset({'Four-Cheese Pizza', 'Aloo Paratha'})",0.02997502081598668,0.03663613655287261,0.012489592006661115,0.41666666666666663,11.373106060606059,1.0,0.011391423050871428,1.651480908766504,0.9402575107296137,0.23076923076923078,0.39448285796600396,0.3787878787878788
"frozenset({'Korean BBQ Short Ribs', 'Aloo Paratha'})","frozenset({'Four-Cheese Pizza', 'Paratha with Omelette'})",0.03413821815154038,0.03330557868442964,0.012489592006661115,0.36585365853658536,10.984756097560975,1.0,0.011352598895868763,1.5244027413053225,0.9410919540229885,0.2272727272727273,0.3440053780382765,0.3704268292682927
"frozenset({'Paratha with Omelette', 'Aloo Paratha'})","frozenset({'Four-Cheese Pizza', 'Korean BBQ Short Ribs'})",0.030807660283097418,0.025811823480432972,0.012489592006661115,0.40540540540540543,15.706190061028773,1.0,0.011694390117588658,1.6384073877829084,0.9660939289805269,0.2830188679245283,0.38965118965118967,0.44463818657367044
frozenset({'Four-Cheese Pizza'}),"frozenset({'Korean BBQ Short Ribs', 'Paratha with Omelette', 'Aloo Paratha'})",0.1357202331390508,0.017485428809325562,0.012489592006661115,0.09202453987730061,5.262927256792287,1.0,0.010116465532123173,1.0820937507032429,0.9371868978805394,0.08875739644970412,0.07586565457003223,0.4031551270815074
frozenset({'Korean BBQ Short Ribs'}),"frozenset({'Four-Cheese Pizza', 'Paratha with Omelette', 'Aloo Paratha'})",0.13322231473771856,0.019983347210657785,0.012489592006661115,0.09375,4.69140625,1.0,0.009827364235049754,1.0813976858365155,0.9077809798270894,0.08875739644970414,0.07527081563296517,0.359375
frozenset({'Paratha with Omelette'}),"frozenset({'Four-Cheese Pizza', 'Korean BBQ Short Ribs', 'Aloo Paratha'})",0.12489592006661115,0.017485428809325562,0.012489592006661115,0.09999999999999999,5.719047619047618,1.0,0.01030573328776117,1.091682856878527,0.9429115128449095,0.09615384615384613,0.08398305084745762,0.4071428571428571
frozenset({'Aloo Paratha'}),"frozenset({'Four-Cheese Pizza', 'Korean BBQ Short Ribs', 'Paratha with Omelette'})",0.13322231473771856,0.013322231473771857,0.012489592006661115,0.09375,7.037109375,1.0,0.01071477349225354,1.0887478825117,0.9897534422030099,0.09316770186335405,0.08151371308016878,0.515625
"frozenset({'Turkey Bacon & Eggs', 'Mushroom Alfredo Pizza', 'French Toast'})",frozenset({'Aloo Paratha'}),0.010824313072439634,0.13322231473771856,0.010824313072439634,1.0,7.5062500000000005,1.0,0.00938227302948348,inf,0.8762626262626263,0.08125000000000002,1.0,0.540625
"frozenset({'Turkey Bacon & Eggs', 'Aloo Paratha', 'French Toast'})",frozenset({'Mushroom Alfredo Pizza'}),0.011656952539550375,0.09908409658617819,0.010824313072439634,0.9285714285714286,9.371548619447779,1.0,0.00966929446111033,12.61282264779351,0.9038299526926317,0.10833333333333335,0.9207156060205968,0.5189075630252101
"frozenset({'Turkey Bacon & Eggs', 'Mushroom Alfredo Pizza', 'Aloo Paratha'})",frozenset({'French Toast'}),0.014154870940882597,0.10824313072439634,0.010824313072439634,0.7647058823529412,7.064705882352941,1.0,0.009292145526798721,3.7899666944213166,0.8707770270270271,0.09701492537313434,0.7361454385675839,0.4323529411764706
"frozenset({'Aloo Paratha', 'Mushroom Alfredo Pizza', 'French Toast'})",frozenset({'Turkey Bacon & Eggs'}),0.011656952539550375,0.10990840965861781,0.010824313072439634,0.9285714285714286,8.448593073593074,1.0,0.009543115957351666,12.461282264779356,0.8920355129285205,0.09774436090225566,0.9197514365896031,0.5135281385281385
"frozenset({'Turkey Bacon & Eggs', 'French Toast'})","frozenset({'Mushroom Alfredo Pizza', 'Aloo Paratha'})",0.01498751040799334,0.027477102414654453,0.010824313072439634,0.7222222222222222,26.284511784511785,1.0,0.010412499714018503,3.5010824313072435,0.9765914558813967,0.34210526315789475,0.7143740487062405,0.5580808080808081
"frozenset({'Turkey Bacon & Eggs', 'Mushroom Alfredo Pizza'})","frozenset({'Aloo Paratha', 'French Toast'})",0.02164862614487927,0.03413821815154038,0.010824313072439634,0.5,14.646341463414634,1.0,0.010085267550424605,1.9317235636969192,0.9523404255319149,0.24074074074074073,0.48232758620689653,0.4085365853658537
"frozenset({'Turkey Bacon & Eggs', 'Aloo Paratha'})","frozenset({'Mushroom Alfredo Pizza', 'French Toast'})",0.02331390507910075,0.012489592006661115,0.010824313072439634,0.4642857142857143,37.173809523809524,1.0,0.010533131909919643,1.843352761587566,0.9963276280411831,0.43333333333333335,0.45751023849674777,0.6654761904761906
"frozenset({'Mushroom Alfredo Pizza', 'French Toast'})","frozenset({'Turkey Bacon & Eggs', 'Aloo Paratha'})",0.012489592006661115,0.02331390507910075,0.010824313072439634,0.8666666666666668,37.17380952380953,1.0,0.010533131909919643,7.325145711906752,0.9854066675314568,0.43333333333333335,0.8634839443023586,0.6654761904761906
"frozenset({'Aloo Paratha', 'French Toast'})","frozenset({'Turkey Bacon & Eggs', 'Mushroom Alfredo Pizza'})",0.03413821815154038,0.02164862614487927,0.010824313072439634,0.3170731707317073,14.646341463414632,1.0,0.010085267550424605,1.4325859402878556,0.9646551724137931,0.24074074074074073,0.3019615983393876,0.4085365853658537
"frozenset({'Mushroom Alfredo Pizza', 'Aloo Paratha'})","frozenset({'Turkey Bacon & Eggs', 'French Toast'})",0.027477102414654453,0.01498751040799334,0.010824313072439634,0.393939393939394,26.284511784511785,1.0,0.010412499714018503,1.6252706078268113,0.9891332982086408,0.34210526315789475,0.3847178462563078,0.5580808080808081
frozenset({'Turkey Bacon & Eggs'}),"frozenset({'Aloo Paratha', 'Mushroom Alfredo Pizza', 'French Toast'})",0.10990840965861781,0.011656952539550375,0.010824313072439634,0.0984848484848485,8.448593073593074,1.0,0.009543115957351666,1.0963132963426836,0.9905015470964956,0.09774436090225566,0.08785198233386945,0.5135281385281385
frozenset({'French Toast'}),"frozenset({'Turkey Bacon & Eggs', 'Mushroom Alfredo Pizza', 'Aloo Paratha'})",0.10824313072439634,0.014154870940882597,0.010824313072439634,0.1,7.064705882352942,1.0,0.009292145526798721,1.0953834767323527,0.9626517273576098,0.09701492537313434,0.08707770270270272,0.4323529411764706
frozenset({'Mushroom Alfredo Pizza'}),"frozenset({'Turkey Bacon & Eggs', 'Aloo Paratha', 'French Toast'})",0.09908409658617819,0.011656952539550375,0.010824313072439634,0.10924369747899161,9.37154861944778,1.0,0.00966929446111033,1.1095549306395616,0.9915398834067967,0.10833333333333335,0.09873772592440516,0.5189075630252101
frozenset({'Aloo Paratha'}),"frozenset({'Turkey Bacon & Eggs', 'Mushroom Alfredo Pizza', 'French Toast'})",0.13322231473771856,0.010824313072439634,0.010824313072439634,0.08125000000000002,7.5062500000000005,1.0,0.00938227302948348,1.076653808900746,1.0,0.08125000000000002,0.07119633838383839,0.540625
"frozenset({'Smoked Sausage Combo', 'Paneer Tikka Masala', 'French Toast'})",frozenset({'Aloo Paratha'}),0.013322231473771857,0.13322231473771856,0.013322231473771857,1.0,7.5062500000000005,1.0,0.011547412959364282,inf,0.8784810126582279,0.1,1.0,0.55
"frozenset({'Smoked Sausage Combo', 'Paneer Tikka Masala', 'Aloo Paratha'})",frozenset({'French Toast'}),0.013322231473771857,0.10824313072439634,0.013322231473771857,1.0,9.238461538461538,1.0,0.011880191430815703,inf,0.9037974683544304,0.12307692307692307,1.0,0.5615384615384615
"frozenset({'Paneer Tikka Masala', 'Aloo Paratha', 'French Toast'})",frozenset({'Smoked Sausage Combo'}),0.01665278934221482,0.16402997502081598,0.013322231473771857,0.8,4.877157360406092,1.0,0.01059067485394145,4.179850124895921,0.8084250635055038,0.07960199004975124,0.7607569721115538,0.4406091370558376
"frozenset({'Smoked Sausage Combo', 'Aloo Paratha', 'French Toast'})",frozenset({'Paneer Tikka Masala'}),0.019150707743547043,0.11074104912572856,0.013322231473771857,0.6956521739130436,6.281791435109514,1.0,0.011201462006751244,2.921850838586893,0.8572262308998302,0.1142857142857143,0.6577511805894807,0.4079764628963714
"frozenset({'Smoked Sausage Combo', 'Paneer Tikka Masala'})","frozenset({'Aloo Paratha', 'French Toast'})",0.028309741881765195,0.03413821815154038,0.013322231473771857,0.4705882352941177,13.784791965566717,1.0,0.012355787329598357,1.8244055879359797,0.9544772922022279,0.27118644067796616,0.4518762677484787,0.430416068866571
"frozenset({'Paneer Tikka Masala', 'French Toast'})","frozenset({'Smoked Sausage Combo', 'Aloo Paratha'})",0.02331390507910075,0.03330557868442964,0.013322231473771857,0.5714285714285714,17.15714285714286,1.0,0.012545748373718543,2.2556203164029975,0.9641943734015345,0.3076923076923077,0.5566629752676264,0.4857142857142857
"frozenset({'Paneer Tikka Masala', 'Aloo Paratha'})","frozenset({'Smoked Sausage Combo', 'French Toast'})",0.026644462947543714,0.022481265611990008,0.013322231473771857,0.5,22.24074074074074,1.0,0.012723230225159301,1.95503746877602,0.981180496150556,0.372093023255814,0.4885008517887564,0.5462962962962963
"frozenset({'Smoked Sausage Combo', 'French Toast'})","frozenset({'Paneer Tikka Masala', 'Aloo Paratha'})",0.022481265611990008,0.026644462947543714,0.013322231473771857,0.5925925925925927,22.240740740740744,1.0,0.012723230225159301,2.3891454091287567,0.9770017035775128,0.372093023255814,0.5814402940151444,0.5462962962962963
"frozenset({'Smoked Sausage Combo', 'Aloo Paratha'})","frozenset({'Paneer Tikka Masala', 'French Toast'})",0.03330557868442964,0.02331390507910075,0.013322231473771857,0.4,17.15714285714286,1.0,0.012545748373718543,1.627810158201499,0.9741602067183462,0.3076923076923077,0.38567774936061383,0.4857142857142857
"frozenset({'Aloo Paratha', 'French Toast'})","frozenset({'Smoked Sausage Combo', 'Paneer Tikka Masala'})",0.03413821815154038,0.028309741881765195,0.013322231473771857,0.3902439024390244,13.784791965566715,1.0,0.012355787329598357,1.5935720233139052,0.9602370689655173,0.27118644067796616,0.3724789432984304,0.430416068866571
frozenset({'Paneer Tikka Masala'}),"frozenset({'Smoked Sausage Combo', 'Aloo Paratha', 'French Toast'})",0.11074104912572856,0.019150707743547043,0.013322231473771857,0.12030075187969926,6.281791435109514,1.0,0.011201462006751244,1.114982528804344,0.9455173220973784,0.1142857142857143,0.10312496010825026,0.4079764628963714
frozenset({'Smoked Sausage Combo'}),"frozenset({'Paneer Tikka Masala', 'Aloo Paratha', 'French Toast'})",0.16402997502081598,0.01665278934221482,0.013322231473771857,0.08121827411167513,4.877157360406092,1.0,0.01059067485394145,1.0702729309369265,0.9509462151394423,0.07960199004975124,0.06565888840653838,0.4406091370558376
frozenset({'French Toast'}),"frozenset({'Smoked Sausage Combo', 'Paneer Tikka Masala', 'Aloo Paratha'})",0.10824313072439634,0.013322231473771857,0.013322231473771857,0.12307692307692307,9.238461538461538,1.0,0.011880191430815703,1.1251588588456987,0.9999999999999999,0.12307692307692307,0.11123661148977604,0.5615384615384615
frozenset({'Aloo Paratha'}),"frozenset({'Smoked Sausage Combo', 'Paneer Tikka Masala', 'French Toast'})",0.13322231473771856,0.013322231473771857,0.013322231473771857,0.1,7.5062500000000005,1.0,0.011547412959364282,1.096308631695809,0.9999999999999999,0.1,0.08784810126582279,0.55
"frozenset({'Smoked Sausage Combo', 'Paratha with Omelette', 'French Toast'})",frozenset({'Aloo Paratha'}),0.012489592006661115,0.13322231473771856,0.012489592006661115,1.0,7.5062500000000005,1.0,0.010825699649404014,inf,0.8777403035413154,0.09375,1.0,0.546875
"frozenset({'Smoked Sausage Combo', 'Paratha with Omelette', 'Aloo Paratha'})",frozenset({'French Toast'}),0.012489592006661115,0.10824313072439634,0.012489592006661115,1.0,9.238461538461538,1.0,0.01113767946638972,inf,0.9030354131534569,0.11538461538461538,1.0,0.5576923076923077
"frozenset({'Smoked Sausage Combo', 'Aloo Paratha', 'French Toast'})",frozenset({'Paratha with Omelette'}),0.019150707743547043,0.12489592006661115,0.012489592006661115,0.6521739130434783,5.221739130434782,1.0,0.010097746743104033,2.515924229808493,0.8242784380305602,0.09493670886075949,0.6025317502999215,0.3760869565217391
"frozenset({'Paratha with Omelette', 'Aloo Paratha', 'French Toast'})",frozenset({'Smoked Sausage Combo'}),0.013322231473771857,0.16402997502081598,0.012489592006661115,0.9374999999999999,5.715418781725888,1.0,0.010304346710796788,13.375520399666922,0.8361744022503517,0.07575757575757576,0.9252365537848605,0.5068210659898477
"frozenset({'Smoked Sausage Combo', 'Paratha with Omelette'})","frozenset({'Aloo Paratha', 'French Toast'})",0.029142381348875937,0.03413821815154038,0.012489592006661115,0.42857142857142855,12.554006968641115,1.0,0.011494723034717807,1.6902581182348044,0.9479702687249857,0.24590163934426232,0.40837438423645317,0.3972125435540069
"frozenset({'Smoked Sausage Combo', 'French Toast'})","frozenset({'Paratha with Omelette', 'Aloo Paratha'})",0.022481265611990008,0.030807660283097418,0.012489592006661115,0.5555555555555556,18.033033033033036,1.0,0.011796996812952846,2.1806827643630307,0.9662691652470187,0.30612244897959184,0.5414280259641084,0.48048048048048053
"frozenset({'Smoked Sausage Combo', 'Aloo Paratha'})","frozenset({'Paratha with Omelette', 'French Toast'})",0.03330557868442964,0.02164862614487927,0.012489592006661115,0.375,17.322115384615383,1.0,0.011768571985183038,1.565362198168193,0.9747344243468274,0.29411764705882354,0.36117021276595745,0.47596153846153844
"frozenset({'Paratha with Omelette', 'French Toast'})","frozenset({'Smoked Sausage Combo', 'Aloo Paratha'})",0.02164862614487927,0.03330557868442964,0.012489592006661115,0.5769230769230769,17.322115384615383,1.0,0.011768571985183038,2.2849140867458932,0.9631205673758865,0.29411764705882354,0.5623467832770158,0.47596153846153844
"frozenset({'Paratha with Omelette', 'Aloo Paratha'})","frozenset({'Smoked Sausage Combo', 'French Toast'})",0.030807660283097418,0.022481265611990008,0.012489592006661115,0.40540540540540543,18.033033033033036,1.0,0.011796996812952846,1.6440087805616532,0.9745704467353952,0.30612244897959184,0.39173074266771035,0.48048048048048053
"frozenset({'Aloo Paratha', 'French Toast'})","frozenset({'Smoked Sausage Combo', 'Paratha with Omelette'})",0.03413821815154038,0.029142381348875937,0.012489592006661115,0.36585365853658536,12.554006968641115,1.0,0.011494723034717807,1.530967783257542,0.9528735632183908,0.24590163934426232,0.346818390996946,0.3972125435540069
frozenset({'Smoked Sausage Combo'}),"frozenset({'Paratha with Omelette', 'Aloo Paratha', 'French Toast'})",0.16402997502081598,0.013322231473771857,0.012489592006661115,0.07614213197969542,5.715418781725887,1.0,0.010304346710796788,1.0679973648333347,0.9869189907038513,0.07575757575757576,0.0636681016941892,0.5068210659898477
frozenset({'Paratha with Omelette'}),"frozenset({'Smoked Sausage Combo', 'Aloo Paratha', 'French Toast'})",0.12489592006661115,0.019150707743547043,0.012489592006661115,0.09999999999999999,5.221739130434782,1.0,0.010097746743104033,1.0898325469516144,0.923882017126546,0.09493670886075949,0.08242784380305601,0.3760869565217391
frozenset({'French Toast'}),"frozenset({'Smoked Sausage Combo', 'Paratha with Omelette', 'Aloo Paratha'})",0.10824313072439634,0.012489592006661115,0.012489592006661115,0.11538461538461538,9.238461538461538,1.0,0.01113767946638972,1.1163161133837745,0.9999999999999999,0.11538461538461538,0.10419639382539889,0.5576923076923077
frozenset({'Aloo Paratha'}),"frozenset({'Smoked Sausage Combo', 'Paratha with Omelette', 'French Toast'})",0.13322231473771856,0.012489592006661115,0.012489592006661115,0.09375,7.5062500000000005,1.0,0.010825699649404014,1.089666657096098,1.0,0.09375,0.08228815345699832,0.546875
"frozenset({'BBQ Chicken Pizza', 'Granola Yogurt Bowl', 'Grilled Prawns'})",frozenset({'French Toast'}),0.019150707743547043,0.10824313072439634,0.012489592006661115,0.6521739130434783,6.025083612040134,1.0,0.010416659444911644,2.563800999167361,0.8503112620260328,0.10869565217391303,0.6099541265781675,0.38377926421404684
"frozenset({'BBQ Chicken Pizza', 'Granola Yogurt Bowl', 'French Toast'})",frozenset({'Grilled Prawns'}),0.01665278934221482,0.10824313072439634,0.012489592006661115,0.75,6.928846153846154,1.0,0.010687041952965923,3.567027477102415,0.8701665255433249,0.1111111111111111,0.7196545284780579,0.4326923076923077
"frozenset({'BBQ Chicken Pizza', 'Grilled Prawns', 'French Toast'})",frozenset({'Granola Yogurt Bowl'}),0.012489592006661115,0.11323896752706078,0.012489592006661115,1.0,8.830882352941178,1.0,0.01107528350299258,inf,0.8979763912310287,0.11029411764705882,1.0,0.5551470588235294
"frozenset({'Granola Yogurt Bowl', 'Grilled Prawns', 'French Toast'})",frozenset({'BBQ Chicken Pizza'}),0.013322231473771857,0.10324729392173189,0.012489592006661115,0.9374999999999999,9.080141129032256,1.0,0.011114107657995245,14.348043297252264,0.9018846694796062,0.11999999999999998,0.9303040854224697,0.5292338709677419
"frozenset({'BBQ Chicken Pizza', 'Granola Yogurt Bowl'})","frozenset({'Grilled Prawns', 'French Toast'})",0.025811823480432972,0.02331390507910075,0.012489592006661115,0.48387096774193544,20.754608294930872,1.0,0.011887817604119798,1.8923293089092426,0.9770370370370371,0.34090909090909094,0.47155075213816233,0.5097926267281105
"frozenset({'BBQ Chicken Pizza', 'Grilled Prawns'})","frozenset({'Granola Yogurt Bowl', 'French Toast'})",0.02497918401332223,0.020815986677768527,0.012489592006661115,0.5,24.02,1.0,0.01196962564501827,1.958368026644463,0.9829205807002562,0.375,0.48937074829931976,0.55
"frozenset({'BBQ Chicken Pizza', 'French Toast'})","frozenset({'Granola Yogurt Bowl', 'Grilled Prawns'})",0.02164862614487927,0.035803497085761866,0.012489592006661115,0.5769230769230769,16.11359570661896,1.0,0.011714495483572182,2.279009915979108,0.9586950354609929,0.27777777777777773,0.561212966653381,0.4628801431127012
"frozenset({'Granola Yogurt Bowl', 'Grilled Prawns'})","frozenset({'BBQ Chicken Pizza', 'French Toast'})",0.035803497085761866,0.02164862614487927,0.012489592006661115,0.34883720930232553,16.11359570661896,1.0,0.011714495483572182,1.5024681812775067,0.9727691421991941,0.27777777777777773,0.33442850074220676,0.4628801431127012
"frozenset({'Granola Yogurt Bowl', 'French Toast'})","frozenset({'BBQ Chicken Pizza', 'Grilled Prawns'})",0.020815986677768527,0.02497918401332223,0.012489592006661115,0.6,24.02,1.0,0.01196962564501827,2.437552039966694,0.9787414965986394,0.375,0.5897523484201537,0.55
"frozenset({'Grilled Prawns', 'French Toast'})","frozenset({'BBQ Chicken Pizza', 'Granola Yogurt Bowl'})",0.02331390507910075,0.025811823480432972,0.012489592006661115,0.5357142857142857,20.754608294930875,1.0,0.011887817604119798,2.0982514571190674,0.9745382210855357,0.34090909090909094,0.5234126984126984,0.5097926267281105
frozenset({'BBQ Chicken Pizza'}),"frozenset({'Granola Yogurt Bowl', 'Grilled Prawns', 'French Toast'})",0.10324729392173189,0.013322231473771857,0.012489592006661115,0.12096774193548386,9.080141129032256,1.0,0.011114107657995245,1.1224591128188284,0.9923243577839679,0.11999999999999998,0.10909895195317816,0.5292338709677419
frozenset({'Granola Yogurt Bowl'}),"frozenset({'BBQ Chicken Pizza', 'Grilled Prawns', 'French Toast'})",0.11323896752706078,0.012489592006661115,0.012489592006661115,0.11029411764705882,8.830882352941178,1.0,0.01107528350299258,1.1099290536123478,1.0,0.11029411764705882,0.0990415137387164,0.5551470588235294
frozenset({'Grilled Prawns'}),"frozenset({'BBQ Chicken Pizza', 'Granola Yogurt Bowl', 'French Toast'})",0.10824313072439634,0.01665278934221482,0.012489592006661115,0.11538461538461538,6.928846153846154,1.0,0.010687041952965923,1.1116098903088008,0.9595393713040772,0.1111111111111111,0.10040382987038363,0.4326923076923077
frozenset({'French Toast'}),"frozenset({'BBQ Chicken Pizza', 'Granola Yogurt Bowl', 'Grilled Prawns'})",0.10824313072439634,0.019150707743547043,0.012489592006661115,0.11538461538461538,6.025083612040134,1.0,0.010416659444911644,1.1087861564638164,0.9352629940865235,0.10869565217391303,0.09811283792608069,0.38377926421404684
"frozenset({'BBQ Chicken Pizza', 'Granola Yogurt Bowl', 'Naan Garlic Bread'})",frozenset({'Grilled Prawns'}),0.014154870940882597,0.10824313072439634,0.014154870940882597,1.0,9.238461538461538,1.0,0.012622703395241684,inf,0.904560810810811,0.13076923076923075,1.0,0.5653846153846154
"frozenset({'BBQ Chicken Pizza', 'Granola Yogurt Bowl', 'Grilled Prawns'})",frozenset({'Naan Garlic Bread'}),0.019150707743547043,0.1015820149875104,0.014154870940882597,0.7391304347826088,7.276193870277977,1.0,0.01220950345985617,3.4439356092145443,0.8794067711974433,0.1328125,0.7096345247209574,0.43923734853884533
"frozenset({'BBQ Chicken Pizza', 'Naan Garlic Bread', 'Grilled Prawns'})",frozenset({'Granola Yogurt Bowl'}),0.01582014987510408,0.11323896752706078,0.014154870940882597,0.894736842105263,7.901315789473683,1.0,0.012363413502902453,8.424229808492914,0.8874788494077834,0.12318840579710144,0.8812947862614281,0.5098684210526315
"frozenset({'Granola Yogurt Bowl', 'Naan Garlic Bread', 'Grilled Prawns'})",frozenset({'BBQ Chicken Pizza'}),0.014154870940882597,0.10324729392173189,0.014154870940882597,1.0,9.685483870967742,1.0,0.012693418820425111,inf,0.9096283783783785,0.13709677419354838,1.0,0.5685483870967742
"frozenset({'BBQ Chicken Pizza', 'Granola Yogurt Bowl'})","frozenset({'Naan Garlic Bread', 'Grilled Prawns'})",0.025811823480432972,0.02497918401332223,0.014154870940882597,0.5483870967741935,21.953763440860214,1.0,0.01351011265244547,2.1589746639705005,0.9797385620915032,0.38636363636363635,0.5368171675711413,0.5575268817204301
"frozenset({'BBQ Chicken Pizza', 'Naan Garlic Bread'})","frozenset({'Granola Yogurt Bowl', 'Grilled Prawns'})",0.028309741881765195,0.035803497085761866,0.014154870940882597,0.5,13.965116279069766,1.0,0.013141283179920147,1.9283930058284762,0.9554413024850043,0.2833333333333333,0.48143350604490504,0.4476744186046512
"frozenset({'BBQ Chicken Pizza', 'Grilled Prawns'})","frozenset({'Granola Yogurt Bowl', 'Naan Garlic Bread'})",0.02497918401332223,0.02497918401332223,0.014154870940882597,0.5666666666666667,22.685555555555556,1.0,0.013530911306911185,2.2500480368923332,0.9804089013914703,0.39534883720930236,0.5555650441218332,0.5666666666666667
"frozenset({'Granola Yogurt Bowl', 'Naan Garlic Bread'})","frozenset({'BBQ Chicken Pizza', 'Grilled Prawns'})",0.02497918401332223,0.02497918401332223,0.014154870940882597,0.5666666666666667,22.685555555555556,1.0,0.013530911306911185,2.2500480368923332,0.9804089013914703,0.39534883720930236,0.5555650441218332,0.5666666666666667
"frozenset({'Granola Yogurt Bowl', 'Grilled Prawns'})","frozenset({'BBQ Chicken Pizza', 'Naan Garlic Bread'})",0.035803497085761866,0.028309741881765195,0.014154870940882597,0.3953488372093023,13.965116279069766,1.0,0.013141283179920147,1.6070261961186192,0.9628670120898101,0.2833333333333333,0.37773260795918767,0.4476744186046512
"frozenset({'Naan Garlic Bread', 'Grilled Prawns'})","frozenset({'BBQ Chicken Pizza', 'Granola Yogurt Bowl'})",0.02497918401332223,0.025811823480432972,0.014154870940882597,0.5666666666666667,21.953763440860214,1.0,0.01351011265244547,2.2481265611990007,0.9789018938061987,0.38636363636363635,0.5551851851851851,0.5575268817204301
frozenset({'BBQ Chicken Pizza'}),"frozenset({'Granola Yogurt Bowl', 'Naan Garlic Bread', 'Grilled Prawns'})",0.10324729392173189,0.014154870940882597,0.014154870940882597,0.13709677419354838,9.685483870967742,1.0,0.012693418820425111,1.1424747290030892,1.0000000000000002,0.13709677419354838,0.12470711639058413,0.5685483870967742
frozenset({'Granola Yogurt Bowl'}),"frozenset({'BBQ Chicken Pizza', 'Naan Garlic Bread', 'Grilled Prawns'})",0.11323896752706078,0.01582014987510408,0.014154870940882597,0.125,7.901315789473683,1.0,0.012363413502902453,1.1247769715713096,0.9849765258215963,0.12318840579710144,0.11093485617597293,0.5098684210526315
frozenset({'Naan Garlic Bread'}),"frozenset({'BBQ Chicken Pizza', 'Granola Yogurt Bowl', 'Grilled Prawns'})",0.1015820149875104,0.019150707743547043,0.014154870940882597,0.13934426229508196,7.276193870277976,1.0,0.01220950345985617,1.1396534633836883,0.9600937687401189,0.1328125,0.12254028778980766,0.43923734853884533
frozenset({'Grilled Prawns'}),"frozenset({'BBQ Chicken Pizza', 'Granola Yogurt Bowl', 'Naan Garlic Bread'})",0.10824313072439634,0.014154870940882597,0.014154870940882597,0.13076923076923075,9.238461538461538,1.0,0.012622703395241684,1.1341581130768608,1.0,0.13076923076923075,0.1182887214137214,0.5653846153846154
"frozenset({'Pancakes with Maple Syrup', 'Smoked Beef Ribs', 'BBQ Lamb Chops'})",frozenset({'Beef Sausage Breakfast'}),0.011656952539550375,0.10074937552039967,0.010824313072439634,0.9285714285714286,9.216646989374262,1.0,0.009649882383608997,12.589508742714411,0.902015423498153,0.10655737704918034,0.9205687830687831,0.5180047225501772
"frozenset({'Pancakes with Maple Syrup', 'Smoked Beef Ribs', 'Beef Sausage Breakfast'})",frozenset({'BBQ Lamb Chops'}),0.018318068276436304,0.16319733555370525,0.010824313072439634,0.5909090909090909,3.6208256029684605,1.0,0.007834853137234376,2.045517624202054,0.7373262869446076,0.06341463414634146,0.5111261872455903,0.3286178107606679
"frozenset({'Pancakes with Maple Syrup', 'BBQ Lamb Chops', 'Beef Sausage Breakfast'})",frozenset({'Smoked Beef Ribs'}),0.013322231473771857,0.16902581182348042,0.010824313072439634,0.8125,4.8069581280788185,1.0,0.008572512082285023,4.431862336941438,0.8026614735475495,0.06310679611650487,0.7743612224448898,0.43826970443349755
"frozenset({'Beef Sausage Breakfast', 'Smoked Beef Ribs', 'BBQ Lamb Chops'})",frozenset({'Pancakes with Maple Syrup'}),0.019150707743547043,0.08825978351373855,0.010824313072439634,0.5652173913043479,6.4040196882690745,1.0,0.009134075752859296,2.097002497918402,0.8603238866396761,0.1120689655172414,0.5231288465356364,0.34392945036915507
"frozenset({'Pancakes with Maple Syrup', 'Smoked Beef Ribs'})","frozenset({'Beef Sausage Breakfast', 'BBQ Lamb Chops'})",0.026644462947543714,0.030807660283097418,0.010824313072439634,0.40625,13.186655405405405,1.0,0.01000345950952613,1.6323239405758359,0.9494637099427518,0.23214285714285715,0.38737650343642616,0.37880067567567566
"frozenset({'Pancakes with Maple Syrup', 'BBQ Lamb Chops'})","frozenset({'Smoked Beef Ribs', 'Beef Sausage Breakfast'})",0.030807660283097418,0.03663613655287261,0.010824313072439634,0.35135135135135137,9.59029484029484,1.0,0.009695639423433568,1.4851859561476548,0.9242003700766589,0.19117647058823528,0.32668364129038285,0.3234029484029484
"frozenset({'Pancakes with Maple Syrup', 'Beef Sausage Breakfast'})","frozenset({'Smoked Beef Ribs', 'BBQ Lamb Chops'})",0.02997502081598668,0.03913405495420483,0.010824313072439634,0.3611111111111111,9.227541371158393,1.0,0.009651268960573379,1.5039640878977665,0.9191812479366127,0.1857142857142857,0.33509050645099175,0.3188534278959811
"frozenset({'Smoked Beef Ribs', 'BBQ Lamb Chops'})","frozenset({'Pancakes with Maple Syrup', 'Beef Sausage Breakfast'})",0.03913405495420483,0.02997502081598668,0.010824313072439634,0.2765957446808511,9.227541371158392,1.0,0.009651268960573379,1.3409168829896656,0.9279429409412079,0.1857142857142857,0.2542416217697014,0.3188534278959811
"frozenset({'Smoked Beef Ribs', 'Beef Sausage Breakfast'})","frozenset({'Pancakes with Maple Syrup', 'BBQ Lamb Chops'})",0.03663613655287261,0.030807660283097418,0.010824313072439634,0.29545454545454547,9.590294840294842,1.0,0.009695639423433568,1.375627837017539,0.9297919021341666,0.19117647058823528,0.273059200249922,0.3234029484029484
"frozenset({'Beef Sausage Breakfast', 'BBQ Lamb Chops'})","frozenset({'Pancakes with Maple Syrup', 'Smoked Beef Ribs'})",0.030807660283097418,0.026644462947543714,0.010824313072439634,0.35135135135135137,13.186655405405405,1.0,0.01000345950952613,1.5005897862892033,0.9535421623050488,0.23214285714285715,0.3335953575474534,0.37880067567567566
frozenset({'Pancakes with Maple Syrup'}),"frozenset({'Beef Sausage Breakfast', 'Smoked Beef Ribs', 'BBQ Lamb Chops'})",0.08825978351373855,0.019150707743547043,0.010824313072439634,0.12264150943396228,6.4040196882690745,1.0,0.009134075752859296,1.1179572578406884,0.9255356515630488,0.1120689655172414,0.10551142005958293,0.34392945036915507
frozenset({'Smoked Beef Ribs'}),"frozenset({'Pancakes with Maple Syrup', 'BBQ Lamb Chops', 'Beef Sausage Breakfast'})",0.16902581182348042,0.013322231473771857,0.010824313072439634,0.06403940886699508,4.806958128078818,1.0,0.008572512082285023,1.0541873000569701,0.9530599660860181,0.06310679611650487,0.05140196628629628,0.43826970443349755
frozenset({'BBQ Lamb Chops'}),"frozenset({'Pancakes with Maple Syrup', 'Smoked Beef Ribs', 'Beef Sausage Breakfast'})",0.16319733555370525,0.018318068276436304,0.010824313072439634,0.0663265306122449,3.62082560296846,1.0,0.007834853137234376,1.0514188995509206,0.8649827784156143,0.06341463414634146,0.04890429454224438,0.3286178107606679
frozenset({'Beef Sausage Breakfast'}),"frozenset({'Pancakes with Maple Syrup', 'Smoked Beef Ribs', 'BBQ Lamb Chops'})",0.10074937552039967,0.011656952539550375,0.010824313072439634,0.10743801652892562,9.216646989374262,1.0,0.009649882383608997,1.1073102661362444,0.9913817663817664,0.10655737704918034,0.09691074797914041,0.5180047225501772
"frozenset({'Four-Cheese Pizza', 'Paneer Tikka Masala', 'Smoked Sausage Combo'})",frozenset({'Barbeque Chicken Tikka'}),0.010824313072439634,0.1115736885928393,0.010824313072439634,1.0,8.96268656716418,1.0,0.009616604536463855,inf,0.8981481481481481,0.09701492537313434,1.0,0.5485074626865671
"frozenset({'Four-Cheese Pizza', 'Smoked Sausage Combo', 'Barbeque Chicken Tikka'})",frozenset({'Paneer Tikka Masala'}),0.011656952539550375,0.11074104912572856,0.010824313072439634,0.9285714285714286,8.385069817400645,1.0,0.009533409918601,12.449625312239805,0.8911282483312811,0.09701492537313434,0.9196762974852862,0.5131578947368421
"frozenset({'Four-Cheese Pizza', 'Paneer Tikka Masala', 'Barbeque Chicken Tikka'})",frozenset({'Smoked Sausage Combo'}),0.010824313072439634,0.16402997502081598,0.010824313072439634,1.0,6.096446700507614,1.0,0.009048801269549869,inf,0.845117845117845,0.06598984771573604,1.0,0.5329949238578681
"frozenset({'Paneer Tikka Masala', 'Smoked Sausage Combo', 'Barbeque Chicken Tikka'})",frozenset({'Four-Cheese Pizza'}),0.014154870940882597,0.1357202331390508,0.010824313072439634,0.7647058823529412,5.634428004330567,1.0,0.008903210688289873,3.673189009159035,0.8343295218295218,0.07784431137724551,0.7277569987532586,0.42223024178996754
"frozenset({'Four-Cheese Pizza', 'Smoked Sausage Combo'})","frozenset({'Paneer Tikka Masala', 'Barbeque Chicken Tikka'})",0.04329725228975854,0.022481265611990008,0.010824313072439634,0.25,11.12037037037037,1.0,0.00985093604344423,1.3033583125173467,0.9512619669277633,0.19696969696969696,0.23275127768313458,0.36574074074074076
"frozenset({'Four-Cheese Pizza', 'Paneer Tikka Masala'})","frozenset({'Smoked Sausage Combo', 'Barbeque Chicken Tikka'})",0.022481265611990008,0.0324729392173189,0.010824313072439634,0.4814814814814815,14.827160493827163,1.0,0.010094280300693082,1.865945045795171,0.9540034071550257,0.24528301886792456,0.464078536367693,0.40740740740740744
"frozenset({'Four-Cheese Pizza', 'Barbeque Chicken Tikka'})","frozenset({'Paneer Tikka Masala', 'Smoked Sausage Combo'})",0.013322231473771857,0.028309741881765195,0.010824313072439634,0.8125,28.700367647058822,1.0,0.010447164138128025,5.182348043297252,0.9781888997078871,0.35135135135135137,0.8070372750642674,0.5974264705882353
"frozenset({'Paneer Tikka Masala', 'Smoked Sausage Combo'})","frozenset({'Four-Cheese Pizza', 'Barbeque Chicken Tikka'})",0.028309741881765195,0.013322231473771857,0.010824313072439634,0.3823529411764706,28.700367647058826,1.0,0.010447164138128025,1.5974782918996073,0.9932766462329444,0.35135135135135137,0.37401340282948625,0.5974264705882353
"frozenset({'Smoked Sausage Combo', 'Barbeque Chicken Tikka'})","frozenset({'Four-Cheese Pizza', 'Paneer Tikka Masala'})",0.0324729392173189,0.022481265611990008,0.010824313072439634,0.33333333333333337,14.827160493827163,1.0,0.010094280300693082,1.466278101582015,0.9638554216867471,0.24528301886792456,0.31800113571834193,0.40740740740740744
"frozenset({'Paneer Tikka Masala', 'Barbeque Chicken Tikka'})","frozenset({'Four-Cheese Pizza', 'Smoked Sausage Combo'})",0.022481265611990008,0.04329725228975854,0.010824313072439634,0.4814814814814815,11.12037037037037,1.0,0.00985093604344423,1.8450695848697514,0.9310051107325384,0.19696969696969696,0.4580150211133675,0.36574074074074076
frozenset({'Four-Cheese Pizza'}),"frozenset({'Paneer Tikka Masala', 'Smoked Sausage Combo', 'Barbeque Chicken Tikka'})",0.1357202331390508,0.014154870940882597,0.010824313072439634,0.07975460122699386,5.634428004330567,1.0,0.008903210688289873,1.0712850402442409,0.9516822291388766,0.07784431137724551,0.06654161830542199,0.42223024178996754
frozenset({'Smoked Sausage Combo'}),"frozenset({'Four-Cheese Pizza', 'Paneer Tikka Masala', 'Barbeque Chicken Tikka'})",0.16402997502081598,0.010824313072439634,0.010824313072439634,0.06598984771573604,6.096446700507614,1.0,0.009048801269549869,1.0590630995909207,1.0,0.06598984771573604,0.0557691979011776,0.5329949238578681
frozenset({'Paneer Tikka Masala'}),"frozenset({'Four-Cheese Pizza', 'Smoked Sausage Combo', 'Barbeque Chicken Tikka'})",0.11074104912572856,0.011656952539550375,0.010824313072439634,0.09774436090225565,8.385069817400645,1.0,0.009533409918601,1.095413544268665,0.9904206280610777,0.09701492537313434,0.08710276111508763,0.5131578947368421
frozenset({'Barbeque Chicken Tikka'}),"frozenset({'Four-Cheese Pizza', 'Paneer Tikka Masala', 'Smoked Sausage Combo'})",0.1115736885928393,0.010824313072439634,0.010824313072439634,0.09701492537313434,8.96268656716418,1.0,0.009616604536463855,1.095450760729695,1.0,0.09701492537313434,0.0871337755666114,0.5485074626865671
"frozenset({'Four-Cheese Pizza', 'Pancakes with Maple Syrup', 'Peach Iced Tea'})",frozenset({'Beef Sausage Breakfast'}),0.010824313072439634,0.10074937552039967,0.010824313072439634,1.0,9.925619834710744,1.0,0.009733770289954043,inf,0.9090909090909091,0.10743801652892562,1.0,0.5537190082644629
"frozenset({'Four-Cheese Pizza', 'Peach Iced Tea', 'Beef Sausage Breakfast'})",frozenset({'Pancakes with Maple Syrup'}),0.010824313072439634,0.08825978351373855,0.010824313072439634,1.0,11.330188679245284,1.0,0.009868961543981182,inf,0.9217171717171717,0.12264150943396228,1.0,0.5613207547169812
"frozenset({'Four-Cheese Pizza', 'Pancakes with Maple Syrup', 'Beef Sausage Breakfast'})",frozenset({'Peach Iced Tea'}),0.01582014987510408,0.049125728559533725,0.010824313072439634,0.6842105263157895,13.927743086529883,1.0,0.01004713668390413,3.0111018595614767,0.9431211766237146,0.19999999999999998,0.6678956585860448,0.45227475468331846
"frozenset({'Pancakes with Maple Syrup', 'Peach Iced Tea', 'Beef Sausage Breakfast'})",frozenset({'Four-Cheese Pizza'}),0.010824313072439634,0.1357202331390508,0.010824313072439634,1.0,7.368098159509202,1.0,0.009355234778678053,inf,0.8737373737373738,0.07975460122699386,1.0,0.5398773006134969
"frozenset({'Four-Cheese Pizza', 'Peach Iced Tea'})","frozenset({'Pancakes with Maple Syrup', 'Beef Sausage Breakfast'})",0.01665278934221482,0.02997502081598668,0.010824313072439634,0.6500000000000001,21.684722222222227,1.0,0.010325145365262503,2.771499940525753,0.9700384289715365,0.3023255813953489,0.6391845493562233,0.5055555555555556
"frozenset({'Four-Cheese Pizza', 'Pancakes with Maple Syrup'})","frozenset({'Beef Sausage Breakfast', 'Peach Iced Tea'})",0.025811823480432972,0.01665278934221482,0.010824313072439634,0.41935483870967744,25.18225806451613,1.0,0.01039447421348155,1.6935424183550747,0.9857330703484549,0.34210526315789475,0.40952172844227147,0.5346774193548388
"frozenset({'Four-Cheese Pizza', 'Beef Sausage Breakfast'})","frozenset({'Pancakes with Maple Syrup', 'Peach Iced Tea'})",0.028309741881765195,0.012489592006661115,0.010824313072439634,0.3823529411764706,30.61372549019608,1.0,0.010470735946522501,1.598826374846358,0.9955177641552964,0.3611111111111111,0.37454121614919156,0.6245098039215687
"frozenset({'Pancakes with Maple Syrup', 'Peach Iced Tea'})","frozenset({'Four-Cheese Pizza', 'Beef Sausage Breakfast'})",0.012489592006661115,0.028309741881765195,0.010824313072439634,0.8666666666666668,30.613725490196085,1.0,0.010470735946522501,7.287676935886769,0.9795693345440395,0.3611111111111111,0.8627820622679236,0.6245098039215687
"frozenset({'Beef Sausage Breakfast', 'Peach Iced Tea'})","frozenset({'Four-Cheese Pizza', 'Pancakes with Maple Syrup'})",0.01665278934221482,0.025811823480432972,0.010824313072439634,0.6500000000000001,25.182258064516134,1.0,0.01039447421348155,2.783394790055907,0.9765518139777242,0.34210526315789475,0.6407264957264959,0.5346774193548388
"frozenset({'Pancakes with Maple Syrup', 'Beef Sausage Breakfast'})","frozenset({'Four-Cheese Pizza', 'Peach Iced Tea'})",0.02997502081598668,0.01665278934221482,0.010824313072439634,0.3611111111111111,21.684722222222224,1.0,0.010325145365262503,1.5391521558121857,0.9833608451634201,0.3023255813953489,0.3502916549063882,0.5055555555555556
frozenset({'Four-Cheese Pizza'}),"frozenset({'Pancakes with Maple Syrup', 'Peach Iced Tea', 'Beef Sausage Breakfast'})",0.1357202331390508,0.010824313072439634,0.010824313072439634,0.07975460122699386,7.368098159509201,1.0,0.009355234778678053,1.0749042464612824,1.0000000000000002,0.07975460122699386,0.06968457581954514,0.5398773006134969
frozenset({'Peach Iced Tea'}),"frozenset({'Four-Cheese Pizza', 'Pancakes with Maple Syrup', 'Beef Sausage Breakfast'})",0.049125728559533725,0.01582014987510408,0.010824313072439634,0.22033898305084745,13.927743086529881,1.0,0.01004713668390413,1.2623176338558448,0.9761551933180653,0.19999999999999998,0.20780636095098798,0.45227475468331846
frozenset({'Pancakes with Maple Syrup'}),"frozenset({'Four-Cheese Pizza', 'Peach Iced Tea', 'Beef Sausage Breakfast'})",0.08825978351373855,0.010824313072439634,0.010824313072439634,0.12264150943396228,11.330188679245284,1.0,0.009868961543981182,1.127447557143241,1.0,0.12264150943396228,0.11304078521059653,0.5613207547169812
frozenset({'Beef Sausage Breakfast'}),"frozenset({'Four-Cheese Pizza', 'Pancakes with Maple Syrup', 'Peach Iced Tea'})",0.10074937552039967,0.010824313072439634,0.010824313072439634,0.10743801652892562,9.925619834710742,1.0,0.009733770289954043,1.1082431307243963,1.0,0.10743801652892562,0.0976709241172051,0.5537190082644629
"frozenset({'Four-Cheese Pizza', 'Smoked Beef Ribs', 'Butter Chicken'})",frozenset({'Paratha with Omelette'}),0.013322231473771857,0.12489592006661115,0.010824313072439634,0.8125,6.505416666666667,1.0,0.009160420715182534,4.6672217596447405,0.857708536189549,0.08496732026143793,0.7857397716460514,0.44958333333333333
"frozenset({'Four-Cheese Pizza', 'Smoked Beef Ribs', 'Paratha with Omelette'})",frozenset({'Butter Chicken'}),0.010824313072439634,0.10741049125728559,0.010824313072439634,1.0,9.310077519379846,1.0,0.009661668287806235,inf,0.9023569023569024,0.10077519379844962,1.0,0.5503875968992248
"frozenset({'Four-Cheese Pizza', 'Butter Chicken', 'Paratha with Omelette'})",frozenset({'Smoked Beef Ribs'}),0.010824313072439634,0.16902581182348042,0.010824313072439634,1.0,5.916256157635468,1.0,0.008994724767939014,inf,0.8400673400673401,0.06403940886699508,1.0,0.5320197044334976
"frozenset({'Smoked Beef Ribs', 'Butter Chicken', 'Paratha with Omelette'})",frozenset({'Four-Cheese Pizza'}),0.010824313072439634,0.1357202331390508,0.010824313072439634,1.0,7.368098159509202,1.0,0.009355234778678053,inf,0.8737373737373738,0.07975460122699386,1.0,0.5398773006134969
"frozenset({'Four-Cheese Pizza', 'Smoked Beef Ribs'})","frozenset({'Butter Chicken', 'Paratha with Omelette'})",0.034970857618651124,0.017485428809325562,0.010824313072439634,0.30952380952380953,17.701814058956916,1.0,0.01021283263114765,1.422952137586494,0.9776996084157431,0.26,0.2972356739305892,0.4642857142857143
"frozenset({'Four-Cheese Pizza', 'Butter Chicken'})","frozenset({'Smoked Beef Ribs', 'Paratha with Omelette'})",0.022481265611990008,0.034970857618651124,0.010824313072439634,0.4814814814814815,13.768077601410935,1.0,0.010038123933635654,1.8611276317354586,0.9486961079806056,0.23214285714285715,0.46269133672067236,0.3955026455026455
"frozenset({'Four-Cheese Pizza', 'Paratha with Omelette'})","frozenset({'Smoked Beef Ribs', 'Butter Chicken'})",0.03330557868442964,0.02164862614487927,0.010824313072439634,0.32500000000000007,15.012500000000001,1.0,0.010103293050961557,1.449409442748327,0.9655469422911283,0.24528301886792456,0.3100638297872341,0.41250000000000003
"frozenset({'Smoked Beef Ribs', 'Butter Chicken'})","frozenset({'Four-Cheese Pizza', 'Paratha with Omelette'})",0.02164862614487927,0.03330557868442964,0.010824313072439634,0.5,15.012500000000001,1.0,0.010103293050961557,1.9333888426311407,0.9540425531914893,0.24528301886792456,0.4827734711455642,0.41250000000000003
"frozenset({'Smoked Beef Ribs', 'Paratha with Omelette'})","frozenset({'Four-Cheese Pizza', 'Butter Chicken'})",0.034970857618651124,0.022481265611990008,0.010824313072439634,0.30952380952380953,13.768077601410935,1.0,0.010038123933635654,1.4157167877343593,0.9609743147275503,0.23214285714285715,0.2936440334225684,0.3955026455026455
"frozenset({'Butter Chicken', 'Paratha with Omelette'})","frozenset({'Four-Cheese Pizza', 'Smoked Beef Ribs'})",0.017485428809325562,0.034970857618651124,0.010824313072439634,0.6190476190476191,17.701814058956916,1.0,0.01021283263114765,2.533201498751041,0.9602998696219035,0.26,0.6052426147335552,0.4642857142857143
frozenset({'Four-Cheese Pizza'}),"frozenset({'Smoked Beef Ribs', 'Butter Chicken', 'Paratha with Omelette'})",0.1357202331390508,0.010824313072439634,0.010824313072439634,0.07975460122699386,7.368098159509201,1.0,0.009355234778678053,1.0749042464612824,1.0000000000000002,0.07975460122699386,0.06968457581954514,0.5398773006134969
frozenset({'Smoked Beef Ribs'}),"frozenset({'Four-Cheese Pizza', 'Butter Chicken', 'Paratha with Omelette'})",0.16902581182348042,0.010824313072439634,0.010824313072439634,0.06403940886699508,5.916256157635468,1.0,0.008994724767939014,1.0568561286647093,1.0,0.06403940886699508,0.053797415866381385,0.5320197044334976
frozenset({'Butter Chicken'}),"frozenset({'Four-Cheese Pizza', 'Smoked Beef Ribs', 'Paratha with Omelette'})",0.10741049125728559,0.010824313072439634,0.010824313072439634,0.10077519379844962,9.310077519379846,1.0,0.009661668287806235,1.1000315828763387,1.0000000000000002,0.10077519379844962,0.09093519171038551,0.5503875968992248
frozenset({'Paratha with Omelette'}),"frozenset({'Four-Cheese Pizza', 'Smoked Beef Ribs', 'Butter Chicken'})",0.12489592006661115,0.013322231473771857,0.010824313072439634,0.08666666666666667,6.505416666666667,1.0,0.009160420715182534,1.0803041261236075,0.9670643343336016,0.08496732026143793,0.07433473980309424,0.44958333333333333
"frozenset({'Mutton Karahi', 'Cold Brew Coffee', 'Chicken Biryani'})",frozenset({'Chana Masala'}),0.01498751040799334,0.10741049125728559,0.01498751040799334,1.0,9.310077519379846,1.0,0.013377694552347094,inf,0.9061707523245984,0.13953488372093023,1.0,0.5697674418604651
"frozenset({'Mutton Karahi', 'Chana Masala', 'Chicken Biryani'})",frozenset({'Cold Brew Coffee'}),0.019150707743547043,0.06411323896752706,0.01498751040799334,0.782608695652174,12.206662902315077,1.0,0.013759696506034038,4.305079100749376,0.93600264101113,0.21951219512195122,0.7677162308525453,0.5081874647092038
"frozenset({'Cold Brew Coffee', 'Chana Masala', 'Chicken Biryani'})",frozenset({'Mutton Karahi'}),0.01665278934221482,0.10657785179017486,0.01498751040799334,0.9000000000000001,8.44453125,1.0,0.013212691893585765,8.934221482098263,0.8965095493461286,0.13846153846153847,0.8880708294501399,0.5203125000000001
"frozenset({'Mutton Karahi', 'Cold Brew Coffee', 'Chana Masala'})",frozenset({'Chicken Biryani'}),0.01582014987510408,0.12822647793505412,0.01498751040799334,0.9473684210526315,7.388243335611756,1.0,0.012958948309104056,16.563696919233955,0.878548599360782,0.11612903225806452,0.9396270044739355,0.5321257689678742
"frozenset({'Mutton Karahi', 'Chicken Biryani'})","frozenset({'Cold Brew Coffee', 'Chana Masala'})",0.029142381348875937,0.020815986677768527,0.01498751040799334,0.5142857142857143,24.706285714285716,1.0,0.014380882986076688,2.015967086251653,0.9883266628549648,0.4285714285714286,0.5039601554907678,0.6171428571428572
"frozenset({'Cold Brew Coffee', 'Chicken Biryani'})","frozenset({'Mutton Karahi', 'Chana Masala'})",0.018318068276436304,0.02497918401332223,0.01498751040799334,0.8181818181818181,32.75454545454545,1.0,0.014529940009747637,5.362614487926726,0.9875600791631326,0.5294117647058825,0.8135237947364334,0.7090909090909091
"frozenset({'Chana Masala', 'Chicken Biryani'})","frozenset({'Mutton Karahi', 'Cold Brew Coffee'})",0.03913405495420483,0.02164862614487927,0.01498751040799334,0.3829787234042554,17.690671031096564,1.0,0.0141403118827566,1.5856039507307131,0.9818987098016562,0.3272727272727273,0.369325486645541,0.5376432078559739
"frozenset({'Mutton Karahi', 'Cold Brew Coffee'})","frozenset({'Chana Masala', 'Chicken Biryani'})",0.02164862614487927,0.03913405495420483,0.01498751040799334,0.6923076923076923,17.690671031096564,1.0,0.0141403118827566,3.122814321398834,0.9643498817966903,0.3272727272727273,0.6797760298626849,0.5376432078559739
"frozenset({'Mutton Karahi', 'Chana Masala'})","frozenset({'Cold Brew Coffee', 'Chicken Biryani'})",0.02497918401332223,0.018318068276436304,0.01498751040799334,0.6000000000000001,32.75454545454546,1.0,0.014529940009747637,2.45420482930891,0.9943068602334187,0.5294117647058825,0.5925360474978796,0.7090909090909091
"frozenset({'Cold Brew Coffee', 'Chana Masala'})","frozenset({'Mutton Karahi', 'Chicken Biryani'})",0.020815986677768527,0.029142381348875937,0.01498751040799334,0.72,24.706285714285713,1.0,0.014380882986076688,3.4673486380397285,0.9799225245653818,0.4285714285714286,0.7115951972555746,0.6171428571428572
frozenset({'Chicken Biryani'}),"frozenset({'Mutton Karahi', 'Cold Brew Coffee', 'Chana Masala'})",0.12822647793505412,0.01582014987510408,0.01498751040799334,0.11688311688311688,7.388243335611755,1.0,0.012958948309104056,1.114438947935544,0.9918285047224875,0.11612903225806452,0.10268749862658491,0.5321257689678742
frozenset({'Mutton Karahi'}),"frozenset({'Cold Brew Coffee', 'Chana Masala', 'Chicken Biryani'})",0.10657785179017486,0.01665278934221482,0.01498751040799334,0.140625,8.44453125,1.0,0.013212691893585765,1.1442585724017864,0.986745366055711,0.13846153846153847,0.12607165537679932,0.5203125000000001
frozenset({'Cold Brew Coffee'}),"frozenset({'Mutton Karahi', 'Chana Masala', 'Chicken Biryani'})",0.06411323896752706,0.019150707743547043,0.01498751040799334,0.23376623376623376,12.206662902315077,1.0,0.013759696506034038,1.280091449216049,0.9809707394226969,0.21951219512195122,0.21880581218441997,0.5081874647092038
frozenset({'Chana Masala'}),"frozenset({'Mutton Karahi', 'Cold Brew Coffee', 'Chicken Biryani'})",0.10741049125728559,0.01498751040799334,0.01498751040799334,0.13953488372093023,9.310077519379844,1.0,0.013377694552347094,1.1447442446609808,1.0,0.13953488372093023,0.1264424305569207,0.5697674418604651
"frozenset({'Four-Cheese Pizza', 'Hawaiian Pizza', 'Chicken Biryani'})",frozenset({'Chana Masala'}),0.011656952539550375,0.10741049125728559,0.011656952539550375,1.0,9.310077519379846,1.0,0.010404873540714406,inf,0.9031171019376579,0.10852713178294573,1.0,0.5542635658914729
"frozenset({'Four-Cheese Pizza', 'Hawaiian Pizza', 'Chana Masala'})",frozenset({'Chicken Biryani'}),0.011656952539550375,0.12822647793505412,0.011656952539550375,1.0,7.798701298701299,1.0,0.010162222571947745,inf,0.8820556023588879,0.09090909090909091,1.0,0.5454545454545454
"frozenset({'Four-Cheese Pizza', 'Chana Masala', 'Chicken Biryani'})",frozenset({'Hawaiian Pizza'}),0.018318068276436304,0.10574521232306411,0.011656952539550375,0.6363636363636364,6.017895490336436,1.0,0.009719904520310232,2.4592006661115735,0.8493881012964982,0.1037037037037037,0.5933638056543085,0.37329992841803866
"frozenset({'Hawaiian Pizza', 'Chana Masala', 'Chicken Biryani'})",frozenset({'Four-Cheese Pizza'}),0.011656952539550375,0.1357202331390508,0.011656952539550375,1.0,7.368098159509202,1.0,0.010074868223191747,inf,0.8744734625105307,0.08588957055214724,1.0,0.5429447852760736
"frozenset({'Four-Cheese Pizza', 'Hawaiian Pizza'})","frozenset({'Chana Masala', 'Chicken Biryani'})",0.0324729392173189,0.03913405495420483,0.011656952539550375,0.35897435897435903,9.172940534642665,1.0,0.010386154751695263,1.4989508742714406,0.9208876321612981,0.19444444444444448,0.33286672888059377,0.32842334969994547
"frozenset({'Four-Cheese Pizza', 'Chicken Biryani'})","frozenset({'Hawaiian Pizza', 'Chana Masala'})",0.03330557868442964,0.01498751040799334,0.011656952539550375,0.35000000000000003,23.352777777777778,1.0,0.011157784832373244,1.515403830141549,0.9901562692260366,0.3181818181818182,0.3401098901098901,0.5638888888888889
"frozenset({'Four-Cheese Pizza', 'Chana Masala'})","frozenset({'Hawaiian Pizza', 'Chicken Biryani'})",0.018318068276436304,0.017485428809325562,0.011656952539550375,0.6363636363636364,36.39393939393939,1.0,0.011336653260778384,2.7019150707743544,0.9906700593723495,0.48275862068965514,0.6298921417565485,0.6515151515151515
"frozenset({'Hawaiian Pizza', 'Chicken Biryani'})","frozenset({'Four-Cheese Pizza', 'Chana Masala'})",0.017485428809325562,0.018318068276436304,0.011656952539550375,0.6666666666666666,36.39393939393939,1.0,0.011336653260778384,2.9450457951706905,0.9898305084745763,0.48275862068965514,0.6604467062482329,0.6515151515151515
"frozenset({'Hawaiian Pizza', 'Chana Masala'})","frozenset({'Four-Cheese Pizza', 'Chicken Biryani'})",0.01498751040799334,0.03330557868442964,0.011656952539550375,0.7777777777777778,23.352777777777778,1.0,0.011157784832373244,4.350124895920067,0.9717425431711145,0.3181818181818182,0.7701215427313619,0.5638888888888889
"frozenset({'Chana Masala', 'Chicken Biryani'})","frozenset({'Four-Cheese Pizza', 'Hawaiian Pizza'})",0.03913405495420483,0.0324729392173189,0.011656952539550375,0.29787234042553196,9.172940534642665,1.0,0.010386154751695263,1.377993086569273,0.9272716018816538,0.19444444444444448,0.27430695426081225,0.32842334969994547
frozenset({'Four-Cheese Pizza'}),"frozenset({'Hawaiian Pizza', 'Chana Masala', 'Chicken Biryani'})",0.1357202331390508,0.011656952539550375,0.011656952539550375,0.08588957055214724,7.368098159509203,1.0,0.010074868223191747,1.0812074948728407,1.0,0.08588957055214724,0.07510815015427871,0.5429447852760736
frozenset({'Hawaiian Pizza'}),"frozenset({'Four-Cheese Pizza', 'Chana Masala', 'Chicken Biryani'})",0.10574521232306411,0.018318068276436304,0.011656952539550375,0.11023622047244096,6.017895490336436,1.0,0.009719904520310232,1.103306241848607,0.9324288374567703,0.1037037037037037,0.0936333340011888,0.37329992841803866
frozenset({'Chicken Biryani'}),"frozenset({'Four-Cheese Pizza', 'Hawaiian Pizza', 'Chana Masala'})",0.12822647793505412,0.011656952539550375,0.011656952539550375,0.09090909090909091,7.798701298701299,1.0,0.010162222571947745,1.0871773522064947,1.0,0.09090909090909091,0.08018687294171709,0.5454545454545454
frozenset({'Chana Masala'}),"frozenset({'Four-Cheese Pizza', 'Hawaiian Pizza', 'Chicken Biryani'})",0.10741049125728559,0.011656952539550375,0.011656952539550375,0.10852713178294573,9.310077519379846,1.0,0.010404873540714406,1.108663070629548,1.0,0.10852713178294573,0.09801270873742024,0.5542635658914729
"frozenset({'Four-Cheese Pizza', 'Mutton Karahi', 'Chicken Biryani'})",frozenset({'Chana Masala'}),0.010824313072439634,0.10741049125728559,0.010824313072439634,1.0,9.310077519379846,1.0,0.009661668287806235,inf,0.9023569023569024,0.10077519379844962,1.0,0.5503875968992248
"frozenset({'Four-Cheese Pizza', 'Mutton Karahi', 'Chana Masala'})",frozenset({'Chicken Biryani'}),0.010824313072439634,0.12822647793505412,0.010824313072439634,1.0,7.798701298701299,1.0,0.009436349531094335,inf,0.8813131313131313,0.08441558441558442,1.0,0.5422077922077922
"frozenset({'Four-Cheese Pizza', 'Chana Masala', 'Chicken Biryani'})",frozenset({'Mutton Karahi'}),0.018318068276436304,0.10657785179017486,0.010824313072439634,0.5909090909090909,5.544389204545455,1.0,0.008872012706591301,2.183920806735128,0.834931819664644,0.09489051094890512,0.5421079386596628,0.34623579545454547
"frozenset({'Mutton Karahi', 'Chana Masala', 'Chicken Biryani'})",frozenset({'Four-Cheese Pizza'}),0.019150707743547043,0.1357202331390508,0.010824313072439634,0.5652173913043479,4.164577220592158,1.0,0.008225174552707604,1.9878434637801834,0.7747159461930259,0.07514450867052024,0.4969422803049343,0.32248599626567087
"frozenset({'Four-Cheese Pizza', 'Mutton Karahi'})","frozenset({'Chana Masala', 'Chicken Biryani'})",0.018318068276436304,0.03913405495420483,0.010824313072439634,0.5909090909090909,15.099613152804643,1.0,0.0101074527818547,2.348783421223055,0.9511972336399818,0.23214285714285715,0.5742476760674334,0.433752417794971
"frozenset({'Four-Cheese Pizza', 'Chicken Biryani'})","frozenset({'Mutton Karahi', 'Chana Masala'})",0.03330557868442964,0.02497918401332223,0.010824313072439634,0.32500000000000007,13.010833333333336,1.0,0.009992366893811083,1.4444752829432266,0.9549460014576292,0.2280701754385965,0.3077070879590095,0.37916666666666676
"frozenset({'Four-Cheese Pizza', 'Chana Masala'})","frozenset({'Mutton Karahi', 'Chicken Biryani'})",0.018318068276436304,0.029142381348875937,0.010824313072439634,0.5909090909090909,20.276623376623377,1.0,0.010290480941152981,2.3732075122583036,0.9684217394141059,0.29545454545454547,0.5786293466396383,0.4811688311688312
"frozenset({'Mutton Karahi', 'Chicken Biryani'})","frozenset({'Four-Cheese Pizza', 'Chana Masala'})",0.029142381348875937,0.018318068276436304,0.010824313072439634,0.37142857142857144,20.276623376623377,1.0,0.010290480941152981,1.561766709560215,0.979218894313234,0.29545454545454547,0.3596995032109536,0.4811688311688312
"frozenset({'Mutton Karahi', 'Chana Masala'})","frozenset({'Four-Cheese Pizza', 'Chicken Biryani'})",0.02497918401332223,0.03330557868442964,0.010824313072439634,0.4333333333333334,13.010833333333336,1.0,0.009992366893811083,1.7059313317333595,0.946791039873875,0.2280701754385965,0.4138099339649728,0.37916666666666676
"frozenset({'Chana Masala', 'Chicken Biryani'})","frozenset({'Four-Cheese Pizza', 'Mutton Karahi'})",0.03913405495420483,0.018318068276436304,0.010824313072439634,0.2765957446808511,15.099613152804642,1.0,0.0101074527818547,1.3570309056178675,0.9718037594987334,0.23214285714285715,0.2630971071770163,0.433752417794971
frozenset({'Four-Cheese Pizza'}),"frozenset({'Mutton Karahi', 'Chana Masala', 'Chicken Biryani'})",0.1357202331390508,0.019150707743547043,0.010824313072439634,0.07975460122699386,4.164577220592158,1.0,0.008225174552707604,1.065856230918679,0.8792055728471914,0.07514450867052024,0.06178716135281802,0.32248599626567087
frozenset({'Mutton Karahi'}),"frozenset({'Four-Cheese Pizza', 'Chana Masala', 'Chicken Biryani'})",0.10657785179017486,0.018318068276436304,0.010824313072439634,0.1015625,5.544389204545454,1.0,0.008872012706591301,1.0926546718314447,0.917413434654814,0.09489051094890512,0.08479776293469041,0.34623579545454547
frozenset({'Chicken Biryani'}),"frozenset({'Four-Cheese Pizza', 'Mutton Karahi', 'Chana Masala'})",0.12822647793505412,0.010824313072439634,0.010824313072439634,0.08441558441558442,7.798701298701298,1.0,0.009436349531094335,1.0803762821762006,1.0,0.08441558441558442,0.07439656303292666,0.5422077922077922
frozenset({'Chana Masala'}),"frozenset({'Four-Cheese Pizza', 'Mutton Karahi', 'Chicken Biryani'})",0.10741049125728559,0.010824313072439634,0.010824313072439634,0.10077519379844962,9.310077519379846,1.0,0.009661668287806235,1.1000315828763387,1.0000000000000002,0.10077519379844962,0.09093519171038551,0.5503875968992248
"frozenset({'Four-Cheese Pizza', 'Turkey Bacon & Eggs', 'Chicken Biryani'})",frozenset({'Chana Masala'}),0.01665278934221482,0.10741049125728559,0.012489592006661115,0.75,6.982558139534884,1.0,0.010700907722609732,3.5703580349708575,0.8712955122777307,0.11194029850746268,0.7199160447761194,0.4331395348837209
"frozenset({'Four-Cheese Pizza', 'Turkey Bacon & Eggs', 'Chana Masala'})",frozenset({'Chicken Biryani'}),0.012489592006661115,0.12822647793505412,0.012489592006661115,1.0,7.798701298701299,1.0,0.010888095612801156,inf,0.8827993254637436,0.0974025974025974,1.0,0.5487012987012987
"frozenset({'Four-Cheese Pizza', 'Chana Masala', 'Chicken Biryani'})",frozenset({'Turkey Bacon & Eggs'}),0.018318068276436304,0.10990840965861781,0.012489592006661115,0.6818181818181818,6.203512396694215,1.0,0.010476282254380022,2.7974307125014866,0.8544529262086514,0.10791366906474818,0.6425291266264137,0.3977272727272727
"frozenset({'Turkey Bacon & Eggs', 'Chana Masala', 'Chicken Biryani'})",frozenset({'Four-Cheese Pizza'}),0.01665278934221482,0.1357202331390508,0.012489592006661115,0.75,5.526073619631902,1.0,0.01022947155472022,3.457119067443797,0.8329099633079311,0.08928571428571427,0.7107418111753372,0.4210122699386503
"frozenset({'Four-Cheese Pizza', 'Turkey Bacon & Eggs'})","frozenset({'Chana Masala', 'Chicken Biryani'})",0.029142381348875937,0.03913405495420483,0.012489592006661115,0.42857142857142855,10.951367781155016,1.0,0.01134913245345781,1.6815154038301416,0.9359634076615209,0.22388059701492538,0.40529834117355784,0.37386018237082064
"frozenset({'Four-Cheese Pizza', 'Chicken Biryani'})","frozenset({'Turkey Bacon & Eggs', 'Chana Masala'})",0.03330557868442964,0.019983347210657785,0.012489592006661115,0.375,18.765625,1.0,0.011824035063758275,1.5680266444629476,0.9793281653746769,0.30612244897959184,0.3622557349192863,0.5
"frozenset({'Four-Cheese Pizza', 'Chana Masala'})","frozenset({'Turkey Bacon & Eggs', 'Chicken Biryani'})",0.018318068276436304,0.028309741881765195,0.012489592006661115,0.6818181818181818,24.08422459893048,1.0,0.011971012221982652,3.053883668371595,0.9763641504099521,0.36585365853658536,0.6725481031393628,0.5614973262032086
"frozenset({'Turkey Bacon & Eggs', 'Chicken Biryani'})","frozenset({'Four-Cheese Pizza', 'Chana Masala'})",0.028309741881765195,0.018318068276436304,0.012489592006661115,0.4411764705882353,24.08422459893048,1.0,0.011971012221982652,1.7566939830842718,0.9864038846043988,0.36585365853658536,0.43074888988674354,0.5614973262032086
"frozenset({'Turkey Bacon & Eggs', 'Chana Masala'})","frozenset({'Four-Cheese Pizza', 'Chicken Biryani'})",0.019983347210657785,0.03330557868442964,0.012489592006661115,0.625,18.765625,1.0,0.011824035063758275,2.5778517901748543,0.9660152931180969,0.30612244897959184,0.6120801033591732,0.5
"frozenset({'Chana Masala', 'Chicken Biryani'})","frozenset({'Four-Cheese Pizza', 'Turkey Bacon & Eggs'})",0.03913405495420483,0.029142381348875937,0.012489592006661115,0.3191489361702128,10.951367781155016,1.0,0.01134913245345781,1.4259471273938384,0.9456961294049684,0.22388059701492538,0.29871172584942157,0.37386018237082064
frozenset({'Four-Cheese Pizza'}),"frozenset({'Turkey Bacon & Eggs', 'Chana Masala', 'Chicken Biryani'})",0.1357202331390508,0.01665278934221482,0.012489592006661115,0.09202453987730061,5.526073619631902,1.0,0.01022947155472022,1.0830107793055337,0.947655748233783,0.08928571428571427,0.0766481561326317,0.4210122699386503
frozenset({'Turkey Bacon & Eggs'}),"frozenset({'Four-Cheese Pizza', 'Chana Masala', 'Chicken Biryani'})",0.10990840965861781,0.018318068276436304,0.012489592006661115,0.11363636363636363,6.203512396694214,1.0,0.010476282254380022,1.107538589636841,0.9423760523854069,0.10791366906474818,0.0970969234328013,0.3977272727272727
frozenset({'Chicken Biryani'}),"frozenset({'Four-Cheese Pizza', 'Turkey Bacon & Eggs', 'Chana Masala'})",0.12822647793505412,0.012489592006661115,0.012489592006661115,0.0974025974025974,7.798701298701299,1.0,0.010888095612801156,1.0940762793595264,1.0,0.0974025974025974,0.08598694728542958,0.5487012987012987
frozenset({'Chana Masala'}),"frozenset({'Four-Cheese Pizza', 'Turkey Bacon & Eggs', 'Chicken Biryani'})",0.10741049125728559,0.01665278934221482,0.012489592006661115,0.11627906976744186,6.982558139534884,1.0,0.010700907722609732,1.1127350015338096,0.9598880597014926,0.11194029850746268,0.10131343166020124,0.4331395348837209
"frozenset({'Smoked Beef Ribs', 'Spicy Chicken Fajita Pizza', 'Chicken Biryani'})",frozenset({'Chana Masala'}),0.012489592006661115,0.10741049125728559,0.010824313072439634,0.8666666666666668,8.0687338501292,1.0,0.009482799859401097,6.694421315570365,0.8871448955765988,0.09923664122137407,0.8506218905472638,0.48372093023255824
"frozenset({'Smoked Beef Ribs', 'Chana Masala', 'Chicken Biryani'})",frozenset({'Spicy Chicken Fajita Pizza'}),0.011656952539550375,0.08326394671107411,0.010824313072439634,0.9285714285714286,11.152142857142858,1.0,0.009853709197372992,12.83430474604497,0.9210679800401788,0.12871287128712872,0.9220838199039835,0.5292857142857144
"frozenset({'Chana Masala', 'Spicy Chicken Fajita Pizza', 'Chicken Biryani'})",frozenset({'Smoked Beef Ribs'}),0.01498751040799334,0.16902581182348042,0.010824313072439634,0.7222222222222222,4.272851669403393,1.0,0.008291036958515699,2.9915070774354704,0.7776188308732688,0.06250000000000001,0.6657203295479849,0.39313081554460866
"frozenset({'Smoked Beef Ribs', 'Spicy Chicken Fajita Pizza', 'Chana Masala'})",frozenset({'Chicken Biryani'}),0.011656952539550375,0.12822647793505412,0.010824313072439634,0.9285714285714286,7.24165120593692,1.0,0.009329583104837006,12.204829308909247,0.8720756917892554,0.08387096774193549,0.918065220357484,0.5064935064935066
"frozenset({'Smoked Beef Ribs', 'Chicken Biryani'})","frozenset({'Spicy Chicken Fajita Pizza', 'Chana Masala'})",0.02497918401332223,0.02414654454621149,0.010824313072439634,0.4333333333333334,17.945977011494254,1.0,0.010221152092933936,1.7220943331537446,0.9684687643697037,0.28260869565217395,0.41931171786120597,0.44080459770114944
"frozenset({'Spicy Chicken Fajita Pizza', 'Chicken Biryani'})","frozenset({'Smoked Beef Ribs', 'Chana Masala'})",0.025811823480432972,0.030807660283097418,0.010824313072439634,0.41935483870967744,13.612031386224936,1.0,0.010029111183367178,1.669164585067999,0.9510848126232742,0.2363636363636364,0.40089790488859334,0.3853530950305144
"frozenset({'Chana Masala', 'Chicken Biryani'})","frozenset({'Smoked Beef Ribs', 'Spicy Chicken Fajita Pizza'})",0.03913405495420483,0.013322231473771857,0.010824313072439634,0.2765957446808511,20.761968085106382,1.0,0.01030296013383241,1.3639369153156684,0.9906012531662446,0.26,0.2668282610647275,0.5445478723404256
"frozenset({'Smoked Beef Ribs', 'Spicy Chicken Fajita Pizza'})","frozenset({'Chana Masala', 'Chicken Biryani'})",0.013322231473771857,0.03913405495420483,0.010824313072439634,0.8125,20.761968085106385,1.0,0.01030296013383241,5.124618373577574,0.9646867900032459,0.26,0.8048635181975736,0.5445478723404256
"frozenset({'Smoked Beef Ribs', 'Chana Masala'})","frozenset({'Spicy Chicken Fajita Pizza', 'Chicken Biryani'})",0.030807660283097418,0.025811823480432972,0.010824313072439634,0.35135135135135137,13.612031386224935,1.0,0.010029111183367178,1.501873438800999,0.9559873116574147,0.2363636363636364,0.3341649341649342,0.3853530950305144
"frozenset({'Spicy Chicken Fajita Pizza', 'Chana Masala'})","frozenset({'Smoked Beef Ribs', 'Chicken Biryani'})",0.02414654454621149,0.02497918401332223,0.010824313072439634,0.4482758620689655,17.945977011494254,1.0,0.010221152092933936,1.7672252289758534,0.9676424258335521,0.28260869565217395,0.4341411702346948,0.44080459770114944
frozenset({'Chicken Biryani'}),"frozenset({'Smoked Beef Ribs', 'Spicy Chicken Fajita Pizza', 'Chana Masala'})",0.12822647793505412,0.011656952539550375,0.010824313072439634,0.08441558441558442,7.24165120593692,1.0,0.009329583104837006,1.0794668745312712,0.9886856219234444,0.08387096774193549,0.07361677917701506,0.5064935064935066
frozenset({'Smoked Beef Ribs'}),"frozenset({'Chana Masala', 'Spicy Chicken Fajita Pizza', 'Chicken Biryani'})",0.16902581182348042,0.01498751040799334,0.010824313072439634,0.06403940886699508,4.272851669403393,1.0,0.008291036958515699,1.0524080809851442,0.9217666101433638,0.06250000000000001,0.04979825025296795,0.39313081554460866
frozenset({'Spicy Chicken Fajita Pizza'}),"frozenset({'Smoked Beef Ribs', 'Chana Masala', 'Chicken Biryani'})",0.08326394671107411,0.011656952539550375,0.010824313072439634,0.13,11.152142857142858,1.0,0.009853709197372992,1.1360264913338503,0.993013344511982,0.12871287128712872,0.11973883740522326,0.5292857142857144
frozenset({'Chana Masala'}),"frozenset({'Smoked Beef Ribs', 'Spicy Chicken Fajita Pizza', 'Chicken Biryani'})",0.10741049125728559,0.012489592006661115,0.010824313072439634,0.10077519379844962,8.0687338501292,1.0,0.009482799859401097,1.0981796778546613,0.9814867967853045,0.09923664122137407,0.0894021987790371,0.48372093023255824
"frozenset({'Four-Cheese Pizza', 'Mutton Karahi', 'Turkey Bacon & Eggs'})",frozenset({'Hawaiian Pizza'}),0.01665278934221482,0.10574521232306411,0.010824313072439634,0.6500000000000001,6.146850393700789,1.0,0.009063360327675869,2.5550136790769606,0.8514948218589201,0.09701492537313436,0.608612662942272,0.3761811023622048
"frozenset({'Four-Cheese Pizza', 'Mutton Karahi', 'Hawaiian Pizza'})",frozenset({'Turkey Bacon & Eggs'}),0.011656952539550375,0.10990840965861781,0.010824313072439634,0.9285714285714286,8.448593073593074,1.0,0.009543115957351666,12.461282264779356,0.8920355129285205,0.09774436090225566,0.9197514365896031,0.5135281385281385
"frozenset({'Four-Cheese Pizza', 'Turkey Bacon & Eggs', 'Hawaiian Pizza'})",frozenset({'Mutton Karahi'}),0.010824313072439634,0.10657785179017486,0.010824313072439634,1.0,9.3828125,1.0,0.00967068103807471,inf,0.9031986531986531,0.1015625,1.0,0.55078125
"frozenset({'Mutton Karahi', 'Turkey Bacon & Eggs', 'Hawaiian Pizza'})",frozenset({'Four-Cheese Pizza'}),0.010824313072439634,0.1357202331390508,0.010824313072439634,1.0,7.368098159509202,1.0,0.009355234778678053,inf,0.8737373737373738,0.07975460122699386,1.0,0.5398773006134969
"frozenset({'Four-Cheese Pizza', 'Mutton Karahi'})","frozenset({'Turkey Bacon & Eggs', 'Hawaiian Pizza'})",0.018318068276436304,0.011656952539550375,0.010824313072439634,0.5909090909090909,50.69155844155844,1.0,0.010610780219924973,2.4159496715699884,0.998564624518823,0.5652173913043478,0.5860840928237727,0.7597402597402598
"frozenset({'Four-Cheese Pizza', 'Turkey Bacon & Eggs'})","frozenset({'Mutton Karahi', 'Hawaiian Pizza'})",0.029142381348875937,0.019983347210657785,0.010824313072439634,0.37142857142857144,18.586904761904762,1.0,0.010241950747399649,1.5591174021648626,0.974600870827286,0.28260869565217395,0.3586114819759679,0.4565476190476191
"frozenset({'Four-Cheese Pizza', 'Hawaiian Pizza'})","frozenset({'Mutton Karahi', 'Turkey Bacon & Eggs'})",0.0324729392173189,0.022481265611990008,0.010824313072439634,0.33333333333333337,14.827160493827163,1.0,0.010094280300693082,1.466278101582015,0.9638554216867471,0.24528301886792456,0.31800113571834193,0.40740740740740744
"frozenset({'Mutton Karahi', 'Turkey Bacon & Eggs'})","frozenset({'Four-Cheese Pizza', 'Hawaiian Pizza'})",0.022481265611990008,0.0324729392173189,0.010824313072439634,0.4814814814814815,14.827160493827163,1.0,0.010094280300693082,1.865945045795171,0.9540034071550257,0.24528301886792456,0.464078536367693,0.40740740740740744
"frozenset({'Mutton Karahi', 'Hawaiian Pizza'})","frozenset({'Four-Cheese Pizza', 'Turkey Bacon & Eggs'})",0.019983347210657785,0.029142381348875937,0.010824313072439634,0.5416666666666667,18.586904761904766,1.0,0.010241950747399649,2.1182348043297257,0.9654924514737598,0.28260869565217395,0.5279088050314467,0.4565476190476191
"frozenset({'Turkey Bacon & Eggs', 'Hawaiian Pizza'})","frozenset({'Four-Cheese Pizza', 'Mutton Karahi'})",0.011656952539550375,0.018318068276436304,0.010824313072439634,0.9285714285714286,50.69155844155844,1.0,0.010610780219924973,13.743547044129897,0.9918346186248459,0.5652173913043478,0.9272385799103356,0.7597402597402598
frozenset({'Four-Cheese Pizza'}),"frozenset({'Mutton Karahi', 'Turkey Bacon & Eggs', 'Hawaiian Pizza'})",0.1357202331390508,0.010824313072439634,0.010824313072439634,0.07975460122699386,7.368098159509201,1.0,0.009355234778678053,1.0749042464612824,1.0000000000000002,0.07975460122699386,0.06968457581954514,0.5398773006134969
frozenset({'Mutton Karahi'}),"frozenset({'Four-Cheese Pizza', 'Turkey Bacon & Eggs', 'Hawaiian Pizza'})",0.10657785179017486,0.010824313072439634,0.010824313072439634,0.1015625,9.3828125,1.0,0.00967068103807471,1.1009955471889368,1.0,0.1015625,0.0917311132154882,0.55078125
frozenset({'Turkey Bacon & Eggs'}),"frozenset({'Four-Cheese Pizza', 'Mutton Karahi', 'Hawaiian Pizza'})",0.10990840965861781,0.011656952539550375,0.010824313072439634,0.0984848484848485,8.448593073593074,1.0,0.009543115957351666,1.0963132963426836,0.9905015470964956,0.09774436090225566,0.08785198233386945,0.5135281385281385
frozenset({'Hawaiian Pizza'}),"frozenset({'Four-Cheese Pizza', 'Mutton Karahi', 'Turkey Bacon & Eggs'})",0.10574521232306411,0.01665278934221482,0.010824313072439634,0.10236220472440946,6.146850393700788,1.0,0.009063360327675869,1.0954832960836731,0.9363271737573413,0.09701492537313436,0.08716088727689734,0.3761811023622048
