0,1,2,3,4,5,6,7,8,9,10,11,12,13,14,15,16,17,18,19,20,21,22,23,24,25,26,27,28,29,30,31,32,33,34,35,36,37,38,39,40,41,42,43,44,45,46,47,48,49,50,51,52,53,54,55,56,57,58,59,60,61,62,63,64,65,66,67,68,69,70,71,72,73,74,75,76,77,78,79,80,81,82,83,84,85,86,87,88,89,90,91,92,93,94,95,96,97,98,99,100
1.0,0.0,0.0,0.0,0.0,0.0,0.0,0.0,0.0,0.0,0.0,0.0,0.0,0.0,0.0,0.0,0.0,0.0,0.0,0.0,0.0,0.0,0.0,0.0,0.0,0.0,0.0,0.0,0.0,0.0,0.0,0.0,0.0,0.0,0.0,0.0,0.0,0.0,0.0,0.0,0.0,0.0,0.0,0.0,0.0,0.0,0.0,0.0,0.07715167498104596,0.0,0.0,0.0,0.0,0.0,0.0,0.0,0.0,0.0,0.0,0.0,0.0,0.0,0.0,0.0,0.0,0.0,0.0,0.0,0.0,0.0,0.0,0.0,0.0,0.0,0.0,0.0,0.0,0.0,0.0,0.0,0.0,0.0,0.0,0.0,0.0,0.0,0.0,0.0,0.0,0.0,0.0,0.0,0.0,0.0,0.0,0.0,0.0,0.0,0.0,0.0,0.0
0.0,0.9999999999999999,0.0047113803672365565,0.019537935639017817,0.0,0.021268621243210065,0.04476956524975505,0.011035247011701015,0.044322407967035696,0.06660363712618128,0.021402736153148343,0.00816994494113372,0.0005440673862137774,0.0,0.0077051490673371225,0.001937500647095051,0.05882999687158412,0.0,0.01733665385169354,0.009294980974108974,0.0,0.0,0.040073733822383134,0.010029861621950353,0.036401155220226765,0.011037264239944116,0.0,0.0,0.00213547419167452,0.06990605762855659,0.012603664990567217,0.012275039053855439,0.0010428859909488361,0.0,0.0776558118091959,0.025946392932799007,0.0041468103264832214,0.0,0.0,0.0,0.0,0.00498208844446741,0.014288055292992775,0.0009618622196577768,0.010778482727832115,0.021972415274248078,0.0,0.006632721931820533,0.0,0.0,0.036323475795086144,0.0,0.044961938967586684,0.06927146534063705,0.0,0.0,0.0,0.0,0.0,0.007405714479169686,0.018600600354398644,0.0,0.0,0.0029862723030229846,0.0,0.0,0.0015527733991812912,0.0,0.3623077806599436,0.005648144839523078,0.020078487392370368,0.006057218881958805,0.0007795920844378609,0.0,0.007787788154101084,0.009780552037760619,0.20317482979925403,0.0,0.021632322971853087,0.018562689643134456,0.0,0.0,0.14070059995348233,0.0,0.024969913580935598,0.0,0.014971353754566659,0.0,0.003656307129798903,0.0077455858771373525,0.0,0.0005163818063308275,0.012108019454734746,0.0,0.04228641799978564,0.015344992521308023,0.00980507759030085,0.019323821823122953,0.074882398779005,0.023346082586676843,0.0
0.0,0.0047113803672365565,1.0000000000000002,0.014386201020897708,0.005942534896296525,0.023611278628520065,0.015143200874782882,0.010111719689542446,0.002469716504439438,0.009560024942880295,0.0,0.0,0.0,0.0028510371206376967,0.0,0.0,0.031120411113142777,0.0,0.019658639049708295,0.010539904499856216,0.025287359674311123,0.047038176406133184,0.006622215261219267,0.013785710796304373,0.0,0.011377764110518771,0.007130942592247973,0.0756787413625187,0.0014675690816595846,0.014782084350503598,0.03558812029712533,0.0,0.0,0.0,0.0019765801356675093,0.0,0.0048090819667901555,0.0,0.0,0.01038015787770843,0.0,0.0014006689075363235,0.02599207437655617,0.0029746070776706136,0.0,0.024160282475217915,0.0,0.0,0.0,0.0,0.0,0.0674138981799037,0.005149890653291227,0.021638936888863636,0.0,0.002742721160993438,0.0,0.0,0.0,0.00381709047559564,0.06711050264898608,0.0,0.0,0.26089430476566494,0.0,0.05977681233990187,0.0,0.11865148250017378,0.01152731433691326,0.0016635400701035332,0.005174477304340861,0.004162722821312496,0.06589868657660541,0.0,0.0011468630868997607,0.0,0.002148131058934812,0.021656659344338944,0.09365865878170708,0.03827069814130373,0.17946522128301717,0.04056793187174721,0.0,0.0,0.002860026224773198,0.018838767410236792,0.015433220382467847,0.002013882210679692,0.0,0.014638318548448062,0.008758182116638705,0.003193873185784393,0.0,0.00550949553401575,0.0,0.04350056126421993,0.0037903366772732224,0.0,0.0,0.003008288725373082,0.009795602696972001
0.0,0.019537935639017817,0.014386201020897708,1.0,0.0,0.014987016875625854,0.0,0.0,0.0,0.09267686024109886,0.009336179957474421,0.0,0.03322619774627421,0.0,0.0036196422194272066,0.0,0.05672760277973997,0.0,0.0,0.0,0.14099607199227202,0.0,0.007472681241152604,0.20417456493017655,0.0,0.0,0.0,0.0,0.0,0.14230544189221758,0.04685166215116176,0.02367273760265139,0.0,0.0,0.017564595480607216,0.01584546334208997,0.002110381045548851,0.0,0.0,0.07379342566759717,0.0,0.05808526765812715,0.025663870635715583,0.05286683710943087,0.0,0.03578281334822566,0.02084674218670928,0.0,0.010072787050317254,0.14304303381783234,0.005915399551262303,0.00924481363516267,0.0,0.0,0.0,0.008124265887265605,0.0,0.0,0.0,0.047739296224812565,0.0,0.0,0.0,0.013677874732801453,0.0313590753752659,0.05059029115727206,0.09482787853797195,0.024808926056413272,0.10926487807342508,0.01971041319963609,0.0,0.04932191794966367,0.12854616876762837,0.013917555356722601,0.07020765712291344,0.0033183242075118685,0.025452077493956508,0.006109485483513168,0.1321086062107098,0.0,0.010125662936196865,0.0,0.017716672738091258,0.0,0.015531518604934891,0.06377447649156945,0.0,0.005965358337509547,0.001860755775144554,0.0,0.0024707405538775215,0.009460631777136951,0.007394368030740167,0.0,0.0,0.0,0.0,0.04425397074273712,0.0036294193916017597,0.07128726847826361,0.014068236998818113
0.0,0.0,0.005942534896296525,0.0,0.9999999999999998,0.0,0.0,0.0,0.0,0.02835718782865019,0.007141691247616721,0.0,0.0,0.0,0.004153256568917963,0.012218993489707067,0.02603619635326359,0.0,0.012755739600683701,0.003907966419860737,0.12942557892612963,0.0011627152399667493,0.0025722953184990536,0.0,0.11903454473467706,0.0338010935398697,0.022159219563814316,0.012346410840466034,0.005985568236441546,0.007536201844133827,0.007679802974908792,0.005432523271211138,0.0038975045361445038,0.0038821377873756524,0.0,0.0036362861699352237,0.0029057967862026125,0.0,0.008149657134264408,0.009878422042947333,0.0,0.0342762712603892,0.0,0.0,0.003776406201973131,0.0,0.009568002988007003,0.0,0.0023115471888081867,0.0,0.0030543564113842316,0.02291263449895153,0.02100413690960907,0.0014709282959940535,0.054509650251123434,0.0,0.0,0.0,0.0008885403861310675,0.08303056909325461,0.0,0.0034193191267981957,0.0008976660682226212,0.0,0.007196417651362622,0.0,0.0,0.0,0.0,0.0,0.0,0.0,0.0,0.0,0.010914282548826034,0.006853531857270784,0.0,0.004206094278753115,0.0,0.01951116629225272,0.06971044134477533,0.014906192382437337,0.010841865277390695,0.0,0.0,0.0,0.0052454426655699415,0.010951651991784628,0.020496689591587163,0.0036183792323950057,0.001700989017158886,0.008684268486784514,0.0,0.0,0.0,0.11290340711112679,0.0,0.0,0.029984220791241113,0.0,0.0
0.0,0.021268621243210065,0.023611278628520065,0.014987016875625854,0.0,1.0000000000000002,0.22161006259317576,0.0,0.012864300615665895,0.13128146495521903,0.0,0.0,0.2191030979879691,0.0,0.00530421359368104,0.0,0.004156423529738397,0.25952555817230116,0.011636164514121975,0.00665459766776853,0.0,0.0,0.0,0.007978582317511905,0.031024813451083016,0.0,0.04245002626927828,0.0,0.0,0.0,0.0,0.006937992706444783,0.027998927737646097,0.0,0.0,0.0,0.0,0.0,0.0,0.0,0.01833444927883746,0.04215367070012826,0.0,0.0,0.0,0.0589905390257951,0.0,0.0,0.0044281901988922475,0.1029018413648915,0.05851176731455292,0.004877036664269403,0.02011862739589519,0.0,0.0,0.0,0.0,0.0,0.0,0.004418338818060038,0.0,0.0,0.0,0.002672469254963094,0.05514420171076764,0.014826974258640853,0.0,0.02908394473393647,0.0,0.02166268831822368,0.0,0.03613810036954789,0.0,0.0,0.13739739125218692,0.0,0.0,0.0,0.0,0.04153021922220605,0.0,0.0,0.0,0.0,0.0,0.02570010840111468,0.0,0.0821712227199173,0.0,0.0,0.002172369782073661,0.0,0.006501411749729084,0.0,0.012614294181249161,0.0,0.0,0.0,0.0,0.07834812301807392,0.0
0.0,0.04476956524975505,0.015143200874782882,0.0,0.0,0.22161006259317576,0.9999999999999998,0.0,0.038502695817842554,0.038711707722408104,0.046017417206888483,0.013546635853803458,0.010825457670630426,0.006349636534278282,0.010886020796497703,0.02075822031409691,0.010070577579753057,0.014579377788760187,0.026534780458544918,0.0,0.0,0.0,0.01685548428519652,0.0,0.02299313481904851,0.016267516073504254,0.0,0.004494574951178132,0.0016342351683233491,0.017832563574688293,0.08219498326230494,0.023731803516322526,0.04628977312724451,0.0,0.0007336842063258213,0.0,0.0,0.003341507334684501,0.0,0.0,0.00313570196939796,0.0062389496112425285,0.0025727904630975457,0.0,0.0,0.10761628543707892,0.0,0.016919626071732925,0.0,0.0,0.0,0.0,0.0,0.0,0.0,0.037668482541633276,0.036067388747305376,0.044087599737842154,0.01746702068866689,0.0,0.020561179745086512,0.0,0.0,0.027424004872453847,0.0,0.011411216805139537,0.004753224192120466,0.0,0.005134570555111031,0.0,0.0,0.0,0.0,0.0,0.0408674510966175,0.012474764128142312,0.0,0.0,0.016554778845353346,0.0,0.011419793444309831,0.02279102801729448,0.0,0.0077821135315022496,0.0,0.0,0.0,0.0,0.0,0.0,0.0,0.0,0.0,0.0,0.0,0.0,0.013131347925060481,0.0,0.0382039892435954,0.0029777140642012934,0.0
0.0,0.011035247011701015,0.010111719689542446,0.0,0.0,0.0,0.0,0.9999999999999996,0.06748819059987712,0.09499637038942818,0.0,0.02191825608536978,0.0,0.0,0.0,0.0,0.07683760579699139,0.017036656890909548,0.048836152825860596,0.0,0.011613609006634145,0.031160699928564614,0.02379980388815999,0.017938682746310247,0.027901913578852102,0.008773533321480849,0.05832610327277962,0.031512674583162724,0.0,0.007213205907851187,0.0,0.06759596238843306,0.01025876617299789,0.018578761425284564,0.0025720287114904205,0.009281167154170166,0.0,0.0,0.0,0.0,0.0,0.006075410385960609,0.015783710545616773,0.0,0.05542313489542984,0.0550175747467173,0.04578962792321699,0.005931402593782042,0.050886948388469175,0.006855106213838521,0.0,0.0,0.030155873126654718,0.0,0.003162024708309384,0.007137942394938762,0.0,0.0,0.0,0.0,0.05544614027346529,0.0,0.0,0.0,0.009183979479633063,0.0,0.0,0.0054492518932862865,0.03149987400075599,0.008658738891102184,0.15037700131463383,0.0,0.03137224131610568,0.00917092477583472,0.005969431209847821,0.02623917857029948,0.0,0.007157020880272079,0.023214001956429735,0.008299969954163149,0.004448180288044824,0.09987126940898029,0.0,0.0,0.0,0.0,0.0,0.005241136217003126,0.0809251447524741,0.0,0.05861109271418989,0.0,0.014617479414299441,0.0,0.0,0.015437778871223386,0.0,0.01944066690407641,0.05739823933246925,0.0,0.0069526619405068015
0.0,0.044322407967035696,0.002469716504439438,0.0,0.0,0.012864300615665895,0.038502695817842554,0.06748819059987712,0.9999999999999999,0.0,0.01001728917866204,0.0,0.0,0.0036244852039204294,0.023302251884895125,0.0,0.0,0.02774055847787919,0.009087914116854678,0.007308675843659031,0.0009455141400413538,0.0,0.028062444432030282,0.02628838350352063,0.04240348867852628,0.019285864957122822,0.0,0.0173176861641546,0.001865700865029953,0.0,0.0007181380858535737,0.0,0.004100124395611706,0.0,0.09799919151000505,0.0,0.0,0.0,0.0,0.0,0.0,0.002374202096122962,0.05286940015762714,0.0,0.0,0.0,0.0,0.06084554357361275,0.038907484242994436,0.0,0.010472467593885218,0.03928025907298428,0.037645174260411335,0.007335810632046923,0.04170432546228536,0.008716961447591277,0.01715658790768791,0.0,0.0,0.0,0.0,0.05542166972882428,0.04700680325812415,0.03522174435507817,0.0,0.0,0.0006783061779305236,0.0,0.02051632787721527,0.013746434980705375,0.0,0.0,0.0,0.006719801866128408,0.0,0.0,0.11469738702415988,0.0,0.0,0.004054418716402478,0.0,0.0,0.0,0.02295120387690849,0.0,0.0,0.0,0.002560221409328569,0.0,0.0,0.0,0.00406032808947941,0.0,0.021012443050519716,0.0,0.0,0.002409302058049127,0.003165497553626617,0.0,0.002549598038156861,0.002641549306705558
0.0,0.06660363712618128,0.009560024942880295,0.09267686024109886,0.02835718782865019,0.13128146495521903,0.038711707722408104,0.09499637038942818,0.0,1.0,0.031020737557824363,0.055259726683887025,0.04516306204482701,0.0,0.0,0.0509301426907872,0.11708931297275901,0.05271426993586714,0.010393619444655989,0.006858460928044339,0.005323622438677361,0.0,0.005078660656758927,0.0,0.030909415128416044,0.016589699866243757,0.0,0.08938003552752884,0.0,0.14879244825407334,0.0,0.0429032265556914,0.007695112923039685,0.0025549244291756122,0.04155994650879734,0.0063816634894671015,0.028685578418023255,0.0,0.0026817386762324424,0.005572472071880445,0.0,0.0016709633174182648,0.0,0.0,0.0033137867118085435,0.031074385714882573,0.004197948984359236,0.008156779151868148,0.009127695159739223,0.007070282268585612,0.0,0.0,0.0,0.0,0.0,0.0,0.0,0.09475822874128982,0.014034454188933045,0.10928866565970884,0.0,0.018002662340554972,0.030720286814371042,0.0,0.009472256919786556,0.009168718715471825,0.003819134834902075,0.009991643299350777,0.003094155116088521,0.02530316682646192,0.013889302361644004,0.14898075692765383,0.13518031273742673,0.0021019538754992757,0.04720218444272158,0.0781814350941071,0.055738010560904806,0.0036908368920333594,0.010641186700547119,0.0,0.0,0.0,0.024081575514852082,0.0,0.023030598065305236,0.01284239026021584,0.0,0.0018018837008201205,0.0,0.021432049558976228,0.0,0.0,0.0,0.0,0.01300073244036783,0.10496961840222796,0.0,0.004455754042273737,0.014251833096530038,0.02691610459075075,0.0
0.0,0.021402736153148343,0.0,0.009336179957474421,0.007141691247616721,0.0,0.046017417206888483,0.0,0.01001728917866204,0.031020737557824363,1.0000000000000002,0.0007591108670680654,0.0018198738005761697,0.0,0.015860477549426766,0.009721240665018113,0.011220078882875902,0.011800858000771266,0.0,0.0010363723796147743,0.016893347001516505,0.0,0.004434035754227066,0.0,0.0,0.00683685327756172,0.0,0.01964522384441277,0.0,0.0,0.003665958888114616,0.001440676931430326,0.19767560649119906,0.013898557267367008,0.011223946017878841,0.0,0.0,0.0008114060998312488,0.009725610182987187,0.0033681936528103073,0.0,0.04342946946884143,0.028113361720151744,0.0064347464952858886,0.18928034251412454,0.01796579953833514,0.06216592404017857,0.0,0.002758546342202342,0.0,0.0,0.04557233671118937,0.0570944261986016,0.0,0.0,0.028182343367625602,0.008758113121817134,0.0,0.0,0.004128614119223851,0.016130573829364253,0.0,0.0,0.013318543164240538,0.005725357655179306,0.029556739901431515,0.005193936815560725,0.0015098231587305816,0.0018702137019958292,0.2141174522225672,0.0,0.004502454506741623,0.0,0.0,0.03349247009441337,0.007270084086278816,0.025557907794484157,0.004461737352094025,0.014471772732434569,0.0,0.013865134999622542,0.004743653678866376,0.01617303550431566,0.0018897023877508339,0.007733602811121825,0.02328714624501034,0.0020865961909838932,0.016336806625277474,0.009172601208492146,0.002878726088613263,0.0020299205026522897,0.0,0.04860074602717731,0.0,0.0,0.03208006784543889,0.0,0.024238898034970768,0.014578042390464375,0.007592208751647326,0.018621602642405196
0.0,0.00816994494113372,0.0,0.0,0.0,0.0,0.013546635853803458,0.02191825608536978,0.0,0.055259726683887025,0.0007591108670680654,0.9999999999999999,0.024314153225293036,0.0,0.010595077560899861,0.02236808271731501,0.043241594724402525,0.009459816483862895,0.0,0.0,0.0,0.0,0.005924027517763714,0.004980338802059213,0.006025011198769425,0.0,0.0,0.0,0.0031811161644494986,0.0,0.0,0.008661577435497631,0.01708892407157695,0.0,0.021422265903800874,0.0,0.006177309663544962,0.0010840670508575007,0.0,0.006750037547188284,0.0020345974710567327,0.0013493789933870927,0.022536263261511164,0.0028656824482878036,0.0,0.0,0.0,0.0,0.0,0.0,0.0,0.028413579890202195,0.014883933444374331,0.0041693117795298,0.0,0.002972573737362825,0.0,0.0,0.005666730522684284,0.0,0.018472297062179042,0.021806954827337837,0.0012722067154862543,0.015569786308214734,0.022947836809381165,0.003702079004956358,0.0,0.0,0.019989369592538792,0.0,0.0,0.0,0.04761419858745169,0.0067896940048920015,0.002485950916887424,0.0,0.0,0.0014902594563903505,0.0,0.1497815137939568,0.0,0.02376632977775016,0.0,0.002524708767796387,0.0,0.0,0.0,0.026191856998428416,0.0,0.08269070221164103,0.0,0.005384609012300798,0.053208415649983694,0.0,0.040244953976409995,0.0,0.0027386561499248255,0.21589346127478604,0.05577440601186932,0.005796261472244325,0.0
0.0,0.0005440673862137774,0.0,0.03322619774627421,0.0,0.2191030979879691,0.010825457670630426,0.0,0.0,0.04516306204482701,0.0018198738005761697,0.024314153225293036,1.0000000000000002,0.0,0.0,0.011532192186606421,0.0,0.2267873234871901,0.0,0.0,0.0,0.0,0.003277411956897015,0.0,0.0034390986389141055,0.004379657975692696,0.0,0.0,0.0,0.0032006742325845724,0.0,0.0,0.02772620260447487,0.0,0.0,0.015443545285978199,0.0,0.0,0.0,0.0017980416326448183,0.0024388470728892078,0.0,0.009004647597550026,0.018320311774054583,0.0,0.039234585463463485,0.0,0.0,0.0,0.0,0.0,0.048655728945547726,0.0,0.03373449506612514,0.0,0.007126375473718958,0.0,0.0,0.0,0.007346588742302916,0.0,0.008713243234570844,0.0,0.0,0.012225462650824461,0.0,0.0,0.0,0.11980506270447537,0.037460399355343656,0.02688954945577738,0.024035437052308532,0.0027841247201772284,0.0,0.01787927352681177,0.0058214796449060045,0.049612977912238065,0.03929982673469956,0.007725461346137413,0.02762173328637516,0.00888194416639719,0.11395363384911898,0.029354395900518686,0.0,0.008256852935480058,0.0,0.0,0.011628095643969362,0.015233886813985766,0.0,0.03901074291870953,0.027661992356401734,0.002162043262703289,0.0,0.0,0.0,0.0,0.0,0.021224157928075926,0.052109307343511595,0.0
0.0,0.0,0.0028510371206376967,0.0,0.0,0.0,0.006349636534278282,0.0,0.0036244852039204294,0.0,0.0,0.0,0.0,1.0,0.0,0.017586840274692882,0.11242196675473438,0.0,0.0,0.01687424940921263,0.026196003369618328,0.0,0.0,0.013487676208157162,0.0,0.0,0.16146257815815387,0.02665534877319322,0.008615049399629088,0.0,0.009948210671946522,0.023457149512312113,0.013673624194104944,0.012572042763504617,0.0,0.00785057919675575,0.0,0.03523024264257428,0.0,0.0,0.0,0.005481550854743767,0.01017205970295876,0.01746179259216836,0.04212430907289178,0.0,0.0,0.020068573289042026,0.014971580968639818,0.04638774700635034,0.0,0.016489117681620872,0.0,0.0,0.0,0.0,0.039611079976488474,0.0043577363093295594,0.03836637901885561,0.007469136869732709,0.009379947761757273,0.03937150429410294,0.04651250136969881,0.009035540037753939,0.0,0.0,0.031321426389815395,0.0,0.0,0.058592730228403736,0.0,0.03665455669931697,0.009435221945331251,0.010343105928271186,0.0,0.0,0.00945760684499091,0.006053846278176873,0.0,0.0,0.0,0.0,0.0,0.05128032810617246,0.0,0.042129120713796035,0.008493507072251133,0.05024376945805187,0.016594288518923906,0.0,0.0,0.00468723680805673,0.0,0.03234231136765754,0.0,0.0,0.0,0.0,0.0035963661972982786,0.0,0.018296403937556462
0.0,0.0077051490673371225,0.0,0.0036196422194272066,0.004153256568917963,0.00530421359368104,0.010886020796497703,0.0,0.023302251884895125,0.0,0.015860477549426766,0.010595077560899861,0.0,0.0,1.0,0.007537860944537943,0.0015057799242085817,0.0041176793544745295,0.0,0.0,0.016841726053568647,0.0010759133889809282,0.0,0.0,0.002247920160816599,0.025446257857971555,0.0,0.04569878598820657,0.001846239670982148,0.0,0.0007106471611807745,0.0301617678475446,0.04463091432677421,0.014369275914627926,0.0211360037439276,0.0,0.0,0.03963740774791166,0.052788743515797036,0.0013058505731949237,0.005313730989725498,0.03171739554600622,0.013079479377107161,0.01746328384223233,0.0,0.03134407762587929,0.0,0.025804654920147493,0.07700327770001428,0.0,0.08290583120717132,0.001177894704608903,0.10689846698083821,0.028583456433115474,0.0,0.0,0.04074630458621671,0.0,0.0008222069043457608,0.014405994140603175,0.028142246448800284,0.012656207137444805,0.0,0.02420440628461033,0.0,0.01718874702016636,0.0,0.001756077862927739,0.017401989694105963,0.012556657305237423,0.0,0.0,0.05459416038171891,0.00443313824451594,0.015870616042193125,0.012683770597615694,0.013512020759491173,0.02075781696393566,0.11782500294856824,0.03610914233663679,0.08385812192139652,0.008276027394350741,0.0,0.0,0.0,0.016928324426255196,0.0,0.053203828567025505,0.0,0.0,0.007083011883076302,0.0060269619877244005,0.0015702113803229287,0.0,0.0,0.003316656091444966,0.0,0.22553842555581238,0.009248588561942075,0.0,0.0
0.0,0.001937500647095051,0.0,0.0,0.012218993489707067,0.0,0.02075822031409691,0.0,0.0,0.0509301426907872,0.009721240665018113,0.02236808271731501,0.011532192186606421,0.017586840274692882,0.007537860944537943,1.0,0.0459412113874662,0.003365090099923258,0.0027560412895045747,0.00985094031368356,0.0,0.0,0.0,0.0,0.003674134495373868,0.06238631740830283,0.0,0.0,0.0011316014988193086,0.009498376723651562,0.010453716128364487,0.061622735552285576,0.03536844730954958,0.0,0.0,0.0027498320744103054,0.0021974214434725497,0.0,0.0,0.15047237254638912,0.0,0.0014400221926410242,0.0,0.0030581818323982914,0.0019038624235255032,0.030272642582282048,0.0,0.007029443960092389,0.0,0.14623464109166065,0.00923906077156159,0.0,0.0529458231742867,0.005561726468236405,0.0,0.038067041257130785,0.0,0.0061055587237022185,0.0,0.0,0.08323332257615079,0.0,0.0,0.0015824448860857281,0.0,0.0,0.019747790492892433,0.0007175595429511826,0.02844284763211024,0.001710279000560002,0.0,0.0,0.0,0.04347470990523153,0.0005895427135458201,0.02073110953690617,0.0,0.05937367002583313,0.009170485578642223,0.004918244271970623,0.005271642510319154,0.00676341585975126,0.01383553339707749,0.010777214328663335,0.1602508031064115,0.0,0.0,0.0,0.0,0.0,0.09261516932629843,0.05253773528649666,0.0,0.0,0.012448802595594534,0.056919871113061404,0.013638905784375006,0.0,0.02267466536040642,0.049484956829990046,0.003662116578219291
0.0,0.05882999687158412,0.031120411113142777,0.05672760277973997,0.02603619635326359,0.004156423529738397,0.010070577579753057,0.07683760579699139,0.0,0.11708931297275901,0.011220078882875902,0.043241594724402525,0.0,0.11242196675473438,0.0015057799242085817,0.0459412113874662,1.0,0.0,0.0,0.0,0.0,0.014051570029936164,0.004662980224624911,0.0,0.007828835266213599,0.04154143330135644,0.0,0.0,0.029537362124886595,0.0,0.012993603235954889,0.013677661305328187,0.0503401197494424,0.021112270743117365,0.0012178190388353021,0.02636700440970965,0.10008329300859839,0.07395282085490673,0.04801372991237565,0.0,0.027759209574700586,0.02876620468390179,0.019928966961678216,0.0,0.0365107014233533,0.031011952002162425,0.05781530137872094,0.016850608953394887,0.0,0.0,0.0,0.0,0.010576575794265382,0.0,0.001996231677012342,0.0,0.0,0.0,0.013422662564937508,0.03762883473534388,0.0035003945823414958,0.0,0.12692645722216003,0.04552023195651963,0.0,0.0,0.005259816932233113,0.013760764382152605,0.0,0.008882877897651692,0.0,0.020518037245078613,0.0,0.0028948683571177404,0.000471073472462505,0.022086894431140428,0.0,0.002541560748447032,0.0,0.0,0.056164003859442,0.014411467154933594,0.0,0.0,0.05286394907921325,0.0,0.0,0.003308804675821837,0.0,0.00983893491029824,0.0,0.041980220988351385,0.0,0.054312544659356844,0.0,0.08663192746080682,0.005189596679733259,0.024546345254153314,0.013085342846313524,0.029655676229575854,0.0
0.0,0.0,0.0,0.0,0.0,0.25952555817230116,0.014579377788760187,0.017036656890909548,0.02774055847787919,0.05271426993586714,0.011800858000771266,0.009459816483862895,0.2267873234871901,0.0,0.0041176793544745295,0.003365090099923258,0.0,1.0,0.06825080477457418,0.045202387831543824,0.01002475831016761,0.0,0.0,0.0,0.0,0.0,0.0,0.01020054186717636,0.0,0.0,0.07360216441505378,0.011968861620528497,0.0740622639550747,0.0,0.0399627188521622,0.04406279015164041,0.0,0.0,0.0,0.06529201655947395,0.0,0.02831888105459289,0.0,0.013364653220481967,0.004160063473068674,0.09158911886399687,0.0026350118083048753,0.0,0.005729365606426321,0.011834526708278774,0.015140962432330995,0.0,0.023138014839437535,0.0,0.0,0.0,0.0,0.04002313116004805,0.0,0.08574929257125441,0.0,0.007533397543265372,0.023732708538450824,0.010373235619450798,0.023782574707724703,0.0,0.0,0.0,0.05826513350684275,0.024290962005422398,0.0,0.031171258089541114,0.08124067290259901,0.0,0.057968516272956724,0.0,0.0,0.02316702472867146,0.04007621728818844,0.02865782470362433,0.021117951151296423,0.04433551330755755,0.0,0.0,0.019274776986097066,0.009068674100658506,0.05200509674923438,0.02940664739141024,0.019051043327204895,0.0,0.05059254521302906,0.0023916328243051292,0.0,0.024753688574416857,0.0734439014436698,0.13325745850529466,0.01135310400285408,0.01118733415774045,0.00825760359259652,0.060821918822742134,0.002667321129741151
0.0,0.01733665385169354,0.019658639049708295,0.0,0.012755739600683701,0.011636164514121975,0.026534780458544918,0.048836152825860596,0.009087914116854678,0.010393619444655989,0.0,0.0,0.0,0.0,0.0,0.0027560412895045747,0.0,0.06825080477457418,0.9999999999999998,0.028206622603294033,0.008210373868074477,0.0,0.0,0.0,0.004931394323379954,0.007753187302954062,0.013120006635190664,0.0,0.0006750340449348852,0.0,0.0,0.01837989985132314,0.0316475005671284,0.0,0.0,0.0049210705447570455,0.0,0.0,0.0,0.0,0.00518090817072462,0.0,0.007970339214657353,0.0,0.02299814207597001,0.005556472063166151,0.0,0.0,0.04066751660258171,0.03998194061232781,0.0013778438280909126,0.0,0.00710634660154943,0.0,0.0,0.0,0.0,0.08650101219026785,0.0,0.0,0.002939871281141832,0.0038562033376099616,0.0,0.0,0.14121664811698706,0.0015711651107319243,0.00785343068141483,0.004494479525951688,0.0,0.0,0.0,0.0,0.022178965224121293,0.025933961125289392,0.11816441689822323,0.0030916812900317015,0.006916492934603574,0.004427270629500007,0.014359978931757712,0.1158882362473287,0.023585189911627523,0.07564836158336614,0.03026213053171714,0.006428929785793319,0.0,0.009903108889732492,0.010648169116544511,0.03056857041052342,0.0,0.011017882507962228,0.03568081323929372,0.003917540759618707,0.0,0.010136754998058793,0.0,0.0018189857570401569,0.005811438636631729,0.03665013885829769,0.0,0.005534859876781295,0.0
0.0,0.009294980974108974,0.010539904499856216,0.0,0.003907966419860737,0.00665459766776853,0.0,0.0,0.007308675843659031,0.006858460928044339,0.0010363723796147743,0.0,0.0,0.01687424940921263,0.0,0.00985094031368356,0.0,0.045202387831543824,0.028206622603294033,1.0,0.048421567680594114,0.00843641875767753,0.022396844622996882,0.013598766134157048,0.0,0.0,0.012058699917939762,0.0,0.004343003205730609,0.0,0.01003014813621553,0.003941725338361953,0.014846726098082807,0.0,0.005849328643446195,0.0,0.06641414050660638,0.0,0.008869831316322338,0.0,0.0,0.058030340678789684,0.0,0.011737076626065587,0.021920651264429616,0.0834142777181343,0.01851291462303824,0.0,0.0067088413026996484,0.0,0.02659412606206636,0.0,0.010160108484121496,0.0,0.0,0.08792965311664909,0.0,0.03514902702605378,0.0,0.030122622740328293,0.0,0.011577936952955944,0.0,0.0,0.02784837457479776,0.0,0.002105293483670257,0.0,0.0,0.03281962417810423,0.0,0.0,0.07134700671092668,0.07531547045171019,0.0237575258816101,0.0,0.0,0.02984035115592014,0.0,0.022021835813247615,0.0,0.0,0.053099758138527464,0.0,0.0,0.04247611309634638,0.0,0.039731448903039465,0.018589961948217947,0.0026254203419094277,0.044431274802025536,0.0,0.012312292864969543,0.06521739130434782,0.007166638119062036,0.0195048458006928,0.024926245639687622,0.009824916223757078,0.007251974631518695,0.0,0.0
0.0,0.0,0.025287359674311123,0.14099607199227202,0.12942557892612963,0.0,0.0,0.011613609006634145,0.0009455141400413538,0.005323622438677361,0.016893347001516505,0.0,0.0,0.026196003369618328,0.016841726053568647,0.0,0.0,0.01002475831016761,0.008210373868074477,0.048421567680594114,0.9999999999999998,0.007858143453171014,0.0,0.1917588120855961,0.0,0.010325095074371952,0.012480149922445487,0.018542777989015578,0.0016855464775438985,0.01414805074546148,0.0588239696018793,0.006119232194675599,0.002195088179636323,0.0,0.0,0.005461250886989882,0.0,0.0,0.0,0.007947945467905134,0.0,0.0514787087911843,0.006633925744881801,0.009110464453548373,0.025522622093951588,0.11099519479251405,0.0,0.0,0.005207485829734308,0.0,0.0,0.0329781049441209,0.0,0.009941183500424592,0.0,0.006300192678588935,0.0,0.13641555367651076,0.0,0.06429927181044179,0.022838043362768328,0.005135393294543913,0.026289570719370083,0.0035356321193001448,0.02702031718969046,0.03923167783766403,0.0,0.0,0.035305230159529605,0.022927499417569875,0.11886080324886113,0.0,0.0,0.018887336131441574,0.010537649289602087,0.01029315493483293,0.003289589371466546,0.025268128015362126,0.10244737003646173,0.0,0.003926116425884108,0.0,0.10991117565311123,0.005350969597326635,0.0,0.0,0.0,0.012336017373022876,0.008657855422666474,0.03056825749199338,0.0,0.0,0.0,0.0,0.0,0.06358759357223577,0.0,0.0,0.0018763575520375757,0.05528173661171524,0.0
0.0,0.0,0.047038176406133184,0.0,0.0011627152399667493,0.0,0.0,0.031160699928564614,0.0,0.0,0.0,0.0,0.0,0.0,0.0010759133889809282,0.0,0.014051570029936164,0.0,0.0,0.00843641875767753,0.007858143453171014,0.9999999999999998,0.0,0.05462051807961446,0.0,0.0,0.053816356113702196,0.015991871088014,0.027781209623650903,0.0,0.03183161052857419,0.039873817589393484,0.0,0.005028396336702168,0.0,0.009419906792367405,0.056456643408397435,0.0,0.0,0.0018278817325371977,0.0,0.01151029363077205,0.027462263196796663,0.0,0.0,0.03190857464044096,0.0,0.0,0.01796439392869888,0.00695757985105604,0.011868600831169644,0.0,0.0,0.0019052416117687767,0.021395281816507197,0.0,0.0,0.020915384116658935,0.0011508950653845128,0.06721660724223312,0.06002664273538289,0.0,0.0,0.01219695842769272,0.0,0.0,0.0,0.0,0.02029888904378545,0.0,0.0,0.0,0.0,0.011376464555525698,0.0,0.017754276829967292,0.0,0.0,0.0,0.0,0.00902934792855256,0.03861493191394177,0.0,0.0,0.007554494477488185,0.05686955420421678,0.005095677844634847,0.0,0.006637160019926238,0.0,0.030845236247547442,0.0,0.02967197796026795,0.0,0.005330623696004667,0.00232126676937773,0.0,0.008769455975903196,0.0,0.015892232291907123,0.0
0.0,0.040073733822383134,0.006622215261219267,0.007472681241152604,0.0025722953184990536,0.0,0.01685548428519652,0.02379980388815999,0.028062444432030282,0.005078660656758927,0.004434035754227066,0.005924027517763714,0.003277411956897015,0.0,0.0,0.0,0.004662980224624911,0.0,0.0,0.022396844622996882,0.0,0.0,1.0000000000000002,0.07384540175767249,0.01624275668604729,0.0024624987372571924,0.0,0.017689548446494587,0.0,0.24294673248011242,0.05868469189503795,0.017729193070386107,0.009307036163982343,0.000927034117487118,0.06128132516700618,0.04688960628282756,0.29976005380318754,0.0,0.026272286923205924,0.030328911123865335,0.0,0.0,0.0,0.002575186513430435,0.012625003581647466,0.0,0.004569577738814501,0.11764500582896467,0.014351618583593838,0.0017102639927809172,0.002917457087202263,0.0,0.03093001184017799,0.003278332893244492,0.003155543814616968,0.08013726506795554,0.013435826380294983,0.14202770996815833,0.009335866242831725,0.0,0.0020749686647514864,0.1774560248415927,0.006430738296247634,0.03447897423661876,0.006873866979368109,0.005544661755825799,0.010393071466638678,0.0027190415465385555,0.01085266716241913,0.007020805933679028,0.015118870456954765,0.005856119650970789,0.005739789126943165,0.007626773354704822,0.0003723247655512492,0.0,0.029290070353767482,0.0011159924738292735,0.00289580281004839,0.010353697893923756,0.007213477840860007,0.005695232743271555,0.020388221395938436,0.0,0.02785490105417031,0.0,0.0037577524899700607,0.07845590956801116,0.003059063650563598,0.0008640499596240728,0.0,0.0,0.000810417744011195,0.0787000234669196,0.0,0.0,0.0,0.0,0.015513494684629639,0.01562607299412221,0.016960562049034685
0.0,0.010029861621950353,0.013785710796304373,0.20417456493017655,0.0,0.007978582317511905,0.0,0.017938682746310247,0.02628838350352063,0.0,0.0,0.004980338802059213,0.0,0.013487676208157162,0.0,0.0,0.0,0.0,0.0,0.013598766134157048,0.1917588120855961,0.05462051807961446,0.07384540175767249,1.0000000000000002,0.008453287056367897,0.0,0.014457873299156003,0.0,0.07810616879959147,0.004370689484320554,0.00801715010252646,0.003150641772326125,0.0016952951675994088,0.030394999840914077,0.007013098674613824,0.03163346348788542,0.0,0.0,0.0,0.0,0.003330374315143978,0.09497667219717768,0.0,0.014072260518705563,0.030662260517436448,0.06429227505669487,0.0,0.0,0.0,0.0,0.0035428041139836173,0.0,0.00609077106855336,0.0,0.011495771770546864,0.0,0.0,0.0,0.01855141771486446,0.0,0.0,0.003966131072422382,0.0,0.0,0.05425717076765194,0.01817948120863949,0.025241582137026677,0.0,0.04908003967413878,0.027544542937909998,0.012239699357509067,0.0,0.0038018691542029597,0.002778463902964919,0.0,0.003974768754680584,0.010162370726733297,0.0,0.003516508316001667,0.007543786742456422,0.07277257942689186,0.0025934949585204245,0.03536909638347655,0.0,0.15221477058564115,0.0,0.0,0.0,0.013373148829267137,0.0,0.010358294154275482,0.0,0.03985718551610347,0.0,0.005728331501262048,0.0,0.0,0.0019632767891583653,0.0,0.07115800768564969,0.002808545587044561
0.0,0.036401155220226765,0.0,0.0,0.11903454473467706,0.031024813451083016,0.02299313481904851,0.027901913578852102,0.04240348867852628,0.030909415128416044,0.0,0.006025011198769425,0.0034390986389141055,0.0,0.002247920160816599,0.003674134495373868,0.007828835266213599,0.0,0.004931394323379954,0.0,0.0,0.0,0.01624275668604729,0.008453287056367897,1.0000000000000002,0.0025839827787920116,0.0,0.0,0.0,0.0,0.14548232882258563,0.0,0.03735566219015687,0.06303537227595278,0.07635745229147331,0.05357642744469461,0.023591123268755933,0.0,0.0,0.0006365029379131521,0.015540240770268809,0.0034355156643813716,0.003187626218800344,0.0,0.0,0.008333376200605116,0.0,0.0,0.0031277706073397013,0.0,0.0,0.0,0.0536838164498852,0.0070767051601567784,0.02682086820421482,0.0,0.0,0.04369879035671551,0.004809160750221027,0.004681218398834803,0.02612801321745037,0.0030844696901697302,0.010526864500345592,0.001887649448025887,0.017311151762712123,0.0,0.003926087847925614,0.023110772420172274,0.002120536949861925,0.0,0.003172947892681753,0.0,0.0,0.014405453807811516,0.0028129889074750697,0.012364748945886865,0.02766155069027072,0.0,0.0045579949821276,0.0,0.009432568390493692,0.002689289703270241,0.0,0.014284227637342972,0.018414323479708183,0.013202035151567117,0.0,0.02222813492683559,0.006933553375281289,0.0,0.017645754031735367,0.009139467710201592,0.0061228699652821515,0.0,0.007424895348577785,0.044456990879056565,0.0,0.002035793451769485,0.10969428293981884,0.0,0.0
0.0,0.011037264239944116,0.011377764110518771,0.0,0.0338010935398697,0.0,0.016267516073504254,0.008773533321480849,0.019285864957122822,0.016589699866243757,0.00683685327756172,0.0,0.004379657975692696,0.0,0.025446257857971555,0.06238631740830283,0.04154143330135644,0.0,0.007753187302954062,0.0,0.010325095074371952,0.0,0.0024624987372571924,0.0,0.0025839827787920116,1.0,0.0017677807638075346,0.005253072509582855,0.0,0.02404841490714927,0.006371729946070486,0.02658104843243645,0.008395070286757782,0.0012388105065179868,0.09089496024518051,0.09282863738985395,0.0,0.0,0.02340538458925694,0.0,0.09956252477695583,0.0008102027950360228,0.0007517426565037063,0.005161894339544696,0.016067613382493313,0.0,0.0,0.014831217115404438,0.0,0.0,0.0,0.009748722277576402,0.046917710901469595,0.0,0.0,0.02855698880465556,0.0,0.0,0.0,0.06182280905687736,0.07209315847888621,0.0,0.0,0.01669376967221061,0.03980451929424837,0.004445652069521108,0.01666611299626936,0.0012111662242598764,0.02000357595883253,0.02165080424217984,0.0014965620898237542,0.016253223809586194,0.00418373014925715,0.018345202416984292,0.009950870689678646,0.0,0.05591541301514854,0.0,0.0,0.0553432478497066,0.004448993409391173,0.0,0.015568632048049001,0.03840284663938693,0.0012407649813170488,0.0,0.0,0.0052420942896218604,0.002452725386654248,0.0,0.0054279450687725675,0.0,0.19493535293047315,0.0,0.0,0.006862489278374125,0.0,0.0,0.0,0.026101713836066773,0.0
0.0,0.0,0.007130942592247973,0.0,0.022159219563814316,0.04245002626927828,0.0,0.05832610327277962,0.0,0.0,0.0,0.0,0.0,0.16146257815815387,0.0,0.0,0.0,0.0,0.013120006635190664,0.012058699917939762,0.012480149922445487,0.053816356113702196,0.0,0.014457873299156003,0.0,0.0017677807638075346,0.9999999999999998,0.0,0.0,0.0,0.0,0.005587660425452517,0.0,0.0,0.0,0.016830575942064753,0.0,0.0,0.0,0.0,0.0,0.24678571710515168,0.0,0.0,0.0,0.009501857794816083,0.0,0.021512148232941564,0.007132674875181881,0.049724515809884684,0.0,0.017675214809172834,0.04860889721462684,0.013616403788979475,0.0,0.0,0.0,0.0,0.0,0.010675210253672473,0.0,0.0,0.0,0.006456990368550497,0.06661733875264911,0.0,0.05371910859116503,0.013175648607396898,0.002417872427837587,0.0,0.0,0.0,0.0,0.0,0.007216690432670639,0.031721620082836015,0.03154017228022943,0.0043262081676957815,0.0,0.07023922071937733,0.0,0.01609846363594238,0.00940905922161011,0.012215340138096647,0.008998425413316951,0.008467417034325814,0.012139284012153827,0.0,0.0,0.039077951631961615,0.0,0.0,0.003927037979204129,0.10400628679223045,0.0,0.008294828707956801,0.0,0.0,0.0,0.04416953252097554,0.007471429710440493
0.0,0.0,0.0756787413625187,0.0,0.012346410840466034,0.0,0.004494574951178132,0.031512674583162724,0.0173176861641546,0.08938003552752884,0.01964522384441277,0.0,0.0,0.02665534877319322,0.04569878598820657,0.0,0.0,0.01020054186717636,0.0,0.0,0.018542777989015578,0.015991871088014,0.017689548446494587,0.0,0.0,0.005253072509582855,0.0,1.0,0.0,0.011516908797423375,0.01584408825151376,0.012453065154389403,0.02680294708649177,0.0,0.032339550017695826,0.0,0.003330503607389893,0.0,0.0,0.0,0.0,0.013095346242912951,0.0,0.0,0.0,0.01882358151863688,0.01096644769461613,0.0,0.12187237222729798,0.024626591373866944,0.10502329441622898,0.06711274821288266,0.036111104231233655,0.0,0.0,0.025642664770897567,0.028038607704602217,0.04935381067314159,0.018331345659374734,0.007930515857181441,0.0,0.020901768475468048,0.0,0.004796838965287947,0.03299294026609378,0.0,0.009976858356708408,0.004350252708081958,0.0071848610655743175,0.0,0.005375334246995696,0.0,0.0,0.03660671329108892,0.005361213180131529,0.01571046721669155,0.0,0.004285200529713383,0.06022973882939689,0.014908592376287565,0.03994960650275274,0.013667886959716307,0.0,0.0,0.031195956247511054,0.0,0.024048434223602883,0.009414246542989538,0.07928703374959808,0.1119753724271656,0.013647220821753195,0.02986064372441096,0.0,0.0,0.0,0.10475658779959143,0.0,0.0,0.06682407806060253,0.0,0.0
0.0,0.00213547419167452,0.0014675690816595846,0.0,0.005985568236441546,0.0,0.0016342351683233491,0.0,0.001865700865029953,0.0,0.0,0.0031811161644494986,0.0,0.008615049399629088,0.001846239670982148,0.0011316014988193086,0.029537362124886595,0.0,0.0006750340449348852,0.004343003205730609,0.0016855464775438985,0.027781209623650903,0.0,0.07810616879959147,0.0,0.0,0.0,0.0,0.9999999999999998,0.0,0.0,0.0654038069962739,0.005955642962309286,0.006471448975345039,0.007465851368541809,0.1414377780846148,0.004843907317195947,0.0,0.0,0.002352448489141519,0.0,0.017987852529281142,0.024871283152291444,0.0,0.002098398819135033,0.009125715407488265,0.0,0.0,0.0,0.0,0.005091553353172723,0.0,0.031123103981801886,0.00435912739504702,0.024781783054816764,0.001035968548091082,0.0,0.0,0.0024686328711633703,0.0,0.10139473305518301,0.0018999797252134201,0.12968731178956683,0.0058137962758877575,0.021326737282632006,0.0,0.001209200942100193,0.04745278058903814,0.02612427818074529,0.0,0.0,0.0,0.018212898613277698,0.018634369316254132,0.002599128421566098,0.0,0.0,0.0,0.0,0.0722771970985157,0.085863295669554,0.016565557209795453,0.10166164173693967,0.0035195343935821148,0.0,0.0,0.017488103937846666,0.006085397697718906,0.0,0.0904765281079393,0.0,0.002412751404787818,0.003771581491375956,0.0,0.0,0.0,0.0,0.09405100402051823,0.0013884199716154746,0.0,0.0
0.0,0.06990605762855659,0.014782084350503598,0.14230544189221758,0.007536201844133827,0.0,0.017832563574688293,0.007213205907851187,0.0,0.14879244825407334,0.0,0.0,0.0032006742325845724,0.0,0.0,0.009498376723651562,0.0,0.0,0.0,0.0,0.01414805074546148,0.0,0.24294673248011242,0.004370689484320554,0.0,0.02404841490714927,0.0,0.011516908797423375,0.0,0.9999999999999998,0.015044043352587806,0.0,0.0,0.05296171299733574,0.0,0.005087969700864314,0.0,0.0,0.0,0.01777127177416111,0.017409014269669055,0.01865114799932158,0.0032962619869770127,0.0,0.03258484339637352,0.0,0.0,0.16258082727898748,0.0016171832343689887,0.01753730645653543,0.0042737210853348384,0.0,0.007347359860761489,0.0,0.004622489288834399,0.06260873707573766,0.0,0.028242540773791132,0.0,0.0,0.0,0.0,0.0,0.0,0.030208146378273418,0.01786896661270928,0.02740426241529674,0.0,0.0,0.009493504511623549,0.029529750750756673,0.07918620576080457,0.15746069761506384,0.0,0.03708792501229744,0.022375754238310567,0.008172648304282444,0.001307834987503553,0.0,0.02730044289261078,0.0,0.00417141290056644,0.051199326224109575,0.0,0.04488445994152069,0.0034129916459608193,0.0,0.0,0.025094482225635695,0.0,0.007140181088356051,0.0,0.0011871637857856234,0.010480545203757963,0.0,0.012537846977198026,0.007210241779553498,0.0,0.0023308092035588886,0.0,0.023715842241941038
0.0,0.012603664990567217,0.03558812029712533,0.04685166215116176,0.007679802974908792,0.0,0.08219498326230494,0.0,0.0007181380858535737,0.0,0.003665958888114616,0.0,0.0,0.009948210671946522,0.0007106471611807745,0.010453716128364487,0.012993603235954889,0.07360216441505378,0.0,0.01003014813621553,0.0588239696018793,0.03183161052857419,0.05868469189503795,0.00801715010252646,0.14548232882258563,0.006371729946070486,0.0,0.01584408825151376,0.0,0.015044043352587806,1.0,0.0627437733319429,0.021673809665028968,0.004981928311191243,0.007471686383424138,0.052886185596085614,0.0012429982369359693,0.0,0.0017430691467522617,0.0,0.0,0.0010860881523469257,0.03829341779379421,0.02421856987001522,0.017231087957864683,0.0,0.012278571132256935,0.0,0.0019775980852657802,0.006127363559780834,0.0,0.008712198831425912,0.025457032967488864,0.007550540164107754,0.014131710267091955,0.0,0.0010464465453701526,0.12433261496474736,0.004561038013331928,0.035517573522262605,0.003716995574294948,0.05265594482974581,0.0002559934324969598,0.05639314260158705,0.0,0.04469593975495472,0.0,0.004870755672842101,0.004692637723110328,0.0,0.00401232472898805,0.00968341036216175,0.004673623870842934,0.028690666467903397,0.0,0.00586340246215558,0.017489591324949896,0.015993066908956684,0.005187397001134897,0.012982969300761711,0.009939896244524949,0.0,0.009275541558090405,0.05080218927128826,0.0,0.025041784755011367,0.16155481799938287,0.03162195244631053,0.007671796081214827,0.006191264341386207,0.0029104944425780185,0.006810514942836169,0.0,0.0,0.0021125451002018346,0.0015332104395168861,0.020573369020401366,0.010619175552017782,0.008550800651621521,0.08397530789177252,0.002416774385414034
0.0,0.012275039053855439,0.0,0.02367273760265139,0.005432523271211138,0.006937992706444783,0.023731803516322526,0.06759596238843306,0.0,0.0429032265556914,0.001440676931430326,0.008661577435497631,0.0,0.023457149512312113,0.0301617678475446,0.061622735552285576,0.013677661305328187,0.011968861620528497,0.01837989985132314,0.003941725338361953,0.006119232194675599,0.039873817589393484,0.017729193070386107,0.003150641772326125,0.0,0.02658104843243645,0.005587660425452517,0.012453065154389403,0.0654038069962739,0.0,0.0627437733319429,0.9999999999999999,0.009336536064514381,0.13606965709827087,0.008131240282667452,0.00733539636406578,0.013189043137482176,0.0329183092493723,0.0020550144610913153,0.08113344714436124,0.01930678223998531,0.003841374044027121,0.03920619900093328,0.06526355148093806,0.16251855527235076,0.07143683974084367,0.00321688535361008,0.0031252670630395733,0.01748636594976665,0.03250771397238464,0.006161482861242467,0.0,0.01235825551374321,0.029672697829578307,0.02332507383204559,0.01128298538772008,0.0,0.06718414241610153,0.01702810458939805,0.027915942538144726,0.017528804686195675,0.051732853077559496,0.0,0.015829867265008832,0.0435515028854656,0.017564956754514933,0.03292425379533411,0.020098546732779124,0.0,0.0022811528163835717,0.0,0.0038054616410372697,0.006612036929122821,0.024966249530278595,0.05582915330595844,0.05530188804444802,0.0029456550540109313,0.04242428570993506,0.015289376030515327,0.017493078449375175,0.007031263411083444,0.009020975602105352,0.023921455673265098,0.043123618094854675,0.0,0.003690417983343381,0.0,0.06213519955704698,0.02325796873362083,0.019160591917105625,0.0,0.02627786229088164,0.0,0.005036649043462495,0.0008302043436259601,0.005422796274560846,0.0,0.006828882376266963,0.028563059153203382,0.024750950416070214,0.0
0.0,0.0010428859909488361,0.0,0.0,0.0038975045361445038,0.027998927737646097,0.04628977312724451,0.01025876617299789,0.004100124395611706,0.007695112923039685,0.19767560649119906,0.01708892407157695,0.02772620260447487,0.013673624194104944,0.04463091432677421,0.03536844730954958,0.0503401197494424,0.0740622639550747,0.0316475005671284,0.014846726098082807,0.002195088179636323,0.0,0.009307036163982343,0.0016952951675994088,0.03735566219015687,0.008395070286757782,0.0,0.02680294708649177,0.005955642962309286,0.0,0.021673809665028968,0.009336536064514381,0.9999999999999998,0.007901036106921253,0.007656691356673088,0.04604862561843499,0.0,0.013284495976228184,0.0,0.022976962993223313,0.006233148100967896,0.002755951887213108,0.0,0.004389620886839314,0.037916851159315215,0.02005496651203597,0.0,0.02522462342100961,0.00940905181728344,0.005830576158710623,0.0,0.0069085094403249095,0.03514852880124541,0.0,0.0017929628223999094,0.001517785262982656,0.006638402981720623,0.0,0.03954329528305667,0.0018776239058494592,0.009431887223523243,0.009897378902163266,0.008769385206325135,0.009653420691091692,0.07811387617589072,0.0,0.0,0.04995320903097926,0.01786137307694655,0.001841161718291288,0.0012726607279841553,0.0030714602912975727,0.01778900151770486,0.13390487541648655,0.03807952299441392,0.023557468292424357,0.004754988163690164,0.013696578364060026,0.054845979905455,0.025884825104811004,0.022700264411452314,0.0,0.0022065669410705714,0.0,0.012661602549877487,0.020519288343584297,0.0,0.008915644168933095,0.0,0.0,0.0,0.009426382765964527,0.0,0.051492216705255445,0.0008934315695497254,0.004863157510684822,0.0,0.0,0.0,0.03329493613207345,0.002847265629496175
0.0,0.0,0.0,0.0,0.0038821377873756524,0.0,0.0,0.018578761425284564,0.0,0.0025549244291756122,0.013898557267367008,0.0,0.0,0.012572042763504617,0.014369275914627926,0.0,0.021112270743117365,0.0,0.0,0.0,0.0,0.005028396336702168,0.000927034117487118,0.030394999840914077,0.06303537227595278,0.0012388105065179868,0.0,0.0,0.006471448975345039,0.05296171299733574,0.004981928311191243,0.13606965709827087,0.007901036106921253,1.0000000000000002,0.010895004580625872,0.0,0.0,0.04962044624062029,0.0,0.009154548552583599,0.0,0.002745085954953863,0.0012735072137194244,0.0,0.01429035085442638,0.011097719721670521,0.010344689206926043,0.016750113283492976,0.014995127375275927,0.0,0.02641835947798614,0.0,0.05109560004208366,0.006361325800924033,0.0,0.004031469516218945,0.0,0.03709901411792483,0.00384267193639017,0.011221325821863462,0.0,0.008626061815007531,0.0012940459291252177,0.0,0.0,0.0,0.0,0.02564755555415036,0.0,0.04401366102620339,0.1432436578375139,0.0,0.0011812576372244564,0.01035937294633545,0.005057251506133918,0.0,0.0,0.03334852072934906,0.0010925947569889799,0.11719440282772468,0.018842303119398347,0.00966972487246781,0.0,0.0,0.004203893820757045,0.019119781052197176,0.0,0.0,0.0,0.0,0.0,0.0,0.0,0.02969374596795461,0.0,0.058127801611844325,0.016714014156399507,0.0,0.0,0.0,0.0021815689793807168
0.0,0.0776558118091959,0.0019765801356675093,0.017564595480607216,0.0,0.0,0.0007336842063258213,0.0025720287114904205,0.09799919151000505,0.04155994650879734,0.011223946017878841,0.021422265903800874,0.0,0.0,0.0211360037439276,0.0,0.0012178190388353021,0.0399627188521622,0.0,0.005849328643446195,0.0,0.0,0.06128132516700618,0.007013098674613824,0.07635745229147331,0.09089496024518051,0.0,0.032339550017695826,0.007465851368541809,0.0,0.007471686383424138,0.008131240282667452,0.007656691356673088,0.010895004580625872,1.0,0.0,0.026095864520004557,0.0,0.0,0.0015841853756417353,0.0007162581399954605,0.0,0.012341231635942865,0.0,0.0,0.0015363593461813812,0.01790138013146059,0.0,0.005189783277099558,0.013399962801754893,0.0022858352049299315,0.0009526376158653739,0.03274830352298996,0.01320985201482892,0.0,0.04046322008876681,0.0393618442739781,0.009063454449415873,0.0,0.056960613407911934,0.009754460027167981,0.0,0.0,0.0,0.0,0.0,0.039086392735658566,0.008521504454010927,0.0,0.011001639366407493,0.0,0.0,0.0024529852844284274,0.004780477385098125,0.0029171742079691634,0.008548469948839696,0.06338252758126656,0.010142842819230726,0.004537738045080439,0.021091587894296066,0.02347661889504036,0.0,0.0,0.0017775930932548056,0.0007274795773205499,0.00410730056572701,0.0,0.003073520445459867,0.0,0.0,0.0044554826589493805,0.0,0.0,0.05605606616635937,0.0012319828578169839,0.07443628421438397,0.0,0.020267458464177414,0.014959831847947113,0.06121534387164251,0.0063423075615784965
0.0,0.025946392932799007,0.0,0.01584546334208997,0.0036362861699352237,0.0,0.0,0.009281167154170166,0.0,0.0063816634894671015,0.0,0.0,0.015443545285978199,0.00785057919675575,0.0,0.0027498320744103054,0.02636700440970965,0.04406279015164041,0.0049210705447570455,0.0,0.005461250886989882,0.009419906792367405,0.04688960628282756,0.03163346348788542,0.05357642744469461,0.09282863738985395,0.016830575942064753,0.0,0.1414377780846148,0.005087969700864314,0.052886185596085614,0.00733539636406578,0.04604862561843499,0.0,0.0,1.0,0.015694490472360278,0.0,0.0,0.0,0.0,0.0,0.00477142947745928,0.06552671874650322,0.030595104639483693,0.0,0.0,0.0,0.0,0.004835377383897169,0.1443476599847471,0.0,0.05199580011217956,0.02979234934367086,0.0,0.012587202935810234,0.0,0.0,0.0,0.0,0.039109972090801436,0.05540422342571036,0.0,0.008476639606895448,0.03886855020307011,0.0,0.002938401494221786,0.00768746348838878,0.010580488233885701,0.00305380171372007,0.0,0.01528322679317798,0.0,0.004312588880677359,0.00631597493162664,0.009254147687364635,0.03549039656012585,0.0056793808583916056,0.013645358723407656,0.07025446856949061,0.07059616118274128,0.0,0.04940828436108043,0.032072228736972436,0.007875331478447493,0.0,0.01593626903301011,0.016636200567261138,0.0,0.0,0.0,0.0009771786869297691,0.2612047168205248,0.06068350455470512,0.0889122176855161,0.007259550713775663,0.0,0.05028040604957721,0.015744913984169263,0.005522390130546922,0.01961676056142935
0.0,0.0041468103264832214,0.0048090819667901555,0.002110381045548851,0.0029057967862026125,0.0,0.0,0.0,0.0,0.028685578418023255,0.0,0.006177309663544962,0.0,0.0,0.0,0.0021974214434725497,0.10008329300859839,0.0,0.0,0.06641414050660638,0.0,0.056456643408397435,0.29976005380318754,0.0,0.023591123268755933,0.0,0.0,0.003330503607389893,0.004843907317195947,0.0,0.0012429982369359693,0.013189043137482176,0.0,0.0,0.026095864520004557,0.015694490472360278,0.9999999999999998,0.0,0.04946420573525656,0.0,0.0,0.03236166064331461,0.2030370553884956,0.0,0.0015280555589586627,0.04485613040162566,0.0,0.015045037970362125,0.0,0.0,0.0,0.004120528783066897,0.02266386714373217,0.0,0.0,0.03847404587891511,0.011878277418329973,0.053359599566052136,0.0021571923205890037,0.0,0.0,0.044274132136126285,0.0004842994643671021,0.012700832134978125,0.0,0.0,0.007044328102456294,0.08293235909884607,0.0,0.0,0.0,0.0,0.0,0.03877017543326962,0.005678061667979745,0.03697546253554009,0.011816988020878988,0.023826896685829865,0.0,0.0,0.009402363139033212,0.0,0.029612032826634598,0.0,0.0,0.0,0.0,0.0,0.0,0.0,0.018583423174937774,0.021083608108344632,0.03295762089499214,0.024246432248443597,0.023979625973207228,0.017403563537800423,0.006255255645246247,0.0027395204040085437,0.026961291774150964,0.0033097526040805516,0.0
0.0,0.0,0.0,0.0,0.0,0.0,0.003341507334684501,0.0,0.0,0.0,0.0008114060998312488,0.0010840670508575007,0.0,0.03523024264257428,0.03963740774791166,0.0,0.07395282085490673,0.0,0.0,0.0,0.0,0.0,0.0,0.0,0.0,0.0,0.0,0.0,0.0,0.0,0.0,0.0329183092493723,0.013284495976228184,0.04962044624062029,0.0,0.0,0.0,1.0,0.0,0.0,0.06850497524877633,0.004327013590704917,0.0,0.03216254615199915,0.0,0.0,0.0,0.0,0.0,0.004068605502703968,0.0,0.0,0.0,0.0066848042033867145,0.0,0.0,0.008338160054463974,0.00993748754495757,0.02422844889556123,0.12578068303211234,0.0,0.015539492260629935,0.0,0.0,0.005450825746816881,0.0,0.002472443315046651,0.0,0.0053416098763716365,0.0012847719495468147,0.0,0.006429841529729815,0.0,0.0,0.0,0.0,0.0,0.012743388779735736,0.00688892434000845,0.01724153620824326,0.003960089800014469,0.0033871459868568266,0.012318028481781752,0.002698636237944596,0.0,0.03117729864292518,0.0,0.0,0.0,0.0,0.0,0.014799999422617317,0.0,0.01702019793924494,0.0,0.002036121529320417,0.0,0.0,0.0018925940030754098,0.0,0.0
0.0,0.0,0.0,0.0,0.008149657134264408,0.0,0.0,0.0,0.0,0.0026817386762324424,0.009725610182987187,0.0,0.0,0.0,0.052788743515797036,0.0,0.04801372991237565,0.0,0.0,0.008869831316322338,0.0,0.0,0.026272286923205924,0.0,0.0,0.02340538458925694,0.0,0.0,0.0,0.0,0.0017430691467522617,0.0020550144610913153,0.0,0.0,0.0,0.0,0.04946420573525656,0.0,1.0,0.0,0.0,0.0014406694559959221,0.0,0.0,0.0,0.0,0.0,0.010548905347805976,0.0,0.0,0.0,0.0,0.0,0.0,0.0,0.019042075844228405,0.0,0.009162454589218924,0.11495200886377883,0.0,0.0,0.0,0.013243192843179666,0.25409656461225777,0.0,0.0,0.004115972241594843,0.0,0.0,0.010266286436124053,0.0,0.0,0.0,0.00271839068647794,0.06369923182648579,0.0,0.0,0.0,0.005734129713988376,0.029522729591104163,0.0,0.0,0.0,0.0,0.005515693791741816,0.0,0.0,0.02796383266552324,0.0,0.0,0.052119448949698895,0.0,0.0,0.011333673348634098,0.0018681597153343277,0.0,0.0,0.0,0.0018904047669429224,0.037130399552468225,0.0
0.0,0.0,0.01038015787770843,0.07379342566759717,0.009878422042947333,0.0,0.0,0.0,0.0,0.005572472071880445,0.0033681936528103073,0.006750037547188284,0.0017980416326448183,0.0,0.0013058505731949237,0.15047237254638912,0.0,0.06529201655947395,0.0,0.0,0.007947945467905134,0.0018278817325371977,0.030328911123865335,0.0,0.0006365029379131521,0.0,0.0,0.0,0.002352448489141519,0.01777127177416111,0.0,0.08113344714436124,0.022976962993223313,0.009154548552583599,0.0015841853756417353,0.0,0.0,0.0,0.0,0.9999999999999999,0.0,0.0,0.0,0.02543020750202862,0.0,0.0024204916789073113,0.0,0.0,0.0,0.07177832128646583,0.004801693567882337,0.012006833833230108,0.06879206254512978,0.002312417408579325,0.0,0.0,0.0,0.0,0.0013968568438794808,0.0,0.054641358653328455,0.048378998393376026,0.1016066267274583,0.009869075161104518,0.0,0.05475405305357173,0.10263255208958057,0.026850789398940426,0.0,0.00533316267485823,0.0,0.0,0.0,0.0,0.0,0.048484361128107036,0.0,0.005142913991541742,0.0,0.0,0.0,0.0,0.0,0.0,0.015281652849042204,0.0,0.0123693856817522,0.009684492995311019,0.006041707891061999,0.0,0.04144841573840617,0.08532729673290328,0.0,0.011775304351393312,0.0,0.025356174717568947,0.0020252474883398945,0.0,0.017676601145986213,0.007501128602912089,0.006344209674283707
0.0,0.0,0.0,0.0,0.0,0.01833444927883746,0.00313570196939796,0.0,0.0,0.0,0.0,0.0020345974710567327,0.0024388470728892078,0.0,0.005313730989725498,0.0,0.027759209574700586,0.0,0.00518090817072462,0.0,0.0,0.0,0.0,0.003330374315143978,0.015540240770268809,0.09956252477695583,0.0,0.0,0.0,0.017409014269669055,0.0,0.01930678223998531,0.006233148100967896,0.0,0.0007162581399954605,0.0,0.0,0.06850497524877633,0.0,0.0,0.9999999999999998,0.0,0.0,0.004311662338851073,0.02684213156622907,0.05471887616391925,0.0,0.0,0.0,0.0,0.0,0.0,0.014929426979233261,0.0,0.0,0.0049694326120400915,0.015649215928719033,0.0,0.01136810237234485,0.04241838902989074,0.0,0.0,0.0,0.0,0.0,0.0,0.01392098462584751,0.03642016288246102,0.0,0.00723385262202619,0.0975045706338752,0.0,0.003494614677072012,0.0,0.004987098716388933,0.034099716973523674,0.012454775429336368,0.00597925805498705,0.009696947270970582,0.09014359737832989,0.0074323711673496,0.0,0.004334757749350059,0.027856682419916356,0.0,0.03900942776746768,0.06711088223025183,0.0,0.0,0.0,0.06528803051539885,0.0,0.010855128814526115,0.06388765649999398,0.008775644526199302,0.0,0.0,0.0,0.0017760280461196914,0.0,0.1264968433551204
0.0,0.00498208844446741,0.0014006689075363235,0.05808526765812715,0.0342762712603892,0.04215367070012826,0.0062389496112425285,0.006075410385960609,0.002374202096122962,0.0016709633174182648,0.04342946946884143,0.0013493789933870927,0.0,0.005481550854743767,0.03171739554600622,0.0014400221926410242,0.02876620468390179,0.02831888105459289,0.0,0.058030340678789684,0.0514787087911843,0.01151029363077205,0.0,0.09497667219717768,0.0034355156643813716,0.0008102027950360228,0.24678571710515168,0.013095346242912951,0.017987852529281142,0.01865114799932158,0.0010860881523469257,0.003841374044027121,0.002755951887213108,0.002745085954953863,0.0,0.0,0.03236166064331461,0.004327013590704917,0.0014406694559959221,0.0,0.0,1.0,0.022488165593430837,0.0,0.028038385556266428,0.013064569828467097,0.08795279733802772,0.0,0.004903532076716909,0.0037982596141436916,0.06047317165821115,0.01620167922905746,0.08911300585053138,0.00624062023641941,0.045552169393162985,0.0,0.0,0.0019030098708952205,0.041467333537831816,0.0012231558010753856,0.06758720045191444,0.004835647483199737,0.0,0.004439016209950565,0.13908937638846147,0.0,0.004616314649115064,0.014761058738284987,0.031582287021482205,0.14072994518220241,0.0,0.0,0.006953060301565228,0.01863180881773068,0.003307527086597522,0.0,0.0,0.012557555099890913,0.005716601990677887,0.06898238997055144,0.009858545158879541,0.0,0.0,0.0,0.00412412532710777,0.0025871703431407777,0.0,0.008711985812159331,0.0018116685252608762,0.0006396451230327707,0.012629199121947337,0.009211057704974952,0.0011998837608915944,0.0,0.0,0.0019008277330319816,0.005465622431573201,0.0071810898008368125,0.0,0.02602750901253934,0.0
0.0,0.014288055292992775,0.02599207437655617,0.025663870635715583,0.0,0.0,0.0025727904630975457,0.015783710545616773,0.05286940015762714,0.0,0.028113361720151744,0.022536263261511164,0.009004647597550026,0.01017205970295876,0.013079479377107161,0.0,0.019928966961678216,0.0,0.007970339214657353,0.0,0.006633925744881801,0.027462263196796663,0.0,0.0,0.003187626218800344,0.0007517426565037063,0.0,0.0,0.024871283152291444,0.0032962619869770127,0.03829341779379421,0.03920619900093328,0.0,0.0012735072137194244,0.012341231635942865,0.00477142947745928,0.2030370553884956,0.0,0.0,0.0,0.0,0.022488165593430837,1.0,0.03006999158621984,0.0,0.032325057344828864,0.018832284931884918,0.05082203690645001,0.07886177843939157,0.0,0.0,0.010021765298016988,0.03445127573694389,0.007077068317339466,0.0,0.007339203827681144,0.0,0.005297094892036047,0.0,0.02042818309605319,0.007601266628577273,0.06879655123859976,0.0,0.0,0.0,0.0,0.0,0.04482319205216679,0.0,0.00445144035188126,0.013846301322337927,0.0,0.0,0.03771803272937983,0.012275490599492369,0.0,0.06897779583711539,0.034341161166717565,0.003978090664130116,0.0,0.013720803555117986,0.007823789702613807,0.0044457443286244555,0.06545109250097712,0.0,0.0,0.013765836123546267,0.0,0.07564264566878527,0.06172312265923405,0.060263691158052184,0.0,0.026719349123989156,0.0,0.0,0.0,0.0,0.0,0.006557404462317289,0.00357770303967938,0.01853366460639313
0.0,0.0009618622196577768,0.0029746070776706136,0.05286683710943087,0.0,0.0,0.0,0.0,0.0,0.0,0.0064347464952858886,0.0028656824482878036,0.018320311774054583,0.01746179259216836,0.01746328384223233,0.0030581818323982914,0.0,0.013364653220481967,0.0,0.011737076626065587,0.009110464453548373,0.0,0.002575186513430435,0.014072260518705563,0.0,0.005161894339544696,0.0,0.0,0.0,0.0,0.02421856987001522,0.06526355148093806,0.004389620886839314,0.0,0.0,0.06552671874650322,0.0,0.03216254615199915,0.0,0.02543020750202862,0.004311662338851073,0.0,0.03006999158621984,0.9999999999999999,0.059545249896942355,0.04315933649600941,0.014368135772346859,0.0,0.08330923113952961,0.0,0.009173368292404348,0.011469193860542065,0.0,0.03755083034675535,0.0,0.008399194052006299,0.0,0.0,0.01601170349526066,0.007792865001991965,0.0,0.0,0.12940920319645996,0.0,0.0,0.043585237779602985,0.04575054822206686,0.05984642835952136,0.0,0.0,0.0,0.008498498318182347,0.0049220821740296825,0.0,0.0,0.0,0.026313385217183488,0.004210821822426732,0.0,0.029299644525123486,0.00348943970595682,0.0,0.00915810575059859,0.06420351071224493,0.00875842415092467,0.0,0.0,0.03700336963001097,0.0,0.00815050394822059,0.022989161958665398,0.0,0.019111490454629152,0.0,0.0074161727365405885,0.0,0.16250314913037942,0.0,0.0012507467624022633,0.0,0.0
0.0,0.010778482727832115,0.0,0.0,0.003776406201973131,0.0,0.0,0.05542313489542984,0.0,0.0033137867118085435,0.18928034251412454,0.0,0.0,0.04212430907289178,0.0,0.0019038624235255032,0.0365107014233533,0.004160063473068674,0.02299814207597001,0.021920651264429616,0.025522622093951588,0.0,0.012625003581647466,0.030662260517436448,0.0,0.016067613382493313,0.0,0.0,0.002098398819135033,0.03258484339637352,0.017231087957864683,0.16251855527235076,0.037916851159315215,0.01429035085442638,0.0,0.030595104639483693,0.0015280555589586627,0.0,0.0,0.0,0.02684213156622907,0.028038385556266428,0.0,0.059545249896942355,1.0,0.0,0.0,0.0,0.022690467403158884,0.0,0.005710854405073964,0.010710171148697541,0.0024545180645080575,0.0,0.0,0.0,0.0,0.0,0.0635462587285472,0.00242571299909665,0.018277663092835825,0.0,0.0,0.0,0.0,0.0,0.07120468499691596,0.015967381794657017,0.016482292448559463,0.007135821875059327,0.10358193069799172,0.0013226790043165432,0.037536796591919365,0.0,0.0,0.0,0.057334631600407394,0.0,0.014879724985382526,0.0,0.004887766775714615,0.0020903035606658965,0.0,0.0,0.023854827968193614,0.003420514228695078,0.03310070902018353,0.12957942815167595,0.0377246895474124,0.0,0.007155918777910116,0.001522249686067727,0.0029744510405387155,0.052518226987695954,0.01731343986387642,0.0,0.0,0.007120623089166319,0.17519599091127133,0.008602783457118877,0.012732918420190543
0.0,0.021972415274248078,0.024160282475217915,0.03578281334822566,0.0,0.0589905390257951,0.10761628543707892,0.0550175747467173,0.0,0.031074385714882573,0.01796579953833514,0.0,0.039234585463463485,0.0,0.03134407762587929,0.030272642582282048,0.031011952002162425,0.09158911886399687,0.005556472063166151,0.0834142777181343,0.11099519479251405,0.03190857464044096,0.0,0.06429227505669487,0.008333376200605116,0.0,0.009501857794816083,0.01882358151863688,0.009125715407488265,0.0,0.0,0.07143683974084367,0.02005496651203597,0.011097719721670521,0.0015363593461813812,0.0,0.04485613040162566,0.0,0.0,0.0024204916789073113,0.05471887616391925,0.013064569828467097,0.032325057344828864,0.04315933649600941,0.0,1.0,0.021881349147844262,0.003543026471753858,0.00792951849619439,0.03071089307920455,0.07101516355671543,0.020377615149963297,0.040029151837672056,0.016819547222358126,0.0,0.0,0.0013986355971611485,0.0015386818862014476,0.0,0.06131705234001575,0.019871907830171877,0.005213161391856826,0.0,0.026320610429455025,0.0,0.0597386772085309,0.0,0.058590389249473504,0.1272315625033192,0.04137725014362025,0.0,0.006471215607887491,0.0,0.005478102141525234,0.019611582344767613,0.015673544798511074,0.0,0.025650777235335518,0.0,0.002478925751321399,0.0026570478504018467,0.0,0.010847629848418052,0.00814800342850674,0.015561320075136623,0.011156592033539994,0.0,0.0031307071245469924,0.026366898329097686,0.0,0.0,0.014895232925653692,0.0,0.025694576618532437,0.0,0.0,0.0,0.007741709922247652,0.03523828701160761,0.028059449242688134,0.12182306587748924
0.0,0.0,0.0,0.02084674218670928,0.009568002988007003,0.0,0.0,0.04578962792321699,0.0,0.004197948984359236,0.06216592404017857,0.0,0.0,0.0,0.0,0.0,0.05781530137872094,0.0026350118083048753,0.0,0.01851291462303824,0.0,0.0,0.004569577738814501,0.0,0.0,0.0,0.0,0.01096644769461613,0.0,0.0,0.012278571132256935,0.00321688535361008,0.0,0.010344689206926043,0.01790138013146059,0.0,0.0,0.0,0.0,0.0,0.0,0.08795279733802772,0.018832284931884918,0.014368135772346859,0.0,0.021881349147844262,1.0,0.00825654022209535,0.06570190910963097,0.0,0.016277818837703413,0.0,0.02487532846764174,0.0026130441354956136,0.0,0.0,0.0,0.0,0.009470734575386181,0.0,0.0,0.0,0.0,0.0,0.0,0.09280856260774639,0.0,0.030341536745061327,0.008351994725282693,0.02410601027215774,0.0,0.0,0.01746812280489935,0.009929088002709117,0.0,0.024350039734562536,0.0,0.024076299340485434,0.0,0.02695839321849411,0.012383775635757608,0.10327294736592213,0.0,0.05907319067657538,0.0,0.006499729228725823,0.0,0.0,0.027308649925475707,0.0,0.004532606437650014,0.0,0.013565066589402722,0.0,0.0,0.0,0.0,0.012027333104512209,0.0,0.007265413501676435,0.0
0.0,0.006632721931820533,0.0,0.0,0.0,0.0,0.016919626071732925,0.005931402593782042,0.06084554357361275,0.008156779151868148,0.0,0.0,0.0,0.020068573289042026,0.025804654920147493,0.007029443960092389,0.016850608953394887,0.0,0.0,0.0,0.0,0.0,0.11764500582896467,0.0,0.0,0.014831217115404438,0.021512148232941564,0.0,0.0,0.16258082727898748,0.0,0.0031252670630395733,0.02522462342100961,0.016750113283492976,0.0,0.0,0.015045037970362125,0.0,0.010548905347805976,0.0,0.0,0.0,0.05082203690645001,0.0,0.0,0.003543026471753858,0.00825654022209535,1.0,0.0,0.006180380006166808,0.0,0.006590685244416174,0.09062575620114237,0.0,0.0,0.0,0.025332019855244945,0.0,0.055206023673852384,0.0,0.044989878415906556,0.0,0.024788005631119766,0.0,0.02484008914627189,0.0,0.005007658183470051,0.0,0.00811412629185358,0.0,0.0,0.0,0.0,0.0,0.0,0.047313080076497704,0.0,0.03387603542597245,0.02616140236912147,0.059864243390354566,0.0,0.0,0.005847373327114295,0.0,0.0,0.0,0.0,0.042527411286195575,0.0,0.0,0.0,0.0,0.0,0.0,0.0,0.0,0.0,0.0,0.014374642772105515,0.0,0.00696481514919665
0.07715167498104596,0.0,0.0,0.010072787050317254,0.0023115471888081867,0.0044281901988922475,0.0,0.050886948388469175,0.038907484242994436,0.009127695159739223,0.002758546342202342,0.0,0.0,0.014971580968639818,0.07700327770001428,0.0,0.0,0.005729365606426321,0.04066751660258171,0.0067088413026996484,0.005207485829734308,0.01796439392869888,0.014351618583593838,0.0,0.0031277706073397013,0.0,0.007132674875181881,0.12187237222729798,0.0,0.0016171832343689887,0.0019775980852657802,0.01748636594976665,0.00940905181728344,0.014995127375275927,0.005189783277099558,0.0,0.0,0.0,0.0,0.0,0.0,0.004903532076716909,0.07886177843939157,0.08330923113952961,0.022690467403158884,0.00792951849619439,0.06570190910963097,0.0,1.0,0.0,0.0,0.03113967546395896,0.09239860405617248,0.0,0.0,0.0,0.012598815766974242,0.019057972116126882,0.009152191909272177,0.0022271770159368698,0.0,0.01760992822383983,0.030050113454506432,0.0,0.0,0.0,0.0,0.0,0.006053310169018693,0.011647609296910204,0.013586302572412737,0.0,0.00703358025947412,0.006168297140247833,0.0,0.0,0.024440926661083915,0.0,0.006505653527387419,0.016747497831617858,0.0029918136306549678,0.06909190730382087,0.0,0.006116389088575151,0.0,0.013347368535191449,0.0861093454627677,0.0035251500071373358,0.006597534829839045,0.01863511307550129,0.026280929089315484,0.0,0.10487050751980978,0.01928791874526149,0.0,0.0,0.0,0.0,0.030026606782805686,0.014042091062371155,0.0015587699100873809
0.0,0.0,0.0,0.14304303381783234,0.0,0.1029018413648915,0.0,0.006855106213838521,0.0,0.007070282268585612,0.0,0.0,0.0,0.04638774700635034,0.0,0.14623464109166065,0.0,0.011834526708278774,0.03998194061232781,0.0,0.0,0.00695757985105604,0.0017102639927809172,0.0,0.0,0.0,0.049724515809884684,0.024626591373866944,0.0,0.01753730645653543,0.006127363559780834,0.03250771397238464,0.005830576158710623,0.0,0.013399962801754893,0.004835377383897169,0.0,0.004068605502703968,0.0,0.07177832128646583,0.0,0.0037982596141436916,0.0,0.0,0.0,0.03071089307920455,0.0,0.006180380006166808,0.0,0.9999999999999999,0.022338536828710176,0.0,0.0,0.0,0.0,0.0,0.0,0.0,0.06380331632262971,0.0,0.0,0.0,0.028648268051925375,0.0,0.0047847437646934545,0.004631416786472737,0.0,0.0,0.0,0.05413319619607668,0.0,0.011288250843574545,0.0,0.03503824441133676,0.003110002458457915,0.01822706541441223,0.0,0.039151586370522296,0.008062812085685442,0.030269297423167037,0.00926979549318643,0.0,0.0,0.0,0.017450251522413328,0.0,0.0,0.024575125086946543,0.010220857008796002,0.0,0.0,0.025982927447713147,0.0,0.0,0.001641772758257796,0.005361932435978083,0.0,0.0,0.06479156246434398,0.08973489497031097,0.0
0.0,0.036323475795086144,0.0,0.005915399551262303,0.0030543564113842316,0.05851176731455292,0.0,0.0,0.010472467593885218,0.0,0.0,0.0,0.0,0.0,0.08290583120717132,0.00923906077156159,0.0,0.015140962432330995,0.0013778438280909126,0.02659412606206636,0.0,0.011868600831169644,0.002917457087202263,0.0035428041139836173,0.0,0.0,0.0,0.10502329441622898,0.005091553353172723,0.0042737210853348384,0.0,0.006161482861242467,0.0,0.02641835947798614,0.0022858352049299315,0.1443476599847471,0.0,0.0,0.0,0.004801693567882337,0.0,0.06047317165821115,0.0,0.009173368292404348,0.005710854405073964,0.07101516355671543,0.016277818837703413,0.0,0.0,0.022338536828710176,1.0000000000000002,0.007218653168620725,0.003970427219016595,0.055054027033646244,0.003746908612034135,0.0,0.0,0.0,0.003023305794020717,0.0,0.06898719069025416,0.0,0.0,0.007120088276983942,0.024486192773176024,0.0,0.0,0.022600225349456635,0.0,0.09234321576188693,0.0,0.0,0.004956694186364259,0.0027168207234902295,0.0,0.08032274175681556,0.0,0.07102724038873064,0.004584654447394097,0.014752839605816704,0.0,0.02366891811186161,0.02766751626269824,0.0,0.0,0.005533022141096534,0.0,0.013973841300997833,0.0043588170954103386,0.0,0.0,0.0,0.05966223477535947,0.0,0.005601242368865545,0.04166812985542019,0.0,0.21500857320355724,0.0037786259879145803,0.0,0.0
0.0,0.0,0.0674138981799037,0.00924481363516267,0.02291263449895153,0.004877036664269403,0.0,0.0,0.03928025907298428,0.0,0.04557233671118937,0.028413579890202195,0.048655728945547726,0.016489117681620872,0.001177894704608903,0.0,0.0,0.0,0.0,0.0,0.0329781049441209,0.0,0.0,0.0,0.0,0.009748722277576402,0.017675214809172834,0.06711274821288266,0.0,0.0,0.008712198831425912,0.0,0.0069085094403249095,0.0,0.0009526376158653739,0.0,0.004120528783066897,0.0,0.0,0.012006833833230108,0.0,0.01620167922905746,0.010021765298016988,0.011469193860542065,0.010710171148697541,0.020377615149963297,0.0,0.006590685244416174,0.03113967546395896,0.0,0.007218653168620725,1.0,0.05212314379426899,0.0,0.0,0.0,0.012141365479879306,0.047703886701032636,0.012599835794969972,0.0,0.03285815816476995,0.04202226352412,0.0,0.011869383945628571,0.0,0.026340740856184732,0.010286215156816342,0.0,0.002222293556246691,0.0016035280509836367,0.0,0.0,0.07746512066062114,0.024909583790600327,0.0,0.03239521705674786,0.018635737274300207,0.32804196570811794,0.04299044442947252,0.11989278291841066,0.008237668276430039,0.012682523784748144,0.002882657143499246,0.003368176670164319,0.008270553310484242,0.0,0.0,0.009706158193114165,0.0,0.0,0.0,0.058494436892673744,0.0024062563146687167,0.0,0.015173316987260429,0.0,0.004871467616087304,0.0,0.0,0.0,0.0
0.0,0.044961938967586684,0.005149890653291227,0.0,0.02100413690960907,0.02011862739589519,0.0,0.030155873126654718,0.037645174260411335,0.0,0.0570944261986016,0.014883933444374331,0.0,0.0,0.10689846698083821,0.0529458231742867,0.010576575794265382,0.023138014839437535,0.00710634660154943,0.010160108484121496,0.0,0.0,0.03093001184017799,0.00609077106855336,0.0536838164498852,0.046917710901469595,0.04860889721462684,0.036111104231233655,0.031123103981801886,0.007347359860761489,0.025457032967488864,0.01235825551374321,0.03514852880124541,0.05109560004208366,0.03274830352298996,0.05199580011217956,0.02266386714373217,0.0,0.0,0.06879206254512978,0.014929426979233261,0.08911300585053138,0.03445127573694389,0.0,0.0024545180645080575,0.040029151837672056,0.02487532846764174,0.09062575620114237,0.09239860405617248,0.0,0.003970427219016595,0.05212314379426899,1.0,0.0,0.006441666498188013,0.054530224262609624,0.0,0.0,0.006930202882298477,0.0033729162867744233,0.04235801154338278,0.020001827410920624,0.022754481652076497,0.004080273354829187,0.01870957326125044,0.004527506379197315,0.0,0.016651797471217932,0.0015278914601968882,0.008819777417424464,0.04115116211744807,0.0,0.0,0.0,0.0,0.0,0.0,0.0,0.0,0.033817343836181415,0.020389091582436458,0.0,0.007927642538219436,0.0,0.030326645163319083,0.0035671289705560094,0.0,0.0,0.07993233594237634,0.0,0.004975097013091918,0.029633303959792644,0.0,0.0,0.012839503726660853,0.09434937940225392,0.0016746378416846854,0.004400495963844262,0.02598477940706197,0.007974691274940809,0.0
0.0,0.06927146534063705,0.021638936888863636,0.0,0.0014709282959940535,0.0,0.0,0.0,0.007335810632046923,0.0,0.0,0.0041693117795298,0.03373449506612514,0.0,0.028583456433115474,0.005561726468236405,0.0,0.0,0.0,0.0,0.009941183500424592,0.0019052416117687767,0.003278332893244492,0.0,0.0070767051601567784,0.0,0.013616403788979475,0.0,0.00435912739504702,0.0,0.007550540164107754,0.029672697829578307,0.0,0.006361325800924033,0.01320985201482892,0.02979234934367086,0.0,0.0066848042033867145,0.0,0.002312417408579325,0.0,0.00624062023641941,0.007077068317339466,0.03755083034675535,0.0,0.016819547222358126,0.0026130441354956136,0.0,0.0,0.0,0.055054027033646244,0.0,0.0,1.0,0.0018044501549991138,0.0,0.0,0.0022049702613669776,0.0014559748244483478,0.0028344804802520394,0.0015820527295001743,0.0062254940087758176,0.0,0.0,0.0,0.0,0.0,0.015548429140401847,0.02653571819386744,0.03335324141469923,0.03330117797130888,0.004636708243024588,0.0005967657954174512,0.0017445021423301932,0.017458480905682465,0.007486862723400594,0.007178179342423575,0.0,0.02097500158281195,0.0532854543634193,0.003807617120669796,0.0,0.16766316662346759,0.09557264554903404,0.01592840520605596,0.0,0.0,0.04037744612270599,0.0,0.020751945578012958,0.02508538161993057,0.008696211931857984,0.02502495909552666,0.0,0.01303775758939584,0.02447157636039106,0.0,0.005547033569371225,0.0,0.12360822380650906,0.0
0.0,0.0,0.0,0.0,0.054509650251123434,0.0,0.0,0.003162024708309384,0.04170432546228536,0.0,0.0,0.0,0.0,0.0,0.0,0.0,0.001996231677012342,0.0,0.0,0.0,0.0,0.021395281816507197,0.003155543814616968,0.011495771770546864,0.02682086820421482,0.0,0.0,0.0,0.024781783054816764,0.004622489288834399,0.014131710267091955,0.02332507383204559,0.0017929628223999094,0.0,0.0,0.0,0.0,0.0,0.0,0.0,0.0,0.045552169393162985,0.0,0.0,0.0,0.0,0.0,0.0,0.0,0.0,0.003746908612034135,0.0,0.006441666498188013,0.0018044501549991138,1.0,0.0,0.0,0.014856685844217026,0.0,0.0,0.005329790791962594,0.018875807374945777,0.0,0.0,0.0,0.0,0.05606112749680581,0.03142874049015223,0.0,0.0,0.0,0.020827527374511812,0.0040208986490343325,0.0,0.0,0.0,0.0,0.0,0.0,0.02393517558683992,0.0,0.005485817608143506,0.0,0.01602592947424286,0.0,0.004488419179342357,0.0,0.0,0.01414358934512261,0.0,0.0,0.0,0.0,0.0,0.0,0.0,0.0,0.004152766267866099,0.0,0.03010299674883858,0.0022277615362330176
0.0,0.0,0.002742721160993438,0.008124265887265605,0.0,0.0,0.037668482541633276,0.007137942394938762,0.008716961447591277,0.0,0.028182343367625602,0.002972573737362825,0.007126375473718958,0.0,0.0,0.038067041257130785,0.0,0.0,0.0,0.08792965311664909,0.006300192678588935,0.0,0.08013726506795554,0.0,0.0,0.02855698880465556,0.0,0.025642664770897567,0.001035968548091082,0.06260873707573766,0.0,0.01128298538772008,0.001517785262982656,0.004031469516218945,0.04046322008876681,0.012587202935810234,0.03847404587891511,0.0,0.019042075844228405,0.0,0.0049694326120400915,0.0,0.007339203827681144,0.008399194052006299,0.0,0.0,0.0,0.0,0.0,0.0,0.0,0.0,0.054530224262609624,0.0,0.0,1.0,0.015242473901850592,0.2934524721610079,0.005536315829281801,0.005389028329028762,0.039102209903016515,0.0,0.0,0.009778796816975207,0.0,0.009645010652660187,0.009039440945542326,0.0,0.009764666137689794,0.002348612017865127,0.012175680647905824,0.0,0.0,0.024875382448125472,0.0,0.009489549753015674,0.0,0.00436788743621564,0.0,0.04052337987017673,0.014478389724214925,0.0,0.18999414714973875,0.0,0.0,0.0,0.0,0.0,0.0,0.0,0.043277287095213286,0.0,0.01585948635480784,0.07778392391088187,0.04273777461816261,0.12562113296899863,0.023188779882888106,0.0,0.005189600795063603,0.00849429861124976,0.0008381567182520831
0.0,0.0,0.0,0.0,0.0,0.0,0.036067388747305376,0.0,0.01715658790768791,0.0,0.008758113121817134,0.0,0.0,0.039611079976488474,0.04074630458621671,0.0,0.0,0.0,0.0,0.0,0.0,0.0,0.013435826380294983,0.0,0.0,0.0,0.0,0.028038607704602217,0.0,0.0,0.0010464465453701526,0.0,0.006638402981720623,0.0,0.0393618442739781,0.0,0.011878277418329973,0.008338160054463974,0.0,0.0,0.015649215928719033,0.0,0.0,0.0,0.0,0.0013986355971611485,0.0,0.025332019855244945,0.012598815766974242,0.0,0.0,0.012141365479879306,0.0,0.0,0.0,0.015242473901850592,1.0,0.0036671021609072808,0.1452865424584296,0.0070710678118654745,0.38480180600738095,0.004659149068597756,0.004892623204301544,0.0,0.0,0.0,0.0,0.0,0.012812442652769462,0.0,0.0,0.0,0.0,0.004351941398892446,0.014871752967788063,0.03735436838188142,0.11142210370470743,0.0025472023996695676,0.0867502004010629,0.05317165721406521,0.0,0.006093333477767907,0.0,0.0,0.0,0.0,0.0,0.0,0.015709892783256862,0.0,0.0,0.0,0.006936532069063644,0.040824829046386304,0.0,0.0,0.0,0.0,0.010214091548026596,0.0,0.0038491763643776072
0.0,0.0,0.0,0.0,0.0,0.0,0.044087599737842154,0.0,0.0,0.09475822874128982,0.0,0.0,0.0,0.0043577363093295594,0.0,0.0061055587237022185,0.0,0.04002313116004805,0.08650101219026785,0.03514902702605378,0.13641555367651076,0.020915384116658935,0.14202770996815833,0.0,0.04369879035671551,0.0,0.0,0.04935381067314159,0.0,0.028242540773791132,0.12433261496474736,0.06718414241610153,0.0,0.03709901411792483,0.009063454449415873,0.0,0.053359599566052136,0.00993748754495757,0.009162454589218924,0.0,0.0,0.0019030098708952205,0.005297094892036047,0.0,0.0,0.0015386818862014476,0.0,0.0,0.019057972116126882,0.0,0.0,0.047703886701032636,0.0,0.0022049702613669776,0.014856685844217026,0.2934524721610079,0.0036671021609072808,1.0,0.007991708907000817,0.0025930328052813797,0.0,0.0017085575617443976,0.0,0.0,0.1294520225317234,0.0,0.0,0.0,0.0011746134034617875,0.013560948588221535,0.0,0.0,0.0,0.0,0.0011686336595283188,0.0,0.0032833626209065265,0.0017514096420180902,0.008331762668687265,0.0016248824922393307,0.0017416376956263051,0.0,0.11579774682350925,0.0,0.0,0.0,0.09435710863774702,0.0,0.03456586906386175,0.19526653368914465,0.032510446057439885,0.15621607503698745,0.0038155457609498904,0.0037427204703668377,0.1406583604184535,0.07857847623323115,0.0,0.0,0.04994148958329749,0.0,0.0
0.0,0.0,0.0,0.0,0.0008885403861310675,0.0,0.01746702068866689,0.0,0.0,0.014034454188933045,0.0,0.005666730522684284,0.0,0.03836637901885561,0.0008222069043457608,0.0,0.013422662564937508,0.0,0.0,0.0,0.0,0.0011508950653845128,0.009335866242831725,0.01855141771486446,0.004809160750221027,0.0,0.0,0.018331345659374734,0.0024686328711633703,0.0,0.004561038013331928,0.01702810458939805,0.03954329528305667,0.00384267193639017,0.0,0.0,0.0021571923205890037,0.02422844889556123,0.11495200886377883,0.0013968568438794808,0.01136810237234485,0.041467333537831816,0.0,0.01601170349526066,0.0635462587285472,0.0,0.009470734575386181,0.055206023673852384,0.009152191909272177,0.06380331632262971,0.003023305794020717,0.012599835794969972,0.006930202882298477,0.0014559748244483478,0.0,0.005536315829281801,0.1452865424584296,0.007991708907000817,0.9999999999999999,0.030819929816250837,0.0,0.0,0.0,0.018641692786750763,0.021369776395902665,0.0,0.060312806860235935,0.0,0.015512295778898205,0.05372698240705065,0.0,0.0,0.0,0.03793671112960709,0.03935498000652738,0.0,0.04769717523420984,0.002775556721923547,0.04201212224615433,0.0,0.0023000588103805715,0.017705587060621947,0.0,0.004702182805355122,0.0,0.0,0.0,0.0,0.048184760102853844,0.0,0.015153270714501503,0.0,0.0,0.0321278655674488,0.0,0.02394763499192947,0.0025503262043955355,0.0,0.0,0.02428950740774602,0.0
0.0,0.007405714479169686,0.00381709047559564,0.047739296224812565,0.08303056909325461,0.004418338818060038,0.0,0.0,0.0,0.10928866565970884,0.004128614119223851,0.0,0.007346588742302916,0.007469136869732709,0.014405994140603175,0.0,0.03762883473534388,0.08574929257125441,0.0,0.030122622740328293,0.06429927181044179,0.06721660724223312,0.0,0.0,0.004681218398834803,0.06182280905687736,0.010675210253672473,0.007930515857181441,0.0,0.0,0.035517573522262605,0.027915942538144726,0.0018776239058494592,0.011221325821863462,0.056960613407911934,0.0,0.0,0.12578068303211234,0.0,0.0,0.04241838902989074,0.0012231558010753856,0.02042818309605319,0.007792865001991965,0.00242571299909665,0.06131705234001575,0.0,0.0,0.0022271770159368698,0.0,0.0,0.0,0.0033729162867744233,0.0028344804802520394,0.0,0.005389028329028762,0.0070710678118654745,0.0025930328052813797,0.030819929816250837,0.9999999999999998,0.01116291144371895,0.10762085276483901,0.0,0.0,0.03235751144647169,0.0,0.012580339711033943,0.01097091989077257,0.0,0.015253477177414314,0.10167057875802785,0.0036351621284384326,0.03158069703999446,0.0030772872744833177,0.028543204294489706,0.0,0.0,0.007204576359443989,0.029210311891849295,0.0,0.0,0.0,0.0,0.0,0.0037463432463267755,0.018801423086566835,0.0,0.0211038457019066,0.05677714434030093,0.0,0.0,0.0013945495948656207,0.017984519167827135,0.01924500897298752,0.0,0.0,0.0,0.0,0.006419958575350938,0.0,0.07698745491834408
0.0,0.018600600354398644,0.06711050264898608,0.0,0.0,0.0,0.020561179745086512,0.05544614027346529,0.0,0.0,0.016130573829364253,0.018472297062179042,0.0,0.009379947761757273,0.028142246448800284,0.08323332257615079,0.0035003945823414958,0.0,0.002939871281141832,0.0,0.022838043362768328,0.06002664273538289,0.0020749686647514864,0.0,0.02612801321745037,0.07209315847888621,0.0,0.0,0.10139473305518301,0.0,0.003716995574294948,0.017528804686195675,0.009431887223523243,0.0,0.009754460027167981,0.039109972090801436,0.0,0.0,0.0,0.054641358653328455,0.0,0.06758720045191444,0.007601266628577273,0.0,0.018277663092835825,0.019871907830171877,0.0,0.044989878415906556,0.0,0.0,0.06898719069025416,0.03285815816476995,0.04235801154338278,0.0015820527295001743,0.005329790791962594,0.039102209903016515,0.38480180600738095,0.0,0.0,0.01116291144371895,0.9999999999999998,0.0,0.0,0.09283973214661836,0.02322025938103409,0.007492055609269901,0.021064982718925915,0.00612337035984145,0.022755004948392405,0.0,0.06809638002645108,0.0,0.0,0.00257636139989554,0.0,0.011056944935086906,0.0,0.018095410775246474,0.029346491240291185,0.05246294801122481,0.08997223941195523,0.00961938759733467,0.0,0.03065616664617583,0.0,0.0,0.0,0.008834263525960956,0.0,0.0,0.0,0.0,0.0,0.0,0.0,0.0,0.00554233557480432,0.0983053869085899,0.010749814357347991,0.01319641000908067,0.0
0.0,0.0,0.0,0.0,0.0034193191267981957,0.0,0.0,0.0,0.05542166972882428,0.018002662340554972,0.0,0.021806954827337837,0.008713243234570844,0.03937150429410294,0.012656207137444805,0.0,0.0,0.007533397543265372,0.0038562033376099616,0.011577936952955944,0.005135393294543913,0.0,0.1774560248415927,0.003966131072422382,0.0030844696901697302,0.0,0.0,0.020901768475468048,0.0018999797252134201,0.0,0.05265594482974581,0.051732853077559496,0.009897378902163266,0.008626061815007531,0.0,0.05540422342571036,0.044274132136126285,0.015539492260629935,0.0,0.048378998393376026,0.0,0.004835647483199737,0.06879655123859976,0.0,0.0,0.005213161391856826,0.0,0.0,0.01760992822383983,0.0,0.0,0.04202226352412,0.020001827410920624,0.0062254940087758176,0.018875807374945777,0.0,0.004659149068597756,0.0017085575617443976,0.0,0.10762085276483901,0.0,1.0,0.0,0.11159207064027278,0.0,0.1415125949395958,0.01197332621839928,0.0,0.001989836008403767,0.002871589891770855,0.02828511746308028,0.0,0.01664689736988848,0.028386881201338456,0.07819839150106526,0.005801319021816677,0.02781065307305305,0.0,0.09238448351983564,0.005505215048549135,0.013276777070324786,0.0,0.0,0.0,0.0,0.024776634927781902,0.0,0.020858086570929538,0.0,0.0,0.07343177028709562,0.007350985303949335,0.15512801725860645,0.012680597615142225,0.025082122170561653,0.0,0.002180949867990198,0.004298210418640143,0.0,0.0,0.0
0.0,0.0,0.0,0.0,0.0008976660682226212,0.0,0.0,0.0,0.04700680325812415,0.030720286814371042,0.0,0.0012722067154862543,0.0,0.04651250136969881,0.0,0.0,0.12692645722216003,0.023732708538450824,0.0,0.0,0.026289570719370083,0.0,0.006430738296247634,0.0,0.010526864500345592,0.0,0.0,0.0,0.12968731178956683,0.0,0.0002559934324969598,0.0,0.008769385206325135,0.0012940459291252177,0.0,0.0,0.0004842994643671021,0.0,0.013243192843179666,0.1016066267274583,0.0,0.0,0.0,0.12940920319645996,0.0,0.0,0.0,0.024788005631119766,0.030050113454506432,0.028648268051925375,0.0,0.0,0.022754481652076497,0.0,0.0,0.0,0.004892623204301544,0.0,0.0,0.0,0.0,0.0,1.0000000000000002,0.03278363284468743,0.0,0.0,0.0,0.047443839687883,0.016455194234514706,0.0,0.0,0.0,0.0,0.0,0.0,0.0,0.0,0.0,0.0,0.05492031993374841,0.0,0.0,0.0,0.0,0.0826255812490643,0.0,0.0,0.024641216981515418,0.0,0.0,0.0,0.11434286840932945,0.0,0.0,0.0008230940560310689,0.009557960390359941,0.0,0.058676768736227944,0.0,0.0,0.0
0.0,0.0029862723030229846,0.26089430476566494,0.013677874732801453,0.0,0.002672469254963094,0.027424004872453847,0.0,0.03522174435507817,0.0,0.013318543164240538,0.015569786308214734,0.0,0.009035540037753939,0.02420440628461033,0.0015824448860857281,0.04552023195651963,0.010373235619450798,0.0,0.0,0.0035356321193001448,0.01219695842769272,0.03447897423661876,0.0,0.001887649448025887,0.01669376967221061,0.006456990368550497,0.004796838965287947,0.0058137962758877575,0.0,0.05639314260158705,0.015829867265008832,0.009653420691091692,0.0,0.0,0.008476639606895448,0.012700832134978125,0.0,0.25409656461225777,0.009869075161104518,0.0,0.004439016209950565,0.0,0.0,0.0,0.026320610429455025,0.0,0.0,0.0,0.0,0.007120088276983942,0.011869383945628571,0.004080273354829187,0.0,0.0,0.009778796816975207,0.0,0.0,0.018641692786750763,0.0,0.09283973214661836,0.11159207064027278,0.03278363284468743,0.9999999999999998,0.0,0.010825449694714771,0.0,0.0022119509400915565,0.0018266249405349394,0.0,0.03279802744017821,0.0,0.005093826457715075,0.03350381386107036,0.0036346518480920575,0.0,0.0,0.05719544745469224,0.10600861139000496,0.08338546022164739,0.20312973886754454,0.0,0.0,0.02768489110071068,0.0,0.0,0.0,0.0,0.0,0.009489258323132216,0.023791313774405208,0.02024412017421141,0.005933502059624818,0.0,0.0,0.002088825533966076,0.0,0.02104352537514795,0.007766331473101122,0.028601710963152078,0.0
0.0,0.0,0.0,0.0313590753752659,0.007196417651362622,0.05514420171076764,0.0,0.009183979479633063,0.0,0.009472256919786556,0.005725357655179306,0.022947836809381165,0.012225462650824461,0.0,0.0,0.0,0.0,0.023782574707724703,0.14121664811698706,0.02784837457479776,0.02702031718969046,0.0,0.006873866979368109,0.05425717076765194,0.017311151762712123,0.03980451929424837,0.06661733875264911,0.03299294026609378,0.021326737282632006,0.030208146378273418,0.0,0.0435515028854656,0.07811387617589072,0.0,0.0,0.03886855020307011,0.0,0.005450825746816881,0.0,0.0,0.0,0.13908937638846147,0.0,0.0,0.0,0.0,0.0,0.02484008914627189,0.0,0.0047847437646934545,0.024486192773176024,0.0,0.01870957326125044,0.0,0.0,0.0,0.0,0.1294520225317234,0.021369776395902665,0.03235751144647169,0.02322025938103409,0.0,0.0,0.0,1.0,0.0,0.0038768427257169836,0.012678273783714198,0.020939389456173074,0.0,0.0,0.030246377189329803,0.0,0.0,0.037499023475645314,0.012209657262637608,0.011706253043321334,0.007493212350568552,0.03510642576611939,0.01158646656857201,0.05588553119436915,0.0,0.09778181173951911,0.008463035900367526,0.010390486669322622,0.0,0.042051713353118,0.04024043152234376,0.0,0.014503928074773565,0.01363650451007177,0.0,0.04081097581940498,0.0,0.0,0.0,0.0,0.0,0.0,0.018215208207832255,0.0
0.0,0.0,0.05977681233990187,0.05059029115727206,0.0,0.014826974258640853,0.011411216805139537,0.0,0.0,0.009168718715471825,0.029556739901431515,0.003702079004956358,0.0,0.0,0.01718874702016636,0.0,0.0,0.0,0.0015711651107319243,0.0,0.03923167783766403,0.0,0.005544661755825799,0.01817948120863949,0.0,0.004445652069521108,0.0,0.0,0.0,0.01786896661270928,0.04469593975495472,0.017564956754514933,0.0,0.0,0.0,0.0,0.0,0.0,0.0,0.05475405305357173,0.0,0.0,0.0,0.043585237779602985,0.0,0.0597386772085309,0.09280856260774639,0.0,0.0,0.004631416786472737,0.0,0.026340740856184732,0.004527506379197315,0.0,0.0,0.009645010652660187,0.0,0.0,0.0,0.0,0.007492055609269901,0.1415125949395958,0.0,0.010825449694714771,0.0,1.0000000000000002,0.07036142644758234,0.09203999144949992,0.0,0.02193742193719402,0.0,0.0024397610741861554,0.0,0.016522719903220323,0.010082602314451428,0.011818399141982364,0.0037770421655316864,0.0,0.0,0.0,0.0,0.0,0.0,0.0,0.0,0.011830020891740702,0.0,0.015934470560029213,0.0,0.0,0.005499801295768712,0.002807881214670978,0.0,0.0,0.01703236396325812,0.011588893816230057,0.002221506518744282,0.0,0.0,0.0,0.0
0.0,0.0015527733991812912,0.0,0.09482787853797195,0.0,0.0,0.004753224192120466,0.0,0.0006783061779305236,0.003819134834902075,0.005193936815560725,0.0,0.0,0.031321426389815395,0.0,0.019747790492892433,0.005259816932233113,0.0,0.00785343068141483,0.002105293483670257,0.0,0.0,0.010393071466638678,0.025241582137026677,0.003926087847925614,0.01666611299626936,0.05371910859116503,0.009976858356708408,0.001209200942100193,0.02740426241529674,0.0,0.03292425379533411,0.0,0.0,0.039086392735658566,0.002938401494221786,0.007044328102456294,0.002472443315046651,0.004115972241594843,0.10263255208958057,0.01392098462584751,0.004616314649115064,0.0,0.04575054822206686,0.07120468499691596,0.0,0.0,0.005007658183470051,0.0,0.0,0.0,0.010286215156816342,0.0,0.0,0.05606112749680581,0.009039440945542326,0.0,0.0,0.060312806860235935,0.012580339711033943,0.021064982718925915,0.01197332621839928,0.0,0.0,0.0038768427257169836,0.07036142644758234,1.0000000000000002,0.06210805462580625,0.005698746122527188,0.030154759590430395,0.0,0.0,0.006180158398934714,0.01032355181371784,0.003779823225959195,0.0,0.0,0.004531800903794479,0.008982738029582014,0.012262862056844879,0.0075108597229022805,0.0,0.003285400781431446,0.005758130283952678,0.0,0.0,0.0,0.022124462344935716,0.04968874877380132,0.0,0.009621718163162303,0.0,0.00411366110310667,0.0,0.01197223002805009,0.0,0.012492164732314324,0.010030177375846796,0.0,0.0033048988800962837,0.0
0.0,0.0,0.11865148250017378,0.024808926056413272,0.0,0.02908394473393647,0.0,0.0054492518932862865,0.0,0.009991643299350777,0.0015098231587305816,0.0,0.0,0.0,0.001756077862927739,0.0007175595429511826,0.013760764382152605,0.0,0.004494479525951688,0.0,0.0,0.0,0.0027190415465385555,0.0,0.023110772420172274,0.0012111662242598764,0.013175648607396898,0.004350252708081958,0.04745278058903814,0.0,0.004870755672842101,0.020098546732779124,0.04995320903097926,0.02564755555415036,0.008521504454010927,0.00768746348838878,0.08293235909884607,0.0,0.0,0.026850789398940426,0.03642016288246102,0.014761058738284987,0.04482319205216679,0.05984642835952136,0.015967381794657017,0.058590389249473504,0.030341536745061327,0.0,0.0,0.0,0.022600225349456635,0.0,0.016651797471217932,0.015548429140401847,0.03142874049015223,0.0,0.0,0.0,0.0,0.01097091989077257,0.00612337035984145,0.0,0.047443839687883,0.0022119509400915565,0.012678273783714198,0.09203999144949992,0.06210805462580625,1.0,0.0,0.010757872039444723,0.009914842442691616,0.0,0.0,0.005064100825387553,0.0,0.0,0.004630550529217561,0.017784186769443128,0.009613919752498801,0.013749502604030623,0.009824977968423104,0.003151314399793989,0.010744106362610592,0.015064454740551141,0.0010275207909696978,0.023205251982965254,0.008317032905455563,0.004341161260928294,0.0,0.0,0.03506155207167699,0.0,0.0,0.023752738320732613,0.0,0.02083791201198123,0.0,0.010734958547957028,0.03961847881814262,0.005764197421288934,0.005118928487900714
0.0,0.3623077806599436,0.01152731433691326,0.10926487807342508,0.0,0.0,0.005134570555111031,0.03149987400075599,0.02051632787721527,0.003094155116088521,0.0018702137019958292,0.019989369592538792,0.11980506270447537,0.0,0.017401989694105963,0.02844284763211024,0.0,0.05826513350684275,0.0,0.0,0.035305230159529605,0.02029888904378545,0.01085266716241913,0.04908003967413878,0.002120536949861925,0.02000357595883253,0.002417872427837587,0.0071848610655743175,0.02612427818074529,0.0,0.004692637723110328,0.0,0.01786137307694655,0.0,0.0,0.010580488233885701,0.0,0.0053416098763716365,0.0,0.0,0.0,0.031582287021482205,0.0,0.0,0.016482292448559463,0.1272315625033192,0.008351994725282693,0.00811412629185358,0.006053310169018693,0.0,0.0,0.002222293556246691,0.0015278914601968882,0.02653571819386744,0.0,0.009764666137689794,0.012812442652769462,0.0011746134034617875,0.015512295778898205,0.0,0.022755004948392405,0.001989836008403767,0.016455194234514706,0.0018266249405349394,0.020939389456173074,0.0,0.005698746122527188,0.0,1.0000000000000002,0.0,0.0,0.0,0.0,0.022303599840609107,0.016332298461080454,0.01794752635212302,0.0,0.007343074050921695,0.017642570916744076,0.0,0.0,0.09368458289772193,0.010646955476268732,0.0,0.025455742299950162,0.0,0.0,0.028679382662139898,0.0,0.0,0.0,0.008212289622254492,0.0,0.08717763016099024,0.01724366655737836,0.0,0.0,0.010834888348405205,0.040714321576204276,0.0035700475701297887,0.0
0.0,0.005648144839523078,0.0016635400701035332,0.01971041319963609,0.0,0.02166268831822368,0.0,0.008658738891102184,0.013746434980705375,0.02530316682646192,0.2141174522225672,0.0,0.037460399355343656,0.058592730228403736,0.012556657305237423,0.001710279000560002,0.008882877897651692,0.024290962005422398,0.0,0.03281962417810423,0.022927499417569875,0.0,0.007020805933679028,0.027544542937909998,0.0,0.02165080424217984,0.0,0.0,0.0,0.009493504511623549,0.0,0.0022811528163835717,0.001841161718291288,0.04401366102620339,0.011001639366407493,0.00305380171372007,0.0,0.0012847719495468147,0.010266286436124053,0.00533316267485823,0.00723385262202619,0.14072994518220241,0.00445144035188126,0.0,0.007135821875059327,0.04137725014362025,0.02410601027215774,0.0,0.011647609296910204,0.05413319619607668,0.09234321576188693,0.0016035280509836367,0.008819777417424464,0.03335324141469923,0.0,0.002348612017865127,0.0,0.013560948588221535,0.05372698240705065,0.015253477177414314,0.0,0.002871589891770855,0.0,0.0,0.0,0.02193742193719402,0.030154759590430395,0.010757872039444723,0.0,1.0000000000000002,0.017723769745143798,0.030892937713301753,0.005505319331958758,0.0,0.01865927636898313,0.002877843815458211,0.022073522424581802,0.0,0.0050921008661425965,0.010923825440837996,0.0,0.0,0.007682464684191146,0.002992135037287539,0.0,0.0,0.0,0.02414302715772791,0.0,0.002279072421225408,0.002142769957945042,0.0027349367680356593,0.0,0.0,0.016589889275333405,0.030477146757425442,0.0,0.0,0.007344501870679565,0.015456116693379658,0.07472986096190205
0.0,0.020078487392370368,0.005174477304340861,0.0,0.0,0.0,0.0,0.15037700131463383,0.0,0.013889302361644004,0.0,0.0,0.02688954945577738,0.0,0.0,0.0,0.0,0.0,0.0,0.0,0.11886080324886113,0.0,0.015118870456954765,0.012239699357509067,0.003172947892681753,0.0014965620898237542,0.0,0.005375334246995696,0.0,0.029529750750756673,0.00401232472898805,0.0,0.0012726607279841553,0.1432436578375139,0.0,0.0,0.0,0.0,0.0,0.0,0.0975045706338752,0.0,0.013846301322337927,0.0,0.10358193069799172,0.0,0.0,0.0,0.013586302572412737,0.0,0.0,0.0,0.04115116211744807,0.03330117797130888,0.0,0.012175680647905824,0.0,0.0,0.0,0.10167057875802785,0.06809638002645108,0.02828511746308028,0.0,0.03279802744017821,0.0,0.0,0.0,0.009914842442691616,0.0,0.017723769745143798,1.0,0.0,0.03852993294765808,0.0,0.012218964632544821,0.017903190642831267,0.0,0.0,0.003959772420995762,0.03397879488209718,0.015175135817836246,0.0,0.0,0.0,0.01904464430401361,0.0,0.041107342317864386,0.0,0.10039243696185184,0.0,0.06665132217175856,0.011342773153340873,0.0,0.0,0.002150133698798278,0.0,0.0,0.0,0.1174897627125289,0.0,0.08380808731893899
0.0,0.006057218881958805,0.004162722821312496,0.04932191794966367,0.0,0.03613810036954789,0.0,0.0,0.0,0.14898075692765383,0.004502454506741623,0.0,0.024035437052308532,0.03665455669931697,0.0,0.0,0.020518037245078613,0.031171258089541114,0.0,0.0,0.0,0.0,0.005856119650970789,0.0,0.0,0.016253223809586194,0.0,0.0,0.0,0.07918620576080457,0.00968341036216175,0.0038054616410372697,0.0030714602912975727,0.0,0.0,0.01528322679317798,0.0,0.006429841529729815,0.0,0.0,0.0,0.0,0.0,0.008498498318182347,0.0013226790043165432,0.006471215607887491,0.0,0.0,0.0,0.011288250843574545,0.0,0.0,0.0,0.004636708243024588,0.020827527374511812,0.0,0.0,0.0,0.0,0.0036351621284384326,0.0,0.0,0.0,0.0,0.030246377189329803,0.0024397610741861554,0.0,0.0,0.0,0.030892937713301753,0.0,1.0000000000000004,0.07576862955385388,0.0,0.009829816605057813,0.04320785417342673,0.0,0.03339199899494938,0.0,0.0,0.0,0.0,0.0,0.0,0.05209101146610658,0.0,0.0,0.0,0.0,0.005702986630594648,0.0,0.12318675712567738,0.0,0.0,0.012972919906352895,0.001883057192912601,0.0,0.0,0.00787643671925001,0.06016309113756074,0.0
0.0,0.0007795920844378609,0.06589868657660541,0.12854616876762837,0.0,0.0,0.0,0.03137224131610568,0.0,0.13518031273742673,0.0,0.04761419858745169,0.0027841247201772284,0.009435221945331251,0.05459416038171891,0.0,0.0,0.08124067290259901,0.022178965224121293,0.07134700671092668,0.0,0.0,0.005739789126943165,0.0038018691542029597,0.0,0.00418373014925715,0.0,0.0,0.018212898613277698,0.15746069761506384,0.004673623870842934,0.006612036929122821,0.01778900151770486,0.0011812576372244564,0.0024529852844284274,0.0,0.0,0.0,0.0,0.0,0.003494614677072012,0.006953060301565228,0.0,0.0049220821740296825,0.037536796591919365,0.0,0.01746812280489935,0.0,0.00703358025947412,0.0,0.004956694186364259,0.07746512066062114,0.0,0.0005967657954174512,0.0040208986490343325,0.0,0.0,0.0,0.0,0.03158069703999446,0.0,0.01664689736988848,0.0,0.005093826457715075,0.0,0.0,0.006180158398934714,0.0,0.0,0.005505319331958758,0.03852993294765808,0.07576862955385388,1.0,0.30612606292953704,0.06167571439933858,0.0,0.0,0.008532207874091507,0.025829496288406723,0.023747445821041085,0.029696109216117653,0.03265674554026552,0.0,0.034691419568869133,0.005915606553503763,0.004453215348132185,0.0,0.009997112362360524,0.0031183683377514434,0.0,0.006210927207853151,0.0,0.015489917761339695,0.0,0.006010829247756457,0.054530588198644495,0.0,0.0,0.051700425528255475,0.018251989047236263,0.00442057725392083
0.0,0.0,0.0,0.013917555356722601,0.0,0.0,0.0,0.00917092477583472,0.006719801866128408,0.0021019538754992757,0.0,0.0067896940048920015,0.0,0.010343105928271186,0.00443313824451594,0.04347470990523153,0.0028948683571177404,0.0,0.025933961125289392,0.07531547045171019,0.018887336131441574,0.011376464555525698,0.007626773354704822,0.002778463902964919,0.014405453807811516,0.018345202416984292,0.0,0.03660671329108892,0.018634369316254132,0.0,0.028690666467903397,0.024966249530278595,0.13390487541648655,0.01035937294633545,0.004780477385098125,0.004312588880677359,0.03877017543326962,0.0,0.00271839068647794,0.0,0.0,0.01863180881773068,0.03771803272937983,0.0,0.0,0.005478102141525234,0.009929088002709117,0.0,0.006168297140247833,0.03503824441133676,0.0027168207234902295,0.024909583790600327,0.0,0.0017445021423301932,0.0,0.024875382448125472,0.004351941398892446,0.0,0.03793671112960709,0.0030772872744833177,0.00257636139989554,0.028386881201338456,0.0,0.03350381386107036,0.0,0.016522719903220323,0.01032355181371784,0.005064100825387553,0.022303599840609107,0.0,0.0,0.0,0.30612606292953704,0.9999999999999998,0.04368667325486747,0.0,0.0,0.0,0.016179933792325785,0.02313999362776085,0.0020668922917578348,0.009281240576704403,0.0012054668930055802,0.0,0.0,0.0,0.006998656386948177,0.004870694686585248,0.00683685327756172,0.019311081668224015,0.009078080465702125,0.0,0.0,0.0,0.002928537063287113,0.004782214161680439,0.041252202722719636,0.0,0.0,0.08730871646426866,0.0021537501392279858
0.0,0.007787788154101084,0.0011468630868997607,0.07020765712291344,0.010914282548826034,0.13739739125218692,0.0408674510966175,0.005969431209847821,0.0,0.04720218444272158,0.03349247009441337,0.002485950916887424,0.01787927352681177,0.0,0.015870616042193125,0.0005895427135458201,0.000471073472462505,0.057968516272956724,0.11816441689822323,0.0237575258816101,0.010537649289602087,0.0,0.0003723247655512492,0.0,0.0028129889074750697,0.009950870689678646,0.007216690432670639,0.005361213180131529,0.002599128421566098,0.03708792501229744,0.0,0.05582915330595844,0.03807952299441392,0.005057251506133918,0.0029171742079691634,0.00631597493162664,0.005678061667979745,0.0,0.06369923182648579,0.0,0.004987098716388933,0.003307527086597522,0.012275490599492369,0.0,0.0,0.019611582344767613,0.0,0.0,0.0,0.003110002458457915,0.0,0.0,0.0,0.017458480905682465,0.0,0.0,0.014871752967788063,0.0011686336595283188,0.03935498000652738,0.028543204294489706,0.0,0.07819839150106526,0.0,0.0036346518480920575,0.037499023475645314,0.010082602314451428,0.003779823225959195,0.0,0.016332298461080454,0.01865927636898313,0.012218964632544821,0.009829816605057813,0.06167571439933858,0.04368667325486747,1.0,0.0,0.008877010722041102,0.05560443197161564,0.19308031364595757,0.0,0.02018036074124833,0.007767304305575763,0.02824734334865046,0.0,0.0008442050576620023,0.0,0.0,0.007133345280816024,0.0,0.0,0.05761273124304551,0.0,0.0,0.0,0.0,0.007003761684350373,0.0,0.020579484346321023,0.0,0.0,0.0
0.0,0.009780552037760619,0.0,0.0033183242075118685,0.006853531857270784,0.0,0.012474764128142312,0.02623917857029948,0.0,0.0781814350941071,0.007270084086278816,0.0,0.0058214796449060045,0.0,0.012683770597615694,0.02073110953690617,0.022086894431140428,0.0,0.0030916812900317015,0.0,0.01029315493483293,0.017754276829967292,0.0,0.003974768754680584,0.012364748945886865,0.0,0.031721620082836015,0.01571046721669155,0.0,0.022375754238310567,0.00586340246215558,0.05530188804444802,0.023557468292424357,0.0,0.008548469948839696,0.009254147687364635,0.03697546253554009,0.0,0.0,0.048484361128107036,0.034099716973523674,0.0,0.0,0.0,0.0,0.015673544798511074,0.024350039734562536,0.047313080076497704,0.0,0.01822706541441223,0.08032274175681556,0.03239521705674786,0.0,0.007486862723400594,0.0,0.009489549753015674,0.03735436838188142,0.0,0.0,0.0,0.011056944935086906,0.005801319021816677,0.0,0.0,0.012209657262637608,0.011818399141982364,0.0,0.0,0.01794752635212302,0.002877843815458211,0.017903190642831267,0.04320785417342673,0.0,0.0,0.0,1.0,0.0,0.02021919156584974,0.05143649115846573,0.016551613925410952,0.02069774318198526,0.003793543723369884,0.0,0.008059799884101045,0.0,0.006207648748792229,0.0,0.0,0.0,0.0,0.0,0.05525246046219604,0.0,0.0,0.004189457924451079,0.04332798334448251,0.01748559738953374,0.06030599852986285,0.004239343759680521,0.0034694626072893585,0.022594558152853054
0.0,0.20317482979925403,0.002148131058934812,0.025452077493956508,0.0,0.0,0.0,0.0,0.11469738702415988,0.055738010560904806,0.025557907794484157,0.0,0.049612977912238065,0.00945760684499091,0.013512020759491173,0.0,0.0,0.0,0.006916492934603574,0.0,0.003289589371466546,0.0,0.029290070353767482,0.010162370726733297,0.02766155069027072,0.05591541301514854,0.03154017228022943,0.0,0.0,0.008172648304282444,0.017489591324949896,0.0029456550540109313,0.004754988163690164,0.0,0.06338252758126656,0.03549039656012585,0.011816988020878988,0.0,0.0,0.0,0.012454775429336368,0.0,0.06897779583711539,0.026313385217183488,0.057334631600407394,0.0,0.0,0.0,0.024440926661083915,0.0,0.0,0.018635737274300207,0.0,0.007178179342423575,0.0,0.0,0.11142210370470743,0.0032833626209065265,0.04769717523420984,0.0,0.0,0.02781065307305305,0.0,0.0,0.011706253043321334,0.0037770421655316864,0.0,0.004630550529217561,0.0,0.022073522424581802,0.0,0.0,0.0,0.0,0.008877010722041102,0.0,0.9999999999999998,0.0,0.0,0.04231784217326234,0.0,0.004849514533337295,0.09259016483947287,0.011591241452436563,0.0,0.0,0.006399483966418582,0.008907404744216736,0.033341510531159635,0.047087498200546425,0.012451325048860838,0.007063253505248663,0.07452800314234438,0.024368508941428967,0.0,0.0,0.0,0.005506626853490543,0.0,0.013305666598702491,0.010503265176719767
0.0,0.0,0.021656659344338944,0.006109485483513168,0.004206094278753115,0.0,0.0,0.007157020880272079,0.0,0.0036908368920333594,0.004461737352094025,0.0014902594563903505,0.03929982673469956,0.006053846278176873,0.02075781696393566,0.05937367002583313,0.002541560748447032,0.02316702472867146,0.004427270629500007,0.02984035115592014,0.025268128015362126,0.0,0.0011159924738292735,0.0,0.0,0.0,0.0043262081676957815,0.004285200529713383,0.0,0.001307834987503553,0.015993066908956684,0.04242428570993506,0.013696578364060026,0.03334852072934906,0.010142842819230726,0.0056793808583916056,0.023826896685829865,0.012743388779735736,0.0,0.005142913991541742,0.00597925805498705,0.012557555099890913,0.034341161166717565,0.004210821822426732,0.0,0.025650777235335518,0.024076299340485434,0.03387603542597245,0.0,0.039151586370522296,0.07102724038873064,0.32804196570811794,0.0,0.0,0.0,0.00436788743621564,0.0025472023996695676,0.0017514096420180902,0.002775556721923547,0.007204576359443989,0.018095410775246474,0.0,0.0,0.05719544745469224,0.007493212350568552,0.0,0.004531800903794479,0.017784186769443128,0.007343074050921695,0.0,0.0,0.03339199899494938,0.008532207874091507,0.0,0.05560443197161564,0.02021919156584974,0.0,1.0,0.037880626051440554,0.04514632428335818,0.0036292719888856685,0.015520953656557321,0.0,0.0,0.017206645191615945,0.015556308108693304,0.0027308876214546533,0.0021381225164621713,0.0,0.0018838042250152885,0.0013283559121748964,0.05877576340296012,0.002650312669755573,0.0,0.0,0.050382758611224224,0.0013413899700246274,0.05639696896466978,0.01951301887618349,0.03832651080959865,0.0
0.0,0.021632322971853087,0.09365865878170708,0.1321086062107098,0.0,0.0,0.016554778845353346,0.023214001956429735,0.0,0.010641186700547119,0.014471772732434569,0.0,0.007725461346137413,0.0,0.11782500294856824,0.009170485578642223,0.0,0.04007621728818844,0.014359978931757712,0.0,0.10244737003646173,0.0,0.00289580281004839,0.003516508316001667,0.0045579949821276,0.0,0.0,0.06022973882939689,0.0,0.0,0.005187397001134897,0.015289376030515327,0.054845979905455,0.0010925947569889799,0.004537738045080439,0.013645358723407656,0.0,0.00688892434000845,0.005734129713988376,0.0,0.009696947270970582,0.005716601990677887,0.003978090664130116,0.0,0.014879724985382526,0.0,0.0,0.02616140236912147,0.006505653527387419,0.008062812085685442,0.004584654447394097,0.04299044442947252,0.0,0.02097500158281195,0.0,0.0,0.0867502004010629,0.008331762668687265,0.04201212224615433,0.029210311891849295,0.029346491240291185,0.09238448351983564,0.0,0.10600861139000496,0.03510642576611939,0.0,0.008982738029582014,0.009613919752498801,0.017642570916744076,0.0050921008661425965,0.003959772420995762,0.0,0.025829496288406723,0.016179933792325785,0.19308031364595757,0.05143649115846573,0.0,0.037880626051440554,1.0,0.014643339425323105,0.10202094511831405,0.005034265717208299,0.018308106213920476,0.008021887422990912,0.0,0.0,0.0,0.023116871815130818,0.0,0.0020367242970966925,0.019149157331687476,0.0,0.0,0.0,0.0,0.015131288776601508,0.0,0.0,0.0,0.0076736502571520615,0.0
0.0,0.018562689643134456,0.03827069814130373,0.0,0.01951116629225272,0.04153021922220605,0.0,0.008299969954163149,0.004054418716402478,0.0,0.0,0.1497815137939568,0.02762173328637516,0.0,0.03610914233663679,0.004918244271970623,0.0,0.02865782470362433,0.1158882362473287,0.022021835813247615,0.0,0.0,0.010353697893923756,0.007543786742456422,0.0,0.0553432478497066,0.07023922071937733,0.014908592376287565,0.0722771970985157,0.02730044289261078,0.012982969300761711,0.017493078449375175,0.025884825104811004,0.11719440282772468,0.021091587894296066,0.07025446856949061,0.0,0.01724153620824326,0.029522729591104163,0.0,0.09014359737832989,0.06898238997055144,0.0,0.029299644525123486,0.0,0.002478925751321399,0.02695839321849411,0.059864243390354566,0.016747497831617858,0.030269297423167037,0.014752839605816704,0.11989278291841066,0.033817343836181415,0.0532854543634193,0.02393517558683992,0.04052337987017673,0.05317165721406521,0.0016248824922393307,0.0,0.0,0.05246294801122481,0.005505215048549135,0.05492031993374841,0.08338546022164739,0.01158646656857201,0.0,0.012262862056844879,0.013749502604030623,0.0,0.010923825440837996,0.03397879488209718,0.0,0.023747445821041085,0.02313999362776085,0.0,0.016551613925410952,0.04231784217326234,0.04514632428335818,0.014643339425323105,1.0,0.042088529525279014,0.03239926389708629,0.014728294005546424,0.00764842123720218,0.014085516091760066,0.02209052017703241,0.038004000131531844,0.09918290272910915,0.0,0.03932353099381284,0.0,0.0,0.0737653810861245,0.05426809539693162,0.011926873901030052,0.004328051404467924,0.008296559241073101,0.02452625658129468,0.0,0.055970433729189056,0.0077968413791683
0.0,0.0,0.17946522128301717,0.010125662936196865,0.06971044134477533,0.0,0.011419793444309831,0.004448180288044824,0.0,0.0,0.013865134999622542,0.0,0.00888194416639719,0.0,0.08385812192139652,0.005271642510319154,0.056164003859442,0.021117951151296423,0.023585189911627523,0.0,0.003926116425884108,0.00902934792855256,0.007213477840860007,0.07277257942689186,0.009432568390493692,0.004448993409391173,0.0,0.03994960650275274,0.085863295669554,0.0,0.009939896244524949,0.007031263411083444,0.022700264411452314,0.018842303119398347,0.02347661889504036,0.07059616118274128,0.009402363139033212,0.003960089800014469,0.0,0.0,0.0074323711673496,0.009858545158879541,0.013720803555117986,0.00348943970595682,0.004887766775714615,0.0026570478504018467,0.012383775635757608,0.0,0.0029918136306549678,0.00926979549318643,0.0,0.008237668276430039,0.020389091582436458,0.003807617120669796,0.0,0.014478389724214925,0.0,0.0017416376956263051,0.0023000588103805715,0.0,0.08997223941195523,0.013276777070324786,0.0,0.20312973886754454,0.05588553119436915,0.0,0.0075108597229022805,0.009824977968423104,0.0,0.0,0.015175135817836246,0.0,0.029696109216117653,0.0020668922917578348,0.02018036074124833,0.02069774318198526,0.0,0.0036292719888856685,0.10202094511831405,0.042088529525279014,0.9999999999999998,0.0,0.0,0.018445489015553162,0.11574845479869919,0.003157043280776211,0.0,0.01594644686428289,0.0,0.0,0.06934958013435921,0.05057984898846629,0.0,0.061399033134417275,0.02556774816176175,0.052189217986289775,0.0,0.03943286963697609,0.012936097649536555,0.0,0.01566952485522226
0.0,0.0,0.04056793187174721,0.0,0.014906192382437337,0.0,0.02279102801729448,0.09987126940898029,0.0,0.0,0.004743653678866376,0.02376632977775016,0.11395363384911898,0.0,0.008276027394350741,0.00676341585975126,0.014411467154933594,0.04433551330755755,0.07564836158336614,0.0,0.0,0.03861493191394177,0.005695232743271555,0.0025934949585204245,0.002689289703270241,0.0,0.01609846363594238,0.013667886959716307,0.016565557209795453,0.00417141290056644,0.0,0.009020975602105352,0.0,0.00966972487246781,0.0,0.0,0.0,0.0033871459868568266,0.0,0.0,0.0,0.0,0.007823789702613807,0.0,0.0020903035606658965,0.0,0.10327294736592213,0.0,0.06909190730382087,0.0,0.02366891811186161,0.012682523784748144,0.0,0.0,0.005485817608143506,0.0,0.006093333477767907,0.0,0.017705587060621947,0.0,0.00961938759733467,0.0,0.0,0.0,0.0,0.0,0.0,0.003151314399793989,0.09368458289772193,0.0,0.0,0.0,0.03265674554026552,0.009281240576704403,0.007767304305575763,0.003793543723369884,0.004849514533337295,0.015520953656557321,0.005034265717208299,0.03239926389708629,0.0,1.0000000000000002,0.0,0.0,0.019369961648859037,0.011138670826340465,0.2700198869524188,0.0,0.01914512312567269,0.012016998048615047,0.0,0.0,0.03803994276843257,0.012437964877624864,0.0,0.01785540320412043,0.0,0.0,0.013830636883239262,0.006791363978232114,0.0
0.0,0.14070059995348233,0.0,0.017716672738091258,0.010841865277390695,0.0,0.0,0.0,0.0,0.024081575514852082,0.01617303550431566,0.0,0.029354395900518686,0.0,0.0,0.01383553339707749,0.0,0.0,0.03026213053171714,0.053099758138527464,0.10991117565311123,0.0,0.020388221395938436,0.03536909638347655,0.0,0.015568632048049001,0.00940905922161011,0.0,0.10166164173693967,0.051199326224109575,0.009275541558090405,0.023921455673265098,0.0022065669410705714,0.0,0.0,0.04940828436108043,0.029612032826634598,0.012318028481781752,0.0,0.0,0.004334757749350059,0.0,0.0044457443286244555,0.00915810575059859,0.0,0.010847629848418052,0.0,0.005847373327114295,0.0,0.0,0.02766751626269824,0.002882657143499246,0.007927642538219436,0.16766316662346759,0.0,0.18999414714973875,0.0,0.11579774682350925,0.0,0.0,0.0,0.0,0.0,0.0,0.09778181173951911,0.0,0.003285400781431446,0.010744106362610592,0.010646955476268732,0.007682464684191146,0.0,0.0,0.0,0.0012054668930055802,0.02824734334865046,0.0,0.09259016483947287,0.0,0.018308106213920476,0.014728294005546424,0.0,0.0,0.9999999999999997,0.0071719351873392526,0.02568223767659266,0.0,0.003959600395514406,0.02480105206916498,0.006769101028689873,0.00068284684216235,0.034668455036512474,0.0,0.0,0.0,0.0,0.06493471674250265,0.0,0.0,0.0,0.004116357115923051,0.00609259080002143
0.0,0.0,0.0,0.0,0.0,0.0,0.0077821135315022496,0.0,0.02295120387690849,0.0,0.0018897023877508339,0.002524708767796387,0.0,0.05128032810617246,0.0,0.010777214328663335,0.0,0.0,0.006428929785793319,0.0,0.005350969597326635,0.0,0.0,0.0,0.014284227637342972,0.03840284663938693,0.012215340138096647,0.0,0.0035195343935821148,0.0,0.05080218927128826,0.043123618094854675,0.0,0.0,0.0017775930932548056,0.032072228736972436,0.0,0.002698636237944596,0.0,0.0,0.027856682419916356,0.0,0.06545109250097712,0.06420351071224493,0.0,0.00814800342850674,0.05907319067657538,0.0,0.006116389088575151,0.0,0.0,0.003368176670164319,0.0,0.09557264554903404,0.01602592947424286,0.0,0.0,0.0,0.004702182805355122,0.0,0.03065616664617583,0.0,0.0,0.02768489110071068,0.008463035900367526,0.0,0.005758130283952678,0.015064454740551141,0.0,0.002992135037287539,0.0,0.0,0.034691419568869133,0.0,0.0,0.008059799884101045,0.011591241452436563,0.0,0.008021887422990912,0.00764842123720218,0.018445489015553162,0.0,0.0071719351873392526,1.0,0.025721005548644513,0.0,0.0,0.0,0.013558638255026612,0.0,0.0,0.0,0.04939001974887773,0.01981936584681337,0.0,0.07112955614656863,0.0,0.003981016007304421,0.03673088201865787,0.0,0.002135625692403331
0.0,0.024969913580935598,0.002860026224773198,0.015531518604934891,0.0,0.0,0.0,0.0,0.0,0.023030598065305236,0.007733602811121825,0.0,0.008256852935480058,0.0,0.0,0.1602508031064115,0.05286394907921325,0.019274776986097066,0.0,0.0,0.0,0.007554494477488185,0.02785490105417031,0.15221477058564115,0.018414323479708183,0.0012407649813170488,0.008998425413316951,0.031195956247511054,0.0,0.04488445994152069,0.0,0.0,0.012661602549877487,0.004203893820757045,0.0007274795773205499,0.007875331478447493,0.0,0.0,0.005515693791741816,0.015281652849042204,0.0,0.00412412532710777,0.0,0.00875842415092467,0.023854827968193614,0.015561320075136623,0.0,0.0,0.0,0.017450251522413328,0.0,0.008270553310484242,0.030326645163319083,0.01592840520605596,0.0,0.0,0.0,0.0,0.0,0.0037463432463267755,0.0,0.0,0.0826255812490643,0.0,0.010390486669322622,0.0,0.0,0.0010275207909696978,0.025455742299950162,0.0,0.01904464430401361,0.05209101146610658,0.005915606553503763,0.0,0.0008442050576620023,0.0,0.0,0.017206645191615945,0.0,0.014085516091760066,0.11574845479869919,0.019369961648859037,0.02568223767659266,0.025721005548644513,1.0000000000000002,0.00792411574519035,0.0,0.1334175465659515,0.0,0.0,0.0,0.042318137796779745,0.0,0.0,0.010695756427718075,0.061130485507282596,0.0,0.0,0.015332747387170583,0.0,0.0
0.0,0.0,0.018838767410236792,0.06377447649156945,0.0,0.02570010840111468,0.0,0.0,0.0,0.01284239026021584,0.02328714624501034,0.0,0.0,0.042129120713796035,0.016928324426255196,0.0,0.0,0.009068674100658506,0.009903108889732492,0.04247611309634638,0.0,0.05686955420421678,0.0,0.0,0.013202035151567117,0.0,0.008467417034325814,0.0,0.0,0.0034129916459608193,0.025041784755011367,0.003690417983343381,0.020519288343584297,0.019119781052197176,0.00410730056572701,0.0,0.0,0.03117729864292518,0.0,0.0,0.03900942776746768,0.0025871703431407777,0.0,0.0,0.003420514228695078,0.011156592033539994,0.006499729228725823,0.0,0.013347368535191449,0.0,0.005533022141096534,0.0,0.0035671289705560094,0.0,0.004488419179342357,0.0,0.0,0.0,0.0,0.018801423086566835,0.0,0.024776634927781902,0.0,0.0,0.0,0.011830020891740702,0.0,0.023205251982965254,0.0,0.0,0.0,0.0,0.004453215348132185,0.0,0.0,0.006207648748792229,0.0,0.015556308108693304,0.0,0.02209052017703241,0.003157043280776211,0.011138670826340465,0.0,0.0,0.00792411574519035,1.0,0.0,0.11903469953855132,0.005221423919294372,0.0,0.0155994483516329,0.0,0.0023054628673826517,0.010176568762666318,0.0,0.010956780728176642,0.0,0.0015330870115903307,0.0,0.06667918733982327,0.0
0.0,0.014971353754566659,0.015433220382467847,0.0,0.0052454426655699415,0.0,0.0,0.0,0.0,0.0,0.0020865961909838932,0.0,0.0,0.008493507072251133,0.0,0.0,0.0,0.05200509674923438,0.010648169116544511,0.0,0.0,0.005095677844634847,0.0037577524899700607,0.0,0.0,0.0,0.012139284012153827,0.024048434223602883,0.017488103937846666,0.0,0.16155481799938287,0.0,0.0,0.0,0.0,0.01593626903301011,0.0,0.0,0.0,0.0123693856817522,0.06711088223025183,0.0,0.013765836123546267,0.0,0.03310070902018353,0.0,0.0,0.0,0.0861093454627677,0.0,0.0,0.0,0.0,0.0,0.0,0.0,0.0,0.09435710863774702,0.0,0.0,0.0,0.0,0.0,0.0,0.042051713353118,0.0,0.0,0.008317032905455563,0.0,0.0,0.041107342317864386,0.0,0.0,0.006998656386948177,0.0,0.0,0.006399483966418582,0.0027308876214546533,0.0,0.038004000131531844,0.0,0.2700198869524188,0.003959600395514406,0.0,0.0,0.0,1.0,0.0,0.0,0.0,0.009939598565798008,0.0,0.0,0.032826608214930636,0.0,0.01570815191681652,0.0,0.0,0.0584034964299738,0.0,0.021223286892260246
0.0,0.0,0.002013882210679692,0.005965358337509547,0.010951651991784628,0.0821712227199173,0.0,0.005241136217003126,0.002560221409328569,0.0018018837008201205,0.016336806625277474,0.026191856998428416,0.011628095643969362,0.05024376945805187,0.053203828567025505,0.0,0.003308804675821837,0.02940664739141024,0.03056857041052342,0.039731448903039465,0.012336017373022876,0.0,0.07845590956801116,0.0,0.02222813492683559,0.0052420942896218604,0.0,0.009414246542989538,0.006085397697718906,0.0,0.03162195244631053,0.06213519955704698,0.008915644168933095,0.0,0.003073520445459867,0.016636200567261138,0.0,0.0,0.02796383266552324,0.009684492995311019,0.0,0.008711985812159331,0.0,0.03700336963001097,0.12957942815167595,0.0031307071245469924,0.0,0.042527411286195575,0.0035251500071373358,0.024575125086946543,0.013973841300997833,0.009706158193114165,0.0,0.04037744612270599,0.0,0.0,0.0,0.0,0.0,0.0211038457019066,0.008834263525960956,0.020858086570929538,0.024641216981515418,0.0,0.04024043152234376,0.015934470560029213,0.022124462344935716,0.004341161260928294,0.028679382662139898,0.02414302715772791,0.0,0.0,0.009997112362360524,0.004870694686585248,0.007133345280816024,0.0,0.008907404744216736,0.0021381225164621713,0.023116871815130818,0.09918290272910915,0.01594644686428289,0.0,0.02480105206916498,0.0,0.1334175465659515,0.11903469953855132,0.0,1.0,0.0,0.1200184965467551,0.0038910571294046045,0.0033109154407912978,0.0,0.11422791559623845,0.041422684789153966,0.004099516098904098,0.0,0.010324973250556426,0.022863231312778967,0.0,0.0
0.0,0.003656307129798903,0.0,0.001860755775144554,0.020496689591587163,0.0,0.0,0.0809251447524741,0.0,0.0,0.009172601208492146,0.0,0.015233886813985766,0.016594288518923906,0.0,0.0,0.0,0.019051043327204895,0.0,0.018589961948217947,0.008657855422666474,0.006637160019926238,0.003059063650563598,0.013373148829267137,0.006933553375281289,0.002452725386654248,0.0,0.07928703374959808,0.0,0.025094482225635695,0.007671796081214827,0.02325796873362083,0.0,0.0,0.0,0.0,0.0,0.0,0.0,0.006041707891061999,0.0,0.0018116685252608762,0.07564264566878527,0.0,0.0377246895474124,0.026366898329097686,0.027308649925475707,0.0,0.006597534829839045,0.010220857008796002,0.0043588170954103386,0.0,0.07993233594237634,0.0,0.01414358934512261,0.0,0.015709892783256862,0.03456586906386175,0.048184760102853844,0.05677714434030093,0.0,0.0,0.0,0.0,0.0,0.0,0.04968874877380132,0.0,0.0,0.0,0.10039243696185184,0.0,0.0031183683377514434,0.00683685327756172,0.0,0.0,0.033341510531159635,0.0,0.0,0.0,0.0,0.01914512312567269,0.006769101028689873,0.013558638255026612,0.0,0.005221423919294372,0.0,0.0,0.9999999999999999,0.0,0.0,0.0,0.01574042529115517,0.08551382496180256,0.0,0.0,0.0,0.0,0.06418491323914716,0.0,0.001151812342632736
0.0,0.0077455858771373525,0.014638318548448062,0.0,0.0036183792323950057,0.0,0.0,0.0,0.0,0.021432049558976228,0.002878726088613263,0.08269070221164103,0.0,0.0,0.0,0.0,0.00983893491029824,0.0,0.011017882507962228,0.0026254203419094277,0.03056825749199338,0.0,0.0008640499596240728,0.0,0.0,0.0,0.039077951631961615,0.1119753724271656,0.0904765281079393,0.0,0.006191264341386207,0.019160591917105625,0.0,0.0,0.0,0.0,0.0,0.0,0.0,0.0,0.0,0.0006396451230327707,0.06172312265923405,0.00815050394822059,0.0,0.0,0.0,0.0,0.01863511307550129,0.0,0.0,0.0,0.0,0.020751945578012958,0.0,0.0,0.0,0.19526653368914465,0.0,0.0,0.0,0.0,0.0,0.009489258323132216,0.014503928074773565,0.0,0.0,0.0,0.0,0.002279072421225408,0.0,0.005702986630594648,0.0,0.019311081668224015,0.0,0.0,0.047087498200546425,0.0018838042250152885,0.0020367242970966925,0.03932353099381284,0.0,0.012016998048615047,0.00068284684216235,0.0,0.0,0.0,0.0,0.1200184965467551,0.0,1.0,0.000857059149290094,0.0,0.020519874542127066,0.03019233393195842,0.22975687527648053,0.0018059502409646798,0.008654687618269919,0.0,0.003357295276027188,0.016485585150117665,0.0
0.0,0.0,0.008758182116638705,0.0024707405538775215,0.001700989017158886,0.002172369782073661,0.0,0.05861109271418989,0.0,0.0,0.0020299205026522897,0.0,0.03901074291870953,0.0,0.007083011883076302,0.09261516932629843,0.0,0.05059254521302906,0.03568081323929372,0.044431274802025536,0.0,0.030845236247547442,0.0,0.010358294154275482,0.017645754031735367,0.0054279450687725675,0.0,0.013647220821753195,0.0,0.007140181088356051,0.0029104944425780185,0.0,0.0,0.0,0.0044554826589493805,0.0,0.018583423174937774,0.0,0.052119448949698895,0.04144841573840617,0.06528803051539885,0.012629199121947337,0.060263691158052184,0.022989161958665398,0.007155918777910116,0.0,0.004532606437650014,0.0,0.026280929089315484,0.0,0.0,0.0,0.004975097013091918,0.02508538161993057,0.0,0.043277287095213286,0.0,0.032510446057439885,0.015153270714501503,0.0,0.0,0.07343177028709562,0.0,0.023791313774405208,0.01363650451007177,0.005499801295768712,0.009621718163162303,0.03506155207167699,0.0,0.002142769957945042,0.06665132217175856,0.0,0.006210927207853151,0.009078080465702125,0.05761273124304551,0.0,0.012451325048860838,0.0013283559121748964,0.019149157331687476,0.0,0.06934958013435921,0.0,0.034668455036512474,0.0,0.0,0.0155994483516329,0.009939598565798008,0.0038910571294046045,0.0,0.000857059149290094,1.0000000000000004,0.0,0.004823165150455133,0.01419332389509149,0.026514600453691917,0.025469150645520418,0.0,0.03955681123108027,0.0,0.0,0.004588183205039295
0.0,0.0005163818063308275,0.003193873185784393,0.009460631777136951,0.008684268486784514,0.0,0.0,0.0,0.00406032808947941,0.0,0.0,0.005384609012300798,0.027661992356401734,0.00468723680805673,0.0060269619877244005,0.05253773528649666,0.041980220988351385,0.0023916328243051292,0.003917540759618707,0.0,0.0,0.0,0.0,0.0,0.009139467710201592,0.0,0.0,0.02986064372441096,0.002412751404787818,0.0,0.006810514942836169,0.02627786229088164,0.009426382765964527,0.0,0.0,0.0009771786869297691,0.021083608108344632,0.014799999422617317,0.0,0.08532729673290328,0.0,0.009211057704974952,0.0,0.0,0.001522249686067727,0.014895232925653692,0.0,0.0,0.0,0.025982927447713147,0.0,0.058494436892673744,0.029633303959792644,0.008696211931857984,0.0,0.0,0.0,0.15621607503698745,0.0,0.0013945495948656207,0.0,0.007350985303949335,0.11434286840932945,0.02024412017421141,0.0,0.002807881214670978,0.0,0.0,0.008212289622254492,0.0027349367680356593,0.011342773153340873,0.12318675712567738,0.0,0.0,0.0,0.05525246046219604,0.007063253505248663,0.05877576340296012,0.0,0.0,0.05057984898846629,0.0,0.0,0.0,0.042318137796779745,0.0,0.0,0.0033109154407912978,0.0,0.0,0.0,0.9999999999999999,0.0,0.0,0.051758449122312325,0.004334359601088483,0.0,0.021832892399907575,0.012086483350918123,0.019783062859142116,0.0
0.0,0.012108019454734746,0.0,0.007394368030740167,0.0,0.006501411749729084,0.0,0.014617479414299441,0.0,0.0,0.04860074602717731,0.053208415649983694,0.002162043262703289,0.0,0.0015702113803229287,0.0,0.0,0.0,0.0,0.012312292864969543,0.0,0.02967197796026795,0.000810417744011195,0.03985718551610347,0.0061228699652821515,0.19493535293047315,0.003927037979204129,0.0,0.003771581491375956,0.0011871637857856234,0.0,0.0,0.0,0.0,0.0,0.2612047168205248,0.03295762089499214,0.0,0.0,0.0,0.010855128814526115,0.0011998837608915944,0.026719349123989156,0.019111490454629152,0.0029744510405387155,0.0,0.013565066589402722,0.0,0.10487050751980978,0.0,0.05966223477535947,0.0024062563146687167,0.0,0.02502495909552666,0.0,0.01585948635480784,0.006936532069063644,0.0038155457609498904,0.0,0.017984519167827135,0.0,0.15512801725860645,0.0,0.005933502059624818,0.04081097581940498,0.0,0.00411366110310667,0.0,0.0,0.0,0.0,0.0,0.015489917761339695,0.0,0.0,0.0,0.07452800314234438,0.002650312669755573,0.0,0.0737653810861245,0.0,0.03803994276843257,0.0,0.04939001974887773,0.0,0.0023054628673826517,0.0,0.0,0.01574042529115517,0.020519874542127066,0.004823165150455133,0.0,0.9999999999999998,0.009439424529809982,0.0,0.0,0.0,0.0,0.03306350767031124,0.0,0.0
0.0,0.0,0.00550949553401575,0.0,0.0,0.0,0.0,0.0,0.021012443050519716,0.0,0.0,0.0,0.0,0.03234231136765754,0.0,0.0,0.054312544659356844,0.024753688574416857,0.010136754998058793,0.06521739130434782,0.0,0.0,0.0787000234669196,0.0,0.0,0.0,0.10400628679223045,0.0,0.0,0.010480545203757963,0.0,0.005036649043462495,0.051492216705255445,0.02969374596795461,0.05605606616635937,0.06068350455470512,0.024246432248443597,0.01702019793924494,0.011333673348634098,0.011775304351393312,0.06388765649999398,0.0,0.0,0.0,0.052518226987695954,0.025694576618532437,0.0,0.0,0.01928791874526149,0.0,0.0,0.0,0.0,0.0,0.0,0.07778392391088187,0.040824829046386304,0.0037427204703668377,0.0321278655674488,0.01924500897298752,0.0,0.012680597615142225,0.0,0.0,0.0,0.0,0.0,0.023752738320732613,0.08717763016099024,0.0,0.0,0.0,0.0,0.0,0.0,0.0,0.024368508941428967,0.0,0.0,0.05426809539693162,0.061399033134417275,0.012437964877624864,0.0,0.01981936584681337,0.0,0.010176568762666318,0.032826608214930636,0.11422791559623845,0.08551382496180256,0.03019233393195842,0.01419332389509149,0.0,0.009439424529809982,0.9999999999999999,0.0045786854649563,0.0,0.10032813869974268,0.0,0.14594598945931375,0.03412618163949675,0.0
0.0,0.04228641799978564,0.0,0.0,0.0,0.012614294181249161,0.0,0.0,0.0,0.01300073244036783,0.0,0.040244953976409995,0.0,0.0,0.0,0.012448802595594534,0.0,0.0734439014436698,0.0,0.007166638119062036,0.0,0.005330623696004667,0.0,0.005728331501262048,0.007424895348577785,0.0,0.0,0.0,0.0,0.0,0.0021125451002018346,0.0008302043436259601,0.0008934315695497254,0.0,0.0012319828578169839,0.0889122176855161,0.023979625973207228,0.0,0.0018681597153343277,0.0,0.008775644526199302,0.0,0.0,0.0074161727365405885,0.01731343986387642,0.0,0.0,0.0,0.0,0.001641772758257796,0.005601242368865545,0.015173316987260429,0.012839503726660853,0.01303775758939584,0.0,0.04273777461816261,0.0,0.1406583604184535,0.0,0.0,0.0,0.025082122170561653,0.0008230940560310689,0.0,0.0,0.01703236396325812,0.01197223002805009,0.0,0.01724366655737836,0.016589889275333405,0.002150133698798278,0.012972919906352895,0.006010829247756457,0.002928537063287113,0.0,0.004189457924451079,0.0,0.0,0.0,0.011926873901030052,0.02556774816176175,0.0,0.0,0.0,0.010695756427718075,0.0,0.0,0.041422684789153966,0.0,0.22975687527648053,0.026514600453691917,0.051758449122312325,0.0,0.0045786854649563,0.9999999999999999,0.0,0.023624793791518196,0.004138638501947949,0.022147408728656837,0.0,0.0
0.0,0.015344992521308023,0.04350056126421993,0.0,0.11290340711112679,0.0,0.0,0.015437778871223386,0.0,0.10496961840222796,0.03208006784543889,0.0,0.0,0.0,0.003316656091444966,0.056919871113061404,0.08663192746080682,0.13325745850529466,0.0018189857570401569,0.0195048458006928,0.06358759357223577,0.00232126676937773,0.0,0.0,0.044456990879056565,0.006862489278374125,0.008294828707956801,0.10475658779959143,0.0,0.012537846977198026,0.0015332104395168861,0.005422796274560846,0.004863157510684822,0.058127801611844325,0.07443628421438397,0.007259550713775663,0.017403563537800423,0.002036121529320417,0.0,0.025356174717568947,0.0,0.0019008277330319816,0.0,0.0,0.0,0.0,0.0,0.0,0.0,0.005361932435978083,0.04166812985542019,0.0,0.09434937940225392,0.02447157636039106,0.0,0.12562113296899863,0.0,0.07857847623323115,0.02394763499192947,0.0,0.0,0.0,0.009557960390359941,0.002088825533966076,0.0,0.011588893816230057,0.0,0.02083791201198123,0.0,0.030477146757425442,0.0,0.001883057192912601,0.054530588198644495,0.004782214161680439,0.007003761684350373,0.04332798334448251,0.0,0.050382758611224224,0.015131288776601508,0.004328051404467924,0.052189217986289775,0.01785540320412043,0.06493471674250265,0.07112955614656863,0.061130485507282596,0.010956780728176642,0.01570815191681652,0.004099516098904098,0.0,0.0018059502409646798,0.025469150645520418,0.004334359601088483,0.0,0.0,0.0,1.0,0.0,0.0,0.03990737825619467,0.0,0.033837929389797176
0.0,0.00980507759030085,0.0037903366772732224,0.0,0.0,0.0,0.013131347925060481,0.0,0.002409302058049127,0.0,0.0,0.0027386561499248255,0.0,0.0,0.0,0.013638905784375006,0.005189596679733259,0.01135310400285408,0.005811438636631729,0.024926245639687622,0.0,0.0,0.0,0.0,0.0,0.0,0.0,0.0,0.0,0.007210241779553498,0.020573369020401366,0.0,0.0,0.016714014156399507,0.0,0.0,0.006255255645246247,0.0,0.0,0.0020252474883398945,0.0,0.005465622431573201,0.0,0.16250314913037942,0.0,0.0,0.0,0.0,0.0,0.0,0.0,0.004871467616087304,0.0016746378416846854,0.0,0.0,0.023188779882888106,0.0,0.0,0.0025503262043955355,0.0,0.00554233557480432,0.002180949867990198,0.0,0.0,0.0,0.002221506518744282,0.012492164732314324,0.0,0.0,0.0,0.0,0.0,0.0,0.041252202722719636,0.0,0.01748559738953374,0.0,0.0013413899700246274,0.0,0.008296559241073101,0.0,0.0,0.0,0.0,0.0,0.0,0.0,0.0,0.0,0.008654687618269919,0.0,0.0,0.0,0.10032813869974268,0.023624793791518196,0.0,0.9999999999999998,0.0,0.0,0.0,0.003474902438871835
0.0,0.019323821823122953,0.0,0.04425397074273712,0.0,0.0,0.0,0.01944066690407641,0.003165497553626617,0.004455754042273737,0.024238898034970768,0.21589346127478604,0.0,0.0,0.22553842555581238,0.0,0.024546345254153314,0.01118733415774045,0.03665013885829769,0.009824916223757078,0.0,0.008769455975903196,0.0,0.0019632767891583653,0.002035793451769485,0.0,0.0,0.0,0.09405100402051823,0.0,0.010619175552017782,0.006828882376266963,0.0,0.0,0.020267458464177414,0.05028040604957721,0.0027395204040085437,0.0,0.0,0.0,0.0,0.0071810898008368125,0.0,0.0,0.007120623089166319,0.007741709922247652,0.012027333104512209,0.0,0.0,0.0,0.21500857320355724,0.0,0.004400495963844262,0.005547033569371225,0.004152766267866099,0.0,0.0,0.0,0.0,0.0,0.0983053869085899,0.004298210418640143,0.058676768736227944,0.02104352537514795,0.0,0.0,0.010030177375846796,0.010734958547957028,0.010834888348405205,0.0,0.0,0.0,0.0,0.0,0.020579484346321023,0.06030599852986285,0.005506626853490543,0.05639696896466978,0.0,0.02452625658129468,0.03943286963697609,0.0,0.0,0.003981016007304421,0.0,0.0015330870115903307,0.0,0.010324973250556426,0.0,0.0,0.03955681123108027,0.021832892399907575,0.0,0.0,0.004138638501947949,0.0,0.0,1.0,0.0,0.01542319627965954,0.03956812215213564
0.0,0.074882398779005,0.0,0.0036294193916017597,0.029984220791241113,0.0,0.0382039892435954,0.05739823933246925,0.0,0.014251833096530038,0.014578042390464375,0.05577440601186932,0.021224157928075926,0.0035963661972982786,0.009248588561942075,0.02267466536040642,0.013085342846313524,0.00825760359259652,0.0,0.007251974631518695,0.0018763575520375757,0.0,0.015513494684629639,0.0,0.10969428293981884,0.0,0.0,0.06682407806060253,0.0013884199716154746,0.0023308092035588886,0.008550800651621521,0.028563059153203382,0.0,0.0,0.014959831847947113,0.015744913984169263,0.026961291774150964,0.0018925940030754098,0.0018904047669429224,0.017676601145986213,0.0017760280461196914,0.0,0.006557404462317289,0.0012507467624022633,0.17519599091127133,0.03523828701160761,0.0,0.014374642772105515,0.030026606782805686,0.06479156246434398,0.0037786259879145803,0.0,0.02598477940706197,0.0,0.0,0.005189600795063603,0.010214091548026596,0.04994148958329749,0.0,0.006419958575350938,0.010749814357347991,0.0,0.0,0.007766331473101122,0.0,0.0,0.0,0.03961847881814262,0.040714321576204276,0.007344501870679565,0.1174897627125289,0.00787643671925001,0.051700425528255475,0.0,0.0,0.004239343759680521,0.0,0.01951301887618349,0.0,0.0,0.012936097649536555,0.013830636883239262,0.0,0.03673088201865787,0.015332747387170583,0.0,0.0584034964299738,0.022863231312778967,0.06418491323914716,0.003357295276027188,0.0,0.012086483350918123,0.03306350767031124,0.14594598945931375,0.022147408728656837,0.03990737825619467,0.0,0.0,1.0,0.015178908482574078,0.038566966631772046
0.0,0.023346082586676843,0.003008288725373082,0.07128726847826361,0.0,0.07834812301807392,0.0029777140642012934,0.0,0.002549598038156861,0.02691610459075075,0.007592208751647326,0.005796261472244325,0.052109307343511595,0.0,0.0,0.049484956829990046,0.029655676229575854,0.060821918822742134,0.005534859876781295,0.0,0.05528173661171524,0.015892232291907123,0.01562607299412221,0.07115800768564969,0.0,0.026101713836066773,0.04416953252097554,0.0,0.0,0.0,0.08397530789177252,0.024750950416070214,0.03329493613207345,0.0,0.06121534387164251,0.005522390130546922,0.0033097526040805516,0.0,0.037130399552468225,0.007501128602912089,0.0,0.02602750901253934,0.00357770303967938,0.0,0.008602783457118877,0.028059449242688134,0.007265413501676435,0.0,0.014042091062371155,0.08973489497031097,0.0,0.0,0.007974691274940809,0.12360822380650906,0.03010299674883858,0.00849429861124976,0.0,0.0,0.02428950740774602,0.0,0.01319641000908067,0.0,0.0,0.028601710963152078,0.018215208207832255,0.0,0.0033048988800962837,0.005764197421288934,0.0035700475701297887,0.015456116693379658,0.0,0.06016309113756074,0.018251989047236263,0.08730871646426866,0.0,0.0034694626072893585,0.013305666598702491,0.03832651080959865,0.0076736502571520615,0.055970433729189056,0.0,0.006791363978232114,0.004116357115923051,0.0,0.0,0.06667918733982327,0.0,0.0,0.0,0.016485585150117665,0.0,0.019783062859142116,0.0,0.03412618163949675,0.0,0.0,0.0,0.01542319627965954,0.015178908482574078,0.9999999999999999,0.0
0.0,0.0,0.009795602696972001,0.014068236998818113,0.0,0.0,0.0,0.0069526619405068015,0.002641549306705558,0.0,0.018621602642405196,0.0,0.0,0.018296403937556462,0.0,0.003662116578219291,0.0,0.002667321129741151,0.0,0.0,0.0,0.0,0.016960562049034685,0.002808545587044561,0.0,0.0,0.007471429710440493,0.0,0.0,0.023715842241941038,0.002416774385414034,0.0,0.002847265629496175,0.0021815689793807168,0.0063423075615784965,0.01961676056142935,0.0,0.0,0.0,0.006344209674283707,0.1264968433551204,0.0,0.01853366460639313,0.0,0.012732918420190543,0.12182306587748924,0.0,0.00696481514919665,0.0015587699100873809,0.0,0.0,0.0,0.0,0.0,0.0022277615362330176,0.0008381567182520831,0.0038491763643776072,0.0,0.0,0.07698745491834408,0.0,0.0,0.0,0.0,0.0,0.0,0.0,0.005118928487900714,0.0,0.07472986096190205,0.08380808731893899,0.0,0.00442057725392083,0.0021537501392279858,0.0,0.022594558152853054,0.010503265176719767,0.0,0.0,0.0077968413791683,0.01566952485522226,0.0,0.00609259080002143,0.002135625692403331,0.0,0.0,0.021223286892260246,0.0,0.001151812342632736,0.0,0.004588183205039295,0.0,0.0,0.0,0.0,0.033837929389797176,0.003474902438871835,0.03956812215213564,0.038566966631772046,0.0,1.0
