id,menu_item_id,name,description
4322,1388,Salt,Ingredient for Naan Garlic Bread
4323,1388,Pepper,Ingredient for Naan Garlic Bread
4324,1388,Oil,Ingredient for Naan Garlic Bread
4325,1389,Salt,Ingredient for Paneer Tikka Masala
4326,1389,Pepper,Ingredient for Paneer Tikka Masala
4327,1389,Oil,Ingredient for Paneer Tikka Masala
4328,1390,Salt,Ingredient for Chana Masala
4329,1390,Pepper,Ingredient for Chana Masala
4330,1390,Oil,Ingredient for Chana Masala
4331,1391,Salt,Ingredient for Aloo Paratha
4332,1391,Pepper,Ingredient for Aloo Paratha
4333,1391,Oil,Ingredient for Aloo Paratha
4334,1392,Salt,Ingredient for Dal Makhani
4335,1392,Pepper,Ingredient for Dal Makhani
4336,1392,Oil,Ingredient for Dal Makhani
4337,1393,Salt,Ingredient for Butter Chicken
4338,1393,Pepper,Ingredient for Butter Chicken
4339,1393,Oil,Ingredient for Butter Chicken
4340,1394,Salt,Ingredient for Mutton Karahi
4341,1394,Pepper,Ingredient for Mutton Karahi
4342,1394,Oil,Ingredient for Mutton Karahi
4343,1395,Salt,Ingredient for Fish Masala Curry
4344,1395,Pepper,Ingredient for Fish Masala Curry
4345,1395,Oil,Ingredient for Fish Masala Curry
4346,1396,Salt,Ingredient for Chicken Tandoori
4347,1396,Pepper,Ingredient for Chicken Tandoori
4348,1396,Oil,Ingredient for Chicken Tandoori
4349,1397,Salt,Ingredient for Chicken Biryani
4350,1397,Pepper,Ingredient for Chicken Biryani
4351,1397,Oil,Ingredient for Chicken Biryani
4352,1398,Salt,Ingredient for Butter Chicken
4353,1398,Pepper,Ingredient for Butter Chicken
4354,1398,Oil,Ingredient for Butter Chicken
4355,1399,Salt,Ingredient for Fish Masala Curry
4356,1399,Pepper,Ingredient for Fish Masala Curry
4357,1399,Oil,Ingredient for Fish Masala Curry
4358,1400,Salt,Ingredient for Naan Garlic Bread
4359,1400,Pepper,Ingredient for Naan Garlic Bread
4360,1400,Oil,Ingredient for Naan Garlic Bread
4361,1401,Salt,Ingredient for Chana Masala
4362,1401,Pepper,Ingredient for Chana Masala
4363,1401,Oil,Ingredient for Chana Masala
4364,1402,Salt,Ingredient for Dal Makhani
4365,1402,Pepper,Ingredient for Dal Makhani
4366,1402,Oil,Ingredient for Dal Makhani
4367,1403,Salt,Ingredient for Chicken Tandoori
4368,1403,Pepper,Ingredient for Chicken Tandoori
4369,1403,Oil,Ingredient for Chicken Tandoori
4370,1404,Salt,Ingredient for Mutton Karahi
4371,1404,Pepper,Ingredient for Mutton Karahi
4372,1404,Oil,Ingredient for Mutton Karahi
4373,1405,Salt,Ingredient for Chicken Biryani
4374,1405,Pepper,Ingredient for Chicken Biryani
4375,1405,Oil,Ingredient for Chicken Biryani
4376,1406,Salt,Ingredient for Paneer Tikka Masala
4377,1406,Pepper,Ingredient for Paneer Tikka Masala
4378,1406,Oil,Ingredient for Paneer Tikka Masala
4379,1407,Salt,Ingredient for Aloo Paratha
4380,1407,Pepper,Ingredient for Aloo Paratha
4381,1407,Oil,Ingredient for Aloo Paratha
4382,1408,Salt,Ingredient for Aloo Paratha
4383,1408,Pepper,Ingredient for Aloo Paratha
4384,1408,Oil,Ingredient for Aloo Paratha
4385,1409,Salt,Ingredient for Chicken Tandoori
4386,1409,Pepper,Ingredient for Chicken Tandoori
4387,1409,Oil,Ingredient for Chicken Tandoori
4388,1410,Salt,Ingredient for Chicken Biryani
4389,1410,Pepper,Ingredient for Chicken Biryani
4390,1410,Oil,Ingredient for Chicken Biryani
4391,1411,Salt,Ingredient for Butter Chicken
4392,1411,Pepper,Ingredient for Butter Chicken
4393,1411,Oil,Ingredient for Butter Chicken
4394,1412,Salt,Ingredient for Paneer Tikka Masala
4395,1412,Pepper,Ingredient for Paneer Tikka Masala
4396,1412,Oil,Ingredient for Paneer Tikka Masala
4397,1413,Salt,Ingredient for Dal Makhani
4398,1413,Pepper,Ingredient for Dal Makhani
4399,1413,Oil,Ingredient for Dal Makhani
4400,1414,Salt,Ingredient for Fish Masala Curry
4401,1414,Pepper,Ingredient for Fish Masala Curry
4402,1414,Oil,Ingredient for Fish Masala Curry
4403,1415,Salt,Ingredient for Naan Garlic Bread
4404,1415,Pepper,Ingredient for Naan Garlic Bread
4405,1415,Oil,Ingredient for Naan Garlic Bread
4406,1416,Salt,Ingredient for Mutton Karahi
4407,1416,Pepper,Ingredient for Mutton Karahi
4408,1416,Oil,Ingredient for Mutton Karahi
4409,1417,Salt,Ingredient for Chana Masala
4410,1417,Pepper,Ingredient for Chana Masala
4411,1417,Oil,Ingredient for Chana Masala
4412,1418,Salt,Ingredient for Butter Chicken
4413,1418,Pepper,Ingredient for Butter Chicken
4414,1418,Oil,Ingredient for Butter Chicken
4415,1419,Salt,Ingredient for Chicken Biryani
4416,1419,Pepper,Ingredient for Chicken Biryani
4417,1419,Oil,Ingredient for Chicken Biryani
4418,1420,Salt,Ingredient for Fish Masala Curry
4419,1420,Pepper,Ingredient for Fish Masala Curry
4420,1420,Oil,Ingredient for Fish Masala Curry
4421,1421,Salt,Ingredient for Chana Masala
4422,1421,Pepper,Ingredient for Chana Masala
4423,1421,Oil,Ingredient for Chana Masala
4424,1422,Salt,Ingredient for Dal Makhani
4425,1422,Pepper,Ingredient for Dal Makhani
4426,1422,Oil,Ingredient for Dal Makhani
4427,1423,Salt,Ingredient for Aloo Paratha
4428,1423,Pepper,Ingredient for Aloo Paratha
4429,1423,Oil,Ingredient for Aloo Paratha
4430,1424,Salt,Ingredient for Mutton Karahi
4431,1424,Pepper,Ingredient for Mutton Karahi
4432,1424,Oil,Ingredient for Mutton Karahi
4433,1425,Salt,Ingredient for Paneer Tikka Masala
4434,1425,Pepper,Ingredient for Paneer Tikka Masala
4435,1425,Oil,Ingredient for Paneer Tikka Masala
4436,1426,Salt,Ingredient for Chicken Tandoori
4437,1426,Pepper,Ingredient for Chicken Tandoori
4438,1426,Oil,Ingredient for Chicken Tandoori
4439,1427,Salt,Ingredient for Naan Garlic Bread
4440,1427,Pepper,Ingredient for Naan Garlic Bread
4441,1427,Oil,Ingredient for Naan Garlic Bread
4442,1428,Salt,Ingredient for Fish Masala Curry
4443,1428,Pepper,Ingredient for Fish Masala Curry
4444,1428,Oil,Ingredient for Fish Masala Curry
4445,1429,Salt,Ingredient for Dal Makhani
4446,1429,Pepper,Ingredient for Dal Makhani
4447,1429,Oil,Ingredient for Dal Makhani
4448,1430,Salt,Ingredient for Chana Masala
4449,1430,Pepper,Ingredient for Chana Masala
4450,1430,Oil,Ingredient for Chana Masala
4451,1431,Salt,Ingredient for Paneer Tikka Masala
4452,1431,Pepper,Ingredient for Paneer Tikka Masala
4453,1431,Oil,Ingredient for Paneer Tikka Masala
4454,1432,Salt,Ingredient for Butter Chicken
4455,1432,Pepper,Ingredient for Butter Chicken
4456,1432,Oil,Ingredient for Butter Chicken
4457,1433,Salt,Ingredient for Naan Garlic Bread
4458,1433,Pepper,Ingredient for Naan Garlic Bread
4459,1433,Oil,Ingredient for Naan Garlic Bread
4460,1434,Salt,Ingredient for Chicken Tandoori
4461,1434,Pepper,Ingredient for Chicken Tandoori
4462,1434,Oil,Ingredient for Chicken Tandoori
4463,1435,Salt,Ingredient for Aloo Paratha
4464,1435,Pepper,Ingredient for Aloo Paratha
4465,1435,Oil,Ingredient for Aloo Paratha
4466,1436,Salt,Ingredient for Chicken Biryani
4467,1436,Pepper,Ingredient for Chicken Biryani
4468,1436,Oil,Ingredient for Chicken Biryani
4469,1437,Salt,Ingredient for Mutton Karahi
4470,1437,Pepper,Ingredient for Mutton Karahi
4471,1437,Oil,Ingredient for Mutton Karahi
4472,1438,Salt,Ingredient for Butter Chicken
4473,1438,Pepper,Ingredient for Butter Chicken
4474,1438,Oil,Ingredient for Butter Chicken
4475,1439,Salt,Ingredient for Chicken Tandoori
4476,1439,Pepper,Ingredient for Chicken Tandoori
4477,1439,Oil,Ingredient for Chicken Tandoori
4478,1440,Salt,Ingredient for Aloo Paratha
4479,1440,Pepper,Ingredient for Aloo Paratha
4480,1440,Oil,Ingredient for Aloo Paratha
4481,1441,Salt,Ingredient for Naan Garlic Bread
4482,1441,Pepper,Ingredient for Naan Garlic Bread
4483,1441,Oil,Ingredient for Naan Garlic Bread
4484,1442,Salt,Ingredient for Chana Masala
4485,1442,Pepper,Ingredient for Chana Masala
4486,1442,Oil,Ingredient for Chana Masala
4487,1443,Salt,Ingredient for Chicken Biryani
4488,1443,Pepper,Ingredient for Chicken Biryani
4489,1443,Oil,Ingredient for Chicken Biryani
4490,1444,Salt,Ingredient for Mutton Karahi
4491,1444,Pepper,Ingredient for Mutton Karahi
4492,1444,Oil,Ingredient for Mutton Karahi
4493,1445,Salt,Ingredient for Fish Masala Curry
4494,1445,Pepper,Ingredient for Fish Masala Curry
4495,1445,Oil,Ingredient for Fish Masala Curry
4496,1446,Salt,Ingredient for Paneer Tikka Masala
4497,1446,Pepper,Ingredient for Paneer Tikka Masala
4498,1446,Oil,Ingredient for Paneer Tikka Masala
4499,1447,Salt,Ingredient for Dal Makhani
4500,1447,Pepper,Ingredient for Dal Makhani
4501,1447,Oil,Ingredient for Dal Makhani
4502,1448,Salt,Ingredient for Mutton Karahi
4503,1448,Pepper,Ingredient for Mutton Karahi
4504,1448,Oil,Ingredient for Mutton Karahi
4505,1449,Salt,Ingredient for Fish Masala Curry
4506,1449,Pepper,Ingredient for Fish Masala Curry
4507,1449,Oil,Ingredient for Fish Masala Curry
4508,1450,Salt,Ingredient for Chana Masala
4509,1450,Pepper,Ingredient for Chana Masala
4510,1450,Oil,Ingredient for Chana Masala
4511,1451,Salt,Ingredient for Paneer Tikka Masala
4512,1451,Pepper,Ingredient for Paneer Tikka Masala
4513,1451,Oil,Ingredient for Paneer Tikka Masala
4514,1452,Salt,Ingredient for Chicken Tandoori
4515,1452,Pepper,Ingredient for Chicken Tandoori
4516,1452,Oil,Ingredient for Chicken Tandoori
4517,1453,Salt,Ingredient for Dal Makhani
4518,1453,Pepper,Ingredient for Dal Makhani
4519,1453,Oil,Ingredient for Dal Makhani
4520,1454,Salt,Ingredient for Aloo Paratha
4521,1454,Pepper,Ingredient for Aloo Paratha
4522,1454,Oil,Ingredient for Aloo Paratha
4523,1455,Salt,Ingredient for Naan Garlic Bread
4524,1455,Pepper,Ingredient for Naan Garlic Bread
4525,1455,Oil,Ingredient for Naan Garlic Bread
4526,1456,Salt,Ingredient for Chicken Biryani
4527,1456,Pepper,Ingredient for Chicken Biryani
4528,1456,Oil,Ingredient for Chicken Biryani
4529,1457,Salt,Ingredient for Butter Chicken
4530,1457,Pepper,Ingredient for Butter Chicken
4531,1457,Oil,Ingredient for Butter Chicken
4532,1458,Salt,Ingredient for Dal Makhani
4533,1458,Pepper,Ingredient for Dal Makhani
4534,1458,Oil,Ingredient for Dal Makhani
4535,1459,Salt,Ingredient for Mutton Karahi
4536,1459,Pepper,Ingredient for Mutton Karahi
4537,1459,Oil,Ingredient for Mutton Karahi
4538,1460,Salt,Ingredient for Chicken Tandoori
4539,1460,Pepper,Ingredient for Chicken Tandoori
4540,1460,Oil,Ingredient for Chicken Tandoori
4541,1461,Salt,Ingredient for Paneer Tikka Masala
4542,1461,Pepper,Ingredient for Paneer Tikka Masala
4543,1461,Oil,Ingredient for Paneer Tikka Masala
4544,1462,Salt,Ingredient for Butter Chicken
4545,1462,Pepper,Ingredient for Butter Chicken
4546,1462,Oil,Ingredient for Butter Chicken
4547,1463,Salt,Ingredient for Fish Masala Curry
4548,1463,Pepper,Ingredient for Fish Masala Curry
4549,1463,Oil,Ingredient for Fish Masala Curry
4550,1464,Salt,Ingredient for Chana Masala
4551,1464,Pepper,Ingredient for Chana Masala
4552,1464,Oil,Ingredient for Chana Masala
4553,1465,Salt,Ingredient for Naan Garlic Bread
4554,1465,Pepper,Ingredient for Naan Garlic Bread
4555,1465,Oil,Ingredient for Naan Garlic Bread
4556,1466,Salt,Ingredient for Chicken Biryani
4557,1466,Pepper,Ingredient for Chicken Biryani
4558,1466,Oil,Ingredient for Chicken Biryani
4559,1467,Salt,Ingredient for Aloo Paratha
4560,1467,Pepper,Ingredient for Aloo Paratha
4561,1467,Oil,Ingredient for Aloo Paratha
4562,1468,Salt,Ingredient for Butter Chicken
4563,1468,Pepper,Ingredient for Butter Chicken
4564,1468,Oil,Ingredient for Butter Chicken
4565,1469,Salt,Ingredient for Chicken Biryani
4566,1469,Pepper,Ingredient for Chicken Biryani
4567,1469,Oil,Ingredient for Chicken Biryani
4568,1470,Salt,Ingredient for Naan Garlic Bread
4569,1470,Pepper,Ingredient for Naan Garlic Bread
4570,1470,Oil,Ingredient for Naan Garlic Bread
4571,1471,Salt,Ingredient for Dal Makhani
4572,1471,Pepper,Ingredient for Dal Makhani
4573,1471,Oil,Ingredient for Dal Makhani
4574,1472,Salt,Ingredient for Chana Masala
4575,1472,Pepper,Ingredient for Chana Masala
4576,1472,Oil,Ingredient for Chana Masala
4577,1473,Salt,Ingredient for Aloo Paratha
4578,1473,Pepper,Ingredient for Aloo Paratha
4579,1473,Oil,Ingredient for Aloo Paratha
4580,1474,Salt,Ingredient for Chicken Tandoori
4581,1474,Pepper,Ingredient for Chicken Tandoori
4582,1474,Oil,Ingredient for Chicken Tandoori
4583,1475,Salt,Ingredient for Mutton Karahi
4584,1475,Pepper,Ingredient for Mutton Karahi
4585,1475,Oil,Ingredient for Mutton Karahi
4586,1476,Salt,Ingredient for Fish Masala Curry
4587,1476,Pepper,Ingredient for Fish Masala Curry
4588,1476,Oil,Ingredient for Fish Masala Curry
4589,1477,Salt,Ingredient for Paneer Tikka Masala
4590,1477,Pepper,Ingredient for Paneer Tikka Masala
4591,1477,Oil,Ingredient for Paneer Tikka Masala
4592,1478,Salt,Ingredient for Butter Chicken
4593,1478,Pepper,Ingredient for Butter Chicken
4594,1478,Oil,Ingredient for Butter Chicken
4595,1479,Salt,Ingredient for Dal Makhani
4596,1479,Pepper,Ingredient for Dal Makhani
4597,1479,Oil,Ingredient for Dal Makhani
4598,1480,Salt,Ingredient for Chicken Biryani
4599,1480,Pepper,Ingredient for Chicken Biryani
4600,1480,Oil,Ingredient for Chicken Biryani
4601,1481,Salt,Ingredient for Chana Masala
4602,1481,Pepper,Ingredient for Chana Masala
4603,1481,Oil,Ingredient for Chana Masala
4604,1482,Salt,Ingredient for Fish Masala Curry
4605,1482,Pepper,Ingredient for Fish Masala Curry
4606,1482,Oil,Ingredient for Fish Masala Curry
4607,1483,Salt,Ingredient for Naan Garlic Bread
4608,1483,Pepper,Ingredient for Naan Garlic Bread
4609,1483,Oil,Ingredient for Naan Garlic Bread
4610,1484,Salt,Ingredient for Paneer Tikka Masala
4611,1484,Pepper,Ingredient for Paneer Tikka Masala
4612,1484,Oil,Ingredient for Paneer Tikka Masala
4613,1485,Salt,Ingredient for Aloo Paratha
4614,1485,Pepper,Ingredient for Aloo Paratha
4615,1485,Oil,Ingredient for Aloo Paratha
4616,1486,Salt,Ingredient for Chicken Tandoori
4617,1486,Pepper,Ingredient for Chicken Tandoori
4618,1486,Oil,Ingredient for Chicken Tandoori
4619,1487,Salt,Ingredient for Mutton Karahi
4620,1487,Pepper,Ingredient for Mutton Karahi
4621,1487,Oil,Ingredient for Mutton Karahi
4622,1488,Salt,Ingredient for Chana Masala
4623,1488,Pepper,Ingredient for Chana Masala
4624,1488,Oil,Ingredient for Chana Masala
4625,1489,Salt,Ingredient for Chicken Biryani
4626,1489,Pepper,Ingredient for Chicken Biryani
4627,1489,Oil,Ingredient for Chicken Biryani
4628,1490,Salt,Ingredient for Aloo Paratha
4629,1490,Pepper,Ingredient for Aloo Paratha
4630,1490,Oil,Ingredient for Aloo Paratha
4631,1491,Salt,Ingredient for Mutton Karahi
4632,1491,Pepper,Ingredient for Mutton Karahi
4633,1491,Oil,Ingredient for Mutton Karahi
4634,1492,Salt,Ingredient for Fish Masala Curry
4635,1492,Pepper,Ingredient for Fish Masala Curry
4636,1492,Oil,Ingredient for Fish Masala Curry
4637,1493,Salt,Ingredient for Naan Garlic Bread
4638,1493,Pepper,Ingredient for Naan Garlic Bread
4639,1493,Oil,Ingredient for Naan Garlic Bread
4640,1494,Salt,Ingredient for Paneer Tikka Masala
4641,1494,Pepper,Ingredient for Paneer Tikka Masala
4642,1494,Oil,Ingredient for Paneer Tikka Masala
4643,1495,Salt,Ingredient for Butter Chicken
4644,1495,Pepper,Ingredient for Butter Chicken
4645,1495,Oil,Ingredient for Butter Chicken
4646,1496,Salt,Ingredient for Chicken Tandoori
4647,1496,Pepper,Ingredient for Chicken Tandoori
4648,1496,Oil,Ingredient for Chicken Tandoori
4649,1497,Salt,Ingredient for Dal Makhani
4650,1497,Pepper,Ingredient for Dal Makhani
4651,1497,Oil,Ingredient for Dal Makhani
4652,1498,Salt,Ingredient for Chana Masala
4653,1498,Pepper,Ingredient for Chana Masala
4654,1498,Oil,Ingredient for Chana Masala
4655,1499,Salt,Ingredient for Mutton Karahi
4656,1499,Pepper,Ingredient for Mutton Karahi
4657,1499,Oil,Ingredient for Mutton Karahi
4658,1500,Salt,Ingredient for Chicken Tandoori
4659,1500,Pepper,Ingredient for Chicken Tandoori
4660,1500,Oil,Ingredient for Chicken Tandoori
4661,1501,Salt,Ingredient for Chicken Biryani
4662,1501,Pepper,Ingredient for Chicken Biryani
4663,1501,Oil,Ingredient for Chicken Biryani
4664,1502,Salt,Ingredient for Naan Garlic Bread
4665,1502,Pepper,Ingredient for Naan Garlic Bread
4666,1502,Oil,Ingredient for Naan Garlic Bread
4667,1503,Salt,Ingredient for Paneer Tikka Masala
4668,1503,Pepper,Ingredient for Paneer Tikka Masala
4669,1503,Oil,Ingredient for Paneer Tikka Masala
4670,1504,Salt,Ingredient for Dal Makhani
4671,1504,Pepper,Ingredient for Dal Makhani
4672,1504,Oil,Ingredient for Dal Makhani
4673,1505,Salt,Ingredient for Fish Masala Curry
4674,1505,Pepper,Ingredient for Fish Masala Curry
4675,1505,Oil,Ingredient for Fish Masala Curry
4676,1506,Salt,Ingredient for Butter Chicken
4677,1506,Pepper,Ingredient for Butter Chicken
4678,1506,Oil,Ingredient for Butter Chicken
4679,1507,Salt,Ingredient for Aloo Paratha
4680,1507,Pepper,Ingredient for Aloo Paratha
4681,1507,Oil,Ingredient for Aloo Paratha
4682,1508,Salt,Ingredient for Chicken Biryani
4683,1508,Pepper,Ingredient for Chicken Biryani
4684,1508,Oil,Ingredient for Chicken Biryani
4685,1509,Salt,Ingredient for Aloo Paratha
4686,1509,Pepper,Ingredient for Aloo Paratha
4687,1509,Oil,Ingredient for Aloo Paratha
4688,1510,Salt,Ingredient for Butter Chicken
4689,1510,Pepper,Ingredient for Butter Chicken
4690,1510,Oil,Ingredient for Butter Chicken
4691,1511,Salt,Ingredient for Chana Masala
4692,1511,Pepper,Ingredient for Chana Masala
4693,1511,Oil,Ingredient for Chana Masala
4694,1512,Salt,Ingredient for Naan Garlic Bread
4695,1512,Pepper,Ingredient for Naan Garlic Bread
4696,1512,Oil,Ingredient for Naan Garlic Bread
4697,1513,Salt,Ingredient for Dal Makhani
4698,1513,Pepper,Ingredient for Dal Makhani
4699,1513,Oil,Ingredient for Dal Makhani
4700,1514,Salt,Ingredient for Mutton Karahi
4701,1514,Pepper,Ingredient for Mutton Karahi
4702,1514,Oil,Ingredient for Mutton Karahi
4703,1515,Salt,Ingredient for Chicken Tandoori
4704,1515,Pepper,Ingredient for Chicken Tandoori
4705,1515,Oil,Ingredient for Chicken Tandoori
4706,1516,Salt,Ingredient for Fish Masala Curry
4707,1516,Pepper,Ingredient for Fish Masala Curry
4708,1516,Oil,Ingredient for Fish Masala Curry
4709,1517,Salt,Ingredient for Paneer Tikka Masala
4710,1517,Pepper,Ingredient for Paneer Tikka Masala
4711,1517,Oil,Ingredient for Paneer Tikka Masala
4712,1518,Salt,Ingredient for Chicken Tandoori
4713,1518,Pepper,Ingredient for Chicken Tandoori
4714,1518,Oil,Ingredient for Chicken Tandoori
4715,1519,Salt,Ingredient for Paneer Tikka Masala
4716,1519,Pepper,Ingredient for Paneer Tikka Masala
4717,1519,Oil,Ingredient for Paneer Tikka Masala
4718,1520,Salt,Ingredient for Butter Chicken
4719,1520,Pepper,Ingredient for Butter Chicken
4720,1520,Oil,Ingredient for Butter Chicken
4721,1521,Salt,Ingredient for Fish Masala Curry
4722,1521,Pepper,Ingredient for Fish Masala Curry
4723,1521,Oil,Ingredient for Fish Masala Curry
4724,1522,Salt,Ingredient for Naan Garlic Bread
4725,1522,Pepper,Ingredient for Naan Garlic Bread
4726,1522,Oil,Ingredient for Naan Garlic Bread
4727,1523,Salt,Ingredient for Dal Makhani
4728,1523,Pepper,Ingredient for Dal Makhani
4729,1523,Oil,Ingredient for Dal Makhani
4730,1524,Salt,Ingredient for Chicken Biryani
4731,1524,Pepper,Ingredient for Chicken Biryani
4732,1524,Oil,Ingredient for Chicken Biryani
4733,1525,Salt,Ingredient for Chana Masala
4734,1525,Pepper,Ingredient for Chana Masala
4735,1525,Oil,Ingredient for Chana Masala
4736,1526,Salt,Ingredient for Mutton Karahi
4737,1526,Pepper,Ingredient for Mutton Karahi
4738,1526,Oil,Ingredient for Mutton Karahi
4739,1527,Salt,Ingredient for Aloo Paratha
4740,1527,Pepper,Ingredient for Aloo Paratha
4741,1527,Oil,Ingredient for Aloo Paratha
4742,1528,Salt,Ingredient for Aloo Paratha
4743,1528,Pepper,Ingredient for Aloo Paratha
4744,1528,Oil,Ingredient for Aloo Paratha
4745,1529,Salt,Ingredient for Dal Makhani
4746,1529,Pepper,Ingredient for Dal Makhani
4747,1529,Oil,Ingredient for Dal Makhani
4748,1530,Salt,Ingredient for Naan Garlic Bread
4749,1530,Pepper,Ingredient for Naan Garlic Bread
4750,1530,Oil,Ingredient for Naan Garlic Bread
4751,1531,Salt,Ingredient for Chicken Biryani
4752,1531,Pepper,Ingredient for Chicken Biryani
4753,1531,Oil,Ingredient for Chicken Biryani
4754,1532,Salt,Ingredient for Chicken Tandoori
4755,1532,Pepper,Ingredient for Chicken Tandoori
4756,1532,Oil,Ingredient for Chicken Tandoori
4757,1533,Salt,Ingredient for Fish Masala Curry
4758,1533,Pepper,Ingredient for Fish Masala Curry
4759,1533,Oil,Ingredient for Fish Masala Curry
4760,1534,Salt,Ingredient for Paneer Tikka Masala
4761,1534,Pepper,Ingredient for Paneer Tikka Masala
4762,1534,Oil,Ingredient for Paneer Tikka Masala
4763,1535,Salt,Ingredient for Butter Chicken
4764,1535,Pepper,Ingredient for Butter Chicken
4765,1535,Oil,Ingredient for Butter Chicken
4766,1536,Salt,Ingredient for Chana Masala
4767,1536,Pepper,Ingredient for Chana Masala
4768,1536,Oil,Ingredient for Chana Masala
4769,1537,Salt,Ingredient for Mutton Karahi
4770,1537,Pepper,Ingredient for Mutton Karahi
4771,1537,Oil,Ingredient for Mutton Karahi
4772,1538,Salt,Ingredient for Dal Makhani
4773,1538,Pepper,Ingredient for Dal Makhani
4774,1538,Oil,Ingredient for Dal Makhani
4775,1539,Salt,Ingredient for Fish Masala Curry
4776,1539,Pepper,Ingredient for Fish Masala Curry
4777,1539,Oil,Ingredient for Fish Masala Curry
4778,1540,Salt,Ingredient for Chicken Biryani
4779,1540,Pepper,Ingredient for Chicken Biryani
4780,1540,Oil,Ingredient for Chicken Biryani
4781,1541,Salt,Ingredient for Chana Masala
4782,1541,Pepper,Ingredient for Chana Masala
4783,1541,Oil,Ingredient for Chana Masala
4784,1542,Salt,Ingredient for Chicken Tandoori
4785,1542,Pepper,Ingredient for Chicken Tandoori
4786,1542,Oil,Ingredient for Chicken Tandoori
4787,1543,Salt,Ingredient for Paneer Tikka Masala
4788,1543,Pepper,Ingredient for Paneer Tikka Masala
4789,1543,Oil,Ingredient for Paneer Tikka Masala
4790,1544,Salt,Ingredient for Aloo Paratha
4791,1544,Pepper,Ingredient for Aloo Paratha
4792,1544,Oil,Ingredient for Aloo Paratha
4793,1545,Salt,Ingredient for Naan Garlic Bread
4794,1545,Pepper,Ingredient for Naan Garlic Bread
4795,1545,Oil,Ingredient for Naan Garlic Bread
4796,1546,Salt,Ingredient for Butter Chicken
4797,1546,Pepper,Ingredient for Butter Chicken
4798,1546,Oil,Ingredient for Butter Chicken
4799,1547,Salt,Ingredient for Mutton Karahi
4800,1547,Pepper,Ingredient for Mutton Karahi
4801,1547,Oil,Ingredient for Mutton Karahi
4802,1548,Salt,Ingredient for Fish Masala Curry
4803,1548,Pepper,Ingredient for Fish Masala Curry
4804,1548,Oil,Ingredient for Fish Masala Curry
4805,1549,Salt,Ingredient for Mutton Karahi
4806,1549,Pepper,Ingredient for Mutton Karahi
4807,1549,Oil,Ingredient for Mutton Karahi
4808,1550,Salt,Ingredient for Butter Chicken
4809,1550,Pepper,Ingredient for Butter Chicken
4810,1550,Oil,Ingredient for Butter Chicken
4811,1551,Salt,Ingredient for Dal Makhani
4812,1551,Pepper,Ingredient for Dal Makhani
4813,1551,Oil,Ingredient for Dal Makhani
4814,1552,Salt,Ingredient for Naan Garlic Bread
4815,1552,Pepper,Ingredient for Naan Garlic Bread
4816,1552,Oil,Ingredient for Naan Garlic Bread
4817,1553,Salt,Ingredient for Aloo Paratha
4818,1553,Pepper,Ingredient for Aloo Paratha
4819,1553,Oil,Ingredient for Aloo Paratha
4820,1554,Salt,Ingredient for Chicken Tandoori
4821,1554,Pepper,Ingredient for Chicken Tandoori
4822,1554,Oil,Ingredient for Chicken Tandoori
4823,1555,Salt,Ingredient for Paneer Tikka Masala
4824,1555,Pepper,Ingredient for Paneer Tikka Masala
4825,1555,Oil,Ingredient for Paneer Tikka Masala
4826,1556,Salt,Ingredient for Chicken Biryani
4827,1556,Pepper,Ingredient for Chicken Biryani
4828,1556,Oil,Ingredient for Chicken Biryani
4829,1557,Salt,Ingredient for Chana Masala
4830,1557,Pepper,Ingredient for Chana Masala
4831,1557,Oil,Ingredient for Chana Masala
4832,1558,Salt,Ingredient for Aloo Paratha
4833,1558,Pepper,Ingredient for Aloo Paratha
4834,1558,Oil,Ingredient for Aloo Paratha
4835,1559,Salt,Ingredient for Mutton Karahi
4836,1559,Pepper,Ingredient for Mutton Karahi
4837,1559,Oil,Ingredient for Mutton Karahi
4838,1560,Salt,Ingredient for Dal Makhani
4839,1560,Pepper,Ingredient for Dal Makhani
4840,1560,Oil,Ingredient for Dal Makhani
4841,1561,Salt,Ingredient for Chana Masala
4842,1561,Pepper,Ingredient for Chana Masala
4843,1561,Oil,Ingredient for Chana Masala
4844,1562,Salt,Ingredient for Chicken Biryani
4845,1562,Pepper,Ingredient for Chicken Biryani
4846,1562,Oil,Ingredient for Chicken Biryani
4847,1563,Salt,Ingredient for Chicken Tandoori
4848,1563,Pepper,Ingredient for Chicken Tandoori
4849,1563,Oil,Ingredient for Chicken Tandoori
4850,1564,Salt,Ingredient for Paneer Tikka Masala
4851,1564,Pepper,Ingredient for Paneer Tikka Masala
4852,1564,Oil,Ingredient for Paneer Tikka Masala
4853,1565,Salt,Ingredient for Fish Masala Curry
4854,1565,Pepper,Ingredient for Fish Masala Curry
4855,1565,Oil,Ingredient for Fish Masala Curry
4856,1566,Salt,Ingredient for Butter Chicken
4857,1566,Pepper,Ingredient for Butter Chicken
4858,1566,Oil,Ingredient for Butter Chicken
4859,1567,Salt,Ingredient for Naan Garlic Bread
4860,1567,Pepper,Ingredient for Naan Garlic Bread
4861,1567,Oil,Ingredient for Naan Garlic Bread
4862,1568,Salt,Ingredient for Butter Chicken
4863,1568,Pepper,Ingredient for Butter Chicken
4864,1568,Oil,Ingredient for Butter Chicken
4865,1569,Salt,Ingredient for Chana Masala
4866,1569,Pepper,Ingredient for Chana Masala
4867,1569,Oil,Ingredient for Chana Masala
4868,1570,Salt,Ingredient for Paneer Tikka Masala
4869,1570,Pepper,Ingredient for Paneer Tikka Masala
4870,1570,Oil,Ingredient for Paneer Tikka Masala
4871,1571,Salt,Ingredient for Chicken Tandoori
4872,1571,Pepper,Ingredient for Chicken Tandoori
4873,1571,Oil,Ingredient for Chicken Tandoori
4874,1572,Salt,Ingredient for Aloo Paratha
4875,1572,Pepper,Ingredient for Aloo Paratha
4876,1572,Oil,Ingredient for Aloo Paratha
4877,1573,Salt,Ingredient for Mutton Karahi
4878,1573,Pepper,Ingredient for Mutton Karahi
4879,1573,Oil,Ingredient for Mutton Karahi
4880,1574,Salt,Ingredient for Chicken Biryani
4881,1574,Pepper,Ingredient for Chicken Biryani
4882,1574,Oil,Ingredient for Chicken Biryani
4883,1575,Salt,Ingredient for Fish Masala Curry
4884,1575,Pepper,Ingredient for Fish Masala Curry
4885,1575,Oil,Ingredient for Fish Masala Curry
4886,1576,Salt,Ingredient for Dal Makhani
4887,1576,Pepper,Ingredient for Dal Makhani
4888,1576,Oil,Ingredient for Dal Makhani
4889,1577,Salt,Ingredient for Naan Garlic Bread
4890,1577,Pepper,Ingredient for Naan Garlic Bread
4891,1577,Oil,Ingredient for Naan Garlic Bread
4892,1578,Salt,Ingredient for Aloo Paratha
4893,1578,Pepper,Ingredient for Aloo Paratha
4894,1578,Oil,Ingredient for Aloo Paratha
4895,1579,Salt,Ingredient for Chana Masala
4896,1579,Pepper,Ingredient for Chana Masala
4897,1579,Oil,Ingredient for Chana Masala
4898,1580,Salt,Ingredient for Paneer Tikka Masala
4899,1580,Pepper,Ingredient for Paneer Tikka Masala
4900,1580,Oil,Ingredient for Paneer Tikka Masala
4901,1581,Salt,Ingredient for Fish Masala Curry
4902,1581,Pepper,Ingredient for Fish Masala Curry
4903,1581,Oil,Ingredient for Fish Masala Curry
4904,1582,Salt,Ingredient for Mutton Karahi
4905,1582,Pepper,Ingredient for Mutton Karahi
4906,1582,Oil,Ingredient for Mutton Karahi
4907,1583,Salt,Ingredient for Dal Makhani
4908,1583,Pepper,Ingredient for Dal Makhani
4909,1583,Oil,Ingredient for Dal Makhani
4910,1584,Salt,Ingredient for Naan Garlic Bread
4911,1584,Pepper,Ingredient for Naan Garlic Bread
4912,1584,Oil,Ingredient for Naan Garlic Bread
4913,1585,Salt,Ingredient for Butter Chicken
4914,1585,Pepper,Ingredient for Butter Chicken
4915,1585,Oil,Ingredient for Butter Chicken
4916,1586,Salt,Ingredient for Chicken Tandoori
4917,1586,Pepper,Ingredient for Chicken Tandoori
4918,1586,Oil,Ingredient for Chicken Tandoori
4919,1587,Salt,Ingredient for Chicken Biryani
4920,1587,Pepper,Ingredient for Chicken Biryani
4921,1587,Oil,Ingredient for Chicken Biryani
4922,1588,Salt,Ingredient for Scrambled Eggs Meal
4923,1588,Pepper,Ingredient for Scrambled Eggs Meal
4924,1588,Oil,Ingredient for Scrambled Eggs Meal
4925,1589,Salt,Ingredient for Granola Yogurt Bowl
4926,1589,Pepper,Ingredient for Granola Yogurt Bowl
4927,1589,Oil,Ingredient for Granola Yogurt Bowl
4928,1590,Salt,Ingredient for Beef Sausage Breakfast
4929,1590,Pepper,Ingredient for Beef Sausage Breakfast
4930,1590,Oil,Ingredient for Beef Sausage Breakfast
4931,1591,Salt,Ingredient for French Toast
4932,1591,Pepper,Ingredient for French Toast
4933,1591,Oil,Ingredient for French Toast
4934,1592,Salt,Ingredient for Avocado Toast
4935,1592,Pepper,Ingredient for Avocado Toast
4936,1592,Oil,Ingredient for Avocado Toast
4937,1593,Salt,Ingredient for Omelette with Cheese
4938,1593,Pepper,Ingredient for Omelette with Cheese
4939,1593,Oil,Ingredient for Omelette with Cheese
4940,1594,Salt,Ingredient for Breakfast Burrito
4941,1594,Pepper,Ingredient for Breakfast Burrito
4942,1594,Oil,Ingredient for Breakfast Burrito
4943,1595,Salt,Ingredient for Paratha with Omelette
4944,1595,Pepper,Ingredient for Paratha with Omelette
4945,1595,Oil,Ingredient for Paratha with Omelette
4946,1596,Salt,Ingredient for Pancakes with Maple Syrup
4947,1596,Pepper,Ingredient for Pancakes with Maple Syrup
4948,1596,Oil,Ingredient for Pancakes with Maple Syrup
4949,1597,Salt,Ingredient for Turkey Bacon & Eggs
4950,1597,Pepper,Ingredient for Turkey Bacon & Eggs
4951,1597,Oil,Ingredient for Turkey Bacon & Eggs
4952,1598,Salt,Ingredient for Granola Yogurt Bowl
4953,1598,Pepper,Ingredient for Granola Yogurt Bowl
4954,1598,Oil,Ingredient for Granola Yogurt Bowl
4955,1599,Salt,Ingredient for Breakfast Burrito
4956,1599,Pepper,Ingredient for Breakfast Burrito
4957,1599,Oil,Ingredient for Breakfast Burrito
4958,1600,Salt,Ingredient for Scrambled Eggs Meal
4959,1600,Pepper,Ingredient for Scrambled Eggs Meal
4960,1600,Oil,Ingredient for Scrambled Eggs Meal
4961,1601,Salt,Ingredient for Paratha with Omelette
4962,1601,Pepper,Ingredient for Paratha with Omelette
4963,1601,Oil,Ingredient for Paratha with Omelette
4964,1602,Salt,Ingredient for Pancakes with Maple Syrup
4965,1602,Pepper,Ingredient for Pancakes with Maple Syrup
4966,1602,Oil,Ingredient for Pancakes with Maple Syrup
4967,1603,Salt,Ingredient for Omelette with Cheese
4968,1603,Pepper,Ingredient for Omelette with Cheese
4969,1603,Oil,Ingredient for Omelette with Cheese
4970,1604,Salt,Ingredient for French Toast
4971,1604,Pepper,Ingredient for French Toast
4972,1604,Oil,Ingredient for French Toast
4973,1605,Salt,Ingredient for Avocado Toast
4974,1605,Pepper,Ingredient for Avocado Toast
4975,1605,Oil,Ingredient for Avocado Toast
4976,1606,Salt,Ingredient for Beef Sausage Breakfast
4977,1606,Pepper,Ingredient for Beef Sausage Breakfast
4978,1606,Oil,Ingredient for Beef Sausage Breakfast
4979,1607,Salt,Ingredient for Turkey Bacon & Eggs
4980,1607,Pepper,Ingredient for Turkey Bacon & Eggs
4981,1607,Oil,Ingredient for Turkey Bacon & Eggs
4982,1608,Salt,Ingredient for Breakfast Burrito
4983,1608,Pepper,Ingredient for Breakfast Burrito
4984,1608,Oil,Ingredient for Breakfast Burrito
4985,1609,Salt,Ingredient for Avocado Toast
4986,1609,Pepper,Ingredient for Avocado Toast
4987,1609,Oil,Ingredient for Avocado Toast
4988,1610,Salt,Ingredient for Turkey Bacon & Eggs
4989,1610,Pepper,Ingredient for Turkey Bacon & Eggs
4990,1610,Oil,Ingredient for Turkey Bacon & Eggs
4991,1611,Salt,Ingredient for French Toast
4992,1611,Pepper,Ingredient for French Toast
4993,1611,Oil,Ingredient for French Toast
4994,1612,Salt,Ingredient for Omelette with Cheese
4995,1612,Pepper,Ingredient for Omelette with Cheese
4996,1612,Oil,Ingredient for Omelette with Cheese
4997,1613,Salt,Ingredient for Paratha with Omelette
4998,1613,Pepper,Ingredient for Paratha with Omelette
4999,1613,Oil,Ingredient for Paratha with Omelette
5000,1614,Salt,Ingredient for Beef Sausage Breakfast
5001,1614,Pepper,Ingredient for Beef Sausage Breakfast
5002,1614,Oil,Ingredient for Beef Sausage Breakfast
5003,1615,Salt,Ingredient for Pancakes with Maple Syrup
5004,1615,Pepper,Ingredient for Pancakes with Maple Syrup
5005,1615,Oil,Ingredient for Pancakes with Maple Syrup
5006,1616,Salt,Ingredient for Granola Yogurt Bowl
5007,1616,Pepper,Ingredient for Granola Yogurt Bowl
5008,1616,Oil,Ingredient for Granola Yogurt Bowl
5009,1617,Salt,Ingredient for Scrambled Eggs Meal
5010,1617,Pepper,Ingredient for Scrambled Eggs Meal
5011,1617,Oil,Ingredient for Scrambled Eggs Meal
5012,1618,Salt,Ingredient for Turkey Bacon & Eggs
5013,1618,Pepper,Ingredient for Turkey Bacon & Eggs
5014,1618,Oil,Ingredient for Turkey Bacon & Eggs
5015,1619,Salt,Ingredient for Paratha with Omelette
5016,1619,Pepper,Ingredient for Paratha with Omelette
5017,1619,Oil,Ingredient for Paratha with Omelette
5018,1620,Salt,Ingredient for Pancakes with Maple Syrup
5019,1620,Pepper,Ingredient for Pancakes with Maple Syrup
5020,1620,Oil,Ingredient for Pancakes with Maple Syrup
5021,1621,Salt,Ingredient for Beef Sausage Breakfast
5022,1621,Pepper,Ingredient for Beef Sausage Breakfast
5023,1621,Oil,Ingredient for Beef Sausage Breakfast
5024,1622,Salt,Ingredient for French Toast
5025,1622,Pepper,Ingredient for French Toast
5026,1622,Oil,Ingredient for French Toast
5027,1623,Salt,Ingredient for Omelette with Cheese
5028,1623,Pepper,Ingredient for Omelette with Cheese
5029,1623,Oil,Ingredient for Omelette with Cheese
5030,1624,Salt,Ingredient for Granola Yogurt Bowl
5031,1624,Pepper,Ingredient for Granola Yogurt Bowl
5032,1624,Oil,Ingredient for Granola Yogurt Bowl
5033,1625,Salt,Ingredient for Avocado Toast
5034,1625,Pepper,Ingredient for Avocado Toast
5035,1625,Oil,Ingredient for Avocado Toast
5036,1626,Salt,Ingredient for Scrambled Eggs Meal
5037,1626,Pepper,Ingredient for Scrambled Eggs Meal
5038,1626,Oil,Ingredient for Scrambled Eggs Meal
5039,1627,Salt,Ingredient for Breakfast Burrito
5040,1627,Pepper,Ingredient for Breakfast Burrito
5041,1627,Oil,Ingredient for Breakfast Burrito
5042,1628,Salt,Ingredient for Scrambled Eggs Meal
5043,1628,Pepper,Ingredient for Scrambled Eggs Meal
5044,1628,Oil,Ingredient for Scrambled Eggs Meal
5045,1629,Salt,Ingredient for Paratha with Omelette
5046,1629,Pepper,Ingredient for Paratha with Omelette
5047,1629,Oil,Ingredient for Paratha with Omelette
5048,1630,Salt,Ingredient for Turkey Bacon & Eggs
5049,1630,Pepper,Ingredient for Turkey Bacon & Eggs
5050,1630,Oil,Ingredient for Turkey Bacon & Eggs
5051,1631,Salt,Ingredient for Breakfast Burrito
5052,1631,Pepper,Ingredient for Breakfast Burrito
5053,1631,Oil,Ingredient for Breakfast Burrito
5054,1632,Salt,Ingredient for French Toast
5055,1632,Pepper,Ingredient for French Toast
5056,1632,Oil,Ingredient for French Toast
5057,1633,Salt,Ingredient for Beef Sausage Breakfast
5058,1633,Pepper,Ingredient for Beef Sausage Breakfast
5059,1633,Oil,Ingredient for Beef Sausage Breakfast
5060,1634,Salt,Ingredient for Pancakes with Maple Syrup
5061,1634,Pepper,Ingredient for Pancakes with Maple Syrup
5062,1634,Oil,Ingredient for Pancakes with Maple Syrup
5063,1635,Salt,Ingredient for Granola Yogurt Bowl
5064,1635,Pepper,Ingredient for Granola Yogurt Bowl
5065,1635,Oil,Ingredient for Granola Yogurt Bowl
5066,1636,Salt,Ingredient for Omelette with Cheese
5067,1636,Pepper,Ingredient for Omelette with Cheese
5068,1636,Oil,Ingredient for Omelette with Cheese
5069,1637,Salt,Ingredient for Avocado Toast
5070,1637,Pepper,Ingredient for Avocado Toast
5071,1637,Oil,Ingredient for Avocado Toast
5072,1638,Salt,Ingredient for Beef Sausage Breakfast
5073,1638,Pepper,Ingredient for Beef Sausage Breakfast
5074,1638,Oil,Ingredient for Beef Sausage Breakfast
5075,1639,Salt,Ingredient for Pancakes with Maple Syrup
5076,1639,Pepper,Ingredient for Pancakes with Maple Syrup
5077,1639,Oil,Ingredient for Pancakes with Maple Syrup
5078,1640,Salt,Ingredient for Scrambled Eggs Meal
5079,1640,Pepper,Ingredient for Scrambled Eggs Meal
5080,1640,Oil,Ingredient for Scrambled Eggs Meal
5081,1641,Salt,Ingredient for Breakfast Burrito
5082,1641,Pepper,Ingredient for Breakfast Burrito
5083,1641,Oil,Ingredient for Breakfast Burrito
5084,1642,Salt,Ingredient for Avocado Toast
5085,1642,Pepper,Ingredient for Avocado Toast
5086,1642,Oil,Ingredient for Avocado Toast
5087,1643,Salt,Ingredient for Granola Yogurt Bowl
5088,1643,Pepper,Ingredient for Granola Yogurt Bowl
5089,1643,Oil,Ingredient for Granola Yogurt Bowl
5090,1644,Salt,Ingredient for Omelette with Cheese
5091,1644,Pepper,Ingredient for Omelette with Cheese
5092,1644,Oil,Ingredient for Omelette with Cheese
5093,1645,Salt,Ingredient for Paratha with Omelette
5094,1645,Pepper,Ingredient for Paratha with Omelette
5095,1645,Oil,Ingredient for Paratha with Omelette
5096,1646,Salt,Ingredient for Turkey Bacon & Eggs
5097,1646,Pepper,Ingredient for Turkey Bacon & Eggs
5098,1646,Oil,Ingredient for Turkey Bacon & Eggs
5099,1647,Salt,Ingredient for French Toast
5100,1647,Pepper,Ingredient for French Toast
5101,1647,Oil,Ingredient for French Toast
5102,1648,Salt,Ingredient for Breakfast Burrito
5103,1648,Pepper,Ingredient for Breakfast Burrito
5104,1648,Oil,Ingredient for Breakfast Burrito
5105,1649,Salt,Ingredient for French Toast
5106,1649,Pepper,Ingredient for French Toast
5107,1649,Oil,Ingredient for French Toast
5108,1650,Salt,Ingredient for Turkey Bacon & Eggs
5109,1650,Pepper,Ingredient for Turkey Bacon & Eggs
5110,1650,Oil,Ingredient for Turkey Bacon & Eggs
5111,1651,Salt,Ingredient for Scrambled Eggs Meal
5112,1651,Pepper,Ingredient for Scrambled Eggs Meal
5113,1651,Oil,Ingredient for Scrambled Eggs Meal
5114,1652,Salt,Ingredient for Pancakes with Maple Syrup
5115,1652,Pepper,Ingredient for Pancakes with Maple Syrup
5116,1652,Oil,Ingredient for Pancakes with Maple Syrup
5117,1653,Salt,Ingredient for Beef Sausage Breakfast
5118,1653,Pepper,Ingredient for Beef Sausage Breakfast
5119,1653,Oil,Ingredient for Beef Sausage Breakfast
5120,1654,Salt,Ingredient for Omelette with Cheese
5121,1654,Pepper,Ingredient for Omelette with Cheese
5122,1654,Oil,Ingredient for Omelette with Cheese
5123,1655,Salt,Ingredient for Avocado Toast
5124,1655,Pepper,Ingredient for Avocado Toast
5125,1655,Oil,Ingredient for Avocado Toast
5126,1656,Salt,Ingredient for Granola Yogurt Bowl
5127,1656,Pepper,Ingredient for Granola Yogurt Bowl
5128,1656,Oil,Ingredient for Granola Yogurt Bowl
5129,1657,Salt,Ingredient for Paratha with Omelette
5130,1657,Pepper,Ingredient for Paratha with Omelette
5131,1657,Oil,Ingredient for Paratha with Omelette
5132,1658,Salt,Ingredient for Avocado Toast
5133,1658,Pepper,Ingredient for Avocado Toast
5134,1658,Oil,Ingredient for Avocado Toast
5135,1659,Salt,Ingredient for Beef Sausage Breakfast
5136,1659,Pepper,Ingredient for Beef Sausage Breakfast
5137,1659,Oil,Ingredient for Beef Sausage Breakfast
5138,1660,Salt,Ingredient for Turkey Bacon & Eggs
5139,1660,Pepper,Ingredient for Turkey Bacon & Eggs
5140,1660,Oil,Ingredient for Turkey Bacon & Eggs
5141,1661,Salt,Ingredient for Omelette with Cheese
5142,1661,Pepper,Ingredient for Omelette with Cheese
5143,1661,Oil,Ingredient for Omelette with Cheese
5144,1662,Salt,Ingredient for Granola Yogurt Bowl
5145,1662,Pepper,Ingredient for Granola Yogurt Bowl
5146,1662,Oil,Ingredient for Granola Yogurt Bowl
5147,1663,Salt,Ingredient for Paratha with Omelette
5148,1663,Pepper,Ingredient for Paratha with Omelette
5149,1663,Oil,Ingredient for Paratha with Omelette
5150,1664,Salt,Ingredient for Pancakes with Maple Syrup
5151,1664,Pepper,Ingredient for Pancakes with Maple Syrup
5152,1664,Oil,Ingredient for Pancakes with Maple Syrup
5153,1665,Salt,Ingredient for Scrambled Eggs Meal
5154,1665,Pepper,Ingredient for Scrambled Eggs Meal
5155,1665,Oil,Ingredient for Scrambled Eggs Meal
5156,1666,Salt,Ingredient for Breakfast Burrito
5157,1666,Pepper,Ingredient for Breakfast Burrito
5158,1666,Oil,Ingredient for Breakfast Burrito
5159,1667,Salt,Ingredient for French Toast
5160,1667,Pepper,Ingredient for French Toast
5161,1667,Oil,Ingredient for French Toast
5162,1668,Salt,Ingredient for Turkey Bacon & Eggs
5163,1668,Pepper,Ingredient for Turkey Bacon & Eggs
5164,1668,Oil,Ingredient for Turkey Bacon & Eggs
5165,1669,Salt,Ingredient for Avocado Toast
5166,1669,Pepper,Ingredient for Avocado Toast
5167,1669,Oil,Ingredient for Avocado Toast
5168,1670,Salt,Ingredient for French Toast
5169,1670,Pepper,Ingredient for French Toast
5170,1670,Oil,Ingredient for French Toast
5171,1671,Salt,Ingredient for Breakfast Burrito
5172,1671,Pepper,Ingredient for Breakfast Burrito
5173,1671,Oil,Ingredient for Breakfast Burrito
5174,1672,Salt,Ingredient for Scrambled Eggs Meal
5175,1672,Pepper,Ingredient for Scrambled Eggs Meal
5176,1672,Oil,Ingredient for Scrambled Eggs Meal
5177,1673,Salt,Ingredient for Pancakes with Maple Syrup
5178,1673,Pepper,Ingredient for Pancakes with Maple Syrup
5179,1673,Oil,Ingredient for Pancakes with Maple Syrup
5180,1674,Salt,Ingredient for Beef Sausage Breakfast
5181,1674,Pepper,Ingredient for Beef Sausage Breakfast
5182,1674,Oil,Ingredient for Beef Sausage Breakfast
5183,1675,Salt,Ingredient for Omelette with Cheese
5184,1675,Pepper,Ingredient for Omelette with Cheese
5185,1675,Oil,Ingredient for Omelette with Cheese
5186,1676,Salt,Ingredient for Granola Yogurt Bowl
5187,1676,Pepper,Ingredient for Granola Yogurt Bowl
5188,1676,Oil,Ingredient for Granola Yogurt Bowl
5189,1677,Salt,Ingredient for Paratha with Omelette
5190,1677,Pepper,Ingredient for Paratha with Omelette
5191,1677,Oil,Ingredient for Paratha with Omelette
5192,1678,Salt,Ingredient for Beef Sausage Breakfast
5193,1678,Pepper,Ingredient for Beef Sausage Breakfast
5194,1678,Oil,Ingredient for Beef Sausage Breakfast
5195,1679,Salt,Ingredient for Omelette with Cheese
5196,1679,Pepper,Ingredient for Omelette with Cheese
5197,1679,Oil,Ingredient for Omelette with Cheese
5198,1680,Salt,Ingredient for Pancakes with Maple Syrup
5199,1680,Pepper,Ingredient for Pancakes with Maple Syrup
5200,1680,Oil,Ingredient for Pancakes with Maple Syrup
5201,1681,Salt,Ingredient for Avocado Toast
5202,1681,Pepper,Ingredient for Avocado Toast
5203,1681,Oil,Ingredient for Avocado Toast
5204,1682,Salt,Ingredient for Turkey Bacon & Eggs
5205,1682,Pepper,Ingredient for Turkey Bacon & Eggs
5206,1682,Oil,Ingredient for Turkey Bacon & Eggs
5207,1683,Salt,Ingredient for Paratha with Omelette
5208,1683,Pepper,Ingredient for Paratha with Omelette
5209,1683,Oil,Ingredient for Paratha with Omelette
5210,1684,Salt,Ingredient for Breakfast Burrito
5211,1684,Pepper,Ingredient for Breakfast Burrito
5212,1684,Oil,Ingredient for Breakfast Burrito
5213,1685,Salt,Ingredient for French Toast
5214,1685,Pepper,Ingredient for French Toast
5215,1685,Oil,Ingredient for French Toast
5216,1686,Salt,Ingredient for Granola Yogurt Bowl
5217,1686,Pepper,Ingredient for Granola Yogurt Bowl
5218,1686,Oil,Ingredient for Granola Yogurt Bowl
5219,1687,Salt,Ingredient for Scrambled Eggs Meal
5220,1687,Pepper,Ingredient for Scrambled Eggs Meal
5221,1687,Oil,Ingredient for Scrambled Eggs Meal
5222,1688,Salt,Ingredient for Veggie Supreme Pizza
5223,1688,Pepper,Ingredient for Veggie Supreme Pizza
5224,1688,Oil,Ingredient for Veggie Supreme Pizza
5225,1689,Dough,Ingredient for BBQ Chicken Pizza
5226,1689,BBQ Sauce,Ingredient for BBQ Chicken Pizza
5227,1689,Chicken,Ingredient for BBQ Chicken Pizza
5228,1689,Onion,Ingredient for BBQ Chicken Pizza
5229,1690,Salt,Ingredient for Spicy Chicken Fajita Pizza
5230,1690,Pepper,Ingredient for Spicy Chicken Fajita Pizza
5231,1690,Oil,Ingredient for Spicy Chicken Fajita Pizza
5232,1691,Flour Dough,Ingredient for Margherita Pizza
5233,1691,Tomatoes,Ingredient for Margherita Pizza
5234,1691,Fresh Basil,Ingredient for Margherita Pizza
5235,1691,Mozzarella Cheese,Ingredient for Margherita Pizza
5236,1692,Salt,Ingredient for Mushroom Alfredo Pizza
5237,1692,Pepper,Ingredient for Mushroom Alfredo Pizza
5238,1692,Oil,Ingredient for Mushroom Alfredo Pizza
5239,1693,Salt,Ingredient for Mediterranean Olive Pizza
5240,1693,Pepper,Ingredient for Mediterranean Olive Pizza
5241,1693,Oil,Ingredient for Mediterranean Olive Pizza
5242,1694,Salt,Ingredient for Hawaiian Pizza
5243,1694,Pepper,Ingredient for Hawaiian Pizza
5244,1694,Oil,Ingredient for Hawaiian Pizza
5245,1695,Salt,Ingredient for Tandoori Chicken Pizza
5246,1695,Pepper,Ingredient for Tandoori Chicken Pizza
5247,1695,Oil,Ingredient for Tandoori Chicken Pizza
5248,1696,Flour Dough,Ingredient for Pepperoni Pizza
5249,1696,Mozzarella,Ingredient for Pepperoni Pizza
5250,1696,Pepperoni,Ingredient for Pepperoni Pizza
5251,1697,Salt,Ingredient for Four-Cheese Pizza
5252,1697,Pepper,Ingredient for Four-Cheese Pizza
5253,1697,Oil,Ingredient for Four-Cheese Pizza
5254,1698,Flour Dough,Ingredient for Margherita Pizza
5255,1698,Tomatoes,Ingredient for Margherita Pizza
5256,1698,Fresh Basil,Ingredient for Margherita Pizza
5257,1698,Mozzarella Cheese,Ingredient for Margherita Pizza
5258,1699,Salt,Ingredient for Tandoori Chicken Pizza
5259,1699,Pepper,Ingredient for Tandoori Chicken Pizza
5260,1699,Oil,Ingredient for Tandoori Chicken Pizza
5261,1700,Salt,Ingredient for Hawaiian Pizza
5262,1700,Pepper,Ingredient for Hawaiian Pizza
5263,1700,Oil,Ingredient for Hawaiian Pizza
5264,1701,Flour Dough,Ingredient for Pepperoni Pizza
5265,1701,Mozzarella,Ingredient for Pepperoni Pizza
5266,1701,Pepperoni,Ingredient for Pepperoni Pizza
5267,1702,Salt,Ingredient for Veggie Supreme Pizza
5268,1702,Pepper,Ingredient for Veggie Supreme Pizza
5269,1702,Oil,Ingredient for Veggie Supreme Pizza
5270,1703,Salt,Ingredient for Spicy Chicken Fajita Pizza
5271,1703,Pepper,Ingredient for Spicy Chicken Fajita Pizza
5272,1703,Oil,Ingredient for Spicy Chicken Fajita Pizza
5273,1704,Salt,Ingredient for Mushroom Alfredo Pizza
5274,1704,Pepper,Ingredient for Mushroom Alfredo Pizza
5275,1704,Oil,Ingredient for Mushroom Alfredo Pizza
5276,1705,Salt,Ingredient for Four-Cheese Pizza
5277,1705,Pepper,Ingredient for Four-Cheese Pizza
5278,1705,Oil,Ingredient for Four-Cheese Pizza
5279,1706,Dough,Ingredient for BBQ Chicken Pizza
5280,1706,BBQ Sauce,Ingredient for BBQ Chicken Pizza
5281,1706,Chicken,Ingredient for BBQ Chicken Pizza
5282,1706,Onion,Ingredient for BBQ Chicken Pizza
5283,1707,Salt,Ingredient for Mediterranean Olive Pizza
5284,1707,Pepper,Ingredient for Mediterranean Olive Pizza
5285,1707,Oil,Ingredient for Mediterranean Olive Pizza
5286,1708,Salt,Ingredient for Mushroom Alfredo Pizza
5287,1708,Pepper,Ingredient for Mushroom Alfredo Pizza
5288,1708,Oil,Ingredient for Mushroom Alfredo Pizza
5289,1709,Flour Dough,Ingredient for Pepperoni Pizza
5290,1709,Mozzarella,Ingredient for Pepperoni Pizza
5291,1709,Pepperoni,Ingredient for Pepperoni Pizza
5292,1710,Salt,Ingredient for Spicy Chicken Fajita Pizza
5293,1710,Pepper,Ingredient for Spicy Chicken Fajita Pizza
5294,1710,Oil,Ingredient for Spicy Chicken Fajita Pizza
5295,1711,Salt,Ingredient for Hawaiian Pizza
5296,1711,Pepper,Ingredient for Hawaiian Pizza
5297,1711,Oil,Ingredient for Hawaiian Pizza
5298,1712,Flour Dough,Ingredient for Margherita Pizza
5299,1712,Tomatoes,Ingredient for Margherita Pizza
5300,1712,Fresh Basil,Ingredient for Margherita Pizza
5301,1712,Mozzarella Cheese,Ingredient for Margherita Pizza
5302,1713,Dough,Ingredient for BBQ Chicken Pizza
5303,1713,BBQ Sauce,Ingredient for BBQ Chicken Pizza
5304,1713,Chicken,Ingredient for BBQ Chicken Pizza
5305,1713,Onion,Ingredient for BBQ Chicken Pizza
5306,1714,Salt,Ingredient for Veggie Supreme Pizza
5307,1714,Pepper,Ingredient for Veggie Supreme Pizza
5308,1714,Oil,Ingredient for Veggie Supreme Pizza
5309,1715,Salt,Ingredient for Four-Cheese Pizza
5310,1715,Pepper,Ingredient for Four-Cheese Pizza
5311,1715,Oil,Ingredient for Four-Cheese Pizza
5312,1716,Salt,Ingredient for Tandoori Chicken Pizza
5313,1716,Pepper,Ingredient for Tandoori Chicken Pizza
5314,1716,Oil,Ingredient for Tandoori Chicken Pizza
5315,1717,Salt,Ingredient for Mediterranean Olive Pizza
5316,1717,Pepper,Ingredient for Mediterranean Olive Pizza
5317,1717,Oil,Ingredient for Mediterranean Olive Pizza
5318,1718,Salt,Ingredient for Mushroom Alfredo Pizza
5319,1718,Pepper,Ingredient for Mushroom Alfredo Pizza
5320,1718,Oil,Ingredient for Mushroom Alfredo Pizza
5321,1719,Salt,Ingredient for Veggie Supreme Pizza
5322,1719,Pepper,Ingredient for Veggie Supreme Pizza
5323,1719,Oil,Ingredient for Veggie Supreme Pizza
5324,1720,Salt,Ingredient for Tandoori Chicken Pizza
5325,1720,Pepper,Ingredient for Tandoori Chicken Pizza
5326,1720,Oil,Ingredient for Tandoori Chicken Pizza
5327,1721,Salt,Ingredient for Mediterranean Olive Pizza
5328,1721,Pepper,Ingredient for Mediterranean Olive Pizza
5329,1721,Oil,Ingredient for Mediterranean Olive Pizza
5330,1722,Salt,Ingredient for Hawaiian Pizza
5331,1722,Pepper,Ingredient for Hawaiian Pizza
5332,1722,Oil,Ingredient for Hawaiian Pizza
5333,1723,Flour Dough,Ingredient for Pepperoni Pizza
5334,1723,Mozzarella,Ingredient for Pepperoni Pizza
5335,1723,Pepperoni,Ingredient for Pepperoni Pizza
5336,1724,Dough,Ingredient for BBQ Chicken Pizza
5337,1724,BBQ Sauce,Ingredient for BBQ Chicken Pizza
5338,1724,Chicken,Ingredient for BBQ Chicken Pizza
5339,1724,Onion,Ingredient for BBQ Chicken Pizza
5340,1725,Salt,Ingredient for Spicy Chicken Fajita Pizza
5341,1725,Pepper,Ingredient for Spicy Chicken Fajita Pizza
5342,1725,Oil,Ingredient for Spicy Chicken Fajita Pizza
5343,1726,Flour Dough,Ingredient for Margherita Pizza
5344,1726,Tomatoes,Ingredient for Margherita Pizza
5345,1726,Fresh Basil,Ingredient for Margherita Pizza
5346,1726,Mozzarella Cheese,Ingredient for Margherita Pizza
5347,1727,Salt,Ingredient for Four-Cheese Pizza
5348,1727,Pepper,Ingredient for Four-Cheese Pizza
5349,1727,Oil,Ingredient for Four-Cheese Pizza
5350,1728,Flour Dough,Ingredient for Pepperoni Pizza
5351,1728,Mozzarella,Ingredient for Pepperoni Pizza
5352,1728,Pepperoni,Ingredient for Pepperoni Pizza
5353,1729,Salt,Ingredient for Four-Cheese Pizza
5354,1729,Pepper,Ingredient for Four-Cheese Pizza
5355,1729,Oil,Ingredient for Four-Cheese Pizza
5356,1730,Flour Dough,Ingredient for Margherita Pizza
5357,1730,Tomatoes,Ingredient for Margherita Pizza
5358,1730,Fresh Basil,Ingredient for Margherita Pizza
5359,1730,Mozzarella Cheese,Ingredient for Margherita Pizza
5360,1731,Salt,Ingredient for Spicy Chicken Fajita Pizza
5361,1731,Pepper,Ingredient for Spicy Chicken Fajita Pizza
5362,1731,Oil,Ingredient for Spicy Chicken Fajita Pizza
5363,1732,Salt,Ingredient for Tandoori Chicken Pizza
5364,1732,Pepper,Ingredient for Tandoori Chicken Pizza
5365,1732,Oil,Ingredient for Tandoori Chicken Pizza
5366,1733,Salt,Ingredient for Hawaiian Pizza
5367,1733,Pepper,Ingredient for Hawaiian Pizza
5368,1733,Oil,Ingredient for Hawaiian Pizza
5369,1734,Salt,Ingredient for Mediterranean Olive Pizza
5370,1734,Pepper,Ingredient for Mediterranean Olive Pizza
5371,1734,Oil,Ingredient for Mediterranean Olive Pizza
5372,1735,Dough,Ingredient for BBQ Chicken Pizza
5373,1735,BBQ Sauce,Ingredient for BBQ Chicken Pizza
5374,1735,Chicken,Ingredient for BBQ Chicken Pizza
5375,1735,Onion,Ingredient for BBQ Chicken Pizza
5376,1736,Salt,Ingredient for Mushroom Alfredo Pizza
5377,1736,Pepper,Ingredient for Mushroom Alfredo Pizza
5378,1736,Oil,Ingredient for Mushroom Alfredo Pizza
5379,1737,Salt,Ingredient for Veggie Supreme Pizza
5380,1737,Pepper,Ingredient for Veggie Supreme Pizza
5381,1737,Oil,Ingredient for Veggie Supreme Pizza
5382,1738,Flour Dough,Ingredient for Pepperoni Pizza
5383,1738,Mozzarella,Ingredient for Pepperoni Pizza
5384,1738,Pepperoni,Ingredient for Pepperoni Pizza
5385,1739,Dough,Ingredient for BBQ Chicken Pizza
5386,1739,BBQ Sauce,Ingredient for BBQ Chicken Pizza
5387,1739,Chicken,Ingredient for BBQ Chicken Pizza
5388,1739,Onion,Ingredient for BBQ Chicken Pizza
5389,1740,Salt,Ingredient for Mediterranean Olive Pizza
5390,1740,Pepper,Ingredient for Mediterranean Olive Pizza
5391,1740,Oil,Ingredient for Mediterranean Olive Pizza
5392,1741,Salt,Ingredient for Four-Cheese Pizza
5393,1741,Pepper,Ingredient for Four-Cheese Pizza
5394,1741,Oil,Ingredient for Four-Cheese Pizza
5395,1742,Salt,Ingredient for Veggie Supreme Pizza
5396,1742,Pepper,Ingredient for Veggie Supreme Pizza
5397,1742,Oil,Ingredient for Veggie Supreme Pizza
5398,1743,Salt,Ingredient for Mushroom Alfredo Pizza
5399,1743,Pepper,Ingredient for Mushroom Alfredo Pizza
5400,1743,Oil,Ingredient for Mushroom Alfredo Pizza
5401,1744,Salt,Ingredient for Spicy Chicken Fajita Pizza
5402,1744,Pepper,Ingredient for Spicy Chicken Fajita Pizza
5403,1744,Oil,Ingredient for Spicy Chicken Fajita Pizza
5404,1745,Salt,Ingredient for Hawaiian Pizza
5405,1745,Pepper,Ingredient for Hawaiian Pizza
5406,1745,Oil,Ingredient for Hawaiian Pizza
5407,1746,Salt,Ingredient for Tandoori Chicken Pizza
5408,1746,Pepper,Ingredient for Tandoori Chicken Pizza
5409,1746,Oil,Ingredient for Tandoori Chicken Pizza
5410,1747,Flour Dough,Ingredient for Margherita Pizza
5411,1747,Tomatoes,Ingredient for Margherita Pizza
5412,1747,Fresh Basil,Ingredient for Margherita Pizza
5413,1747,Mozzarella Cheese,Ingredient for Margherita Pizza
5414,1748,Salt,Ingredient for Tandoori Chicken Pizza
5415,1748,Pepper,Ingredient for Tandoori Chicken Pizza
5416,1748,Oil,Ingredient for Tandoori Chicken Pizza
5417,1749,Flour Dough,Ingredient for Pepperoni Pizza
5418,1749,Mozzarella,Ingredient for Pepperoni Pizza
5419,1749,Pepperoni,Ingredient for Pepperoni Pizza
5420,1750,Salt,Ingredient for Mushroom Alfredo Pizza
5421,1750,Pepper,Ingredient for Mushroom Alfredo Pizza
5422,1750,Oil,Ingredient for Mushroom Alfredo Pizza
5423,1751,Salt,Ingredient for Mediterranean Olive Pizza
5424,1751,Pepper,Ingredient for Mediterranean Olive Pizza
5425,1751,Oil,Ingredient for Mediterranean Olive Pizza
5426,1752,Salt,Ingredient for Spicy Chicken Fajita Pizza
5427,1752,Pepper,Ingredient for Spicy Chicken Fajita Pizza
5428,1752,Oil,Ingredient for Spicy Chicken Fajita Pizza
5429,1753,Salt,Ingredient for Hawaiian Pizza
5430,1753,Pepper,Ingredient for Hawaiian Pizza
5431,1753,Oil,Ingredient for Hawaiian Pizza
5432,1754,Flour Dough,Ingredient for Margherita Pizza
5433,1754,Tomatoes,Ingredient for Margherita Pizza
5434,1754,Fresh Basil,Ingredient for Margherita Pizza
5435,1754,Mozzarella Cheese,Ingredient for Margherita Pizza
5436,1755,Dough,Ingredient for BBQ Chicken Pizza
5437,1755,BBQ Sauce,Ingredient for BBQ Chicken Pizza
5438,1755,Chicken,Ingredient for BBQ Chicken Pizza
5439,1755,Onion,Ingredient for BBQ Chicken Pizza
5440,1756,Salt,Ingredient for Veggie Supreme Pizza
5441,1756,Pepper,Ingredient for Veggie Supreme Pizza
5442,1756,Oil,Ingredient for Veggie Supreme Pizza
5443,1757,Salt,Ingredient for Four-Cheese Pizza
5444,1757,Pepper,Ingredient for Four-Cheese Pizza
5445,1757,Oil,Ingredient for Four-Cheese Pizza
5446,1758,Flour Dough,Ingredient for Margherita Pizza
5447,1758,Tomatoes,Ingredient for Margherita Pizza
5448,1758,Fresh Basil,Ingredient for Margherita Pizza
5449,1758,Mozzarella Cheese,Ingredient for Margherita Pizza
5450,1759,Salt,Ingredient for Four-Cheese Pizza
5451,1759,Pepper,Ingredient for Four-Cheese Pizza
5452,1759,Oil,Ingredient for Four-Cheese Pizza
5453,1760,Salt,Ingredient for Mediterranean Olive Pizza
5454,1760,Pepper,Ingredient for Mediterranean Olive Pizza
5455,1760,Oil,Ingredient for Mediterranean Olive Pizza
5456,1761,Salt,Ingredient for Hawaiian Pizza
5457,1761,Pepper,Ingredient for Hawaiian Pizza
5458,1761,Oil,Ingredient for Hawaiian Pizza
5459,1762,Salt,Ingredient for Mushroom Alfredo Pizza
5460,1762,Pepper,Ingredient for Mushroom Alfredo Pizza
5461,1762,Oil,Ingredient for Mushroom Alfredo Pizza
5462,1763,Flour Dough,Ingredient for Pepperoni Pizza
5463,1763,Mozzarella,Ingredient for Pepperoni Pizza
5464,1763,Pepperoni,Ingredient for Pepperoni Pizza
5465,1764,Salt,Ingredient for Spicy Chicken Fajita Pizza
5466,1764,Pepper,Ingredient for Spicy Chicken Fajita Pizza
5467,1764,Oil,Ingredient for Spicy Chicken Fajita Pizza
5468,1765,Salt,Ingredient for Veggie Supreme Pizza
5469,1765,Pepper,Ingredient for Veggie Supreme Pizza
5470,1765,Oil,Ingredient for Veggie Supreme Pizza
5471,1766,Salt,Ingredient for Tandoori Chicken Pizza
5472,1766,Pepper,Ingredient for Tandoori Chicken Pizza
5473,1766,Oil,Ingredient for Tandoori Chicken Pizza
5474,1767,Dough,Ingredient for BBQ Chicken Pizza
5475,1767,BBQ Sauce,Ingredient for BBQ Chicken Pizza
5476,1767,Chicken,Ingredient for BBQ Chicken Pizza
5477,1767,Onion,Ingredient for BBQ Chicken Pizza
5478,1768,Salt,Ingredient for Hawaiian Pizza
5479,1768,Pepper,Ingredient for Hawaiian Pizza
5480,1768,Oil,Ingredient for Hawaiian Pizza
5481,1769,Salt,Ingredient for Tandoori Chicken Pizza
5482,1769,Pepper,Ingredient for Tandoori Chicken Pizza
5483,1769,Oil,Ingredient for Tandoori Chicken Pizza
5484,1770,Dough,Ingredient for BBQ Chicken Pizza
5485,1770,BBQ Sauce,Ingredient for BBQ Chicken Pizza
5486,1770,Chicken,Ingredient for BBQ Chicken Pizza
5487,1770,Onion,Ingredient for BBQ Chicken Pizza
5488,1771,Flour Dough,Ingredient for Pepperoni Pizza
5489,1771,Mozzarella,Ingredient for Pepperoni Pizza
5490,1771,Pepperoni,Ingredient for Pepperoni Pizza
5491,1772,Flour Dough,Ingredient for Margherita Pizza
5492,1772,Tomatoes,Ingredient for Margherita Pizza
5493,1772,Fresh Basil,Ingredient for Margherita Pizza
5494,1772,Mozzarella Cheese,Ingredient for Margherita Pizza
5495,1773,Salt,Ingredient for Mushroom Alfredo Pizza
5496,1773,Pepper,Ingredient for Mushroom Alfredo Pizza
5497,1773,Oil,Ingredient for Mushroom Alfredo Pizza
5498,1774,Salt,Ingredient for Four-Cheese Pizza
5499,1774,Pepper,Ingredient for Four-Cheese Pizza
5500,1774,Oil,Ingredient for Four-Cheese Pizza
5501,1775,Salt,Ingredient for Veggie Supreme Pizza
5502,1775,Pepper,Ingredient for Veggie Supreme Pizza
5503,1775,Oil,Ingredient for Veggie Supreme Pizza
5504,1776,Salt,Ingredient for Mediterranean Olive Pizza
5505,1776,Pepper,Ingredient for Mediterranean Olive Pizza
5506,1776,Oil,Ingredient for Mediterranean Olive Pizza
5507,1777,Salt,Ingredient for Spicy Chicken Fajita Pizza
5508,1777,Pepper,Ingredient for Spicy Chicken Fajita Pizza
5509,1777,Oil,Ingredient for Spicy Chicken Fajita Pizza
5510,1778,Salt,Ingredient for Hawaiian Pizza
5511,1778,Pepper,Ingredient for Hawaiian Pizza
5512,1778,Oil,Ingredient for Hawaiian Pizza
5513,1779,Salt,Ingredient for Mushroom Alfredo Pizza
5514,1779,Pepper,Ingredient for Mushroom Alfredo Pizza
5515,1779,Oil,Ingredient for Mushroom Alfredo Pizza
5516,1780,Salt,Ingredient for Four-Cheese Pizza
5517,1780,Pepper,Ingredient for Four-Cheese Pizza
5518,1780,Oil,Ingredient for Four-Cheese Pizza
5519,1781,Dough,Ingredient for BBQ Chicken Pizza
5520,1781,BBQ Sauce,Ingredient for BBQ Chicken Pizza
5521,1781,Chicken,Ingredient for BBQ Chicken Pizza
5522,1781,Onion,Ingredient for BBQ Chicken Pizza
5523,1782,Flour Dough,Ingredient for Margherita Pizza
5524,1782,Tomatoes,Ingredient for Margherita Pizza
5525,1782,Fresh Basil,Ingredient for Margherita Pizza
5526,1782,Mozzarella Cheese,Ingredient for Margherita Pizza
5527,1783,Flour Dough,Ingredient for Pepperoni Pizza
5528,1783,Mozzarella,Ingredient for Pepperoni Pizza
5529,1783,Pepperoni,Ingredient for Pepperoni Pizza
5530,1784,Salt,Ingredient for Mediterranean Olive Pizza
5531,1784,Pepper,Ingredient for Mediterranean Olive Pizza
5532,1784,Oil,Ingredient for Mediterranean Olive Pizza
5533,1785,Salt,Ingredient for Spicy Chicken Fajita Pizza
5534,1785,Pepper,Ingredient for Spicy Chicken Fajita Pizza
5535,1785,Oil,Ingredient for Spicy Chicken Fajita Pizza
5536,1786,Salt,Ingredient for Veggie Supreme Pizza
5537,1786,Pepper,Ingredient for Veggie Supreme Pizza
5538,1786,Oil,Ingredient for Veggie Supreme Pizza
5539,1787,Salt,Ingredient for Tandoori Chicken Pizza
5540,1787,Pepper,Ingredient for Tandoori Chicken Pizza
5541,1787,Oil,Ingredient for Tandoori Chicken Pizza
5542,1788,Salt,Ingredient for Mango Smoothie
5543,1788,Pepper,Ingredient for Mango Smoothie
5544,1788,Oil,Ingredient for Mango Smoothie
5545,1789,Salt,Ingredient for Strawberry Milkshake
5546,1789,Pepper,Ingredient for Strawberry Milkshake
5547,1789,Oil,Ingredient for Strawberry Milkshake
5548,1790,Salt,Ingredient for Iced Caramel Latte
5549,1790,Pepper,Ingredient for Iced Caramel Latte
5550,1790,Oil,Ingredient for Iced Caramel Latte
5551,1791,Salt,Ingredient for Green Tea
5552,1791,Pepper,Ingredient for Green Tea
5553,1791,Oil,Ingredient for Green Tea
5554,1792,Salt,Ingredient for Peach Iced Tea
5555,1792,Pepper,Ingredient for Peach Iced Tea
5556,1792,Oil,Ingredient for Peach Iced Tea
5557,1793,Salt,Ingredient for Classic Lemonade
5558,1793,Pepper,Ingredient for Classic Lemonade
5559,1793,Oil,Ingredient for Classic Lemonade
5560,1794,Salt,Ingredient for Mint Margarita
5561,1794,Pepper,Ingredient for Mint Margarita
5562,1794,Oil,Ingredient for Mint Margarita
5563,1795,Salt,Ingredient for Cold Brew Coffee
5564,1795,Pepper,Ingredient for Cold Brew Coffee
5565,1795,Oil,Ingredient for Cold Brew Coffee
5566,1796,Salt,Ingredient for Chocolate Shake
5567,1796,Pepper,Ingredient for Chocolate Shake
5568,1796,Oil,Ingredient for Chocolate Shake
5569,1797,Salt,Ingredient for Fresh Lime Soda
5570,1797,Pepper,Ingredient for Fresh Lime Soda
5571,1797,Oil,Ingredient for Fresh Lime Soda
5572,1798,Salt,Ingredient for Chocolate Shake
5573,1798,Pepper,Ingredient for Chocolate Shake
5574,1798,Oil,Ingredient for Chocolate Shake
5575,1799,Salt,Ingredient for Mint Margarita
5576,1799,Pepper,Ingredient for Mint Margarita
5577,1799,Oil,Ingredient for Mint Margarita
5578,1800,Salt,Ingredient for Classic Lemonade
5579,1800,Pepper,Ingredient for Classic Lemonade
5580,1800,Oil,Ingredient for Classic Lemonade
5581,1801,Salt,Ingredient for Mango Smoothie
5582,1801,Pepper,Ingredient for Mango Smoothie
5583,1801,Oil,Ingredient for Mango Smoothie
5584,1802,Salt,Ingredient for Fresh Lime Soda
5585,1802,Pepper,Ingredient for Fresh Lime Soda
5586,1802,Oil,Ingredient for Fresh Lime Soda
5587,1803,Salt,Ingredient for Peach Iced Tea
5588,1803,Pepper,Ingredient for Peach Iced Tea
5589,1803,Oil,Ingredient for Peach Iced Tea
5590,1804,Salt,Ingredient for Cold Brew Coffee
5591,1804,Pepper,Ingredient for Cold Brew Coffee
5592,1804,Oil,Ingredient for Cold Brew Coffee
5593,1805,Salt,Ingredient for Strawberry Milkshake
5594,1805,Pepper,Ingredient for Strawberry Milkshake
5595,1805,Oil,Ingredient for Strawberry Milkshake
5596,1806,Salt,Ingredient for Green Tea
5597,1806,Pepper,Ingredient for Green Tea
5598,1806,Oil,Ingredient for Green Tea
5599,1807,Salt,Ingredient for Iced Caramel Latte
5600,1807,Pepper,Ingredient for Iced Caramel Latte
5601,1807,Oil,Ingredient for Iced Caramel Latte
5602,1808,Salt,Ingredient for Chocolate Shake
5603,1808,Pepper,Ingredient for Chocolate Shake
5604,1808,Oil,Ingredient for Chocolate Shake
5605,1809,Salt,Ingredient for Peach Iced Tea
5606,1809,Pepper,Ingredient for Peach Iced Tea
5607,1809,Oil,Ingredient for Peach Iced Tea
5608,1810,Salt,Ingredient for Fresh Lime Soda
5609,1810,Pepper,Ingredient for Fresh Lime Soda
5610,1810,Oil,Ingredient for Fresh Lime Soda
5611,1811,Salt,Ingredient for Classic Lemonade
5612,1811,Pepper,Ingredient for Classic Lemonade
5613,1811,Oil,Ingredient for Classic Lemonade
5614,1812,Salt,Ingredient for Green Tea
5615,1812,Pepper,Ingredient for Green Tea
5616,1812,Oil,Ingredient for Green Tea
5617,1813,Salt,Ingredient for Strawberry Milkshake
5618,1813,Pepper,Ingredient for Strawberry Milkshake
5619,1813,Oil,Ingredient for Strawberry Milkshake
5620,1814,Salt,Ingredient for Mango Smoothie
5621,1814,Pepper,Ingredient for Mango Smoothie
5622,1814,Oil,Ingredient for Mango Smoothie
5623,1815,Salt,Ingredient for Cold Brew Coffee
5624,1815,Pepper,Ingredient for Cold Brew Coffee
5625,1815,Oil,Ingredient for Cold Brew Coffee
5626,1816,Salt,Ingredient for Mint Margarita
5627,1816,Pepper,Ingredient for Mint Margarita
5628,1816,Oil,Ingredient for Mint Margarita
5629,1817,Salt,Ingredient for Iced Caramel Latte
5630,1817,Pepper,Ingredient for Iced Caramel Latte
5631,1817,Oil,Ingredient for Iced Caramel Latte
5632,1818,Salt,Ingredient for Classic Lemonade
5633,1818,Pepper,Ingredient for Classic Lemonade
5634,1818,Oil,Ingredient for Classic Lemonade
5635,1819,Salt,Ingredient for Strawberry Milkshake
5636,1819,Pepper,Ingredient for Strawberry Milkshake
5637,1819,Oil,Ingredient for Strawberry Milkshake
5638,1820,Salt,Ingredient for Mint Margarita
5639,1820,Pepper,Ingredient for Mint Margarita
5640,1820,Oil,Ingredient for Mint Margarita
5641,1821,Salt,Ingredient for Green Tea
5642,1821,Pepper,Ingredient for Green Tea
5643,1821,Oil,Ingredient for Green Tea
5644,1822,Salt,Ingredient for Peach Iced Tea
5645,1822,Pepper,Ingredient for Peach Iced Tea
5646,1822,Oil,Ingredient for Peach Iced Tea
5647,1823,Salt,Ingredient for Fresh Lime Soda
5648,1823,Pepper,Ingredient for Fresh Lime Soda
5649,1823,Oil,Ingredient for Fresh Lime Soda
5650,1824,Salt,Ingredient for Chocolate Shake
5651,1824,Pepper,Ingredient for Chocolate Shake
5652,1824,Oil,Ingredient for Chocolate Shake
5653,1825,Salt,Ingredient for Mango Smoothie
5654,1825,Pepper,Ingredient for Mango Smoothie
5655,1825,Oil,Ingredient for Mango Smoothie
5656,1826,Salt,Ingredient for Cold Brew Coffee
5657,1826,Pepper,Ingredient for Cold Brew Coffee
5658,1826,Oil,Ingredient for Cold Brew Coffee
5659,1827,Salt,Ingredient for Iced Caramel Latte
5660,1827,Pepper,Ingredient for Iced Caramel Latte
5661,1827,Oil,Ingredient for Iced Caramel Latte
5662,1828,Salt,Ingredient for Iced Caramel Latte
5663,1828,Pepper,Ingredient for Iced Caramel Latte
5664,1828,Oil,Ingredient for Iced Caramel Latte
5665,1829,Salt,Ingredient for Mint Margarita
5666,1829,Pepper,Ingredient for Mint Margarita
5667,1829,Oil,Ingredient for Mint Margarita
5668,1830,Salt,Ingredient for Chocolate Shake
5669,1830,Pepper,Ingredient for Chocolate Shake
5670,1830,Oil,Ingredient for Chocolate Shake
5671,1831,Salt,Ingredient for Classic Lemonade
5672,1831,Pepper,Ingredient for Classic Lemonade
5673,1831,Oil,Ingredient for Classic Lemonade
5674,1832,Salt,Ingredient for Cold Brew Coffee
5675,1832,Pepper,Ingredient for Cold Brew Coffee
5676,1832,Oil,Ingredient for Cold Brew Coffee
5677,1833,Salt,Ingredient for Peach Iced Tea
5678,1833,Pepper,Ingredient for Peach Iced Tea
5679,1833,Oil,Ingredient for Peach Iced Tea
5680,1834,Salt,Ingredient for Fresh Lime Soda
5681,1834,Pepper,Ingredient for Fresh Lime Soda
5682,1834,Oil,Ingredient for Fresh Lime Soda
5683,1835,Salt,Ingredient for Strawberry Milkshake
5684,1835,Pepper,Ingredient for Strawberry Milkshake
5685,1835,Oil,Ingredient for Strawberry Milkshake
5686,1836,Salt,Ingredient for Mango Smoothie
5687,1836,Pepper,Ingredient for Mango Smoothie
5688,1836,Oil,Ingredient for Mango Smoothie
5689,1837,Salt,Ingredient for Green Tea
5690,1837,Pepper,Ingredient for Green Tea
5691,1837,Oil,Ingredient for Green Tea
5692,1838,Salt,Ingredient for Mango Smoothie
5693,1838,Pepper,Ingredient for Mango Smoothie
5694,1838,Oil,Ingredient for Mango Smoothie
5695,1839,Salt,Ingredient for Peach Iced Tea
5696,1839,Pepper,Ingredient for Peach Iced Tea
5697,1839,Oil,Ingredient for Peach Iced Tea
5698,1840,Salt,Ingredient for Green Tea
5699,1840,Pepper,Ingredient for Green Tea
5700,1840,Oil,Ingredient for Green Tea
5701,1841,Salt,Ingredient for Chocolate Shake
5702,1841,Pepper,Ingredient for Chocolate Shake
5703,1841,Oil,Ingredient for Chocolate Shake
5704,1842,Salt,Ingredient for Strawberry Milkshake
5705,1842,Pepper,Ingredient for Strawberry Milkshake
5706,1842,Oil,Ingredient for Strawberry Milkshake
5707,1843,Salt,Ingredient for Classic Lemonade
5708,1843,Pepper,Ingredient for Classic Lemonade
5709,1843,Oil,Ingredient for Classic Lemonade
5710,1844,Salt,Ingredient for Fresh Lime Soda
5711,1844,Pepper,Ingredient for Fresh Lime Soda
5712,1844,Oil,Ingredient for Fresh Lime Soda
5713,1845,Salt,Ingredient for Mint Margarita
5714,1845,Pepper,Ingredient for Mint Margarita
5715,1845,Oil,Ingredient for Mint Margarita
5716,1846,Salt,Ingredient for Iced Caramel Latte
5717,1846,Pepper,Ingredient for Iced Caramel Latte
5718,1846,Oil,Ingredient for Iced Caramel Latte
5719,1847,Salt,Ingredient for Cold Brew Coffee
5720,1847,Pepper,Ingredient for Cold Brew Coffee
5721,1847,Oil,Ingredient for Cold Brew Coffee
5722,1848,Salt,Ingredient for Iced Caramel Latte
5723,1848,Pepper,Ingredient for Iced Caramel Latte
5724,1848,Oil,Ingredient for Iced Caramel Latte
5725,1849,Salt,Ingredient for Classic Lemonade
5726,1849,Pepper,Ingredient for Classic Lemonade
5727,1849,Oil,Ingredient for Classic Lemonade
5728,1850,Salt,Ingredient for Mango Smoothie
5729,1850,Pepper,Ingredient for Mango Smoothie
5730,1850,Oil,Ingredient for Mango Smoothie
5731,1851,Salt,Ingredient for Mint Margarita
5732,1851,Pepper,Ingredient for Mint Margarita
5733,1851,Oil,Ingredient for Mint Margarita
5734,1852,Salt,Ingredient for Chocolate Shake
5735,1852,Pepper,Ingredient for Chocolate Shake
5736,1852,Oil,Ingredient for Chocolate Shake
5737,1853,Salt,Ingredient for Fresh Lime Soda
5738,1853,Pepper,Ingredient for Fresh Lime Soda
5739,1853,Oil,Ingredient for Fresh Lime Soda
5740,1854,Salt,Ingredient for Green Tea
5741,1854,Pepper,Ingredient for Green Tea
5742,1854,Oil,Ingredient for Green Tea
5743,1855,Salt,Ingredient for Cold Brew Coffee
5744,1855,Pepper,Ingredient for Cold Brew Coffee
5745,1855,Oil,Ingredient for Cold Brew Coffee
5746,1856,Salt,Ingredient for Strawberry Milkshake
5747,1856,Pepper,Ingredient for Strawberry Milkshake
5748,1856,Oil,Ingredient for Strawberry Milkshake
5749,1857,Salt,Ingredient for Peach Iced Tea
5750,1857,Pepper,Ingredient for Peach Iced Tea
5751,1857,Oil,Ingredient for Peach Iced Tea
5752,1858,Salt,Ingredient for Iced Caramel Latte
5753,1858,Pepper,Ingredient for Iced Caramel Latte
5754,1858,Oil,Ingredient for Iced Caramel Latte
5755,1859,Salt,Ingredient for Classic Lemonade
5756,1859,Pepper,Ingredient for Classic Lemonade
5757,1859,Oil,Ingredient for Classic Lemonade
5758,1860,Salt,Ingredient for Mango Smoothie
5759,1860,Pepper,Ingredient for Mango Smoothie
5760,1860,Oil,Ingredient for Mango Smoothie
5761,1861,Salt,Ingredient for Peach Iced Tea
5762,1861,Pepper,Ingredient for Peach Iced Tea
5763,1861,Oil,Ingredient for Peach Iced Tea
5764,1862,Salt,Ingredient for Cold Brew Coffee
5765,1862,Pepper,Ingredient for Cold Brew Coffee
5766,1862,Oil,Ingredient for Cold Brew Coffee
5767,1863,Salt,Ingredient for Strawberry Milkshake
5768,1863,Pepper,Ingredient for Strawberry Milkshake
5769,1863,Oil,Ingredient for Strawberry Milkshake
5770,1864,Salt,Ingredient for Fresh Lime Soda
5771,1864,Pepper,Ingredient for Fresh Lime Soda
5772,1864,Oil,Ingredient for Fresh Lime Soda
5773,1865,Salt,Ingredient for Green Tea
5774,1865,Pepper,Ingredient for Green Tea
5775,1865,Oil,Ingredient for Green Tea
5776,1866,Salt,Ingredient for Mint Margarita
5777,1866,Pepper,Ingredient for Mint Margarita
5778,1866,Oil,Ingredient for Mint Margarita
5779,1867,Salt,Ingredient for Chocolate Shake
5780,1867,Pepper,Ingredient for Chocolate Shake
5781,1867,Oil,Ingredient for Chocolate Shake
5782,1868,Salt,Ingredient for Cold Brew Coffee
5783,1868,Pepper,Ingredient for Cold Brew Coffee
5784,1868,Oil,Ingredient for Cold Brew Coffee
5785,1869,Salt,Ingredient for Fresh Lime Soda
5786,1869,Pepper,Ingredient for Fresh Lime Soda
5787,1869,Oil,Ingredient for Fresh Lime Soda
5788,1870,Salt,Ingredient for Chocolate Shake
5789,1870,Pepper,Ingredient for Chocolate Shake
5790,1870,Oil,Ingredient for Chocolate Shake
5791,1871,Salt,Ingredient for Iced Caramel Latte
5792,1871,Pepper,Ingredient for Iced Caramel Latte
5793,1871,Oil,Ingredient for Iced Caramel Latte
5794,1872,Salt,Ingredient for Strawberry Milkshake
5795,1872,Pepper,Ingredient for Strawberry Milkshake
5796,1872,Oil,Ingredient for Strawberry Milkshake
5797,1873,Salt,Ingredient for Classic Lemonade
5798,1873,Pepper,Ingredient for Classic Lemonade
5799,1873,Oil,Ingredient for Classic Lemonade
5800,1874,Salt,Ingredient for Peach Iced Tea
5801,1874,Pepper,Ingredient for Peach Iced Tea
5802,1874,Oil,Ingredient for Peach Iced Tea
5803,1875,Salt,Ingredient for Green Tea
5804,1875,Pepper,Ingredient for Green Tea
5805,1875,Oil,Ingredient for Green Tea
5806,1876,Salt,Ingredient for Mango Smoothie
5807,1876,Pepper,Ingredient for Mango Smoothie
5808,1876,Oil,Ingredient for Mango Smoothie
5809,1877,Salt,Ingredient for Mint Margarita
5810,1877,Pepper,Ingredient for Mint Margarita
5811,1877,Oil,Ingredient for Mint Margarita
5812,1878,Salt,Ingredient for Fresh Lime Soda
5813,1878,Pepper,Ingredient for Fresh Lime Soda
5814,1878,Oil,Ingredient for Fresh Lime Soda
5815,1879,Salt,Ingredient for Peach Iced Tea
5816,1879,Pepper,Ingredient for Peach Iced Tea
5817,1879,Oil,Ingredient for Peach Iced Tea
5818,1880,Salt,Ingredient for Classic Lemonade
5819,1880,Pepper,Ingredient for Classic Lemonade
5820,1880,Oil,Ingredient for Classic Lemonade
5821,1881,Salt,Ingredient for Green Tea
5822,1881,Pepper,Ingredient for Green Tea
5823,1881,Oil,Ingredient for Green Tea
5824,1882,Salt,Ingredient for Mint Margarita
5825,1882,Pepper,Ingredient for Mint Margarita
5826,1882,Oil,Ingredient for Mint Margarita
5827,1883,Salt,Ingredient for Cold Brew Coffee
5828,1883,Pepper,Ingredient for Cold Brew Coffee
5829,1883,Oil,Ingredient for Cold Brew Coffee
5830,1884,Salt,Ingredient for Iced Caramel Latte
5831,1884,Pepper,Ingredient for Iced Caramel Latte
5832,1884,Oil,Ingredient for Iced Caramel Latte
5833,1885,Salt,Ingredient for Strawberry Milkshake
5834,1885,Pepper,Ingredient for Strawberry Milkshake
5835,1885,Oil,Ingredient for Strawberry Milkshake
5836,1886,Salt,Ingredient for Mango Smoothie
5837,1886,Pepper,Ingredient for Mango Smoothie
5838,1886,Oil,Ingredient for Mango Smoothie
5839,1887,Salt,Ingredient for Chocolate Shake
5840,1887,Pepper,Ingredient for Chocolate Shake
5841,1887,Oil,Ingredient for Chocolate Shake
5842,1888,Salt,Ingredient for Grilled Prawns
5843,1888,Pepper,Ingredient for Grilled Prawns
5844,1888,Oil,Ingredient for Grilled Prawns
5845,1889,Salt,Ingredient for Peri Peri Grilled Wings
5846,1889,Pepper,Ingredient for Peri Peri Grilled Wings
5847,1889,Oil,Ingredient for Peri Peri Grilled Wings
5848,1890,Salt,Ingredient for Smoked Sausage Combo
5849,1890,Pepper,Ingredient for Smoked Sausage Combo
5850,1890,Oil,Ingredient for Smoked Sausage Combo
5851,1891,Salt,Ingredient for BBQ Lamb Chops
5852,1891,Pepper,Ingredient for BBQ Lamb Chops
5853,1891,Oil,Ingredient for BBQ Lamb Chops
5854,1892,Salt,Ingredient for Smoked Beef Ribs
5855,1892,Pepper,Ingredient for Smoked Beef Ribs
5856,1892,Oil,Ingredient for Smoked Beef Ribs
5857,1893,Salt,Ingredient for Barbeque Chicken Tikka
5858,1893,Pepper,Ingredient for Barbeque Chicken Tikka
5859,1893,Oil,Ingredient for Barbeque Chicken Tikka
5860,1894,Salt,Ingredient for Beef Steak Ribeye
5861,1894,Pepper,Ingredient for Beef Steak Ribeye
5862,1894,Oil,Ingredient for Beef Steak Ribeye
5863,1895,Salt,Ingredient for Korean BBQ Short Ribs
5864,1895,Pepper,Ingredient for Korean BBQ Short Ribs
5865,1895,Oil,Ingredient for Korean BBQ Short Ribs
5866,1896,Salt,Ingredient for Grilled Chicken Breast
5867,1896,Pepper,Ingredient for Grilled Chicken Breast
5868,1896,Oil,Ingredient for Grilled Chicken Breast
5869,1897,Salt,Ingredient for BBQ Platter Mix
5870,1897,Pepper,Ingredient for BBQ Platter Mix
5871,1897,Oil,Ingredient for BBQ Platter Mix
5872,1898,Salt,Ingredient for Grilled Chicken Breast
5873,1898,Pepper,Ingredient for Grilled Chicken Breast
5874,1898,Oil,Ingredient for Grilled Chicken Breast
5875,1899,Salt,Ingredient for Peri Peri Grilled Wings
5876,1899,Pepper,Ingredient for Peri Peri Grilled Wings
5877,1899,Oil,Ingredient for Peri Peri Grilled Wings
5878,1900,Salt,Ingredient for Korean BBQ Short Ribs
5879,1900,Pepper,Ingredient for Korean BBQ Short Ribs
5880,1900,Oil,Ingredient for Korean BBQ Short Ribs
5881,1901,Salt,Ingredient for BBQ Platter Mix
5882,1901,Pepper,Ingredient for BBQ Platter Mix
5883,1901,Oil,Ingredient for BBQ Platter Mix
5884,1902,Salt,Ingredient for Grilled Prawns
5885,1902,Pepper,Ingredient for Grilled Prawns
5886,1902,Oil,Ingredient for Grilled Prawns
5887,1903,Salt,Ingredient for Beef Steak Ribeye
5888,1903,Pepper,Ingredient for Beef Steak Ribeye
5889,1903,Oil,Ingredient for Beef Steak Ribeye
5890,1904,Salt,Ingredient for Smoked Beef Ribs
5891,1904,Pepper,Ingredient for Smoked Beef Ribs
5892,1904,Oil,Ingredient for Smoked Beef Ribs
5893,1905,Salt,Ingredient for Barbeque Chicken Tikka
5894,1905,Pepper,Ingredient for Barbeque Chicken Tikka
5895,1905,Oil,Ingredient for Barbeque Chicken Tikka
5896,1906,Salt,Ingredient for BBQ Lamb Chops
5897,1906,Pepper,Ingredient for BBQ Lamb Chops
5898,1906,Oil,Ingredient for BBQ Lamb Chops
5899,1907,Salt,Ingredient for Smoked Sausage Combo
5900,1907,Pepper,Ingredient for Smoked Sausage Combo
5901,1907,Oil,Ingredient for Smoked Sausage Combo
5902,1908,Salt,Ingredient for Grilled Chicken Breast
5903,1908,Pepper,Ingredient for Grilled Chicken Breast
5904,1908,Oil,Ingredient for Grilled Chicken Breast
5905,1909,Salt,Ingredient for Korean BBQ Short Ribs
5906,1909,Pepper,Ingredient for Korean BBQ Short Ribs
5907,1909,Oil,Ingredient for Korean BBQ Short Ribs
5908,1910,Salt,Ingredient for Barbeque Chicken Tikka
5909,1910,Pepper,Ingredient for Barbeque Chicken Tikka
5910,1910,Oil,Ingredient for Barbeque Chicken Tikka
5911,1911,Salt,Ingredient for BBQ Lamb Chops
5912,1911,Pepper,Ingredient for BBQ Lamb Chops
5913,1911,Oil,Ingredient for BBQ Lamb Chops
5914,1912,Salt,Ingredient for Grilled Prawns
5915,1912,Pepper,Ingredient for Grilled Prawns
5916,1912,Oil,Ingredient for Grilled Prawns
5917,1913,Salt,Ingredient for Peri Peri Grilled Wings
5918,1913,Pepper,Ingredient for Peri Peri Grilled Wings
5919,1913,Oil,Ingredient for Peri Peri Grilled Wings
5920,1914,Salt,Ingredient for Smoked Beef Ribs
5921,1914,Pepper,Ingredient for Smoked Beef Ribs
5922,1914,Oil,Ingredient for Smoked Beef Ribs
5923,1915,Salt,Ingredient for Smoked Sausage Combo
5924,1915,Pepper,Ingredient for Smoked Sausage Combo
5925,1915,Oil,Ingredient for Smoked Sausage Combo
5926,1916,Salt,Ingredient for BBQ Platter Mix
5927,1916,Pepper,Ingredient for BBQ Platter Mix
5928,1916,Oil,Ingredient for BBQ Platter Mix
5929,1917,Salt,Ingredient for Beef Steak Ribeye
5930,1917,Pepper,Ingredient for Beef Steak Ribeye
5931,1917,Oil,Ingredient for Beef Steak Ribeye
5932,1918,Salt,Ingredient for Grilled Chicken Breast
5933,1918,Pepper,Ingredient for Grilled Chicken Breast
5934,1918,Oil,Ingredient for Grilled Chicken Breast
5935,1919,Salt,Ingredient for Barbeque Chicken Tikka
5936,1919,Pepper,Ingredient for Barbeque Chicken Tikka
5937,1919,Oil,Ingredient for Barbeque Chicken Tikka
5938,1920,Salt,Ingredient for Smoked Beef Ribs
5939,1920,Pepper,Ingredient for Smoked Beef Ribs
5940,1920,Oil,Ingredient for Smoked Beef Ribs
5941,1921,Salt,Ingredient for BBQ Lamb Chops
5942,1921,Pepper,Ingredient for BBQ Lamb Chops
5943,1921,Oil,Ingredient for BBQ Lamb Chops
5944,1922,Salt,Ingredient for Peri Peri Grilled Wings
5945,1922,Pepper,Ingredient for Peri Peri Grilled Wings
5946,1922,Oil,Ingredient for Peri Peri Grilled Wings
5947,1923,Salt,Ingredient for Korean BBQ Short Ribs
5948,1923,Pepper,Ingredient for Korean BBQ Short Ribs
5949,1923,Oil,Ingredient for Korean BBQ Short Ribs
5950,1924,Salt,Ingredient for Beef Steak Ribeye
5951,1924,Pepper,Ingredient for Beef Steak Ribeye
5952,1924,Oil,Ingredient for Beef Steak Ribeye
5953,1925,Salt,Ingredient for BBQ Platter Mix
5954,1925,Pepper,Ingredient for BBQ Platter Mix
5955,1925,Oil,Ingredient for BBQ Platter Mix
5956,1926,Salt,Ingredient for Smoked Sausage Combo
5957,1926,Pepper,Ingredient for Smoked Sausage Combo
5958,1926,Oil,Ingredient for Smoked Sausage Combo
5959,1927,Salt,Ingredient for Grilled Prawns
5960,1927,Pepper,Ingredient for Grilled Prawns
5961,1927,Oil,Ingredient for Grilled Prawns
5962,1928,Salt,Ingredient for Barbeque Chicken Tikka
5963,1928,Pepper,Ingredient for Barbeque Chicken Tikka
5964,1928,Oil,Ingredient for Barbeque Chicken Tikka
5965,1929,Salt,Ingredient for Korean BBQ Short Ribs
5966,1929,Pepper,Ingredient for Korean BBQ Short Ribs
5967,1929,Oil,Ingredient for Korean BBQ Short Ribs
5968,1930,Salt,Ingredient for Smoked Beef Ribs
5969,1930,Pepper,Ingredient for Smoked Beef Ribs
5970,1930,Oil,Ingredient for Smoked Beef Ribs
5971,1931,Salt,Ingredient for BBQ Lamb Chops
5972,1931,Pepper,Ingredient for BBQ Lamb Chops
5973,1931,Oil,Ingredient for BBQ Lamb Chops
5974,1932,Salt,Ingredient for Beef Steak Ribeye
5975,1932,Pepper,Ingredient for Beef Steak Ribeye
5976,1932,Oil,Ingredient for Beef Steak Ribeye
5977,1933,Salt,Ingredient for Peri Peri Grilled Wings
5978,1933,Pepper,Ingredient for Peri Peri Grilled Wings
5979,1933,Oil,Ingredient for Peri Peri Grilled Wings
5980,1934,Salt,Ingredient for Smoked Sausage Combo
5981,1934,Pepper,Ingredient for Smoked Sausage Combo
5982,1934,Oil,Ingredient for Smoked Sausage Combo
5983,1935,Salt,Ingredient for Grilled Chicken Breast
5984,1935,Pepper,Ingredient for Grilled Chicken Breast
5985,1935,Oil,Ingredient for Grilled Chicken Breast
5986,1936,Salt,Ingredient for BBQ Platter Mix
5987,1936,Pepper,Ingredient for BBQ Platter Mix
5988,1936,Oil,Ingredient for BBQ Platter Mix
5989,1937,Salt,Ingredient for Grilled Prawns
5990,1937,Pepper,Ingredient for Grilled Prawns
5991,1937,Oil,Ingredient for Grilled Prawns
5992,1938,Salt,Ingredient for Peri Peri Grilled Wings
5993,1938,Pepper,Ingredient for Peri Peri Grilled Wings
5994,1938,Oil,Ingredient for Peri Peri Grilled Wings
5995,1939,Salt,Ingredient for Grilled Prawns
5996,1939,Pepper,Ingredient for Grilled Prawns
5997,1939,Oil,Ingredient for Grilled Prawns
5998,1940,Salt,Ingredient for Smoked Sausage Combo
5999,1940,Pepper,Ingredient for Smoked Sausage Combo
6000,1940,Oil,Ingredient for Smoked Sausage Combo
6001,1941,Salt,Ingredient for Korean BBQ Short Ribs
6002,1941,Pepper,Ingredient for Korean BBQ Short Ribs
6003,1941,Oil,Ingredient for Korean BBQ Short Ribs
6004,1942,Salt,Ingredient for Beef Steak Ribeye
6005,1942,Pepper,Ingredient for Beef Steak Ribeye
6006,1942,Oil,Ingredient for Beef Steak Ribeye
6007,1943,Salt,Ingredient for Grilled Chicken Breast
6008,1943,Pepper,Ingredient for Grilled Chicken Breast
6009,1943,Oil,Ingredient for Grilled Chicken Breast
6010,1944,Salt,Ingredient for BBQ Platter Mix
6011,1944,Pepper,Ingredient for BBQ Platter Mix
6012,1944,Oil,Ingredient for BBQ Platter Mix
6013,1945,Salt,Ingredient for Smoked Beef Ribs
6014,1945,Pepper,Ingredient for Smoked Beef Ribs
6015,1945,Oil,Ingredient for Smoked Beef Ribs
6016,1946,Salt,Ingredient for Barbeque Chicken Tikka
6017,1946,Pepper,Ingredient for Barbeque Chicken Tikka
6018,1946,Oil,Ingredient for Barbeque Chicken Tikka
6019,1947,Salt,Ingredient for BBQ Lamb Chops
6020,1947,Pepper,Ingredient for BBQ Lamb Chops
6021,1947,Oil,Ingredient for BBQ Lamb Chops
6022,1948,Salt,Ingredient for Beef Steak Ribeye
6023,1948,Pepper,Ingredient for Beef Steak Ribeye
6024,1948,Oil,Ingredient for Beef Steak Ribeye
6025,1949,Salt,Ingredient for Grilled Chicken Breast
6026,1949,Pepper,Ingredient for Grilled Chicken Breast
6027,1949,Oil,Ingredient for Grilled Chicken Breast
6028,1950,Salt,Ingredient for Peri Peri Grilled Wings
6029,1950,Pepper,Ingredient for Peri Peri Grilled Wings
6030,1950,Oil,Ingredient for Peri Peri Grilled Wings
6031,1951,Salt,Ingredient for Grilled Prawns
6032,1951,Pepper,Ingredient for Grilled Prawns
6033,1951,Oil,Ingredient for Grilled Prawns
6034,1952,Salt,Ingredient for Smoked Beef Ribs
6035,1952,Pepper,Ingredient for Smoked Beef Ribs
6036,1952,Oil,Ingredient for Smoked Beef Ribs
6037,1953,Salt,Ingredient for Smoked Sausage Combo
6038,1953,Pepper,Ingredient for Smoked Sausage Combo
6039,1953,Oil,Ingredient for Smoked Sausage Combo
6040,1954,Salt,Ingredient for Korean BBQ Short Ribs
6041,1954,Pepper,Ingredient for Korean BBQ Short Ribs
6042,1954,Oil,Ingredient for Korean BBQ Short Ribs
6043,1955,Salt,Ingredient for Barbeque Chicken Tikka
6044,1955,Pepper,Ingredient for Barbeque Chicken Tikka
6045,1955,Oil,Ingredient for Barbeque Chicken Tikka
6046,1956,Salt,Ingredient for BBQ Platter Mix
6047,1956,Pepper,Ingredient for BBQ Platter Mix
6048,1956,Oil,Ingredient for BBQ Platter Mix
6049,1957,Salt,Ingredient for BBQ Lamb Chops
6050,1957,Pepper,Ingredient for BBQ Lamb Chops
6051,1957,Oil,Ingredient for BBQ Lamb Chops
6052,1958,Salt,Ingredient for Korean BBQ Short Ribs
6053,1958,Pepper,Ingredient for Korean BBQ Short Ribs
6054,1958,Oil,Ingredient for Korean BBQ Short Ribs
6055,1959,Salt,Ingredient for Beef Steak Ribeye
6056,1959,Pepper,Ingredient for Beef Steak Ribeye
6057,1959,Oil,Ingredient for Beef Steak Ribeye
6058,1960,Salt,Ingredient for Smoked Sausage Combo
6059,1960,Pepper,Ingredient for Smoked Sausage Combo
6060,1960,Oil,Ingredient for Smoked Sausage Combo
6061,1961,Salt,Ingredient for Grilled Chicken Breast
6062,1961,Pepper,Ingredient for Grilled Chicken Breast
6063,1961,Oil,Ingredient for Grilled Chicken Breast
6064,1962,Salt,Ingredient for BBQ Lamb Chops
6065,1962,Pepper,Ingredient for BBQ Lamb Chops
6066,1962,Oil,Ingredient for BBQ Lamb Chops
6067,1963,Salt,Ingredient for Smoked Beef Ribs
6068,1963,Pepper,Ingredient for Smoked Beef Ribs
6069,1963,Oil,Ingredient for Smoked Beef Ribs
6070,1964,Salt,Ingredient for BBQ Platter Mix
6071,1964,Pepper,Ingredient for BBQ Platter Mix
6072,1964,Oil,Ingredient for BBQ Platter Mix
6073,1965,Salt,Ingredient for Grilled Prawns
6074,1965,Pepper,Ingredient for Grilled Prawns
6075,1965,Oil,Ingredient for Grilled Prawns
6076,1966,Salt,Ingredient for Peri Peri Grilled Wings
6077,1966,Pepper,Ingredient for Peri Peri Grilled Wings
6078,1966,Oil,Ingredient for Peri Peri Grilled Wings
6079,1967,Salt,Ingredient for Barbeque Chicken Tikka
6080,1967,Pepper,Ingredient for Barbeque Chicken Tikka
6081,1967,Oil,Ingredient for Barbeque Chicken Tikka
6082,1968,Salt,Ingredient for Smoked Sausage Combo
6083,1968,Pepper,Ingredient for Smoked Sausage Combo
6084,1968,Oil,Ingredient for Smoked Sausage Combo
6085,1969,Salt,Ingredient for BBQ Lamb Chops
6086,1969,Pepper,Ingredient for BBQ Lamb Chops
6087,1969,Oil,Ingredient for BBQ Lamb Chops
6088,1970,Salt,Ingredient for Peri Peri Grilled Wings
6089,1970,Pepper,Ingredient for Peri Peri Grilled Wings
6090,1970,Oil,Ingredient for Peri Peri Grilled Wings
6091,1971,Salt,Ingredient for Grilled Prawns
6092,1971,Pepper,Ingredient for Grilled Prawns
6093,1971,Oil,Ingredient for Grilled Prawns
6094,1972,Salt,Ingredient for BBQ Platter Mix
6095,1972,Pepper,Ingredient for BBQ Platter Mix
6096,1972,Oil,Ingredient for BBQ Platter Mix
6097,1973,Salt,Ingredient for Beef Steak Ribeye
6098,1973,Pepper,Ingredient for Beef Steak Ribeye
6099,1973,Oil,Ingredient for Beef Steak Ribeye
6100,1974,Salt,Ingredient for Barbeque Chicken Tikka
6101,1974,Pepper,Ingredient for Barbeque Chicken Tikka
6102,1974,Oil,Ingredient for Barbeque Chicken Tikka
6103,1975,Salt,Ingredient for Korean BBQ Short Ribs
6104,1975,Pepper,Ingredient for Korean BBQ Short Ribs
6105,1975,Oil,Ingredient for Korean BBQ Short Ribs
6106,1976,Salt,Ingredient for Smoked Beef Ribs
6107,1976,Pepper,Ingredient for Smoked Beef Ribs
6108,1976,Oil,Ingredient for Smoked Beef Ribs
6109,1977,Salt,Ingredient for Grilled Chicken Breast
6110,1977,Pepper,Ingredient for Grilled Chicken Breast
6111,1977,Oil,Ingredient for Grilled Chicken Breast
6112,1978,Salt,Ingredient for Smoked Sausage Combo
6113,1978,Pepper,Ingredient for Smoked Sausage Combo
6114,1978,Oil,Ingredient for Smoked Sausage Combo
6115,1979,Salt,Ingredient for Smoked Beef Ribs
6116,1979,Pepper,Ingredient for Smoked Beef Ribs
6117,1979,Oil,Ingredient for Smoked Beef Ribs
6118,1980,Salt,Ingredient for Grilled Chicken Breast
6119,1980,Pepper,Ingredient for Grilled Chicken Breast
6120,1980,Oil,Ingredient for Grilled Chicken Breast
6121,1981,Salt,Ingredient for Barbeque Chicken Tikka
6122,1981,Pepper,Ingredient for Barbeque Chicken Tikka
6123,1981,Oil,Ingredient for Barbeque Chicken Tikka
6124,1982,Salt,Ingredient for Beef Steak Ribeye
6125,1982,Pepper,Ingredient for Beef Steak Ribeye
6126,1982,Oil,Ingredient for Beef Steak Ribeye
6127,1983,Salt,Ingredient for BBQ Platter Mix
6128,1983,Pepper,Ingredient for BBQ Platter Mix
6129,1983,Oil,Ingredient for BBQ Platter Mix
6130,1984,Salt,Ingredient for Grilled Prawns
6131,1984,Pepper,Ingredient for Grilled Prawns
6132,1984,Oil,Ingredient for Grilled Prawns
6133,1985,Salt,Ingredient for BBQ Lamb Chops
6134,1985,Pepper,Ingredient for BBQ Lamb Chops
6135,1985,Oil,Ingredient for BBQ Lamb Chops
6136,1986,Salt,Ingredient for Korean BBQ Short Ribs
6137,1986,Pepper,Ingredient for Korean BBQ Short Ribs
6138,1986,Oil,Ingredient for Korean BBQ Short Ribs
6139,1987,Salt,Ingredient for Peri Peri Grilled Wings
6140,1987,Pepper,Ingredient for Peri Peri Grilled Wings
6141,1987,Oil,Ingredient for Peri Peri Grilled Wings
6142,1988,Salt,Ingredient for Smoked Sausage Combo
6143,1988,Pepper,Ingredient for Smoked Sausage Combo
6144,1988,Oil,Ingredient for Smoked Sausage Combo
6145,1989,Salt,Ingredient for Grilled Chicken Breast
6146,1989,Pepper,Ingredient for Grilled Chicken Breast
6147,1989,Oil,Ingredient for Grilled Chicken Breast
6148,1990,Salt,Ingredient for Korean BBQ Short Ribs
6149,1990,Pepper,Ingredient for Korean BBQ Short Ribs
6150,1990,Oil,Ingredient for Korean BBQ Short Ribs
6151,1991,Salt,Ingredient for BBQ Platter Mix
6152,1991,Pepper,Ingredient for BBQ Platter Mix
6153,1991,Oil,Ingredient for BBQ Platter Mix
6154,1992,Salt,Ingredient for Smoked Beef Ribs
6155,1992,Pepper,Ingredient for Smoked Beef Ribs
6156,1992,Oil,Ingredient for Smoked Beef Ribs
6157,1993,Salt,Ingredient for BBQ Lamb Chops
6158,1993,Pepper,Ingredient for BBQ Lamb Chops
6159,1993,Oil,Ingredient for BBQ Lamb Chops
6160,1994,Salt,Ingredient for Grilled Prawns
6161,1994,Pepper,Ingredient for Grilled Prawns
6162,1994,Oil,Ingredient for Grilled Prawns
6163,1995,Salt,Ingredient for Beef Steak Ribeye
6164,1995,Pepper,Ingredient for Beef Steak Ribeye
6165,1995,Oil,Ingredient for Beef Steak Ribeye
6166,1996,Salt,Ingredient for Barbeque Chicken Tikka
6167,1996,Pepper,Ingredient for Barbeque Chicken Tikka
6168,1996,Oil,Ingredient for Barbeque Chicken Tikka
6169,1997,Salt,Ingredient for Peri Peri Grilled Wings
6170,1997,Pepper,Ingredient for Peri Peri Grilled Wings
6171,1997,Oil,Ingredient for Peri Peri Grilled Wings
6172,1998,Salt,Ingredient for BBQ Lamb Chops
6173,1998,Pepper,Ingredient for BBQ Lamb Chops
6174,1998,Oil,Ingredient for BBQ Lamb Chops
6175,1999,Salt,Ingredient for BBQ Platter Mix
6176,1999,Pepper,Ingredient for BBQ Platter Mix
6177,1999,Oil,Ingredient for BBQ Platter Mix
6178,2000,Salt,Ingredient for Peri Peri Grilled Wings
6179,2000,Pepper,Ingredient for Peri Peri Grilled Wings
6180,2000,Oil,Ingredient for Peri Peri Grilled Wings
6181,2001,Salt,Ingredient for Korean BBQ Short Ribs
6182,2001,Pepper,Ingredient for Korean BBQ Short Ribs
6183,2001,Oil,Ingredient for Korean BBQ Short Ribs
6184,2002,Salt,Ingredient for Grilled Chicken Breast
6185,2002,Pepper,Ingredient for Grilled Chicken Breast
6186,2002,Oil,Ingredient for Grilled Chicken Breast
6187,2003,Salt,Ingredient for Grilled Prawns
6188,2003,Pepper,Ingredient for Grilled Prawns
6189,2003,Oil,Ingredient for Grilled Prawns
6190,2004,Salt,Ingredient for Barbeque Chicken Tikka
6191,2004,Pepper,Ingredient for Barbeque Chicken Tikka
6192,2004,Oil,Ingredient for Barbeque Chicken Tikka
6193,2005,Salt,Ingredient for Beef Steak Ribeye
6194,2005,Pepper,Ingredient for Beef Steak Ribeye
6195,2005,Oil,Ingredient for Beef Steak Ribeye
6196,2006,Salt,Ingredient for Smoked Beef Ribs
6197,2006,Pepper,Ingredient for Smoked Beef Ribs
6198,2006,Oil,Ingredient for Smoked Beef Ribs
6199,2007,Salt,Ingredient for Smoked Sausage Combo
6200,2007,Pepper,Ingredient for Smoked Sausage Combo
6201,2007,Oil,Ingredient for Smoked Sausage Combo
6202,2008,Salt,Ingredient for Smoked Sausage Combo
6203,2008,Pepper,Ingredient for Smoked Sausage Combo
6204,2008,Oil,Ingredient for Smoked Sausage Combo
6205,2009,Salt,Ingredient for BBQ Lamb Chops
6206,2009,Pepper,Ingredient for BBQ Lamb Chops
6207,2009,Oil,Ingredient for BBQ Lamb Chops
6208,2010,Salt,Ingredient for Korean BBQ Short Ribs
6209,2010,Pepper,Ingredient for Korean BBQ Short Ribs
6210,2010,Oil,Ingredient for Korean BBQ Short Ribs
6211,2011,Salt,Ingredient for Peri Peri Grilled Wings
6212,2011,Pepper,Ingredient for Peri Peri Grilled Wings
6213,2011,Oil,Ingredient for Peri Peri Grilled Wings
6214,2012,Salt,Ingredient for Barbeque Chicken Tikka
6215,2012,Pepper,Ingredient for Barbeque Chicken Tikka
6216,2012,Oil,Ingredient for Barbeque Chicken Tikka
6217,2013,Salt,Ingredient for Smoked Beef Ribs
6218,2013,Pepper,Ingredient for Smoked Beef Ribs
6219,2013,Oil,Ingredient for Smoked Beef Ribs
6220,2014,Salt,Ingredient for BBQ Platter Mix
6221,2014,Pepper,Ingredient for BBQ Platter Mix
6222,2014,Oil,Ingredient for BBQ Platter Mix
6223,2015,Salt,Ingredient for Grilled Chicken Breast
6224,2015,Pepper,Ingredient for Grilled Chicken Breast
6225,2015,Oil,Ingredient for Grilled Chicken Breast
6226,2016,Salt,Ingredient for Beef Steak Ribeye
6227,2016,Pepper,Ingredient for Beef Steak Ribeye
6228,2016,Oil,Ingredient for Beef Steak Ribeye
6229,2017,Salt,Ingredient for Grilled Prawns
6230,2017,Pepper,Ingredient for Grilled Prawns
6231,2017,Oil,Ingredient for Grilled Prawns
6232,2018,Salt,Ingredient for Peri Peri Grilled Wings
6233,2018,Pepper,Ingredient for Peri Peri Grilled Wings
6234,2018,Oil,Ingredient for Peri Peri Grilled Wings
6235,2019,Salt,Ingredient for BBQ Lamb Chops
6236,2019,Pepper,Ingredient for BBQ Lamb Chops
6237,2019,Oil,Ingredient for BBQ Lamb Chops
6238,2020,Salt,Ingredient for Smoked Beef Ribs
6239,2020,Pepper,Ingredient for Smoked Beef Ribs
6240,2020,Oil,Ingredient for Smoked Beef Ribs
6241,2021,Salt,Ingredient for Barbeque Chicken Tikka
6242,2021,Pepper,Ingredient for Barbeque Chicken Tikka
6243,2021,Oil,Ingredient for Barbeque Chicken Tikka
6244,2022,Salt,Ingredient for BBQ Platter Mix
6245,2022,Pepper,Ingredient for BBQ Platter Mix
6246,2022,Oil,Ingredient for BBQ Platter Mix
6247,2023,Salt,Ingredient for Grilled Prawns
6248,2023,Pepper,Ingredient for Grilled Prawns
6249,2023,Oil,Ingredient for Grilled Prawns
6250,2024,Salt,Ingredient for Korean BBQ Short Ribs
6251,2024,Pepper,Ingredient for Korean BBQ Short Ribs
6252,2024,Oil,Ingredient for Korean BBQ Short Ribs
6253,2025,Salt,Ingredient for Smoked Sausage Combo
6254,2025,Pepper,Ingredient for Smoked Sausage Combo
6255,2025,Oil,Ingredient for Smoked Sausage Combo
6256,2026,Salt,Ingredient for Beef Steak Ribeye
6257,2026,Pepper,Ingredient for Beef Steak Ribeye
6258,2026,Oil,Ingredient for Beef Steak Ribeye
6259,2027,Salt,Ingredient for Grilled Chicken Breast
6260,2027,Pepper,Ingredient for Grilled Chicken Breast
6261,2027,Oil,Ingredient for Grilled Chicken Breast
6262,2028,Salt,Ingredient for Smoked Beef Ribs
6263,2028,Pepper,Ingredient for Smoked Beef Ribs
6264,2028,Oil,Ingredient for Smoked Beef Ribs
6265,2029,Salt,Ingredient for Grilled Chicken Breast
6266,2029,Pepper,Ingredient for Grilled Chicken Breast
6267,2029,Oil,Ingredient for Grilled Chicken Breast
6268,2030,Salt,Ingredient for Peri Peri Grilled Wings
6269,2030,Pepper,Ingredient for Peri Peri Grilled Wings
6270,2030,Oil,Ingredient for Peri Peri Grilled Wings
6271,2031,Salt,Ingredient for Smoked Sausage Combo
6272,2031,Pepper,Ingredient for Smoked Sausage Combo
6273,2031,Oil,Ingredient for Smoked Sausage Combo
6274,2032,Salt,Ingredient for Barbeque Chicken Tikka
6275,2032,Pepper,Ingredient for Barbeque Chicken Tikka
6276,2032,Oil,Ingredient for Barbeque Chicken Tikka
6277,2033,Salt,Ingredient for Grilled Prawns
6278,2033,Pepper,Ingredient for Grilled Prawns
6279,2033,Oil,Ingredient for Grilled Prawns
6280,2034,Salt,Ingredient for BBQ Lamb Chops
6281,2034,Pepper,Ingredient for BBQ Lamb Chops
6282,2034,Oil,Ingredient for BBQ Lamb Chops
6283,2035,Salt,Ingredient for Beef Steak Ribeye
6284,2035,Pepper,Ingredient for Beef Steak Ribeye
6285,2035,Oil,Ingredient for Beef Steak Ribeye
6286,2036,Salt,Ingredient for Korean BBQ Short Ribs
6287,2036,Pepper,Ingredient for Korean BBQ Short Ribs
6288,2036,Oil,Ingredient for Korean BBQ Short Ribs
6289,2037,Salt,Ingredient for BBQ Platter Mix
6290,2037,Pepper,Ingredient for BBQ Platter Mix
6291,2037,Oil,Ingredient for BBQ Platter Mix
6292,2038,Salt,Ingredient for Beef Steak Ribeye
6293,2038,Pepper,Ingredient for Beef Steak Ribeye
6294,2038,Oil,Ingredient for Beef Steak Ribeye
6295,2039,Salt,Ingredient for Korean BBQ Short Ribs
6296,2039,Pepper,Ingredient for Korean BBQ Short Ribs
6297,2039,Oil,Ingredient for Korean BBQ Short Ribs
6298,2040,Salt,Ingredient for Smoked Beef Ribs
6299,2040,Pepper,Ingredient for Smoked Beef Ribs
6300,2040,Oil,Ingredient for Smoked Beef Ribs
6301,2041,Salt,Ingredient for Grilled Prawns
6302,2041,Pepper,Ingredient for Grilled Prawns
6303,2041,Oil,Ingredient for Grilled Prawns
6304,2042,Salt,Ingredient for Grilled Chicken Breast
6305,2042,Pepper,Ingredient for Grilled Chicken Breast
6306,2042,Oil,Ingredient for Grilled Chicken Breast
6307,2043,Salt,Ingredient for Peri Peri Grilled Wings
6308,2043,Pepper,Ingredient for Peri Peri Grilled Wings
6309,2043,Oil,Ingredient for Peri Peri Grilled Wings
6310,2044,Salt,Ingredient for Barbeque Chicken Tikka
6311,2044,Pepper,Ingredient for Barbeque Chicken Tikka
6312,2044,Oil,Ingredient for Barbeque Chicken Tikka
6313,2045,Salt,Ingredient for BBQ Platter Mix
6314,2045,Pepper,Ingredient for BBQ Platter Mix
6315,2045,Oil,Ingredient for BBQ Platter Mix
6316,2046,Salt,Ingredient for Smoked Sausage Combo
6317,2046,Pepper,Ingredient for Smoked Sausage Combo
6318,2046,Oil,Ingredient for Smoked Sausage Combo
6319,2047,Salt,Ingredient for BBQ Lamb Chops
6320,2047,Pepper,Ingredient for BBQ Lamb Chops
6321,2047,Oil,Ingredient for BBQ Lamb Chops
6322,2048,Salt,Ingredient for Peri Peri Grilled Wings
6323,2048,Pepper,Ingredient for Peri Peri Grilled Wings
6324,2048,Oil,Ingredient for Peri Peri Grilled Wings
6325,2049,Salt,Ingredient for Smoked Beef Ribs
6326,2049,Pepper,Ingredient for Smoked Beef Ribs
6327,2049,Oil,Ingredient for Smoked Beef Ribs
6328,2050,Salt,Ingredient for BBQ Platter Mix
6329,2050,Pepper,Ingredient for BBQ Platter Mix
6330,2050,Oil,Ingredient for BBQ Platter Mix
6331,2051,Salt,Ingredient for Barbeque Chicken Tikka
6332,2051,Pepper,Ingredient for Barbeque Chicken Tikka
6333,2051,Oil,Ingredient for Barbeque Chicken Tikka
6334,2052,Salt,Ingredient for Beef Steak Ribeye
6335,2052,Pepper,Ingredient for Beef Steak Ribeye
6336,2052,Oil,Ingredient for Beef Steak Ribeye
6337,2053,Salt,Ingredient for Smoked Sausage Combo
6338,2053,Pepper,Ingredient for Smoked Sausage Combo
6339,2053,Oil,Ingredient for Smoked Sausage Combo
6340,2054,Salt,Ingredient for Grilled Prawns
6341,2054,Pepper,Ingredient for Grilled Prawns
6342,2054,Oil,Ingredient for Grilled Prawns
6343,2055,Salt,Ingredient for Korean BBQ Short Ribs
6344,2055,Pepper,Ingredient for Korean BBQ Short Ribs
6345,2055,Oil,Ingredient for Korean BBQ Short Ribs
6346,2056,Salt,Ingredient for Grilled Chicken Breast
6347,2056,Pepper,Ingredient for Grilled Chicken Breast
6348,2056,Oil,Ingredient for Grilled Chicken Breast
6349,2057,Salt,Ingredient for BBQ Lamb Chops
6350,2057,Pepper,Ingredient for BBQ Lamb Chops
6351,2057,Oil,Ingredient for BBQ Lamb Chops
6352,2058,Salt,Ingredient for Peri Peri Grilled Wings
6353,2058,Pepper,Ingredient for Peri Peri Grilled Wings
6354,2058,Oil,Ingredient for Peri Peri Grilled Wings
6355,2059,Salt,Ingredient for BBQ Platter Mix
6356,2059,Pepper,Ingredient for BBQ Platter Mix
6357,2059,Oil,Ingredient for BBQ Platter Mix
6358,2060,Salt,Ingredient for Smoked Beef Ribs
6359,2060,Pepper,Ingredient for Smoked Beef Ribs
6360,2060,Oil,Ingredient for Smoked Beef Ribs
6361,2061,Salt,Ingredient for Grilled Chicken Breast
6362,2061,Pepper,Ingredient for Grilled Chicken Breast
6363,2061,Oil,Ingredient for Grilled Chicken Breast
6364,2062,Salt,Ingredient for Korean BBQ Short Ribs
6365,2062,Pepper,Ingredient for Korean BBQ Short Ribs
6366,2062,Oil,Ingredient for Korean BBQ Short Ribs
6367,2063,Salt,Ingredient for Grilled Prawns
6368,2063,Pepper,Ingredient for Grilled Prawns
6369,2063,Oil,Ingredient for Grilled Prawns
6370,2064,Salt,Ingredient for Smoked Sausage Combo
6371,2064,Pepper,Ingredient for Smoked Sausage Combo
6372,2064,Oil,Ingredient for Smoked Sausage Combo
6373,2065,Salt,Ingredient for BBQ Lamb Chops
6374,2065,Pepper,Ingredient for BBQ Lamb Chops
6375,2065,Oil,Ingredient for BBQ Lamb Chops
6376,2066,Salt,Ingredient for Barbeque Chicken Tikka
6377,2066,Pepper,Ingredient for Barbeque Chicken Tikka
6378,2066,Oil,Ingredient for Barbeque Chicken Tikka
6379,2067,Salt,Ingredient for Beef Steak Ribeye
6380,2067,Pepper,Ingredient for Beef Steak Ribeye
6381,2067,Oil,Ingredient for Beef Steak Ribeye
6382,2068,Salt,Ingredient for BBQ Platter Mix
6383,2068,Pepper,Ingredient for BBQ Platter Mix
6384,2068,Oil,Ingredient for BBQ Platter Mix
6385,2069,Salt,Ingredient for Korean BBQ Short Ribs
6386,2069,Pepper,Ingredient for Korean BBQ Short Ribs
6387,2069,Oil,Ingredient for Korean BBQ Short Ribs
6388,2070,Salt,Ingredient for Smoked Beef Ribs
6389,2070,Pepper,Ingredient for Smoked Beef Ribs
6390,2070,Oil,Ingredient for Smoked Beef Ribs
6391,2071,Salt,Ingredient for Smoked Sausage Combo
6392,2071,Pepper,Ingredient for Smoked Sausage Combo
6393,2071,Oil,Ingredient for Smoked Sausage Combo
6394,2072,Salt,Ingredient for Beef Steak Ribeye
6395,2072,Pepper,Ingredient for Beef Steak Ribeye
6396,2072,Oil,Ingredient for Beef Steak Ribeye
6397,2073,Salt,Ingredient for BBQ Lamb Chops
6398,2073,Pepper,Ingredient for BBQ Lamb Chops
6399,2073,Oil,Ingredient for BBQ Lamb Chops
6400,2074,Salt,Ingredient for Peri Peri Grilled Wings
6401,2074,Pepper,Ingredient for Peri Peri Grilled Wings
6402,2074,Oil,Ingredient for Peri Peri Grilled Wings
6403,2075,Salt,Ingredient for Grilled Prawns
6404,2075,Pepper,Ingredient for Grilled Prawns
6405,2075,Oil,Ingredient for Grilled Prawns
6406,2076,Salt,Ingredient for Grilled Chicken Breast
6407,2076,Pepper,Ingredient for Grilled Chicken Breast
6408,2076,Oil,Ingredient for Grilled Chicken Breast
6409,2077,Salt,Ingredient for Barbeque Chicken Tikka
6410,2077,Pepper,Ingredient for Barbeque Chicken Tikka
6411,2077,Oil,Ingredient for Barbeque Chicken Tikka
6412,2078,Salt,Ingredient for Peri Peri Grilled Wings
6413,2078,Pepper,Ingredient for Peri Peri Grilled Wings
6414,2078,Oil,Ingredient for Peri Peri Grilled Wings
6415,2079,Salt,Ingredient for Smoked Beef Ribs
6416,2079,Pepper,Ingredient for Smoked Beef Ribs
6417,2079,Oil,Ingredient for Smoked Beef Ribs
6418,2080,Salt,Ingredient for Grilled Chicken Breast
6419,2080,Pepper,Ingredient for Grilled Chicken Breast
6420,2080,Oil,Ingredient for Grilled Chicken Breast
6421,2081,Salt,Ingredient for Barbeque Chicken Tikka
6422,2081,Pepper,Ingredient for Barbeque Chicken Tikka
6423,2081,Oil,Ingredient for Barbeque Chicken Tikka
6424,2082,Salt,Ingredient for BBQ Platter Mix
6425,2082,Pepper,Ingredient for BBQ Platter Mix
6426,2082,Oil,Ingredient for BBQ Platter Mix
6427,2083,Salt,Ingredient for Korean BBQ Short Ribs
6428,2083,Pepper,Ingredient for Korean BBQ Short Ribs
6429,2083,Oil,Ingredient for Korean BBQ Short Ribs
6430,2084,Salt,Ingredient for Smoked Sausage Combo
6431,2084,Pepper,Ingredient for Smoked Sausage Combo
6432,2084,Oil,Ingredient for Smoked Sausage Combo
6433,2085,Salt,Ingredient for Grilled Prawns
6434,2085,Pepper,Ingredient for Grilled Prawns
6435,2085,Oil,Ingredient for Grilled Prawns
6436,2086,Salt,Ingredient for BBQ Lamb Chops
6437,2086,Pepper,Ingredient for BBQ Lamb Chops
6438,2086,Oil,Ingredient for BBQ Lamb Chops
6439,2087,Salt,Ingredient for Beef Steak Ribeye
6440,2087,Pepper,Ingredient for Beef Steak Ribeye
6441,2087,Oil,Ingredient for Beef Steak Ribeye
6442,2088,Salt,Ingredient for Turkey Bacon & Eggs
6443,2088,Pepper,Ingredient for Turkey Bacon & Eggs
6444,2088,Oil,Ingredient for Turkey Bacon & Eggs
6445,2089,Salt,Ingredient for Pancakes with Maple Syrup
6446,2089,Pepper,Ingredient for Pancakes with Maple Syrup
6447,2089,Oil,Ingredient for Pancakes with Maple Syrup
6448,2090,Salt,Ingredient for Avocado Toast
6449,2090,Pepper,Ingredient for Avocado Toast
6450,2090,Oil,Ingredient for Avocado Toast
6451,2091,Salt,Ingredient for Scrambled Eggs Meal
6452,2091,Pepper,Ingredient for Scrambled Eggs Meal
6453,2091,Oil,Ingredient for Scrambled Eggs Meal
6454,2092,Salt,Ingredient for Breakfast Burrito
6455,2092,Pepper,Ingredient for Breakfast Burrito
6456,2092,Oil,Ingredient for Breakfast Burrito
6457,2093,Salt,Ingredient for French Toast
6458,2093,Pepper,Ingredient for French Toast
6459,2093,Oil,Ingredient for French Toast
6460,2094,Salt,Ingredient for Paratha with Omelette
6461,2094,Pepper,Ingredient for Paratha with Omelette
6462,2094,Oil,Ingredient for Paratha with Omelette
6463,2095,Salt,Ingredient for Beef Sausage Breakfast
6464,2095,Pepper,Ingredient for Beef Sausage Breakfast
6465,2095,Oil,Ingredient for Beef Sausage Breakfast
6466,2096,Salt,Ingredient for Granola Yogurt Bowl
6467,2096,Pepper,Ingredient for Granola Yogurt Bowl
6468,2096,Oil,Ingredient for Granola Yogurt Bowl
6469,2097,Salt,Ingredient for Omelette with Cheese
6470,2097,Pepper,Ingredient for Omelette with Cheese
6471,2097,Oil,Ingredient for Omelette with Cheese
6472,2098,Salt,Ingredient for Pancakes with Maple Syrup
6473,2098,Pepper,Ingredient for Pancakes with Maple Syrup
6474,2098,Oil,Ingredient for Pancakes with Maple Syrup
6475,2099,Salt,Ingredient for Granola Yogurt Bowl
6476,2099,Pepper,Ingredient for Granola Yogurt Bowl
6477,2099,Oil,Ingredient for Granola Yogurt Bowl
6478,2100,Salt,Ingredient for Scrambled Eggs Meal
6479,2100,Pepper,Ingredient for Scrambled Eggs Meal
6480,2100,Oil,Ingredient for Scrambled Eggs Meal
6481,2101,Salt,Ingredient for Paratha with Omelette
6482,2101,Pepper,Ingredient for Paratha with Omelette
6483,2101,Oil,Ingredient for Paratha with Omelette
6484,2102,Salt,Ingredient for Avocado Toast
6485,2102,Pepper,Ingredient for Avocado Toast
6486,2102,Oil,Ingredient for Avocado Toast
6487,2103,Salt,Ingredient for Turkey Bacon & Eggs
6488,2103,Pepper,Ingredient for Turkey Bacon & Eggs
6489,2103,Oil,Ingredient for Turkey Bacon & Eggs
6490,2104,Salt,Ingredient for Beef Sausage Breakfast
6491,2104,Pepper,Ingredient for Beef Sausage Breakfast
6492,2104,Oil,Ingredient for Beef Sausage Breakfast
6493,2105,Salt,Ingredient for Omelette with Cheese
6494,2105,Pepper,Ingredient for Omelette with Cheese
6495,2105,Oil,Ingredient for Omelette with Cheese
6496,2106,Salt,Ingredient for French Toast
6497,2106,Pepper,Ingredient for French Toast
6498,2106,Oil,Ingredient for French Toast
6499,2107,Salt,Ingredient for Breakfast Burrito
6500,2107,Pepper,Ingredient for Breakfast Burrito
6501,2107,Oil,Ingredient for Breakfast Burrito
6502,2108,Salt,Ingredient for Scrambled Eggs Meal
6503,2108,Pepper,Ingredient for Scrambled Eggs Meal
6504,2108,Oil,Ingredient for Scrambled Eggs Meal
6505,2109,Salt,Ingredient for Paratha with Omelette
6506,2109,Pepper,Ingredient for Paratha with Omelette
6507,2109,Oil,Ingredient for Paratha with Omelette
6508,2110,Salt,Ingredient for Breakfast Burrito
6509,2110,Pepper,Ingredient for Breakfast Burrito
6510,2110,Oil,Ingredient for Breakfast Burrito
6511,2111,Salt,Ingredient for Omelette with Cheese
6512,2111,Pepper,Ingredient for Omelette with Cheese
6513,2111,Oil,Ingredient for Omelette with Cheese
6514,2112,Salt,Ingredient for Granola Yogurt Bowl
6515,2112,Pepper,Ingredient for Granola Yogurt Bowl
6516,2112,Oil,Ingredient for Granola Yogurt Bowl
6517,2113,Salt,Ingredient for Avocado Toast
6518,2113,Pepper,Ingredient for Avocado Toast
6519,2113,Oil,Ingredient for Avocado Toast
6520,2114,Salt,Ingredient for Pancakes with Maple Syrup
6521,2114,Pepper,Ingredient for Pancakes with Maple Syrup
6522,2114,Oil,Ingredient for Pancakes with Maple Syrup
6523,2115,Salt,Ingredient for Beef Sausage Breakfast
6524,2115,Pepper,Ingredient for Beef Sausage Breakfast
6525,2115,Oil,Ingredient for Beef Sausage Breakfast
6526,2116,Salt,Ingredient for French Toast
6527,2116,Pepper,Ingredient for French Toast
6528,2116,Oil,Ingredient for French Toast
6529,2117,Salt,Ingredient for Turkey Bacon & Eggs
6530,2117,Pepper,Ingredient for Turkey Bacon & Eggs
6531,2117,Oil,Ingredient for Turkey Bacon & Eggs
6532,2118,Salt,Ingredient for Breakfast Burrito
6533,2118,Pepper,Ingredient for Breakfast Burrito
6534,2118,Oil,Ingredient for Breakfast Burrito
6535,2119,Salt,Ingredient for Paratha with Omelette
6536,2119,Pepper,Ingredient for Paratha with Omelette
6537,2119,Oil,Ingredient for Paratha with Omelette
6538,2120,Salt,Ingredient for Scrambled Eggs Meal
6539,2120,Pepper,Ingredient for Scrambled Eggs Meal
6540,2120,Oil,Ingredient for Scrambled Eggs Meal
6541,2121,Salt,Ingredient for Pancakes with Maple Syrup
6542,2121,Pepper,Ingredient for Pancakes with Maple Syrup
6543,2121,Oil,Ingredient for Pancakes with Maple Syrup
6544,2122,Salt,Ingredient for French Toast
6545,2122,Pepper,Ingredient for French Toast
6546,2122,Oil,Ingredient for French Toast
6547,2123,Salt,Ingredient for Beef Sausage Breakfast
6548,2123,Pepper,Ingredient for Beef Sausage Breakfast
6549,2123,Oil,Ingredient for Beef Sausage Breakfast
6550,2124,Salt,Ingredient for Granola Yogurt Bowl
6551,2124,Pepper,Ingredient for Granola Yogurt Bowl
6552,2124,Oil,Ingredient for Granola Yogurt Bowl
6553,2125,Salt,Ingredient for Omelette with Cheese
6554,2125,Pepper,Ingredient for Omelette with Cheese
6555,2125,Oil,Ingredient for Omelette with Cheese
6556,2126,Salt,Ingredient for Turkey Bacon & Eggs
6557,2126,Pepper,Ingredient for Turkey Bacon & Eggs
6558,2126,Oil,Ingredient for Turkey Bacon & Eggs
6559,2127,Salt,Ingredient for Avocado Toast
6560,2127,Pepper,Ingredient for Avocado Toast
6561,2127,Oil,Ingredient for Avocado Toast
6562,2128,Salt,Ingredient for Breakfast Burrito
6563,2128,Pepper,Ingredient for Breakfast Burrito
6564,2128,Oil,Ingredient for Breakfast Burrito
6565,2129,Salt,Ingredient for French Toast
6566,2129,Pepper,Ingredient for French Toast
6567,2129,Oil,Ingredient for French Toast
6568,2130,Salt,Ingredient for Scrambled Eggs Meal
6569,2130,Pepper,Ingredient for Scrambled Eggs Meal
6570,2130,Oil,Ingredient for Scrambled Eggs Meal
6571,2131,Salt,Ingredient for Pancakes with Maple Syrup
6572,2131,Pepper,Ingredient for Pancakes with Maple Syrup
6573,2131,Oil,Ingredient for Pancakes with Maple Syrup
6574,2132,Salt,Ingredient for Beef Sausage Breakfast
6575,2132,Pepper,Ingredient for Beef Sausage Breakfast
6576,2132,Oil,Ingredient for Beef Sausage Breakfast
6577,2133,Salt,Ingredient for Turkey Bacon & Eggs
6578,2133,Pepper,Ingredient for Turkey Bacon & Eggs
6579,2133,Oil,Ingredient for Turkey Bacon & Eggs
6580,2134,Salt,Ingredient for Granola Yogurt Bowl
6581,2134,Pepper,Ingredient for Granola Yogurt Bowl
6582,2134,Oil,Ingredient for Granola Yogurt Bowl
6583,2135,Salt,Ingredient for Paratha with Omelette
6584,2135,Pepper,Ingredient for Paratha with Omelette
6585,2135,Oil,Ingredient for Paratha with Omelette
6586,2136,Salt,Ingredient for Omelette with Cheese
6587,2136,Pepper,Ingredient for Omelette with Cheese
6588,2136,Oil,Ingredient for Omelette with Cheese
6589,2137,Salt,Ingredient for Avocado Toast
6590,2137,Pepper,Ingredient for Avocado Toast
6591,2137,Oil,Ingredient for Avocado Toast
6592,2138,Salt,Ingredient for Avocado Toast
6593,2138,Pepper,Ingredient for Avocado Toast
6594,2138,Oil,Ingredient for Avocado Toast
6595,2139,Salt,Ingredient for Scrambled Eggs Meal
6596,2139,Pepper,Ingredient for Scrambled Eggs Meal
6597,2139,Oil,Ingredient for Scrambled Eggs Meal
6598,2140,Salt,Ingredient for Turkey Bacon & Eggs
6599,2140,Pepper,Ingredient for Turkey Bacon & Eggs
6600,2140,Oil,Ingredient for Turkey Bacon & Eggs
6601,2141,Salt,Ingredient for Pancakes with Maple Syrup
6602,2141,Pepper,Ingredient for Pancakes with Maple Syrup
6603,2141,Oil,Ingredient for Pancakes with Maple Syrup
6604,2142,Salt,Ingredient for Granola Yogurt Bowl
6605,2142,Pepper,Ingredient for Granola Yogurt Bowl
6606,2142,Oil,Ingredient for Granola Yogurt Bowl
6607,2143,Salt,Ingredient for Breakfast Burrito
6608,2143,Pepper,Ingredient for Breakfast Burrito
6609,2143,Oil,Ingredient for Breakfast Burrito
6610,2144,Salt,Ingredient for Beef Sausage Breakfast
6611,2144,Pepper,Ingredient for Beef Sausage Breakfast
6612,2144,Oil,Ingredient for Beef Sausage Breakfast
6613,2145,Salt,Ingredient for Omelette with Cheese
6614,2145,Pepper,Ingredient for Omelette with Cheese
6615,2145,Oil,Ingredient for Omelette with Cheese
6616,2146,Salt,Ingredient for French Toast
6617,2146,Pepper,Ingredient for French Toast
6618,2146,Oil,Ingredient for French Toast
6619,2147,Salt,Ingredient for Paratha with Omelette
6620,2147,Pepper,Ingredient for Paratha with Omelette
6621,2147,Oil,Ingredient for Paratha with Omelette
6622,2148,Salt,Ingredient for Omelette with Cheese
6623,2148,Pepper,Ingredient for Omelette with Cheese
6624,2148,Oil,Ingredient for Omelette with Cheese
6625,2149,Salt,Ingredient for Granola Yogurt Bowl
6626,2149,Pepper,Ingredient for Granola Yogurt Bowl
6627,2149,Oil,Ingredient for Granola Yogurt Bowl
6628,2150,Salt,Ingredient for Paratha with Omelette
6629,2150,Pepper,Ingredient for Paratha with Omelette
6630,2150,Oil,Ingredient for Paratha with Omelette
6631,2151,Salt,Ingredient for Scrambled Eggs Meal
6632,2151,Pepper,Ingredient for Scrambled Eggs Meal
6633,2151,Oil,Ingredient for Scrambled Eggs Meal
6634,2152,Salt,Ingredient for Breakfast Burrito
6635,2152,Pepper,Ingredient for Breakfast Burrito
6636,2152,Oil,Ingredient for Breakfast Burrito
6637,2153,Salt,Ingredient for Pancakes with Maple Syrup
6638,2153,Pepper,Ingredient for Pancakes with Maple Syrup
6639,2153,Oil,Ingredient for Pancakes with Maple Syrup
6640,2154,Salt,Ingredient for Turkey Bacon & Eggs
6641,2154,Pepper,Ingredient for Turkey Bacon & Eggs
6642,2154,Oil,Ingredient for Turkey Bacon & Eggs
6643,2155,Salt,Ingredient for Avocado Toast
6644,2155,Pepper,Ingredient for Avocado Toast
6645,2155,Oil,Ingredient for Avocado Toast
6646,2156,Salt,Ingredient for French Toast
6647,2156,Pepper,Ingredient for French Toast
6648,2156,Oil,Ingredient for French Toast
6649,2157,Salt,Ingredient for Beef Sausage Breakfast
6650,2157,Pepper,Ingredient for Beef Sausage Breakfast
6651,2157,Oil,Ingredient for Beef Sausage Breakfast
6652,2158,Salt,Ingredient for French Toast
6653,2158,Pepper,Ingredient for French Toast
6654,2158,Oil,Ingredient for French Toast
6655,2159,Salt,Ingredient for Avocado Toast
6656,2159,Pepper,Ingredient for Avocado Toast
6657,2159,Oil,Ingredient for Avocado Toast
6658,2160,Salt,Ingredient for Breakfast Burrito
6659,2160,Pepper,Ingredient for Breakfast Burrito
6660,2160,Oil,Ingredient for Breakfast Burrito
6661,2161,Salt,Ingredient for Turkey Bacon & Eggs
6662,2161,Pepper,Ingredient for Turkey Bacon & Eggs
6663,2161,Oil,Ingredient for Turkey Bacon & Eggs
6664,2162,Salt,Ingredient for Scrambled Eggs Meal
6665,2162,Pepper,Ingredient for Scrambled Eggs Meal
6666,2162,Oil,Ingredient for Scrambled Eggs Meal
6667,2163,Salt,Ingredient for Paratha with Omelette
6668,2163,Pepper,Ingredient for Paratha with Omelette
6669,2163,Oil,Ingredient for Paratha with Omelette
6670,2164,Salt,Ingredient for Granola Yogurt Bowl
6671,2164,Pepper,Ingredient for Granola Yogurt Bowl
6672,2164,Oil,Ingredient for Granola Yogurt Bowl
6673,2165,Salt,Ingredient for Beef Sausage Breakfast
6674,2165,Pepper,Ingredient for Beef Sausage Breakfast
6675,2165,Oil,Ingredient for Beef Sausage Breakfast
6676,2166,Salt,Ingredient for Omelette with Cheese
6677,2166,Pepper,Ingredient for Omelette with Cheese
6678,2166,Oil,Ingredient for Omelette with Cheese
6679,2167,Salt,Ingredient for Pancakes with Maple Syrup
6680,2167,Pepper,Ingredient for Pancakes with Maple Syrup
6681,2167,Oil,Ingredient for Pancakes with Maple Syrup
6682,2168,Salt,Ingredient for Paratha with Omelette
6683,2168,Pepper,Ingredient for Paratha with Omelette
6684,2168,Oil,Ingredient for Paratha with Omelette
6685,2169,Salt,Ingredient for Beef Sausage Breakfast
6686,2169,Pepper,Ingredient for Beef Sausage Breakfast
6687,2169,Oil,Ingredient for Beef Sausage Breakfast
6688,2170,Salt,Ingredient for Granola Yogurt Bowl
6689,2170,Pepper,Ingredient for Granola Yogurt Bowl
6690,2170,Oil,Ingredient for Granola Yogurt Bowl
6691,2171,Salt,Ingredient for Avocado Toast
6692,2171,Pepper,Ingredient for Avocado Toast
6693,2171,Oil,Ingredient for Avocado Toast
6694,2172,Salt,Ingredient for Pancakes with Maple Syrup
6695,2172,Pepper,Ingredient for Pancakes with Maple Syrup
6696,2172,Oil,Ingredient for Pancakes with Maple Syrup
6697,2173,Salt,Ingredient for French Toast
6698,2173,Pepper,Ingredient for French Toast
6699,2173,Oil,Ingredient for French Toast
6700,2174,Salt,Ingredient for Omelette with Cheese
6701,2174,Pepper,Ingredient for Omelette with Cheese
6702,2174,Oil,Ingredient for Omelette with Cheese
6703,2175,Salt,Ingredient for Scrambled Eggs Meal
6704,2175,Pepper,Ingredient for Scrambled Eggs Meal
6705,2175,Oil,Ingredient for Scrambled Eggs Meal
6706,2176,Salt,Ingredient for Breakfast Burrito
6707,2176,Pepper,Ingredient for Breakfast Burrito
6708,2176,Oil,Ingredient for Breakfast Burrito
6709,2177,Salt,Ingredient for Turkey Bacon & Eggs
6710,2177,Pepper,Ingredient for Turkey Bacon & Eggs
6711,2177,Oil,Ingredient for Turkey Bacon & Eggs
6712,2178,Salt,Ingredient for Beef Sausage Breakfast
6713,2178,Pepper,Ingredient for Beef Sausage Breakfast
6714,2178,Oil,Ingredient for Beef Sausage Breakfast
6715,2179,Salt,Ingredient for Breakfast Burrito
6716,2179,Pepper,Ingredient for Breakfast Burrito
6717,2179,Oil,Ingredient for Breakfast Burrito
6718,2180,Salt,Ingredient for Granola Yogurt Bowl
6719,2180,Pepper,Ingredient for Granola Yogurt Bowl
6720,2180,Oil,Ingredient for Granola Yogurt Bowl
6721,2181,Salt,Ingredient for Omelette with Cheese
6722,2181,Pepper,Ingredient for Omelette with Cheese
6723,2181,Oil,Ingredient for Omelette with Cheese
6724,2182,Salt,Ingredient for Paratha with Omelette
6725,2182,Pepper,Ingredient for Paratha with Omelette
6726,2182,Oil,Ingredient for Paratha with Omelette
6727,2183,Salt,Ingredient for Turkey Bacon & Eggs
6728,2183,Pepper,Ingredient for Turkey Bacon & Eggs
6729,2183,Oil,Ingredient for Turkey Bacon & Eggs
6730,2184,Salt,Ingredient for Pancakes with Maple Syrup
6731,2184,Pepper,Ingredient for Pancakes with Maple Syrup
6732,2184,Oil,Ingredient for Pancakes with Maple Syrup
6733,2185,Salt,Ingredient for Avocado Toast
6734,2185,Pepper,Ingredient for Avocado Toast
6735,2185,Oil,Ingredient for Avocado Toast
6736,2186,Salt,Ingredient for Scrambled Eggs Meal
6737,2186,Pepper,Ingredient for Scrambled Eggs Meal
6738,2186,Oil,Ingredient for Scrambled Eggs Meal
6739,2187,Salt,Ingredient for French Toast
6740,2187,Pepper,Ingredient for French Toast
6741,2187,Oil,Ingredient for French Toast
6742,2188,Salt,Ingredient for Mushroom Alfredo Pizza
6743,2188,Pepper,Ingredient for Mushroom Alfredo Pizza
6744,2188,Oil,Ingredient for Mushroom Alfredo Pizza
6745,2189,Salt,Ingredient for Hawaiian Pizza
6746,2189,Pepper,Ingredient for Hawaiian Pizza
6747,2189,Oil,Ingredient for Hawaiian Pizza
6748,2190,Flour Dough,Ingredient for Margherita Pizza
6749,2190,Tomatoes,Ingredient for Margherita Pizza
6750,2190,Fresh Basil,Ingredient for Margherita Pizza
6751,2190,Mozzarella Cheese,Ingredient for Margherita Pizza
6752,2191,Salt,Ingredient for Tandoori Chicken Pizza
6753,2191,Pepper,Ingredient for Tandoori Chicken Pizza
6754,2191,Oil,Ingredient for Tandoori Chicken Pizza
6755,2192,Dough,Ingredient for BBQ Chicken Pizza
6756,2192,BBQ Sauce,Ingredient for BBQ Chicken Pizza
6757,2192,Chicken,Ingredient for BBQ Chicken Pizza
6758,2192,Onion,Ingredient for BBQ Chicken Pizza
6759,2193,Salt,Ingredient for Spicy Chicken Fajita Pizza
6760,2193,Pepper,Ingredient for Spicy Chicken Fajita Pizza
6761,2193,Oil,Ingredient for Spicy Chicken Fajita Pizza
6762,2194,Salt,Ingredient for Mediterranean Olive Pizza
6763,2194,Pepper,Ingredient for Mediterranean Olive Pizza
6764,2194,Oil,Ingredient for Mediterranean Olive Pizza
6765,2195,Flour Dough,Ingredient for Pepperoni Pizza
6766,2195,Mozzarella,Ingredient for Pepperoni Pizza
6767,2195,Pepperoni,Ingredient for Pepperoni Pizza
6768,2196,Salt,Ingredient for Veggie Supreme Pizza
6769,2196,Pepper,Ingredient for Veggie Supreme Pizza
6770,2196,Oil,Ingredient for Veggie Supreme Pizza
6771,2197,Salt,Ingredient for Four-Cheese Pizza
6772,2197,Pepper,Ingredient for Four-Cheese Pizza
6773,2197,Oil,Ingredient for Four-Cheese Pizza
6774,2198,Salt,Ingredient for Mushroom Alfredo Pizza
6775,2198,Pepper,Ingredient for Mushroom Alfredo Pizza
6776,2198,Oil,Ingredient for Mushroom Alfredo Pizza
6777,2199,Salt,Ingredient for Four-Cheese Pizza
6778,2199,Pepper,Ingredient for Four-Cheese Pizza
6779,2199,Oil,Ingredient for Four-Cheese Pizza
6780,2200,Dough,Ingredient for BBQ Chicken Pizza
6781,2200,BBQ Sauce,Ingredient for BBQ Chicken Pizza
6782,2200,Chicken,Ingredient for BBQ Chicken Pizza
6783,2200,Onion,Ingredient for BBQ Chicken Pizza
6784,2201,Salt,Ingredient for Spicy Chicken Fajita Pizza
6785,2201,Pepper,Ingredient for Spicy Chicken Fajita Pizza
6786,2201,Oil,Ingredient for Spicy Chicken Fajita Pizza
6787,2202,Salt,Ingredient for Mediterranean Olive Pizza
6788,2202,Pepper,Ingredient for Mediterranean Olive Pizza
6789,2202,Oil,Ingredient for Mediterranean Olive Pizza
6790,2203,Salt,Ingredient for Tandoori Chicken Pizza
6791,2203,Pepper,Ingredient for Tandoori Chicken Pizza
6792,2203,Oil,Ingredient for Tandoori Chicken Pizza
6793,2204,Salt,Ingredient for Hawaiian Pizza
6794,2204,Pepper,Ingredient for Hawaiian Pizza
6795,2204,Oil,Ingredient for Hawaiian Pizza
6796,2205,Flour Dough,Ingredient for Margherita Pizza
6797,2205,Tomatoes,Ingredient for Margherita Pizza
6798,2205,Fresh Basil,Ingredient for Margherita Pizza
6799,2205,Mozzarella Cheese,Ingredient for Margherita Pizza
6800,2206,Salt,Ingredient for Veggie Supreme Pizza
6801,2206,Pepper,Ingredient for Veggie Supreme Pizza
6802,2206,Oil,Ingredient for Veggie Supreme Pizza
6803,2207,Flour Dough,Ingredient for Pepperoni Pizza
6804,2207,Mozzarella,Ingredient for Pepperoni Pizza
6805,2207,Pepperoni,Ingredient for Pepperoni Pizza
6806,2208,Salt,Ingredient for Mediterranean Olive Pizza
6807,2208,Pepper,Ingredient for Mediterranean Olive Pizza
6808,2208,Oil,Ingredient for Mediterranean Olive Pizza
6809,2209,Flour Dough,Ingredient for Pepperoni Pizza
6810,2209,Mozzarella,Ingredient for Pepperoni Pizza
6811,2209,Pepperoni,Ingredient for Pepperoni Pizza
6812,2210,Salt,Ingredient for Mushroom Alfredo Pizza
6813,2210,Pepper,Ingredient for Mushroom Alfredo Pizza
6814,2210,Oil,Ingredient for Mushroom Alfredo Pizza
6815,2211,Salt,Ingredient for Four-Cheese Pizza
6816,2211,Pepper,Ingredient for Four-Cheese Pizza
6817,2211,Oil,Ingredient for Four-Cheese Pizza
6818,2212,Salt,Ingredient for Tandoori Chicken Pizza
6819,2212,Pepper,Ingredient for Tandoori Chicken Pizza
6820,2212,Oil,Ingredient for Tandoori Chicken Pizza
6821,2213,Salt,Ingredient for Spicy Chicken Fajita Pizza
6822,2213,Pepper,Ingredient for Spicy Chicken Fajita Pizza
6823,2213,Oil,Ingredient for Spicy Chicken Fajita Pizza
6824,2214,Salt,Ingredient for Veggie Supreme Pizza
6825,2214,Pepper,Ingredient for Veggie Supreme Pizza
6826,2214,Oil,Ingredient for Veggie Supreme Pizza
6827,2215,Dough,Ingredient for BBQ Chicken Pizza
6828,2215,BBQ Sauce,Ingredient for BBQ Chicken Pizza
6829,2215,Chicken,Ingredient for BBQ Chicken Pizza
6830,2215,Onion,Ingredient for BBQ Chicken Pizza
6831,2216,Salt,Ingredient for Hawaiian Pizza
6832,2216,Pepper,Ingredient for Hawaiian Pizza
6833,2216,Oil,Ingredient for Hawaiian Pizza
6834,2217,Flour Dough,Ingredient for Margherita Pizza
6835,2217,Tomatoes,Ingredient for Margherita Pizza
6836,2217,Fresh Basil,Ingredient for Margherita Pizza
6837,2217,Mozzarella Cheese,Ingredient for Margherita Pizza
6838,2218,Salt,Ingredient for Four-Cheese Pizza
6839,2218,Pepper,Ingredient for Four-Cheese Pizza
6840,2218,Oil,Ingredient for Four-Cheese Pizza
6841,2219,Salt,Ingredient for Spicy Chicken Fajita Pizza
6842,2219,Pepper,Ingredient for Spicy Chicken Fajita Pizza
6843,2219,Oil,Ingredient for Spicy Chicken Fajita Pizza
6844,2220,Salt,Ingredient for Mushroom Alfredo Pizza
6845,2220,Pepper,Ingredient for Mushroom Alfredo Pizza
6846,2220,Oil,Ingredient for Mushroom Alfredo Pizza
6847,2221,Flour Dough,Ingredient for Margherita Pizza
6848,2221,Tomatoes,Ingredient for Margherita Pizza
6849,2221,Fresh Basil,Ingredient for Margherita Pizza
6850,2221,Mozzarella Cheese,Ingredient for Margherita Pizza
6851,2222,Salt,Ingredient for Mediterranean Olive Pizza
6852,2222,Pepper,Ingredient for Mediterranean Olive Pizza
6853,2222,Oil,Ingredient for Mediterranean Olive Pizza
6854,2223,Flour Dough,Ingredient for Pepperoni Pizza
6855,2223,Mozzarella,Ingredient for Pepperoni Pizza
6856,2223,Pepperoni,Ingredient for Pepperoni Pizza
6857,2224,Dough,Ingredient for BBQ Chicken Pizza
6858,2224,BBQ Sauce,Ingredient for BBQ Chicken Pizza
6859,2224,Chicken,Ingredient for BBQ Chicken Pizza
6860,2224,Onion,Ingredient for BBQ Chicken Pizza
6861,2225,Salt,Ingredient for Veggie Supreme Pizza
6862,2225,Pepper,Ingredient for Veggie Supreme Pizza
6863,2225,Oil,Ingredient for Veggie Supreme Pizza
6864,2226,Salt,Ingredient for Hawaiian Pizza
6865,2226,Pepper,Ingredient for Hawaiian Pizza
6866,2226,Oil,Ingredient for Hawaiian Pizza
6867,2227,Salt,Ingredient for Tandoori Chicken Pizza
6868,2227,Pepper,Ingredient for Tandoori Chicken Pizza
6869,2227,Oil,Ingredient for Tandoori Chicken Pizza
6870,2228,Salt,Ingredient for Mediterranean Olive Pizza
6871,2228,Pepper,Ingredient for Mediterranean Olive Pizza
6872,2228,Oil,Ingredient for Mediterranean Olive Pizza
6873,2229,Salt,Ingredient for Tandoori Chicken Pizza
6874,2229,Pepper,Ingredient for Tandoori Chicken Pizza
6875,2229,Oil,Ingredient for Tandoori Chicken Pizza
6876,2230,Salt,Ingredient for Hawaiian Pizza
6877,2230,Pepper,Ingredient for Hawaiian Pizza
6878,2230,Oil,Ingredient for Hawaiian Pizza
6879,2231,Salt,Ingredient for Mushroom Alfredo Pizza
6880,2231,Pepper,Ingredient for Mushroom Alfredo Pizza
6881,2231,Oil,Ingredient for Mushroom Alfredo Pizza
6882,2232,Salt,Ingredient for Four-Cheese Pizza
6883,2232,Pepper,Ingredient for Four-Cheese Pizza
6884,2232,Oil,Ingredient for Four-Cheese Pizza
6885,2233,Dough,Ingredient for BBQ Chicken Pizza
6886,2233,BBQ Sauce,Ingredient for BBQ Chicken Pizza
6887,2233,Chicken,Ingredient for BBQ Chicken Pizza
6888,2233,Onion,Ingredient for BBQ Chicken Pizza
6889,2234,Flour Dough,Ingredient for Margherita Pizza
6890,2234,Tomatoes,Ingredient for Margherita Pizza
6891,2234,Fresh Basil,Ingredient for Margherita Pizza
6892,2234,Mozzarella Cheese,Ingredient for Margherita Pizza
6893,2235,Salt,Ingredient for Veggie Supreme Pizza
6894,2235,Pepper,Ingredient for Veggie Supreme Pizza
6895,2235,Oil,Ingredient for Veggie Supreme Pizza
6896,2236,Flour Dough,Ingredient for Pepperoni Pizza
6897,2236,Mozzarella,Ingredient for Pepperoni Pizza
6898,2236,Pepperoni,Ingredient for Pepperoni Pizza
6899,2237,Salt,Ingredient for Spicy Chicken Fajita Pizza
6900,2237,Pepper,Ingredient for Spicy Chicken Fajita Pizza
6901,2237,Oil,Ingredient for Spicy Chicken Fajita Pizza
6902,2238,Salt,Ingredient for Tandoori Chicken Pizza
6903,2238,Pepper,Ingredient for Tandoori Chicken Pizza
6904,2238,Oil,Ingredient for Tandoori Chicken Pizza
6905,2239,Salt,Ingredient for Mushroom Alfredo Pizza
6906,2239,Pepper,Ingredient for Mushroom Alfredo Pizza
6907,2239,Oil,Ingredient for Mushroom Alfredo Pizza
6908,2240,Flour Dough,Ingredient for Pepperoni Pizza
6909,2240,Mozzarella,Ingredient for Pepperoni Pizza
6910,2240,Pepperoni,Ingredient for Pepperoni Pizza
6911,2241,Salt,Ingredient for Mediterranean Olive Pizza
6912,2241,Pepper,Ingredient for Mediterranean Olive Pizza
6913,2241,Oil,Ingredient for Mediterranean Olive Pizza
6914,2242,Salt,Ingredient for Four-Cheese Pizza
6915,2242,Pepper,Ingredient for Four-Cheese Pizza
6916,2242,Oil,Ingredient for Four-Cheese Pizza
6917,2243,Flour Dough,Ingredient for Margherita Pizza
6918,2243,Tomatoes,Ingredient for Margherita Pizza
6919,2243,Fresh Basil,Ingredient for Margherita Pizza
6920,2243,Mozzarella Cheese,Ingredient for Margherita Pizza
6921,2244,Salt,Ingredient for Hawaiian Pizza
6922,2244,Pepper,Ingredient for Hawaiian Pizza
6923,2244,Oil,Ingredient for Hawaiian Pizza
6924,2245,Salt,Ingredient for Veggie Supreme Pizza
6925,2245,Pepper,Ingredient for Veggie Supreme Pizza
6926,2245,Oil,Ingredient for Veggie Supreme Pizza
6927,2246,Dough,Ingredient for BBQ Chicken Pizza
6928,2246,BBQ Sauce,Ingredient for BBQ Chicken Pizza
6929,2246,Chicken,Ingredient for BBQ Chicken Pizza
6930,2246,Onion,Ingredient for BBQ Chicken Pizza
6931,2247,Salt,Ingredient for Spicy Chicken Fajita Pizza
6932,2247,Pepper,Ingredient for Spicy Chicken Fajita Pizza
6933,2247,Oil,Ingredient for Spicy Chicken Fajita Pizza
6934,2248,Salt,Ingredient for Hawaiian Pizza
6935,2248,Pepper,Ingredient for Hawaiian Pizza
6936,2248,Oil,Ingredient for Hawaiian Pizza
6937,2249,Salt,Ingredient for Four-Cheese Pizza
6938,2249,Pepper,Ingredient for Four-Cheese Pizza
6939,2249,Oil,Ingredient for Four-Cheese Pizza
6940,2250,Salt,Ingredient for Veggie Supreme Pizza
6941,2250,Pepper,Ingredient for Veggie Supreme Pizza
6942,2250,Oil,Ingredient for Veggie Supreme Pizza
6943,2251,Flour Dough,Ingredient for Margherita Pizza
6944,2251,Tomatoes,Ingredient for Margherita Pizza
6945,2251,Fresh Basil,Ingredient for Margherita Pizza
6946,2251,Mozzarella Cheese,Ingredient for Margherita Pizza
6947,2252,Salt,Ingredient for Mediterranean Olive Pizza
6948,2252,Pepper,Ingredient for Mediterranean Olive Pizza
6949,2252,Oil,Ingredient for Mediterranean Olive Pizza
6950,2253,Salt,Ingredient for Mushroom Alfredo Pizza
6951,2253,Pepper,Ingredient for Mushroom Alfredo Pizza
6952,2253,Oil,Ingredient for Mushroom Alfredo Pizza
6953,2254,Salt,Ingredient for Spicy Chicken Fajita Pizza
6954,2254,Pepper,Ingredient for Spicy Chicken Fajita Pizza
6955,2254,Oil,Ingredient for Spicy Chicken Fajita Pizza
6956,2255,Flour Dough,Ingredient for Pepperoni Pizza
6957,2255,Mozzarella,Ingredient for Pepperoni Pizza
6958,2255,Pepperoni,Ingredient for Pepperoni Pizza
6959,2256,Salt,Ingredient for Tandoori Chicken Pizza
6960,2256,Pepper,Ingredient for Tandoori Chicken Pizza
6961,2256,Oil,Ingredient for Tandoori Chicken Pizza
6962,2257,Dough,Ingredient for BBQ Chicken Pizza
6963,2257,BBQ Sauce,Ingredient for BBQ Chicken Pizza
6964,2257,Chicken,Ingredient for BBQ Chicken Pizza
6965,2257,Onion,Ingredient for BBQ Chicken Pizza
6966,2258,Salt,Ingredient for Mushroom Alfredo Pizza
6967,2258,Pepper,Ingredient for Mushroom Alfredo Pizza
6968,2258,Oil,Ingredient for Mushroom Alfredo Pizza
6969,2259,Salt,Ingredient for Mediterranean Olive Pizza
6970,2259,Pepper,Ingredient for Mediterranean Olive Pizza
6971,2259,Oil,Ingredient for Mediterranean Olive Pizza
6972,2260,Salt,Ingredient for Veggie Supreme Pizza
6973,2260,Pepper,Ingredient for Veggie Supreme Pizza
6974,2260,Oil,Ingredient for Veggie Supreme Pizza
6975,2261,Dough,Ingredient for BBQ Chicken Pizza
6976,2261,BBQ Sauce,Ingredient for BBQ Chicken Pizza
6977,2261,Chicken,Ingredient for BBQ Chicken Pizza
6978,2261,Onion,Ingredient for BBQ Chicken Pizza
6979,2262,Flour Dough,Ingredient for Margherita Pizza
6980,2262,Tomatoes,Ingredient for Margherita Pizza
6981,2262,Fresh Basil,Ingredient for Margherita Pizza
6982,2262,Mozzarella Cheese,Ingredient for Margherita Pizza
6983,2263,Salt,Ingredient for Hawaiian Pizza
6984,2263,Pepper,Ingredient for Hawaiian Pizza
6985,2263,Oil,Ingredient for Hawaiian Pizza
6986,2264,Salt,Ingredient for Four-Cheese Pizza
6987,2264,Pepper,Ingredient for Four-Cheese Pizza
6988,2264,Oil,Ingredient for Four-Cheese Pizza
6989,2265,Salt,Ingredient for Spicy Chicken Fajita Pizza
6990,2265,Pepper,Ingredient for Spicy Chicken Fajita Pizza
6991,2265,Oil,Ingredient for Spicy Chicken Fajita Pizza
6992,2266,Salt,Ingredient for Tandoori Chicken Pizza
6993,2266,Pepper,Ingredient for Tandoori Chicken Pizza
6994,2266,Oil,Ingredient for Tandoori Chicken Pizza
6995,2267,Flour Dough,Ingredient for Pepperoni Pizza
6996,2267,Mozzarella,Ingredient for Pepperoni Pizza
6997,2267,Pepperoni,Ingredient for Pepperoni Pizza
6998,2268,Dough,Ingredient for BBQ Chicken Pizza
6999,2268,BBQ Sauce,Ingredient for BBQ Chicken Pizza
7000,2268,Chicken,Ingredient for BBQ Chicken Pizza
7001,2268,Onion,Ingredient for BBQ Chicken Pizza
7002,2269,Salt,Ingredient for Tandoori Chicken Pizza
7003,2269,Pepper,Ingredient for Tandoori Chicken Pizza
7004,2269,Oil,Ingredient for Tandoori Chicken Pizza
7005,2270,Salt,Ingredient for Veggie Supreme Pizza
7006,2270,Pepper,Ingredient for Veggie Supreme Pizza
7007,2270,Oil,Ingredient for Veggie Supreme Pizza
7008,2271,Salt,Ingredient for Four-Cheese Pizza
7009,2271,Pepper,Ingredient for Four-Cheese Pizza
7010,2271,Oil,Ingredient for Four-Cheese Pizza
7011,2272,Salt,Ingredient for Hawaiian Pizza
7012,2272,Pepper,Ingredient for Hawaiian Pizza
7013,2272,Oil,Ingredient for Hawaiian Pizza
7014,2273,Salt,Ingredient for Spicy Chicken Fajita Pizza
7015,2273,Pepper,Ingredient for Spicy Chicken Fajita Pizza
7016,2273,Oil,Ingredient for Spicy Chicken Fajita Pizza
7017,2274,Flour Dough,Ingredient for Margherita Pizza
7018,2274,Tomatoes,Ingredient for Margherita Pizza
7019,2274,Fresh Basil,Ingredient for Margherita Pizza
7020,2274,Mozzarella Cheese,Ingredient for Margherita Pizza
7021,2275,Salt,Ingredient for Mushroom Alfredo Pizza
7022,2275,Pepper,Ingredient for Mushroom Alfredo Pizza
7023,2275,Oil,Ingredient for Mushroom Alfredo Pizza
7024,2276,Flour Dough,Ingredient for Pepperoni Pizza
7025,2276,Mozzarella,Ingredient for Pepperoni Pizza
7026,2276,Pepperoni,Ingredient for Pepperoni Pizza
7027,2277,Salt,Ingredient for Mediterranean Olive Pizza
7028,2277,Pepper,Ingredient for Mediterranean Olive Pizza
7029,2277,Oil,Ingredient for Mediterranean Olive Pizza
7030,2278,Salt,Ingredient for Spicy Chicken Fajita Pizza
7031,2278,Pepper,Ingredient for Spicy Chicken Fajita Pizza
7032,2278,Oil,Ingredient for Spicy Chicken Fajita Pizza
7033,2279,Salt,Ingredient for Mushroom Alfredo Pizza
7034,2279,Pepper,Ingredient for Mushroom Alfredo Pizza
7035,2279,Oil,Ingredient for Mushroom Alfredo Pizza
7036,2280,Salt,Ingredient for Tandoori Chicken Pizza
7037,2280,Pepper,Ingredient for Tandoori Chicken Pizza
7038,2280,Oil,Ingredient for Tandoori Chicken Pizza
7039,2281,Salt,Ingredient for Hawaiian Pizza
7040,2281,Pepper,Ingredient for Hawaiian Pizza
7041,2281,Oil,Ingredient for Hawaiian Pizza
7042,2282,Flour Dough,Ingredient for Margherita Pizza
7043,2282,Tomatoes,Ingredient for Margherita Pizza
7044,2282,Fresh Basil,Ingredient for Margherita Pizza
7045,2282,Mozzarella Cheese,Ingredient for Margherita Pizza
7046,2283,Salt,Ingredient for Four-Cheese Pizza
7047,2283,Pepper,Ingredient for Four-Cheese Pizza
7048,2283,Oil,Ingredient for Four-Cheese Pizza
7049,2284,Flour Dough,Ingredient for Pepperoni Pizza
7050,2284,Mozzarella,Ingredient for Pepperoni Pizza
7051,2284,Pepperoni,Ingredient for Pepperoni Pizza
7052,2285,Salt,Ingredient for Veggie Supreme Pizza
7053,2285,Pepper,Ingredient for Veggie Supreme Pizza
7054,2285,Oil,Ingredient for Veggie Supreme Pizza
7055,2286,Salt,Ingredient for Mediterranean Olive Pizza
7056,2286,Pepper,Ingredient for Mediterranean Olive Pizza
7057,2286,Oil,Ingredient for Mediterranean Olive Pizza
7058,2287,Dough,Ingredient for BBQ Chicken Pizza
7059,2287,BBQ Sauce,Ingredient for BBQ Chicken Pizza
7060,2287,Chicken,Ingredient for BBQ Chicken Pizza
7061,2287,Onion,Ingredient for BBQ Chicken Pizza
7062,2288,Salt,Ingredient for Barbeque Chicken Tikka
7063,2288,Pepper,Ingredient for Barbeque Chicken Tikka
7064,2288,Oil,Ingredient for Barbeque Chicken Tikka
7065,2289,Salt,Ingredient for Grilled Chicken Breast
7066,2289,Pepper,Ingredient for Grilled Chicken Breast
7067,2289,Oil,Ingredient for Grilled Chicken Breast
7068,2290,Salt,Ingredient for Grilled Prawns
7069,2290,Pepper,Ingredient for Grilled Prawns
7070,2290,Oil,Ingredient for Grilled Prawns
7071,2291,Salt,Ingredient for Peri Peri Grilled Wings
7072,2291,Pepper,Ingredient for Peri Peri Grilled Wings
7073,2291,Oil,Ingredient for Peri Peri Grilled Wings
7074,2292,Salt,Ingredient for Smoked Sausage Combo
7075,2292,Pepper,Ingredient for Smoked Sausage Combo
7076,2292,Oil,Ingredient for Smoked Sausage Combo
7077,2293,Salt,Ingredient for Korean BBQ Short Ribs
7078,2293,Pepper,Ingredient for Korean BBQ Short Ribs
7079,2293,Oil,Ingredient for Korean BBQ Short Ribs
7080,2294,Salt,Ingredient for BBQ Platter Mix
7081,2294,Pepper,Ingredient for BBQ Platter Mix
7082,2294,Oil,Ingredient for BBQ Platter Mix
7083,2295,Salt,Ingredient for Beef Steak Ribeye
7084,2295,Pepper,Ingredient for Beef Steak Ribeye
7085,2295,Oil,Ingredient for Beef Steak Ribeye
7086,2296,Salt,Ingredient for BBQ Lamb Chops
7087,2296,Pepper,Ingredient for BBQ Lamb Chops
7088,2296,Oil,Ingredient for BBQ Lamb Chops
7089,2297,Salt,Ingredient for Smoked Beef Ribs
7090,2297,Pepper,Ingredient for Smoked Beef Ribs
7091,2297,Oil,Ingredient for Smoked Beef Ribs
7092,2298,Salt,Ingredient for BBQ Platter Mix
7093,2298,Pepper,Ingredient for BBQ Platter Mix
7094,2298,Oil,Ingredient for BBQ Platter Mix
7095,2299,Salt,Ingredient for Smoked Beef Ribs
7096,2299,Pepper,Ingredient for Smoked Beef Ribs
7097,2299,Oil,Ingredient for Smoked Beef Ribs
7098,2300,Salt,Ingredient for Barbeque Chicken Tikka
7099,2300,Pepper,Ingredient for Barbeque Chicken Tikka
7100,2300,Oil,Ingredient for Barbeque Chicken Tikka
7101,2301,Salt,Ingredient for Korean BBQ Short Ribs
7102,2301,Pepper,Ingredient for Korean BBQ Short Ribs
7103,2301,Oil,Ingredient for Korean BBQ Short Ribs
7104,2302,Salt,Ingredient for Beef Steak Ribeye
7105,2302,Pepper,Ingredient for Beef Steak Ribeye
7106,2302,Oil,Ingredient for Beef Steak Ribeye
7107,2303,Salt,Ingredient for Grilled Chicken Breast
7108,2303,Pepper,Ingredient for Grilled Chicken Breast
7109,2303,Oil,Ingredient for Grilled Chicken Breast
7110,2304,Salt,Ingredient for BBQ Lamb Chops
7111,2304,Pepper,Ingredient for BBQ Lamb Chops
7112,2304,Oil,Ingredient for BBQ Lamb Chops
7113,2305,Salt,Ingredient for Smoked Sausage Combo
7114,2305,Pepper,Ingredient for Smoked Sausage Combo
7115,2305,Oil,Ingredient for Smoked Sausage Combo
7116,2306,Salt,Ingredient for Grilled Prawns
7117,2306,Pepper,Ingredient for Grilled Prawns
7118,2306,Oil,Ingredient for Grilled Prawns
7119,2307,Salt,Ingredient for Peri Peri Grilled Wings
7120,2307,Pepper,Ingredient for Peri Peri Grilled Wings
7121,2307,Oil,Ingredient for Peri Peri Grilled Wings
7122,2308,Salt,Ingredient for Peri Peri Grilled Wings
7123,2308,Pepper,Ingredient for Peri Peri Grilled Wings
7124,2308,Oil,Ingredient for Peri Peri Grilled Wings
7125,2309,Salt,Ingredient for Smoked Beef Ribs
7126,2309,Pepper,Ingredient for Smoked Beef Ribs
7127,2309,Oil,Ingredient for Smoked Beef Ribs
7128,2310,Salt,Ingredient for BBQ Platter Mix
7129,2310,Pepper,Ingredient for BBQ Platter Mix
7130,2310,Oil,Ingredient for BBQ Platter Mix
7131,2311,Salt,Ingredient for Smoked Sausage Combo
7132,2311,Pepper,Ingredient for Smoked Sausage Combo
7133,2311,Oil,Ingredient for Smoked Sausage Combo
7134,2312,Salt,Ingredient for Barbeque Chicken Tikka
7135,2312,Pepper,Ingredient for Barbeque Chicken Tikka
7136,2312,Oil,Ingredient for Barbeque Chicken Tikka
7137,2313,Salt,Ingredient for Grilled Prawns
7138,2313,Pepper,Ingredient for Grilled Prawns
7139,2313,Oil,Ingredient for Grilled Prawns
7140,2314,Salt,Ingredient for Grilled Chicken Breast
7141,2314,Pepper,Ingredient for Grilled Chicken Breast
7142,2314,Oil,Ingredient for Grilled Chicken Breast
7143,2315,Salt,Ingredient for Korean BBQ Short Ribs
7144,2315,Pepper,Ingredient for Korean BBQ Short Ribs
7145,2315,Oil,Ingredient for Korean BBQ Short Ribs
7146,2316,Salt,Ingredient for Beef Steak Ribeye
7147,2316,Pepper,Ingredient for Beef Steak Ribeye
7148,2316,Oil,Ingredient for Beef Steak Ribeye
7149,2317,Salt,Ingredient for BBQ Lamb Chops
7150,2317,Pepper,Ingredient for BBQ Lamb Chops
7151,2317,Oil,Ingredient for BBQ Lamb Chops
7152,2318,Salt,Ingredient for BBQ Lamb Chops
7153,2318,Pepper,Ingredient for BBQ Lamb Chops
7154,2318,Oil,Ingredient for BBQ Lamb Chops
7155,2319,Salt,Ingredient for Peri Peri Grilled Wings
7156,2319,Pepper,Ingredient for Peri Peri Grilled Wings
7157,2319,Oil,Ingredient for Peri Peri Grilled Wings
7158,2320,Salt,Ingredient for BBQ Platter Mix
7159,2320,Pepper,Ingredient for BBQ Platter Mix
7160,2320,Oil,Ingredient for BBQ Platter Mix
7161,2321,Salt,Ingredient for Smoked Sausage Combo
7162,2321,Pepper,Ingredient for Smoked Sausage Combo
7163,2321,Oil,Ingredient for Smoked Sausage Combo
7164,2322,Salt,Ingredient for Grilled Prawns
7165,2322,Pepper,Ingredient for Grilled Prawns
7166,2322,Oil,Ingredient for Grilled Prawns
7167,2323,Salt,Ingredient for Beef Steak Ribeye
7168,2323,Pepper,Ingredient for Beef Steak Ribeye
7169,2323,Oil,Ingredient for Beef Steak Ribeye
7170,2324,Salt,Ingredient for Grilled Chicken Breast
7171,2324,Pepper,Ingredient for Grilled Chicken Breast
7172,2324,Oil,Ingredient for Grilled Chicken Breast
7173,2325,Salt,Ingredient for Barbeque Chicken Tikka
7174,2325,Pepper,Ingredient for Barbeque Chicken Tikka
7175,2325,Oil,Ingredient for Barbeque Chicken Tikka
7176,2326,Salt,Ingredient for Korean BBQ Short Ribs
7177,2326,Pepper,Ingredient for Korean BBQ Short Ribs
7178,2326,Oil,Ingredient for Korean BBQ Short Ribs
7179,2327,Salt,Ingredient for Smoked Beef Ribs
7180,2327,Pepper,Ingredient for Smoked Beef Ribs
7181,2327,Oil,Ingredient for Smoked Beef Ribs
7182,2328,Salt,Ingredient for BBQ Lamb Chops
7183,2328,Pepper,Ingredient for BBQ Lamb Chops
7184,2328,Oil,Ingredient for BBQ Lamb Chops
7185,2329,Salt,Ingredient for Smoked Beef Ribs
7186,2329,Pepper,Ingredient for Smoked Beef Ribs
7187,2329,Oil,Ingredient for Smoked Beef Ribs
7188,2330,Salt,Ingredient for BBQ Platter Mix
7189,2330,Pepper,Ingredient for BBQ Platter Mix
7190,2330,Oil,Ingredient for BBQ Platter Mix
7191,2331,Salt,Ingredient for Smoked Sausage Combo
7192,2331,Pepper,Ingredient for Smoked Sausage Combo
7193,2331,Oil,Ingredient for Smoked Sausage Combo
7194,2332,Salt,Ingredient for Barbeque Chicken Tikka
7195,2332,Pepper,Ingredient for Barbeque Chicken Tikka
7196,2332,Oil,Ingredient for Barbeque Chicken Tikka
7197,2333,Salt,Ingredient for Korean BBQ Short Ribs
7198,2333,Pepper,Ingredient for Korean BBQ Short Ribs
7199,2333,Oil,Ingredient for Korean BBQ Short Ribs
7200,2334,Salt,Ingredient for Beef Steak Ribeye
7201,2334,Pepper,Ingredient for Beef Steak Ribeye
7202,2334,Oil,Ingredient for Beef Steak Ribeye
7203,2335,Salt,Ingredient for Grilled Prawns
7204,2335,Pepper,Ingredient for Grilled Prawns
7205,2335,Oil,Ingredient for Grilled Prawns
7206,2336,Salt,Ingredient for Grilled Chicken Breast
7207,2336,Pepper,Ingredient for Grilled Chicken Breast
7208,2336,Oil,Ingredient for Grilled Chicken Breast
7209,2337,Salt,Ingredient for Peri Peri Grilled Wings
7210,2337,Pepper,Ingredient for Peri Peri Grilled Wings
7211,2337,Oil,Ingredient for Peri Peri Grilled Wings
7212,2338,Salt,Ingredient for BBQ Platter Mix
7213,2338,Pepper,Ingredient for BBQ Platter Mix
7214,2338,Oil,Ingredient for BBQ Platter Mix
7215,2339,Salt,Ingredient for Smoked Beef Ribs
7216,2339,Pepper,Ingredient for Smoked Beef Ribs
7217,2339,Oil,Ingredient for Smoked Beef Ribs
7218,2340,Salt,Ingredient for Grilled Prawns
7219,2340,Pepper,Ingredient for Grilled Prawns
7220,2340,Oil,Ingredient for Grilled Prawns
7221,2341,Salt,Ingredient for Peri Peri Grilled Wings
7222,2341,Pepper,Ingredient for Peri Peri Grilled Wings
7223,2341,Oil,Ingredient for Peri Peri Grilled Wings
7224,2342,Salt,Ingredient for Beef Steak Ribeye
7225,2342,Pepper,Ingredient for Beef Steak Ribeye
7226,2342,Oil,Ingredient for Beef Steak Ribeye
7227,2343,Salt,Ingredient for Grilled Chicken Breast
7228,2343,Pepper,Ingredient for Grilled Chicken Breast
7229,2343,Oil,Ingredient for Grilled Chicken Breast
7230,2344,Salt,Ingredient for Barbeque Chicken Tikka
7231,2344,Pepper,Ingredient for Barbeque Chicken Tikka
7232,2344,Oil,Ingredient for Barbeque Chicken Tikka
7233,2345,Salt,Ingredient for Korean BBQ Short Ribs
7234,2345,Pepper,Ingredient for Korean BBQ Short Ribs
7235,2345,Oil,Ingredient for Korean BBQ Short Ribs
7236,2346,Salt,Ingredient for Smoked Sausage Combo
7237,2346,Pepper,Ingredient for Smoked Sausage Combo
7238,2346,Oil,Ingredient for Smoked Sausage Combo
7239,2347,Salt,Ingredient for BBQ Lamb Chops
7240,2347,Pepper,Ingredient for BBQ Lamb Chops
7241,2347,Oil,Ingredient for BBQ Lamb Chops
7242,2348,Salt,Ingredient for Beef Steak Ribeye
7243,2348,Pepper,Ingredient for Beef Steak Ribeye
7244,2348,Oil,Ingredient for Beef Steak Ribeye
7245,2349,Salt,Ingredient for Smoked Beef Ribs
7246,2349,Pepper,Ingredient for Smoked Beef Ribs
7247,2349,Oil,Ingredient for Smoked Beef Ribs
7248,2350,Salt,Ingredient for Korean BBQ Short Ribs
7249,2350,Pepper,Ingredient for Korean BBQ Short Ribs
7250,2350,Oil,Ingredient for Korean BBQ Short Ribs
7251,2351,Salt,Ingredient for BBQ Lamb Chops
7252,2351,Pepper,Ingredient for BBQ Lamb Chops
7253,2351,Oil,Ingredient for BBQ Lamb Chops
7254,2352,Salt,Ingredient for Peri Peri Grilled Wings
7255,2352,Pepper,Ingredient for Peri Peri Grilled Wings
7256,2352,Oil,Ingredient for Peri Peri Grilled Wings
7257,2353,Salt,Ingredient for BBQ Platter Mix
7258,2353,Pepper,Ingredient for BBQ Platter Mix
7259,2353,Oil,Ingredient for BBQ Platter Mix
7260,2354,Salt,Ingredient for Grilled Prawns
7261,2354,Pepper,Ingredient for Grilled Prawns
7262,2354,Oil,Ingredient for Grilled Prawns
7263,2355,Salt,Ingredient for Barbeque Chicken Tikka
7264,2355,Pepper,Ingredient for Barbeque Chicken Tikka
7265,2355,Oil,Ingredient for Barbeque Chicken Tikka
7266,2356,Salt,Ingredient for Smoked Sausage Combo
7267,2356,Pepper,Ingredient for Smoked Sausage Combo
7268,2356,Oil,Ingredient for Smoked Sausage Combo
7269,2357,Salt,Ingredient for Grilled Chicken Breast
7270,2357,Pepper,Ingredient for Grilled Chicken Breast
7271,2357,Oil,Ingredient for Grilled Chicken Breast
7272,2358,Salt,Ingredient for Smoked Sausage Combo
7273,2358,Pepper,Ingredient for Smoked Sausage Combo
7274,2358,Oil,Ingredient for Smoked Sausage Combo
7275,2359,Salt,Ingredient for BBQ Lamb Chops
7276,2359,Pepper,Ingredient for BBQ Lamb Chops
7277,2359,Oil,Ingredient for BBQ Lamb Chops
7278,2360,Salt,Ingredient for Barbeque Chicken Tikka
7279,2360,Pepper,Ingredient for Barbeque Chicken Tikka
7280,2360,Oil,Ingredient for Barbeque Chicken Tikka
7281,2361,Salt,Ingredient for Smoked Beef Ribs
7282,2361,Pepper,Ingredient for Smoked Beef Ribs
7283,2361,Oil,Ingredient for Smoked Beef Ribs
7284,2362,Salt,Ingredient for Grilled Chicken Breast
7285,2362,Pepper,Ingredient for Grilled Chicken Breast
7286,2362,Oil,Ingredient for Grilled Chicken Breast
7287,2363,Salt,Ingredient for Korean BBQ Short Ribs
7288,2363,Pepper,Ingredient for Korean BBQ Short Ribs
7289,2363,Oil,Ingredient for Korean BBQ Short Ribs
7290,2364,Salt,Ingredient for Grilled Prawns
7291,2364,Pepper,Ingredient for Grilled Prawns
7292,2364,Oil,Ingredient for Grilled Prawns
7293,2365,Salt,Ingredient for Beef Steak Ribeye
7294,2365,Pepper,Ingredient for Beef Steak Ribeye
7295,2365,Oil,Ingredient for Beef Steak Ribeye
7296,2366,Salt,Ingredient for Peri Peri Grilled Wings
7297,2366,Pepper,Ingredient for Peri Peri Grilled Wings
7298,2366,Oil,Ingredient for Peri Peri Grilled Wings
7299,2367,Salt,Ingredient for BBQ Platter Mix
7300,2367,Pepper,Ingredient for BBQ Platter Mix
7301,2367,Oil,Ingredient for BBQ Platter Mix
7302,2368,Salt,Ingredient for Beef Steak Ribeye
7303,2368,Pepper,Ingredient for Beef Steak Ribeye
7304,2368,Oil,Ingredient for Beef Steak Ribeye
7305,2369,Salt,Ingredient for Grilled Prawns
7306,2369,Pepper,Ingredient for Grilled Prawns
7307,2369,Oil,Ingredient for Grilled Prawns
7308,2370,Salt,Ingredient for Smoked Sausage Combo
7309,2370,Pepper,Ingredient for Smoked Sausage Combo
7310,2370,Oil,Ingredient for Smoked Sausage Combo
7311,2371,Salt,Ingredient for BBQ Lamb Chops
7312,2371,Pepper,Ingredient for BBQ Lamb Chops
7313,2371,Oil,Ingredient for BBQ Lamb Chops
7314,2372,Salt,Ingredient for BBQ Platter Mix
7315,2372,Pepper,Ingredient for BBQ Platter Mix
7316,2372,Oil,Ingredient for BBQ Platter Mix
7317,2373,Salt,Ingredient for Korean BBQ Short Ribs
7318,2373,Pepper,Ingredient for Korean BBQ Short Ribs
7319,2373,Oil,Ingredient for Korean BBQ Short Ribs
7320,2374,Salt,Ingredient for Smoked Beef Ribs
7321,2374,Pepper,Ingredient for Smoked Beef Ribs
7322,2374,Oil,Ingredient for Smoked Beef Ribs
7323,2375,Salt,Ingredient for Grilled Chicken Breast
7324,2375,Pepper,Ingredient for Grilled Chicken Breast
7325,2375,Oil,Ingredient for Grilled Chicken Breast
7326,2376,Salt,Ingredient for Peri Peri Grilled Wings
7327,2376,Pepper,Ingredient for Peri Peri Grilled Wings
7328,2376,Oil,Ingredient for Peri Peri Grilled Wings
7329,2377,Salt,Ingredient for Barbeque Chicken Tikka
7330,2377,Pepper,Ingredient for Barbeque Chicken Tikka
7331,2377,Oil,Ingredient for Barbeque Chicken Tikka
7332,2378,Salt,Ingredient for BBQ Lamb Chops
7333,2378,Pepper,Ingredient for BBQ Lamb Chops
7334,2378,Oil,Ingredient for BBQ Lamb Chops
7335,2379,Salt,Ingredient for Smoked Sausage Combo
7336,2379,Pepper,Ingredient for Smoked Sausage Combo
7337,2379,Oil,Ingredient for Smoked Sausage Combo
7338,2380,Salt,Ingredient for Beef Steak Ribeye
7339,2380,Pepper,Ingredient for Beef Steak Ribeye
7340,2380,Oil,Ingredient for Beef Steak Ribeye
7341,2381,Salt,Ingredient for Grilled Prawns
7342,2381,Pepper,Ingredient for Grilled Prawns
7343,2381,Oil,Ingredient for Grilled Prawns
7344,2382,Salt,Ingredient for Smoked Beef Ribs
7345,2382,Pepper,Ingredient for Smoked Beef Ribs
7346,2382,Oil,Ingredient for Smoked Beef Ribs
7347,2383,Salt,Ingredient for Peri Peri Grilled Wings
7348,2383,Pepper,Ingredient for Peri Peri Grilled Wings
7349,2383,Oil,Ingredient for Peri Peri Grilled Wings
7350,2384,Salt,Ingredient for Korean BBQ Short Ribs
7351,2384,Pepper,Ingredient for Korean BBQ Short Ribs
7352,2384,Oil,Ingredient for Korean BBQ Short Ribs
7353,2385,Salt,Ingredient for Grilled Chicken Breast
7354,2385,Pepper,Ingredient for Grilled Chicken Breast
7355,2385,Oil,Ingredient for Grilled Chicken Breast
7356,2386,Salt,Ingredient for BBQ Platter Mix
7357,2386,Pepper,Ingredient for BBQ Platter Mix
7358,2386,Oil,Ingredient for BBQ Platter Mix
7359,2387,Salt,Ingredient for Barbeque Chicken Tikka
7360,2387,Pepper,Ingredient for Barbeque Chicken Tikka
7361,2387,Oil,Ingredient for Barbeque Chicken Tikka
