id,menu_id,name,price,description,ingredients
1388,204,Naan Garlic Bread,19.57,A delicious naan garlic bread prepared fresh.,"Salt, Pepper, Oil"
1389,204,Paneer Tikka Masala,13.11,A delicious paneer tikka masala prepared fresh.,"Salt, Pepper, Oil"
1390,204,Chana Masala,10.81,A delicious chana masala prepared fresh.,"Salt, Pepper, Oil"
1391,204,Aloo Paratha,9.81,A delicious aloo paratha prepared fresh.,"Salt, Pepper, Oil"
1392,204,Dal Makhani,25.76,A delicious dal makhani prepared fresh.,"Salt, Pepper, Oil"
1393,204,Butter Chicken,17.44,A delicious butter chicken prepared fresh.,"Salt, Pepper, Oil"
1394,204,Mutton Karahi,6.99,A delicious mutton karahi prepared fresh.,"Salt, Pepper, Oil"
1395,204,Fish Masala Curry,14.47,A delicious fish masala curry prepared fresh.,"Salt, Pepper, Oil"
1396,204,Chicken Tandoori,25.56,A delicious chicken tandoori prepared fresh.,"Salt, Pepper, Oil"
1397,204,Chicken Biryani,28.53,A delicious chicken biryani prepared fresh.,"Salt, Pepper, Oil"
1398,205,Butter Chicken,5.72,A delicious butter chicken prepared fresh.,"Salt, Pepper, Oil"
1399,205,Fish Masala Curry,22.85,A delicious fish masala curry prepared fresh.,"Salt, Pepper, Oil"
1400,205,Naan Garlic Bread,6.57,A delicious naan garlic bread prepared fresh.,"Salt, Pepper, Oil"
1401,205,Chana Masala,25.34,A delicious chana masala prepared fresh.,"Salt, Pepper, Oil"
1402,205,Dal Makhani,18.85,A delicious dal makhani prepared fresh.,"Salt, Pepper, Oil"
1403,205,Chicken Tandoori,15.27,A delicious chicken tandoori prepared fresh.,"Salt, Pepper, Oil"
1404,205,Mutton Karahi,24.50,A delicious mutton karahi prepared fresh.,"Salt, Pepper, Oil"
1405,205,Chicken Biryani,10.78,A delicious chicken biryani prepared fresh.,"Salt, Pepper, Oil"
1406,205,Paneer Tikka Masala,20.72,A delicious paneer tikka masala prepared fresh.,"Salt, Pepper, Oil"
1407,205,Aloo Paratha,21.37,A delicious aloo paratha prepared fresh.,"Salt, Pepper, Oil"
1408,206,Aloo Paratha,21.49,A delicious aloo paratha prepared fresh.,"Salt, Pepper, Oil"
1409,206,Chicken Tandoori,15.78,A delicious chicken tandoori prepared fresh.,"Salt, Pepper, Oil"
1410,206,Chicken Biryani,16.91,A delicious chicken biryani prepared fresh.,"Salt, Pepper, Oil"
1411,206,Butter Chicken,26.88,A delicious butter chicken prepared fresh.,"Salt, Pepper, Oil"
1412,206,Paneer Tikka Masala,25.31,A delicious paneer tikka masala prepared fresh.,"Salt, Pepper, Oil"
1413,206,Dal Makhani,25.59,A delicious dal makhani prepared fresh.,"Salt, Pepper, Oil"
1414,206,Fish Masala Curry,8.87,A delicious fish masala curry prepared fresh.,"Salt, Pepper, Oil"
1415,206,Naan Garlic Bread,22.85,A delicious naan garlic bread prepared fresh.,"Salt, Pepper, Oil"
1416,206,Mutton Karahi,24.48,A delicious mutton karahi prepared fresh.,"Salt, Pepper, Oil"
1417,206,Chana Masala,20.72,A delicious chana masala prepared fresh.,"Salt, Pepper, Oil"
1418,207,Butter Chicken,11.50,A delicious butter chicken prepared fresh.,"Salt, Pepper, Oil"
1419,207,Chicken Biryani,24.11,A delicious chicken biryani prepared fresh.,"Salt, Pepper, Oil"
1420,207,Fish Masala Curry,8.29,A delicious fish masala curry prepared fresh.,"Salt, Pepper, Oil"
1421,207,Chana Masala,13.36,A delicious chana masala prepared fresh.,"Salt, Pepper, Oil"
1422,207,Dal Makhani,28.08,A delicious dal makhani prepared fresh.,"Salt, Pepper, Oil"
1423,207,Aloo Paratha,18.35,A delicious aloo paratha prepared fresh.,"Salt, Pepper, Oil"
1424,207,Mutton Karahi,9.54,A delicious mutton karahi prepared fresh.,"Salt, Pepper, Oil"
1425,207,Paneer Tikka Masala,23.70,A delicious paneer tikka masala prepared fresh.,"Salt, Pepper, Oil"
1426,207,Chicken Tandoori,8.98,A delicious chicken tandoori prepared fresh.,"Salt, Pepper, Oil"
1427,207,Naan Garlic Bread,21.81,A delicious naan garlic bread prepared fresh.,"Salt, Pepper, Oil"
1428,208,Fish Masala Curry,24.51,A delicious fish masala curry prepared fresh.,"Salt, Pepper, Oil"
1429,208,Dal Makhani,16.93,A delicious dal makhani prepared fresh.,"Salt, Pepper, Oil"
1430,208,Chana Masala,7.10,A delicious chana masala prepared fresh.,"Salt, Pepper, Oil"
1431,208,Paneer Tikka Masala,27.06,A delicious paneer tikka masala prepared fresh.,"Salt, Pepper, Oil"
1432,208,Butter Chicken,22.57,A delicious butter chicken prepared fresh.,"Salt, Pepper, Oil"
1433,208,Naan Garlic Bread,17.91,A delicious naan garlic bread prepared fresh.,"Salt, Pepper, Oil"
1434,208,Chicken Tandoori,18.96,A delicious chicken tandoori prepared fresh.,"Salt, Pepper, Oil"
1435,208,Aloo Paratha,15.82,A delicious aloo paratha prepared fresh.,"Salt, Pepper, Oil"
1436,208,Chicken Biryani,25.17,A delicious chicken biryani prepared fresh.,"Salt, Pepper, Oil"
1437,208,Mutton Karahi,26.76,A delicious mutton karahi prepared fresh.,"Salt, Pepper, Oil"
1438,209,Butter Chicken,23.87,A delicious butter chicken prepared fresh.,"Salt, Pepper, Oil"
1439,209,Chicken Tandoori,24.46,A delicious chicken tandoori prepared fresh.,"Salt, Pepper, Oil"
1440,209,Aloo Paratha,21.37,A delicious aloo paratha prepared fresh.,"Salt, Pepper, Oil"
1441,209,Naan Garlic Bread,22.03,A delicious naan garlic bread prepared fresh.,"Salt, Pepper, Oil"
1442,209,Chana Masala,5.14,A delicious chana masala prepared fresh.,"Salt, Pepper, Oil"
1443,209,Chicken Biryani,5.79,A delicious chicken biryani prepared fresh.,"Salt, Pepper, Oil"
1444,209,Mutton Karahi,17.53,A delicious mutton karahi prepared fresh.,"Salt, Pepper, Oil"
1445,209,Fish Masala Curry,6.52,A delicious fish masala curry prepared fresh.,"Salt, Pepper, Oil"
1446,209,Paneer Tikka Masala,27.41,A delicious paneer tikka masala prepared fresh.,"Salt, Pepper, Oil"
1447,209,Dal Makhani,15.71,A delicious dal makhani prepared fresh.,"Salt, Pepper, Oil"
1448,210,Mutton Karahi,8.31,A delicious mutton karahi prepared fresh.,"Salt, Pepper, Oil"
1449,210,Fish Masala Curry,27.90,A delicious fish masala curry prepared fresh.,"Salt, Pepper, Oil"
1450,210,Chana Masala,20.15,A delicious chana masala prepared fresh.,"Salt, Pepper, Oil"
1451,210,Paneer Tikka Masala,6.59,A delicious paneer tikka masala prepared fresh.,"Salt, Pepper, Oil"
1452,210,Chicken Tandoori,19.08,A delicious chicken tandoori prepared fresh.,"Salt, Pepper, Oil"
1453,210,Dal Makhani,20.67,A delicious dal makhani prepared fresh.,"Salt, Pepper, Oil"
1454,210,Aloo Paratha,20.38,A delicious aloo paratha prepared fresh.,"Salt, Pepper, Oil"
1455,210,Naan Garlic Bread,5.39,A delicious naan garlic bread prepared fresh.,"Salt, Pepper, Oil"
1456,210,Chicken Biryani,7.23,A delicious chicken biryani prepared fresh.,"Salt, Pepper, Oil"
1457,210,Butter Chicken,22.97,A delicious butter chicken prepared fresh.,"Salt, Pepper, Oil"
1458,211,Dal Makhani,10.13,A delicious dal makhani prepared fresh.,"Salt, Pepper, Oil"
1459,211,Mutton Karahi,18.86,A delicious mutton karahi prepared fresh.,"Salt, Pepper, Oil"
1460,211,Chicken Tandoori,10.42,A delicious chicken tandoori prepared fresh.,"Salt, Pepper, Oil"
1461,211,Paneer Tikka Masala,17.65,A delicious paneer tikka masala prepared fresh.,"Salt, Pepper, Oil"
1462,211,Butter Chicken,6.09,A delicious butter chicken prepared fresh.,"Salt, Pepper, Oil"
1463,211,Fish Masala Curry,11.25,A delicious fish masala curry prepared fresh.,"Salt, Pepper, Oil"
1464,211,Chana Masala,17.41,A delicious chana masala prepared fresh.,"Salt, Pepper, Oil"
1465,211,Naan Garlic Bread,24.88,A delicious naan garlic bread prepared fresh.,"Salt, Pepper, Oil"
1466,211,Chicken Biryani,20.59,A delicious chicken biryani prepared fresh.,"Salt, Pepper, Oil"
1467,211,Aloo Paratha,10.92,A delicious aloo paratha prepared fresh.,"Salt, Pepper, Oil"
1468,212,Butter Chicken,29.00,A delicious butter chicken prepared fresh.,"Salt, Pepper, Oil"
1469,212,Chicken Biryani,26.16,A delicious chicken biryani prepared fresh.,"Salt, Pepper, Oil"
1470,212,Naan Garlic Bread,9.65,A delicious naan garlic bread prepared fresh.,"Salt, Pepper, Oil"
1471,212,Dal Makhani,28.53,A delicious dal makhani prepared fresh.,"Salt, Pepper, Oil"
1472,212,Chana Masala,25.69,A delicious chana masala prepared fresh.,"Salt, Pepper, Oil"
1473,212,Aloo Paratha,18.01,A delicious aloo paratha prepared fresh.,"Salt, Pepper, Oil"
1474,212,Chicken Tandoori,24.83,A delicious chicken tandoori prepared fresh.,"Salt, Pepper, Oil"
1475,212,Mutton Karahi,12.32,A delicious mutton karahi prepared fresh.,"Salt, Pepper, Oil"
1476,212,Fish Masala Curry,10.69,A delicious fish masala curry prepared fresh.,"Salt, Pepper, Oil"
1477,212,Paneer Tikka Masala,11.45,A delicious paneer tikka masala prepared fresh.,"Salt, Pepper, Oil"
1478,213,Butter Chicken,11.44,A delicious butter chicken prepared fresh.,"Salt, Pepper, Oil"
1479,213,Dal Makhani,25.87,A delicious dal makhani prepared fresh.,"Salt, Pepper, Oil"
1480,213,Chicken Biryani,18.38,A delicious chicken biryani prepared fresh.,"Salt, Pepper, Oil"
1481,213,Chana Masala,9.46,A delicious chana masala prepared fresh.,"Salt, Pepper, Oil"
1482,213,Fish Masala Curry,8.91,A delicious fish masala curry prepared fresh.,"Salt, Pepper, Oil"
1483,213,Naan Garlic Bread,12.60,A delicious naan garlic bread prepared fresh.,"Salt, Pepper, Oil"
1484,213,Paneer Tikka Masala,15.54,A delicious paneer tikka masala prepared fresh.,"Salt, Pepper, Oil"
1485,213,Aloo Paratha,26.58,A delicious aloo paratha prepared fresh.,"Salt, Pepper, Oil"
1486,213,Chicken Tandoori,25.83,A delicious chicken tandoori prepared fresh.,"Salt, Pepper, Oil"
1487,213,Mutton Karahi,27.39,A delicious mutton karahi prepared fresh.,"Salt, Pepper, Oil"
1488,214,Chana Masala,24.64,A delicious chana masala prepared fresh.,"Salt, Pepper, Oil"
1489,214,Chicken Biryani,23.18,A delicious chicken biryani prepared fresh.,"Salt, Pepper, Oil"
1490,214,Aloo Paratha,6.93,A delicious aloo paratha prepared fresh.,"Salt, Pepper, Oil"
1491,214,Mutton Karahi,15.92,A delicious mutton karahi prepared fresh.,"Salt, Pepper, Oil"
1492,214,Fish Masala Curry,25.34,A delicious fish masala curry prepared fresh.,"Salt, Pepper, Oil"
1493,214,Naan Garlic Bread,7.03,A delicious naan garlic bread prepared fresh.,"Salt, Pepper, Oil"
1494,214,Paneer Tikka Masala,27.57,A delicious paneer tikka masala prepared fresh.,"Salt, Pepper, Oil"
1495,214,Butter Chicken,10.88,A delicious butter chicken prepared fresh.,"Salt, Pepper, Oil"
1496,214,Chicken Tandoori,20.34,A delicious chicken tandoori prepared fresh.,"Salt, Pepper, Oil"
1497,214,Dal Makhani,21.25,A delicious dal makhani prepared fresh.,"Salt, Pepper, Oil"
1498,215,Chana Masala,13.84,A delicious chana masala prepared fresh.,"Salt, Pepper, Oil"
1499,215,Mutton Karahi,8.43,A delicious mutton karahi prepared fresh.,"Salt, Pepper, Oil"
1500,215,Chicken Tandoori,7.78,A delicious chicken tandoori prepared fresh.,"Salt, Pepper, Oil"
1501,215,Chicken Biryani,27.34,A delicious chicken biryani prepared fresh.,"Salt, Pepper, Oil"
1502,215,Naan Garlic Bread,28.71,A delicious naan garlic bread prepared fresh.,"Salt, Pepper, Oil"
1503,215,Paneer Tikka Masala,19.21,A delicious paneer tikka masala prepared fresh.,"Salt, Pepper, Oil"
1504,215,Dal Makhani,18.30,A delicious dal makhani prepared fresh.,"Salt, Pepper, Oil"
1505,215,Fish Masala Curry,5.72,A delicious fish masala curry prepared fresh.,"Salt, Pepper, Oil"
1506,215,Butter Chicken,6.23,A delicious butter chicken prepared fresh.,"Salt, Pepper, Oil"
1507,215,Aloo Paratha,25.01,A delicious aloo paratha prepared fresh.,"Salt, Pepper, Oil"
1508,216,Chicken Biryani,23.91,A delicious chicken biryani prepared fresh.,"Salt, Pepper, Oil"
1509,216,Aloo Paratha,22.77,A delicious aloo paratha prepared fresh.,"Salt, Pepper, Oil"
1510,216,Butter Chicken,10.96,A delicious butter chicken prepared fresh.,"Salt, Pepper, Oil"
1511,216,Chana Masala,21.20,A delicious chana masala prepared fresh.,"Salt, Pepper, Oil"
1512,216,Naan Garlic Bread,7.32,A delicious naan garlic bread prepared fresh.,"Salt, Pepper, Oil"
1513,216,Dal Makhani,28.52,A delicious dal makhani prepared fresh.,"Salt, Pepper, Oil"
1514,216,Mutton Karahi,6.86,A delicious mutton karahi prepared fresh.,"Salt, Pepper, Oil"
1515,216,Chicken Tandoori,9.18,A delicious chicken tandoori prepared fresh.,"Salt, Pepper, Oil"
1516,216,Fish Masala Curry,26.06,A delicious fish masala curry prepared fresh.,"Salt, Pepper, Oil"
1517,216,Paneer Tikka Masala,21.04,A delicious paneer tikka masala prepared fresh.,"Salt, Pepper, Oil"
1518,217,Chicken Tandoori,28.06,A delicious chicken tandoori prepared fresh.,"Salt, Pepper, Oil"
1519,217,Paneer Tikka Masala,25.24,A delicious paneer tikka masala prepared fresh.,"Salt, Pepper, Oil"
1520,217,Butter Chicken,5.77,A delicious butter chicken prepared fresh.,"Salt, Pepper, Oil"
1521,217,Fish Masala Curry,14.98,A delicious fish masala curry prepared fresh.,"Salt, Pepper, Oil"
1522,217,Naan Garlic Bread,23.55,A delicious naan garlic bread prepared fresh.,"Salt, Pepper, Oil"
1523,217,Dal Makhani,17.02,A delicious dal makhani prepared fresh.,"Salt, Pepper, Oil"
1524,217,Chicken Biryani,15.65,A delicious chicken biryani prepared fresh.,"Salt, Pepper, Oil"
1525,217,Chana Masala,16.76,A delicious chana masala prepared fresh.,"Salt, Pepper, Oil"
1526,217,Mutton Karahi,18.33,A delicious mutton karahi prepared fresh.,"Salt, Pepper, Oil"
1527,217,Aloo Paratha,22.06,A delicious aloo paratha prepared fresh.,"Salt, Pepper, Oil"
1528,218,Aloo Paratha,25.34,A delicious aloo paratha prepared fresh.,"Salt, Pepper, Oil"
1529,218,Dal Makhani,24.89,A delicious dal makhani prepared fresh.,"Salt, Pepper, Oil"
1530,218,Naan Garlic Bread,11.83,A delicious naan garlic bread prepared fresh.,"Salt, Pepper, Oil"
1531,218,Chicken Biryani,20.16,A delicious chicken biryani prepared fresh.,"Salt, Pepper, Oil"
1532,218,Chicken Tandoori,28.62,A delicious chicken tandoori prepared fresh.,"Salt, Pepper, Oil"
1533,218,Fish Masala Curry,14.53,A delicious fish masala curry prepared fresh.,"Salt, Pepper, Oil"
1534,218,Paneer Tikka Masala,28.28,A delicious paneer tikka masala prepared fresh.,"Salt, Pepper, Oil"
1535,218,Butter Chicken,14.29,A delicious butter chicken prepared fresh.,"Salt, Pepper, Oil"
1536,218,Chana Masala,9.26,A delicious chana masala prepared fresh.,"Salt, Pepper, Oil"
1537,218,Mutton Karahi,25.02,A delicious mutton karahi prepared fresh.,"Salt, Pepper, Oil"
1538,219,Dal Makhani,12.25,A delicious dal makhani prepared fresh.,"Salt, Pepper, Oil"
1539,219,Fish Masala Curry,5.89,A delicious fish masala curry prepared fresh.,"Salt, Pepper, Oil"
1540,219,Chicken Biryani,24.70,A delicious chicken biryani prepared fresh.,"Salt, Pepper, Oil"
1541,219,Chana Masala,21.39,A delicious chana masala prepared fresh.,"Salt, Pepper, Oil"
1542,219,Chicken Tandoori,13.72,A delicious chicken tandoori prepared fresh.,"Salt, Pepper, Oil"
1543,219,Paneer Tikka Masala,8.54,A delicious paneer tikka masala prepared fresh.,"Salt, Pepper, Oil"
1544,219,Aloo Paratha,7.35,A delicious aloo paratha prepared fresh.,"Salt, Pepper, Oil"
1545,219,Naan Garlic Bread,15.18,A delicious naan garlic bread prepared fresh.,"Salt, Pepper, Oil"
1546,219,Butter Chicken,18.34,A delicious butter chicken prepared fresh.,"Salt, Pepper, Oil"
1547,219,Mutton Karahi,16.16,A delicious mutton karahi prepared fresh.,"Salt, Pepper, Oil"
1548,220,Fish Masala Curry,16.74,A delicious fish masala curry prepared fresh.,"Salt, Pepper, Oil"
1549,220,Mutton Karahi,5.97,A delicious mutton karahi prepared fresh.,"Salt, Pepper, Oil"
1550,220,Butter Chicken,5.87,A delicious butter chicken prepared fresh.,"Salt, Pepper, Oil"
1551,220,Dal Makhani,14.91,A delicious dal makhani prepared fresh.,"Salt, Pepper, Oil"
1552,220,Naan Garlic Bread,16.65,A delicious naan garlic bread prepared fresh.,"Salt, Pepper, Oil"
1553,220,Aloo Paratha,28.73,A delicious aloo paratha prepared fresh.,"Salt, Pepper, Oil"
1554,220,Chicken Tandoori,19.94,A delicious chicken tandoori prepared fresh.,"Salt, Pepper, Oil"
1555,220,Paneer Tikka Masala,17.31,A delicious paneer tikka masala prepared fresh.,"Salt, Pepper, Oil"
1556,220,Chicken Biryani,20.50,A delicious chicken biryani prepared fresh.,"Salt, Pepper, Oil"
1557,220,Chana Masala,8.52,A delicious chana masala prepared fresh.,"Salt, Pepper, Oil"
1558,221,Aloo Paratha,9.06,A delicious aloo paratha prepared fresh.,"Salt, Pepper, Oil"
1559,221,Mutton Karahi,17.00,A delicious mutton karahi prepared fresh.,"Salt, Pepper, Oil"
1560,221,Dal Makhani,11.35,A delicious dal makhani prepared fresh.,"Salt, Pepper, Oil"
1561,221,Chana Masala,14.23,A delicious chana masala prepared fresh.,"Salt, Pepper, Oil"
1562,221,Chicken Biryani,10.52,A delicious chicken biryani prepared fresh.,"Salt, Pepper, Oil"
1563,221,Chicken Tandoori,26.75,A delicious chicken tandoori prepared fresh.,"Salt, Pepper, Oil"
1564,221,Paneer Tikka Masala,12.41,A delicious paneer tikka masala prepared fresh.,"Salt, Pepper, Oil"
1565,221,Fish Masala Curry,20.21,A delicious fish masala curry prepared fresh.,"Salt, Pepper, Oil"
1566,221,Butter Chicken,22.09,A delicious butter chicken prepared fresh.,"Salt, Pepper, Oil"
1567,221,Naan Garlic Bread,7.36,A delicious naan garlic bread prepared fresh.,"Salt, Pepper, Oil"
1568,222,Butter Chicken,27.16,A delicious butter chicken prepared fresh.,"Salt, Pepper, Oil"
1569,222,Chana Masala,9.72,A delicious chana masala prepared fresh.,"Salt, Pepper, Oil"
1570,222,Paneer Tikka Masala,21.27,A delicious paneer tikka masala prepared fresh.,"Salt, Pepper, Oil"
1571,222,Chicken Tandoori,15.28,A delicious chicken tandoori prepared fresh.,"Salt, Pepper, Oil"
1572,222,Aloo Paratha,16.27,A delicious aloo paratha prepared fresh.,"Salt, Pepper, Oil"
1573,222,Mutton Karahi,13.76,A delicious mutton karahi prepared fresh.,"Salt, Pepper, Oil"
1574,222,Chicken Biryani,16.19,A delicious chicken biryani prepared fresh.,"Salt, Pepper, Oil"
1575,222,Fish Masala Curry,15.25,A delicious fish masala curry prepared fresh.,"Salt, Pepper, Oil"
1576,222,Dal Makhani,6.94,A delicious dal makhani prepared fresh.,"Salt, Pepper, Oil"
1577,222,Naan Garlic Bread,17.48,A delicious naan garlic bread prepared fresh.,"Salt, Pepper, Oil"
1578,223,Aloo Paratha,26.56,A delicious aloo paratha prepared fresh.,"Salt, Pepper, Oil"
1579,223,Chana Masala,16.77,A delicious chana masala prepared fresh.,"Salt, Pepper, Oil"
1580,223,Paneer Tikka Masala,20.35,A delicious paneer tikka masala prepared fresh.,"Salt, Pepper, Oil"
1581,223,Fish Masala Curry,26.45,A delicious fish masala curry prepared fresh.,"Salt, Pepper, Oil"
1582,223,Mutton Karahi,25.65,A delicious mutton karahi prepared fresh.,"Salt, Pepper, Oil"
1583,223,Dal Makhani,18.98,A delicious dal makhani prepared fresh.,"Salt, Pepper, Oil"
1584,223,Naan Garlic Bread,28.18,A delicious naan garlic bread prepared fresh.,"Salt, Pepper, Oil"
1585,223,Butter Chicken,29.84,A delicious butter chicken prepared fresh.,"Salt, Pepper, Oil"
1586,223,Chicken Tandoori,24.98,A delicious chicken tandoori prepared fresh.,"Salt, Pepper, Oil"
1587,223,Chicken Biryani,7.44,A delicious chicken biryani prepared fresh.,"Salt, Pepper, Oil"
1588,224,Scrambled Eggs Meal,14.86,A delicious scrambled eggs meal prepared fresh.,"Salt, Pepper, Oil"
1589,224,Granola Yogurt Bowl,24.56,A delicious granola yogurt bowl prepared fresh.,"Salt, Pepper, Oil"
1590,224,Beef Sausage Breakfast,15.32,A delicious beef sausage breakfast prepared fresh.,"Salt, Pepper, Oil"
1591,224,French Toast,28.76,A delicious french toast prepared fresh.,"Salt, Pepper, Oil"
1592,224,Avocado Toast,20.85,A delicious avocado toast prepared fresh.,"Salt, Pepper, Oil"
1593,224,Omelette with Cheese,26.09,A delicious omelette with cheese prepared fresh.,"Salt, Pepper, Oil"
1594,224,Breakfast Burrito,19.12,A delicious breakfast burrito prepared fresh.,"Salt, Pepper, Oil"
1595,224,Paratha with Omelette,8.35,A delicious paratha with omelette prepared fresh.,"Salt, Pepper, Oil"
1596,224,Pancakes with Maple Syrup,18.88,A delicious pancakes with maple syrup prepared fresh.,"Salt, Pepper, Oil"
1597,224,Turkey Bacon & Eggs,18.99,A delicious turkey bacon & eggs prepared fresh.,"Salt, Pepper, Oil"
1598,225,Granola Yogurt Bowl,26.16,A delicious granola yogurt bowl prepared fresh.,"Salt, Pepper, Oil"
1599,225,Breakfast Burrito,20.92,A delicious breakfast burrito prepared fresh.,"Salt, Pepper, Oil"
1600,225,Scrambled Eggs Meal,29.97,A delicious scrambled eggs meal prepared fresh.,"Salt, Pepper, Oil"
1601,225,Paratha with Omelette,11.63,A delicious paratha with omelette prepared fresh.,"Salt, Pepper, Oil"
1602,225,Pancakes with Maple Syrup,15.75,A delicious pancakes with maple syrup prepared fresh.,"Salt, Pepper, Oil"
1603,225,Omelette with Cheese,27.18,A delicious omelette with cheese prepared fresh.,"Salt, Pepper, Oil"
1604,225,French Toast,17.31,A delicious french toast prepared fresh.,"Salt, Pepper, Oil"
1605,225,Avocado Toast,10.07,A delicious avocado toast prepared fresh.,"Salt, Pepper, Oil"
1606,225,Beef Sausage Breakfast,13.36,A delicious beef sausage breakfast prepared fresh.,"Salt, Pepper, Oil"
1607,225,Turkey Bacon & Eggs,6.40,A delicious turkey bacon & eggs prepared fresh.,"Salt, Pepper, Oil"
1608,226,Breakfast Burrito,16.31,A delicious breakfast burrito prepared fresh.,"Salt, Pepper, Oil"
1609,226,Avocado Toast,25.56,A delicious avocado toast prepared fresh.,"Salt, Pepper, Oil"
1610,226,Turkey Bacon & Eggs,10.16,A delicious turkey bacon & eggs prepared fresh.,"Salt, Pepper, Oil"
1611,226,French Toast,29.22,A delicious french toast prepared fresh.,"Salt, Pepper, Oil"
1612,226,Omelette with Cheese,10.40,A delicious omelette with cheese prepared fresh.,"Salt, Pepper, Oil"
1613,226,Paratha with Omelette,12.44,A delicious paratha with omelette prepared fresh.,"Salt, Pepper, Oil"
1614,226,Beef Sausage Breakfast,11.47,A delicious beef sausage breakfast prepared fresh.,"Salt, Pepper, Oil"
1615,226,Pancakes with Maple Syrup,24.07,A delicious pancakes with maple syrup prepared fresh.,"Salt, Pepper, Oil"
1616,226,Granola Yogurt Bowl,14.18,A delicious granola yogurt bowl prepared fresh.,"Salt, Pepper, Oil"
1617,226,Scrambled Eggs Meal,18.47,A delicious scrambled eggs meal prepared fresh.,"Salt, Pepper, Oil"
1618,227,Turkey Bacon & Eggs,6.45,A delicious turkey bacon & eggs prepared fresh.,"Salt, Pepper, Oil"
1619,227,Paratha with Omelette,27.44,A delicious paratha with omelette prepared fresh.,"Salt, Pepper, Oil"
1620,227,Pancakes with Maple Syrup,9.03,A delicious pancakes with maple syrup prepared fresh.,"Salt, Pepper, Oil"
1621,227,Beef Sausage Breakfast,19.55,A delicious beef sausage breakfast prepared fresh.,"Salt, Pepper, Oil"
1622,227,French Toast,27.29,A delicious french toast prepared fresh.,"Salt, Pepper, Oil"
1623,227,Omelette with Cheese,8.14,A delicious omelette with cheese prepared fresh.,"Salt, Pepper, Oil"
1624,227,Granola Yogurt Bowl,8.82,A delicious granola yogurt bowl prepared fresh.,"Salt, Pepper, Oil"
1625,227,Avocado Toast,28.75,A delicious avocado toast prepared fresh.,"Salt, Pepper, Oil"
1626,227,Scrambled Eggs Meal,29.38,A delicious scrambled eggs meal prepared fresh.,"Salt, Pepper, Oil"
1627,227,Breakfast Burrito,10.72,A delicious breakfast burrito prepared fresh.,"Salt, Pepper, Oil"
1628,228,Scrambled Eggs Meal,18.56,A delicious scrambled eggs meal prepared fresh.,"Salt, Pepper, Oil"
1629,228,Paratha with Omelette,25.99,A delicious paratha with omelette prepared fresh.,"Salt, Pepper, Oil"
1630,228,Turkey Bacon & Eggs,26.61,A delicious turkey bacon & eggs prepared fresh.,"Salt, Pepper, Oil"
1631,228,Breakfast Burrito,16.42,A delicious breakfast burrito prepared fresh.,"Salt, Pepper, Oil"
1632,228,French Toast,22.74,A delicious french toast prepared fresh.,"Salt, Pepper, Oil"
1633,228,Beef Sausage Breakfast,24.09,A delicious beef sausage breakfast prepared fresh.,"Salt, Pepper, Oil"
1634,228,Pancakes with Maple Syrup,19.77,A delicious pancakes with maple syrup prepared fresh.,"Salt, Pepper, Oil"
1635,228,Granola Yogurt Bowl,26.69,A delicious granola yogurt bowl prepared fresh.,"Salt, Pepper, Oil"
1636,228,Omelette with Cheese,13.22,A delicious omelette with cheese prepared fresh.,"Salt, Pepper, Oil"
1637,228,Avocado Toast,16.28,A delicious avocado toast prepared fresh.,"Salt, Pepper, Oil"
1638,229,Beef Sausage Breakfast,14.29,A delicious beef sausage breakfast prepared fresh.,"Salt, Pepper, Oil"
1639,229,Pancakes with Maple Syrup,25.82,A delicious pancakes with maple syrup prepared fresh.,"Salt, Pepper, Oil"
1640,229,Scrambled Eggs Meal,26.15,A delicious scrambled eggs meal prepared fresh.,"Salt, Pepper, Oil"
1641,229,Breakfast Burrito,23.30,A delicious breakfast burrito prepared fresh.,"Salt, Pepper, Oil"
1642,229,Avocado Toast,29.72,A delicious avocado toast prepared fresh.,"Salt, Pepper, Oil"
1643,229,Granola Yogurt Bowl,21.31,A delicious granola yogurt bowl prepared fresh.,"Salt, Pepper, Oil"
1644,229,Omelette with Cheese,24.37,A delicious omelette with cheese prepared fresh.,"Salt, Pepper, Oil"
1645,229,Paratha with Omelette,9.99,A delicious paratha with omelette prepared fresh.,"Salt, Pepper, Oil"
1646,229,Turkey Bacon & Eggs,22.52,A delicious turkey bacon & eggs prepared fresh.,"Salt, Pepper, Oil"
1647,229,French Toast,13.95,A delicious french toast prepared fresh.,"Salt, Pepper, Oil"
1648,230,Breakfast Burrito,26.81,A delicious breakfast burrito prepared fresh.,"Salt, Pepper, Oil"
1649,230,French Toast,20.37,A delicious french toast prepared fresh.,"Salt, Pepper, Oil"
1650,230,Turkey Bacon & Eggs,22.05,A delicious turkey bacon & eggs prepared fresh.,"Salt, Pepper, Oil"
1651,230,Scrambled Eggs Meal,15.60,A delicious scrambled eggs meal prepared fresh.,"Salt, Pepper, Oil"
1652,230,Pancakes with Maple Syrup,9.44,A delicious pancakes with maple syrup prepared fresh.,"Salt, Pepper, Oil"
1653,230,Beef Sausage Breakfast,10.41,A delicious beef sausage breakfast prepared fresh.,"Salt, Pepper, Oil"
1654,230,Omelette with Cheese,21.96,A delicious omelette with cheese prepared fresh.,"Salt, Pepper, Oil"
1655,230,Avocado Toast,21.18,A delicious avocado toast prepared fresh.,"Salt, Pepper, Oil"
1656,230,Granola Yogurt Bowl,25.20,A delicious granola yogurt bowl prepared fresh.,"Salt, Pepper, Oil"
1657,230,Paratha with Omelette,26.42,A delicious paratha with omelette prepared fresh.,"Salt, Pepper, Oil"
1658,231,Avocado Toast,26.20,A delicious avocado toast prepared fresh.,"Salt, Pepper, Oil"
1659,231,Beef Sausage Breakfast,15.39,A delicious beef sausage breakfast prepared fresh.,"Salt, Pepper, Oil"
1660,231,Turkey Bacon & Eggs,23.82,A delicious turkey bacon & eggs prepared fresh.,"Salt, Pepper, Oil"
1661,231,Omelette with Cheese,13.24,A delicious omelette with cheese prepared fresh.,"Salt, Pepper, Oil"
1662,231,Granola Yogurt Bowl,9.39,A delicious granola yogurt bowl prepared fresh.,"Salt, Pepper, Oil"
1663,231,Paratha with Omelette,17.43,A delicious paratha with omelette prepared fresh.,"Salt, Pepper, Oil"
1664,231,Pancakes with Maple Syrup,23.33,A delicious pancakes with maple syrup prepared fresh.,"Salt, Pepper, Oil"
1665,231,Scrambled Eggs Meal,25.87,A delicious scrambled eggs meal prepared fresh.,"Salt, Pepper, Oil"
1666,231,Breakfast Burrito,28.01,A delicious breakfast burrito prepared fresh.,"Salt, Pepper, Oil"
1667,231,French Toast,14.87,A delicious french toast prepared fresh.,"Salt, Pepper, Oil"
1668,232,Turkey Bacon & Eggs,5.52,A delicious turkey bacon & eggs prepared fresh.,"Salt, Pepper, Oil"
1669,232,Avocado Toast,20.77,A delicious avocado toast prepared fresh.,"Salt, Pepper, Oil"
1670,232,French Toast,29.77,A delicious french toast prepared fresh.,"Salt, Pepper, Oil"
1671,232,Breakfast Burrito,28.62,A delicious breakfast burrito prepared fresh.,"Salt, Pepper, Oil"
1672,232,Scrambled Eggs Meal,25.92,A delicious scrambled eggs meal prepared fresh.,"Salt, Pepper, Oil"
1673,232,Pancakes with Maple Syrup,20.95,A delicious pancakes with maple syrup prepared fresh.,"Salt, Pepper, Oil"
1674,232,Beef Sausage Breakfast,18.62,A delicious beef sausage breakfast prepared fresh.,"Salt, Pepper, Oil"
1675,232,Omelette with Cheese,19.23,A delicious omelette with cheese prepared fresh.,"Salt, Pepper, Oil"
1676,232,Granola Yogurt Bowl,25.03,A delicious granola yogurt bowl prepared fresh.,"Salt, Pepper, Oil"
1677,232,Paratha with Omelette,28.36,A delicious paratha with omelette prepared fresh.,"Salt, Pepper, Oil"
1678,233,Beef Sausage Breakfast,24.27,A delicious beef sausage breakfast prepared fresh.,"Salt, Pepper, Oil"
1679,233,Omelette with Cheese,29.68,A delicious omelette with cheese prepared fresh.,"Salt, Pepper, Oil"
1680,233,Pancakes with Maple Syrup,9.28,A delicious pancakes with maple syrup prepared fresh.,"Salt, Pepper, Oil"
1681,233,Avocado Toast,11.80,A delicious avocado toast prepared fresh.,"Salt, Pepper, Oil"
1682,233,Turkey Bacon & Eggs,19.72,A delicious turkey bacon & eggs prepared fresh.,"Salt, Pepper, Oil"
1683,233,Paratha with Omelette,12.59,A delicious paratha with omelette prepared fresh.,"Salt, Pepper, Oil"
1684,233,Breakfast Burrito,15.96,A delicious breakfast burrito prepared fresh.,"Salt, Pepper, Oil"
1685,233,French Toast,13.51,A delicious french toast prepared fresh.,"Salt, Pepper, Oil"
1686,233,Granola Yogurt Bowl,12.89,A delicious granola yogurt bowl prepared fresh.,"Salt, Pepper, Oil"
1687,233,Scrambled Eggs Meal,27.71,A delicious scrambled eggs meal prepared fresh.,"Salt, Pepper, Oil"
1688,234,Veggie Supreme Pizza,12.87,A delicious veggie supreme pizza prepared fresh.,"Salt, Pepper, Oil"
1689,234,BBQ Chicken Pizza,16.94,A delicious bbq chicken pizza prepared fresh.,"Dough, BBQ Sauce, Chicken, Onion"
1690,234,Spicy Chicken Fajita Pizza,6.84,A delicious spicy chicken fajita pizza prepared fresh.,"Salt, Pepper, Oil"
1691,234,Margherita Pizza,23.67,A delicious margherita pizza prepared fresh.,"Flour Dough, Tomatoes, Fresh Basil, Mozzarella Cheese"
1692,234,Mushroom Alfredo Pizza,26.81,A delicious mushroom alfredo pizza prepared fresh.,"Salt, Pepper, Oil"
1693,234,Mediterranean Olive Pizza,22.63,A delicious mediterranean olive pizza prepared fresh.,"Salt, Pepper, Oil"
1694,234,Hawaiian Pizza,9.50,A delicious hawaiian pizza prepared fresh.,"Salt, Pepper, Oil"
1695,234,Tandoori Chicken Pizza,28.10,A delicious tandoori chicken pizza prepared fresh.,"Salt, Pepper, Oil"
1696,234,Pepperoni Pizza,11.29,A delicious pepperoni pizza prepared fresh.,"Flour Dough, Mozzarella, Pepperoni"
1697,234,Four-Cheese Pizza,13.99,A delicious four-cheese pizza prepared fresh.,"Salt, Pepper, Oil"
1698,235,Margherita Pizza,27.99,A delicious margherita pizza prepared fresh.,"Flour Dough, Tomatoes, Fresh Basil, Mozzarella Cheese"
1699,235,Tandoori Chicken Pizza,27.70,A delicious tandoori chicken pizza prepared fresh.,"Salt, Pepper, Oil"
1700,235,Hawaiian Pizza,27.46,A delicious hawaiian pizza prepared fresh.,"Salt, Pepper, Oil"
1701,235,Pepperoni Pizza,23.23,A delicious pepperoni pizza prepared fresh.,"Flour Dough, Mozzarella, Pepperoni"
1702,235,Veggie Supreme Pizza,29.76,A delicious veggie supreme pizza prepared fresh.,"Salt, Pepper, Oil"
1703,235,Spicy Chicken Fajita Pizza,12.32,A delicious spicy chicken fajita pizza prepared fresh.,"Salt, Pepper, Oil"
1704,235,Mushroom Alfredo Pizza,26.19,A delicious mushroom alfredo pizza prepared fresh.,"Salt, Pepper, Oil"
1705,235,Four-Cheese Pizza,25.95,A delicious four-cheese pizza prepared fresh.,"Salt, Pepper, Oil"
1706,235,BBQ Chicken Pizza,14.98,A delicious bbq chicken pizza prepared fresh.,"Dough, BBQ Sauce, Chicken, Onion"
1707,235,Mediterranean Olive Pizza,19.26,A delicious mediterranean olive pizza prepared fresh.,"Salt, Pepper, Oil"
1708,236,Mushroom Alfredo Pizza,13.78,A delicious mushroom alfredo pizza prepared fresh.,"Salt, Pepper, Oil"
1709,236,Pepperoni Pizza,7.38,A delicious pepperoni pizza prepared fresh.,"Flour Dough, Mozzarella, Pepperoni"
1710,236,Spicy Chicken Fajita Pizza,13.65,A delicious spicy chicken fajita pizza prepared fresh.,"Salt, Pepper, Oil"
1711,236,Hawaiian Pizza,5.54,A delicious hawaiian pizza prepared fresh.,"Salt, Pepper, Oil"
1712,236,Margherita Pizza,12.52,A delicious margherita pizza prepared fresh.,"Flour Dough, Tomatoes, Fresh Basil, Mozzarella Cheese"
1713,236,BBQ Chicken Pizza,19.93,A delicious bbq chicken pizza prepared fresh.,"Dough, BBQ Sauce, Chicken, Onion"
1714,236,Veggie Supreme Pizza,6.33,A delicious veggie supreme pizza prepared fresh.,"Salt, Pepper, Oil"
1715,236,Four-Cheese Pizza,24.90,A delicious four-cheese pizza prepared fresh.,"Salt, Pepper, Oil"
1716,236,Tandoori Chicken Pizza,25.53,A delicious tandoori chicken pizza prepared fresh.,"Salt, Pepper, Oil"
1717,236,Mediterranean Olive Pizza,18.14,A delicious mediterranean olive pizza prepared fresh.,"Salt, Pepper, Oil"
1718,237,Mushroom Alfredo Pizza,10.14,A delicious mushroom alfredo pizza prepared fresh.,"Salt, Pepper, Oil"
1719,237,Veggie Supreme Pizza,19.50,A delicious veggie supreme pizza prepared fresh.,"Salt, Pepper, Oil"
1720,237,Tandoori Chicken Pizza,8.75,A delicious tandoori chicken pizza prepared fresh.,"Salt, Pepper, Oil"
1721,237,Mediterranean Olive Pizza,20.77,A delicious mediterranean olive pizza prepared fresh.,"Salt, Pepper, Oil"
1722,237,Hawaiian Pizza,16.44,A delicious hawaiian pizza prepared fresh.,"Salt, Pepper, Oil"
1723,237,Pepperoni Pizza,6.21,A delicious pepperoni pizza prepared fresh.,"Flour Dough, Mozzarella, Pepperoni"
1724,237,BBQ Chicken Pizza,27.29,A delicious bbq chicken pizza prepared fresh.,"Dough, BBQ Sauce, Chicken, Onion"
1725,237,Spicy Chicken Fajita Pizza,8.22,A delicious spicy chicken fajita pizza prepared fresh.,"Salt, Pepper, Oil"
1726,237,Margherita Pizza,22.17,A delicious margherita pizza prepared fresh.,"Flour Dough, Tomatoes, Fresh Basil, Mozzarella Cheese"
1727,237,Four-Cheese Pizza,11.90,A delicious four-cheese pizza prepared fresh.,"Salt, Pepper, Oil"
1728,238,Pepperoni Pizza,24.58,A delicious pepperoni pizza prepared fresh.,"Flour Dough, Mozzarella, Pepperoni"
1729,238,Four-Cheese Pizza,18.87,A delicious four-cheese pizza prepared fresh.,"Salt, Pepper, Oil"
1730,238,Margherita Pizza,5.25,A delicious margherita pizza prepared fresh.,"Flour Dough, Tomatoes, Fresh Basil, Mozzarella Cheese"
1731,238,Spicy Chicken Fajita Pizza,18.03,A delicious spicy chicken fajita pizza prepared fresh.,"Salt, Pepper, Oil"
1732,238,Tandoori Chicken Pizza,10.10,A delicious tandoori chicken pizza prepared fresh.,"Salt, Pepper, Oil"
1733,238,Hawaiian Pizza,12.76,A delicious hawaiian pizza prepared fresh.,"Salt, Pepper, Oil"
1734,238,Mediterranean Olive Pizza,6.06,A delicious mediterranean olive pizza prepared fresh.,"Salt, Pepper, Oil"
1735,238,BBQ Chicken Pizza,13.97,A delicious bbq chicken pizza prepared fresh.,"Dough, BBQ Sauce, Chicken, Onion"
1736,238,Mushroom Alfredo Pizza,16.02,A delicious mushroom alfredo pizza prepared fresh.,"Salt, Pepper, Oil"
1737,238,Veggie Supreme Pizza,17.56,A delicious veggie supreme pizza prepared fresh.,"Salt, Pepper, Oil"
1738,239,Pepperoni Pizza,25.18,A delicious pepperoni pizza prepared fresh.,"Flour Dough, Mozzarella, Pepperoni"
1739,239,BBQ Chicken Pizza,13.93,A delicious bbq chicken pizza prepared fresh.,"Dough, BBQ Sauce, Chicken, Onion"
1740,239,Mediterranean Olive Pizza,6.73,A delicious mediterranean olive pizza prepared fresh.,"Salt, Pepper, Oil"
1741,239,Four-Cheese Pizza,27.53,A delicious four-cheese pizza prepared fresh.,"Salt, Pepper, Oil"
1742,239,Veggie Supreme Pizza,25.54,A delicious veggie supreme pizza prepared fresh.,"Salt, Pepper, Oil"
1743,239,Mushroom Alfredo Pizza,9.78,A delicious mushroom alfredo pizza prepared fresh.,"Salt, Pepper, Oil"
1744,239,Spicy Chicken Fajita Pizza,23.69,A delicious spicy chicken fajita pizza prepared fresh.,"Salt, Pepper, Oil"
1745,239,Hawaiian Pizza,21.49,A delicious hawaiian pizza prepared fresh.,"Salt, Pepper, Oil"
1746,239,Tandoori Chicken Pizza,27.57,A delicious tandoori chicken pizza prepared fresh.,"Salt, Pepper, Oil"
1747,239,Margherita Pizza,21.56,A delicious margherita pizza prepared fresh.,"Flour Dough, Tomatoes, Fresh Basil, Mozzarella Cheese"
1748,240,Tandoori Chicken Pizza,29.44,A delicious tandoori chicken pizza prepared fresh.,"Salt, Pepper, Oil"
1749,240,Pepperoni Pizza,13.32,A delicious pepperoni pizza prepared fresh.,"Flour Dough, Mozzarella, Pepperoni"
1750,240,Mushroom Alfredo Pizza,24.56,A delicious mushroom alfredo pizza prepared fresh.,"Salt, Pepper, Oil"
1751,240,Mediterranean Olive Pizza,24.68,A delicious mediterranean olive pizza prepared fresh.,"Salt, Pepper, Oil"
1752,240,Spicy Chicken Fajita Pizza,26.92,A delicious spicy chicken fajita pizza prepared fresh.,"Salt, Pepper, Oil"
1753,240,Hawaiian Pizza,26.03,A delicious hawaiian pizza prepared fresh.,"Salt, Pepper, Oil"
1754,240,Margherita Pizza,29.55,A delicious margherita pizza prepared fresh.,"Flour Dough, Tomatoes, Fresh Basil, Mozzarella Cheese"
1755,240,BBQ Chicken Pizza,24.57,A delicious bbq chicken pizza prepared fresh.,"Dough, BBQ Sauce, Chicken, Onion"
1756,240,Veggie Supreme Pizza,25.62,A delicious veggie supreme pizza prepared fresh.,"Salt, Pepper, Oil"
1757,240,Four-Cheese Pizza,28.13,A delicious four-cheese pizza prepared fresh.,"Salt, Pepper, Oil"
1758,241,Margherita Pizza,5.59,A delicious margherita pizza prepared fresh.,"Flour Dough, Tomatoes, Fresh Basil, Mozzarella Cheese"
1759,241,Four-Cheese Pizza,8.08,A delicious four-cheese pizza prepared fresh.,"Salt, Pepper, Oil"
1760,241,Mediterranean Olive Pizza,19.15,A delicious mediterranean olive pizza prepared fresh.,"Salt, Pepper, Oil"
1761,241,Hawaiian Pizza,26.40,A delicious hawaiian pizza prepared fresh.,"Salt, Pepper, Oil"
1762,241,Mushroom Alfredo Pizza,15.71,A delicious mushroom alfredo pizza prepared fresh.,"Salt, Pepper, Oil"
1763,241,Pepperoni Pizza,23.98,A delicious pepperoni pizza prepared fresh.,"Flour Dough, Mozzarella, Pepperoni"
1764,241,Spicy Chicken Fajita Pizza,15.33,A delicious spicy chicken fajita pizza prepared fresh.,"Salt, Pepper, Oil"
1765,241,Veggie Supreme Pizza,23.65,A delicious veggie supreme pizza prepared fresh.,"Salt, Pepper, Oil"
1766,241,Tandoori Chicken Pizza,14.22,A delicious tandoori chicken pizza prepared fresh.,"Salt, Pepper, Oil"
1767,241,BBQ Chicken Pizza,17.60,A delicious bbq chicken pizza prepared fresh.,"Dough, BBQ Sauce, Chicken, Onion"
1768,242,Hawaiian Pizza,6.73,A delicious hawaiian pizza prepared fresh.,"Salt, Pepper, Oil"
1769,242,Tandoori Chicken Pizza,23.61,A delicious tandoori chicken pizza prepared fresh.,"Salt, Pepper, Oil"
1770,242,BBQ Chicken Pizza,20.34,A delicious bbq chicken pizza prepared fresh.,"Dough, BBQ Sauce, Chicken, Onion"
1771,242,Pepperoni Pizza,11.32,A delicious pepperoni pizza prepared fresh.,"Flour Dough, Mozzarella, Pepperoni"
1772,242,Margherita Pizza,20.54,A delicious margherita pizza prepared fresh.,"Flour Dough, Tomatoes, Fresh Basil, Mozzarella Cheese"
1773,242,Mushroom Alfredo Pizza,27.22,A delicious mushroom alfredo pizza prepared fresh.,"Salt, Pepper, Oil"
1774,242,Four-Cheese Pizza,6.17,A delicious four-cheese pizza prepared fresh.,"Salt, Pepper, Oil"
1775,242,Veggie Supreme Pizza,12.74,A delicious veggie supreme pizza prepared fresh.,"Salt, Pepper, Oil"
1776,242,Mediterranean Olive Pizza,14.83,A delicious mediterranean olive pizza prepared fresh.,"Salt, Pepper, Oil"
1777,242,Spicy Chicken Fajita Pizza,26.62,A delicious spicy chicken fajita pizza prepared fresh.,"Salt, Pepper, Oil"
1778,243,Hawaiian Pizza,22.97,A delicious hawaiian pizza prepared fresh.,"Salt, Pepper, Oil"
1779,243,Mushroom Alfredo Pizza,6.97,A delicious mushroom alfredo pizza prepared fresh.,"Salt, Pepper, Oil"
1780,243,Four-Cheese Pizza,5.90,A delicious four-cheese pizza prepared fresh.,"Salt, Pepper, Oil"
1781,243,BBQ Chicken Pizza,20.32,A delicious bbq chicken pizza prepared fresh.,"Dough, BBQ Sauce, Chicken, Onion"
1782,243,Margherita Pizza,11.29,A delicious margherita pizza prepared fresh.,"Flour Dough, Tomatoes, Fresh Basil, Mozzarella Cheese"
1783,243,Pepperoni Pizza,26.25,A delicious pepperoni pizza prepared fresh.,"Flour Dough, Mozzarella, Pepperoni"
1784,243,Mediterranean Olive Pizza,24.46,A delicious mediterranean olive pizza prepared fresh.,"Salt, Pepper, Oil"
1785,243,Spicy Chicken Fajita Pizza,28.60,A delicious spicy chicken fajita pizza prepared fresh.,"Salt, Pepper, Oil"
1786,243,Veggie Supreme Pizza,7.07,A delicious veggie supreme pizza prepared fresh.,"Salt, Pepper, Oil"
1787,243,Tandoori Chicken Pizza,16.21,A delicious tandoori chicken pizza prepared fresh.,"Salt, Pepper, Oil"
1788,244,Mango Smoothie,23.81,A delicious mango smoothie prepared fresh.,"Salt, Pepper, Oil"
1789,244,Strawberry Milkshake,15.08,A delicious strawberry milkshake prepared fresh.,"Salt, Pepper, Oil"
1790,244,Iced Caramel Latte,25.18,A delicious iced caramel latte prepared fresh.,"Salt, Pepper, Oil"
1791,244,Green Tea,10.79,A delicious green tea prepared fresh.,"Salt, Pepper, Oil"
1792,244,Peach Iced Tea,6.53,A delicious peach iced tea prepared fresh.,"Salt, Pepper, Oil"
1793,244,Classic Lemonade,23.06,A delicious classic lemonade prepared fresh.,"Salt, Pepper, Oil"
1794,244,Mint Margarita,25.26,A delicious mint margarita prepared fresh.,"Salt, Pepper, Oil"
1795,244,Cold Brew Coffee,7.86,A delicious cold brew coffee prepared fresh.,"Salt, Pepper, Oil"
1796,244,Chocolate Shake,9.05,A delicious chocolate shake prepared fresh.,"Salt, Pepper, Oil"
1797,244,Fresh Lime Soda,28.87,A delicious fresh lime soda prepared fresh.,"Salt, Pepper, Oil"
1798,245,Chocolate Shake,8.82,A delicious chocolate shake prepared fresh.,"Salt, Pepper, Oil"
1799,245,Mint Margarita,9.05,A delicious mint margarita prepared fresh.,"Salt, Pepper, Oil"
1800,245,Classic Lemonade,5.79,A delicious classic lemonade prepared fresh.,"Salt, Pepper, Oil"
1801,245,Mango Smoothie,7.24,A delicious mango smoothie prepared fresh.,"Salt, Pepper, Oil"
1802,245,Fresh Lime Soda,27.61,A delicious fresh lime soda prepared fresh.,"Salt, Pepper, Oil"
1803,245,Peach Iced Tea,12.55,A delicious peach iced tea prepared fresh.,"Salt, Pepper, Oil"
1804,245,Cold Brew Coffee,6.01,A delicious cold brew coffee prepared fresh.,"Salt, Pepper, Oil"
1805,245,Strawberry Milkshake,26.45,A delicious strawberry milkshake prepared fresh.,"Salt, Pepper, Oil"
1806,245,Green Tea,13.28,A delicious green tea prepared fresh.,"Salt, Pepper, Oil"
1807,245,Iced Caramel Latte,22.88,A delicious iced caramel latte prepared fresh.,"Salt, Pepper, Oil"
1808,246,Chocolate Shake,20.32,A delicious chocolate shake prepared fresh.,"Salt, Pepper, Oil"
1809,246,Peach Iced Tea,5.56,A delicious peach iced tea prepared fresh.,"Salt, Pepper, Oil"
1810,246,Fresh Lime Soda,16.81,A delicious fresh lime soda prepared fresh.,"Salt, Pepper, Oil"
1811,246,Classic Lemonade,19.16,A delicious classic lemonade prepared fresh.,"Salt, Pepper, Oil"
1812,246,Green Tea,14.09,A delicious green tea prepared fresh.,"Salt, Pepper, Oil"
1813,246,Strawberry Milkshake,23.62,A delicious strawberry milkshake prepared fresh.,"Salt, Pepper, Oil"
1814,246,Mango Smoothie,26.49,A delicious mango smoothie prepared fresh.,"Salt, Pepper, Oil"
1815,246,Cold Brew Coffee,22.20,A delicious cold brew coffee prepared fresh.,"Salt, Pepper, Oil"
1816,246,Mint Margarita,28.80,A delicious mint margarita prepared fresh.,"Salt, Pepper, Oil"
1817,246,Iced Caramel Latte,17.54,A delicious iced caramel latte prepared fresh.,"Salt, Pepper, Oil"
1818,247,Classic Lemonade,23.25,A delicious classic lemonade prepared fresh.,"Salt, Pepper, Oil"
1819,247,Strawberry Milkshake,28.57,A delicious strawberry milkshake prepared fresh.,"Salt, Pepper, Oil"
1820,247,Mint Margarita,24.57,A delicious mint margarita prepared fresh.,"Salt, Pepper, Oil"
1821,247,Green Tea,13.93,A delicious green tea prepared fresh.,"Salt, Pepper, Oil"
1822,247,Peach Iced Tea,22.54,A delicious peach iced tea prepared fresh.,"Salt, Pepper, Oil"
1823,247,Fresh Lime Soda,12.06,A delicious fresh lime soda prepared fresh.,"Salt, Pepper, Oil"
1824,247,Chocolate Shake,10.97,A delicious chocolate shake prepared fresh.,"Salt, Pepper, Oil"
1825,247,Mango Smoothie,20.49,A delicious mango smoothie prepared fresh.,"Salt, Pepper, Oil"
1826,247,Cold Brew Coffee,17.75,A delicious cold brew coffee prepared fresh.,"Salt, Pepper, Oil"
1827,247,Iced Caramel Latte,5.57,A delicious iced caramel latte prepared fresh.,"Salt, Pepper, Oil"
1828,248,Iced Caramel Latte,5.50,A delicious iced caramel latte prepared fresh.,"Salt, Pepper, Oil"
1829,248,Mint Margarita,8.99,A delicious mint margarita prepared fresh.,"Salt, Pepper, Oil"
1830,248,Chocolate Shake,5.77,A delicious chocolate shake prepared fresh.,"Salt, Pepper, Oil"
1831,248,Classic Lemonade,25.09,A delicious classic lemonade prepared fresh.,"Salt, Pepper, Oil"
1832,248,Cold Brew Coffee,25.70,A delicious cold brew coffee prepared fresh.,"Salt, Pepper, Oil"
1833,248,Peach Iced Tea,14.33,A delicious peach iced tea prepared fresh.,"Salt, Pepper, Oil"
1834,248,Fresh Lime Soda,21.29,A delicious fresh lime soda prepared fresh.,"Salt, Pepper, Oil"
1835,248,Strawberry Milkshake,12.78,A delicious strawberry milkshake prepared fresh.,"Salt, Pepper, Oil"
1836,248,Mango Smoothie,10.13,A delicious mango smoothie prepared fresh.,"Salt, Pepper, Oil"
1837,248,Green Tea,23.73,A delicious green tea prepared fresh.,"Salt, Pepper, Oil"
1838,249,Mango Smoothie,24.85,A delicious mango smoothie prepared fresh.,"Salt, Pepper, Oil"
1839,249,Peach Iced Tea,9.55,A delicious peach iced tea prepared fresh.,"Salt, Pepper, Oil"
1840,249,Green Tea,27.30,A delicious green tea prepared fresh.,"Salt, Pepper, Oil"
1841,249,Chocolate Shake,21.97,A delicious chocolate shake prepared fresh.,"Salt, Pepper, Oil"
1842,249,Strawberry Milkshake,15.82,A delicious strawberry milkshake prepared fresh.,"Salt, Pepper, Oil"
1843,249,Classic Lemonade,6.86,A delicious classic lemonade prepared fresh.,"Salt, Pepper, Oil"
1844,249,Fresh Lime Soda,11.25,A delicious fresh lime soda prepared fresh.,"Salt, Pepper, Oil"
1845,249,Mint Margarita,29.11,A delicious mint margarita prepared fresh.,"Salt, Pepper, Oil"
1846,249,Iced Caramel Latte,6.53,A delicious iced caramel latte prepared fresh.,"Salt, Pepper, Oil"
1847,249,Cold Brew Coffee,7.92,A delicious cold brew coffee prepared fresh.,"Salt, Pepper, Oil"
1848,250,Iced Caramel Latte,13.35,A delicious iced caramel latte prepared fresh.,"Salt, Pepper, Oil"
1849,250,Classic Lemonade,29.95,A delicious classic lemonade prepared fresh.,"Salt, Pepper, Oil"
1850,250,Mango Smoothie,17.95,A delicious mango smoothie prepared fresh.,"Salt, Pepper, Oil"
1851,250,Mint Margarita,27.18,A delicious mint margarita prepared fresh.,"Salt, Pepper, Oil"
1852,250,Chocolate Shake,18.49,A delicious chocolate shake prepared fresh.,"Salt, Pepper, Oil"
1853,250,Fresh Lime Soda,8.00,A delicious fresh lime soda prepared fresh.,"Salt, Pepper, Oil"
1854,250,Green Tea,18.64,A delicious green tea prepared fresh.,"Salt, Pepper, Oil"
1855,250,Cold Brew Coffee,9.72,A delicious cold brew coffee prepared fresh.,"Salt, Pepper, Oil"
1856,250,Strawberry Milkshake,29.44,A delicious strawberry milkshake prepared fresh.,"Salt, Pepper, Oil"
1857,250,Peach Iced Tea,17.75,A delicious peach iced tea prepared fresh.,"Salt, Pepper, Oil"
1858,251,Iced Caramel Latte,14.06,A delicious iced caramel latte prepared fresh.,"Salt, Pepper, Oil"
1859,251,Classic Lemonade,7.47,A delicious classic lemonade prepared fresh.,"Salt, Pepper, Oil"
1860,251,Mango Smoothie,19.44,A delicious mango smoothie prepared fresh.,"Salt, Pepper, Oil"
1861,251,Peach Iced Tea,29.37,A delicious peach iced tea prepared fresh.,"Salt, Pepper, Oil"
1862,251,Cold Brew Coffee,7.50,A delicious cold brew coffee prepared fresh.,"Salt, Pepper, Oil"
1863,251,Strawberry Milkshake,20.21,A delicious strawberry milkshake prepared fresh.,"Salt, Pepper, Oil"
1864,251,Fresh Lime Soda,11.60,A delicious fresh lime soda prepared fresh.,"Salt, Pepper, Oil"
1865,251,Green Tea,17.36,A delicious green tea prepared fresh.,"Salt, Pepper, Oil"
1866,251,Mint Margarita,28.33,A delicious mint margarita prepared fresh.,"Salt, Pepper, Oil"
1867,251,Chocolate Shake,8.25,A delicious chocolate shake prepared fresh.,"Salt, Pepper, Oil"
1868,252,Cold Brew Coffee,18.83,A delicious cold brew coffee prepared fresh.,"Salt, Pepper, Oil"
1869,252,Fresh Lime Soda,18.90,A delicious fresh lime soda prepared fresh.,"Salt, Pepper, Oil"
1870,252,Chocolate Shake,14.56,A delicious chocolate shake prepared fresh.,"Salt, Pepper, Oil"
1871,252,Iced Caramel Latte,29.49,A delicious iced caramel latte prepared fresh.,"Salt, Pepper, Oil"
1872,252,Strawberry Milkshake,28.29,A delicious strawberry milkshake prepared fresh.,"Salt, Pepper, Oil"
1873,252,Classic Lemonade,27.38,A delicious classic lemonade prepared fresh.,"Salt, Pepper, Oil"
1874,252,Peach Iced Tea,27.80,A delicious peach iced tea prepared fresh.,"Salt, Pepper, Oil"
1875,252,Green Tea,26.12,A delicious green tea prepared fresh.,"Salt, Pepper, Oil"
1876,252,Mango Smoothie,16.87,A delicious mango smoothie prepared fresh.,"Salt, Pepper, Oil"
1877,252,Mint Margarita,21.53,A delicious mint margarita prepared fresh.,"Salt, Pepper, Oil"
1878,253,Fresh Lime Soda,8.75,A delicious fresh lime soda prepared fresh.,"Salt, Pepper, Oil"
1879,253,Peach Iced Tea,13.22,A delicious peach iced tea prepared fresh.,"Salt, Pepper, Oil"
1880,253,Classic Lemonade,28.80,A delicious classic lemonade prepared fresh.,"Salt, Pepper, Oil"
1881,253,Green Tea,11.42,A delicious green tea prepared fresh.,"Salt, Pepper, Oil"
1882,253,Mint Margarita,18.08,A delicious mint margarita prepared fresh.,"Salt, Pepper, Oil"
1883,253,Cold Brew Coffee,29.83,A delicious cold brew coffee prepared fresh.,"Salt, Pepper, Oil"
1884,253,Iced Caramel Latte,17.57,A delicious iced caramel latte prepared fresh.,"Salt, Pepper, Oil"
1885,253,Strawberry Milkshake,10.33,A delicious strawberry milkshake prepared fresh.,"Salt, Pepper, Oil"
1886,253,Mango Smoothie,16.71,A delicious mango smoothie prepared fresh.,"Salt, Pepper, Oil"
1887,253,Chocolate Shake,12.60,A delicious chocolate shake prepared fresh.,"Salt, Pepper, Oil"
1888,254,Grilled Prawns,11.89,A delicious grilled prawns prepared fresh.,"Salt, Pepper, Oil"
1889,254,Peri Peri Grilled Wings,11.53,A delicious peri peri grilled wings prepared fresh.,"Salt, Pepper, Oil"
1890,254,Smoked Sausage Combo,26.70,A delicious smoked sausage combo prepared fresh.,"Salt, Pepper, Oil"
1891,254,BBQ Lamb Chops,7.47,A delicious bbq lamb chops prepared fresh.,"Salt, Pepper, Oil"
1892,254,Smoked Beef Ribs,11.24,A delicious smoked beef ribs prepared fresh.,"Salt, Pepper, Oil"
1893,254,Barbeque Chicken Tikka,18.36,A delicious barbeque chicken tikka prepared fresh.,"Salt, Pepper, Oil"
1894,254,Beef Steak Ribeye,29.11,A delicious beef steak ribeye prepared fresh.,"Salt, Pepper, Oil"
1895,254,Korean BBQ Short Ribs,13.51,A delicious korean bbq short ribs prepared fresh.,"Salt, Pepper, Oil"
1896,254,Grilled Chicken Breast,23.03,A delicious grilled chicken breast prepared fresh.,"Salt, Pepper, Oil"
1897,254,BBQ Platter Mix,22.87,A delicious bbq platter mix prepared fresh.,"Salt, Pepper, Oil"
1898,255,Grilled Chicken Breast,22.40,A delicious grilled chicken breast prepared fresh.,"Salt, Pepper, Oil"
1899,255,Peri Peri Grilled Wings,17.93,A delicious peri peri grilled wings prepared fresh.,"Salt, Pepper, Oil"
1900,255,Korean BBQ Short Ribs,24.16,A delicious korean bbq short ribs prepared fresh.,"Salt, Pepper, Oil"
1901,255,BBQ Platter Mix,10.13,A delicious bbq platter mix prepared fresh.,"Salt, Pepper, Oil"
1902,255,Grilled Prawns,11.85,A delicious grilled prawns prepared fresh.,"Salt, Pepper, Oil"
1903,255,Beef Steak Ribeye,20.71,A delicious beef steak ribeye prepared fresh.,"Salt, Pepper, Oil"
1904,255,Smoked Beef Ribs,24.56,A delicious smoked beef ribs prepared fresh.,"Salt, Pepper, Oil"
1905,255,Barbeque Chicken Tikka,21.96,A delicious barbeque chicken tikka prepared fresh.,"Salt, Pepper, Oil"
1906,255,BBQ Lamb Chops,17.51,A delicious bbq lamb chops prepared fresh.,"Salt, Pepper, Oil"
1907,255,Smoked Sausage Combo,16.48,A delicious smoked sausage combo prepared fresh.,"Salt, Pepper, Oil"
1908,256,Grilled Chicken Breast,24.92,A delicious grilled chicken breast prepared fresh.,"Salt, Pepper, Oil"
1909,256,Korean BBQ Short Ribs,11.57,A delicious korean bbq short ribs prepared fresh.,"Salt, Pepper, Oil"
1910,256,Barbeque Chicken Tikka,16.42,A delicious barbeque chicken tikka prepared fresh.,"Salt, Pepper, Oil"
1911,256,BBQ Lamb Chops,29.26,A delicious bbq lamb chops prepared fresh.,"Salt, Pepper, Oil"
1912,256,Grilled Prawns,5.99,A delicious grilled prawns prepared fresh.,"Salt, Pepper, Oil"
1913,256,Peri Peri Grilled Wings,8.46,A delicious peri peri grilled wings prepared fresh.,"Salt, Pepper, Oil"
1914,256,Smoked Beef Ribs,27.28,A delicious smoked beef ribs prepared fresh.,"Salt, Pepper, Oil"
1915,256,Smoked Sausage Combo,13.49,A delicious smoked sausage combo prepared fresh.,"Salt, Pepper, Oil"
1916,256,BBQ Platter Mix,19.95,A delicious bbq platter mix prepared fresh.,"Salt, Pepper, Oil"
1917,256,Beef Steak Ribeye,25.89,A delicious beef steak ribeye prepared fresh.,"Salt, Pepper, Oil"
1918,257,Grilled Chicken Breast,22.68,A delicious grilled chicken breast prepared fresh.,"Salt, Pepper, Oil"
1919,257,Barbeque Chicken Tikka,24.65,A delicious barbeque chicken tikka prepared fresh.,"Salt, Pepper, Oil"
1920,257,Smoked Beef Ribs,25.28,A delicious smoked beef ribs prepared fresh.,"Salt, Pepper, Oil"
1921,257,BBQ Lamb Chops,13.54,A delicious bbq lamb chops prepared fresh.,"Salt, Pepper, Oil"
1922,257,Peri Peri Grilled Wings,21.70,A delicious peri peri grilled wings prepared fresh.,"Salt, Pepper, Oil"
1923,257,Korean BBQ Short Ribs,12.29,A delicious korean bbq short ribs prepared fresh.,"Salt, Pepper, Oil"
1924,257,Beef Steak Ribeye,13.82,A delicious beef steak ribeye prepared fresh.,"Salt, Pepper, Oil"
1925,257,BBQ Platter Mix,7.03,A delicious bbq platter mix prepared fresh.,"Salt, Pepper, Oil"
1926,257,Smoked Sausage Combo,26.67,A delicious smoked sausage combo prepared fresh.,"Salt, Pepper, Oil"
1927,257,Grilled Prawns,11.68,A delicious grilled prawns prepared fresh.,"Salt, Pepper, Oil"
1928,258,Barbeque Chicken Tikka,5.01,A delicious barbeque chicken tikka prepared fresh.,"Salt, Pepper, Oil"
1929,258,Korean BBQ Short Ribs,27.52,A delicious korean bbq short ribs prepared fresh.,"Salt, Pepper, Oil"
1930,258,Smoked Beef Ribs,7.46,A delicious smoked beef ribs prepared fresh.,"Salt, Pepper, Oil"
1931,258,BBQ Lamb Chops,23.59,A delicious bbq lamb chops prepared fresh.,"Salt, Pepper, Oil"
1932,258,Beef Steak Ribeye,9.09,A delicious beef steak ribeye prepared fresh.,"Salt, Pepper, Oil"
1933,258,Peri Peri Grilled Wings,12.73,A delicious peri peri grilled wings prepared fresh.,"Salt, Pepper, Oil"
1934,258,Smoked Sausage Combo,16.67,A delicious smoked sausage combo prepared fresh.,"Salt, Pepper, Oil"
1935,258,Grilled Chicken Breast,16.86,A delicious grilled chicken breast prepared fresh.,"Salt, Pepper, Oil"
1936,258,BBQ Platter Mix,21.88,A delicious bbq platter mix prepared fresh.,"Salt, Pepper, Oil"
1937,258,Grilled Prawns,25.62,A delicious grilled prawns prepared fresh.,"Salt, Pepper, Oil"
1938,259,Peri Peri Grilled Wings,22.38,A delicious peri peri grilled wings prepared fresh.,"Salt, Pepper, Oil"
1939,259,Grilled Prawns,11.01,A delicious grilled prawns prepared fresh.,"Salt, Pepper, Oil"
1940,259,Smoked Sausage Combo,5.81,A delicious smoked sausage combo prepared fresh.,"Salt, Pepper, Oil"
1941,259,Korean BBQ Short Ribs,7.56,A delicious korean bbq short ribs prepared fresh.,"Salt, Pepper, Oil"
1942,259,Beef Steak Ribeye,21.06,A delicious beef steak ribeye prepared fresh.,"Salt, Pepper, Oil"
1943,259,Grilled Chicken Breast,16.19,A delicious grilled chicken breast prepared fresh.,"Salt, Pepper, Oil"
1944,259,BBQ Platter Mix,5.37,A delicious bbq platter mix prepared fresh.,"Salt, Pepper, Oil"
1945,259,Smoked Beef Ribs,25.70,A delicious smoked beef ribs prepared fresh.,"Salt, Pepper, Oil"
1946,259,Barbeque Chicken Tikka,25.91,A delicious barbeque chicken tikka prepared fresh.,"Salt, Pepper, Oil"
1947,259,BBQ Lamb Chops,14.65,A delicious bbq lamb chops prepared fresh.,"Salt, Pepper, Oil"
1948,260,Beef Steak Ribeye,8.58,A delicious beef steak ribeye prepared fresh.,"Salt, Pepper, Oil"
1949,260,Grilled Chicken Breast,10.68,A delicious grilled chicken breast prepared fresh.,"Salt, Pepper, Oil"
1950,260,Peri Peri Grilled Wings,11.35,A delicious peri peri grilled wings prepared fresh.,"Salt, Pepper, Oil"
1951,260,Grilled Prawns,28.00,A delicious grilled prawns prepared fresh.,"Salt, Pepper, Oil"
1952,260,Smoked Beef Ribs,27.01,A delicious smoked beef ribs prepared fresh.,"Salt, Pepper, Oil"
1953,260,Smoked Sausage Combo,10.19,A delicious smoked sausage combo prepared fresh.,"Salt, Pepper, Oil"
1954,260,Korean BBQ Short Ribs,9.17,A delicious korean bbq short ribs prepared fresh.,"Salt, Pepper, Oil"
1955,260,Barbeque Chicken Tikka,17.32,A delicious barbeque chicken tikka prepared fresh.,"Salt, Pepper, Oil"
1956,260,BBQ Platter Mix,13.27,A delicious bbq platter mix prepared fresh.,"Salt, Pepper, Oil"
1957,260,BBQ Lamb Chops,5.67,A delicious bbq lamb chops prepared fresh.,"Salt, Pepper, Oil"
1958,261,Korean BBQ Short Ribs,22.69,A delicious korean bbq short ribs prepared fresh.,"Salt, Pepper, Oil"
1959,261,Beef Steak Ribeye,14.92,A delicious beef steak ribeye prepared fresh.,"Salt, Pepper, Oil"
1960,261,Smoked Sausage Combo,28.34,A delicious smoked sausage combo prepared fresh.,"Salt, Pepper, Oil"
1961,261,Grilled Chicken Breast,16.62,A delicious grilled chicken breast prepared fresh.,"Salt, Pepper, Oil"
1962,261,BBQ Lamb Chops,26.80,A delicious bbq lamb chops prepared fresh.,"Salt, Pepper, Oil"
1963,261,Smoked Beef Ribs,24.75,A delicious smoked beef ribs prepared fresh.,"Salt, Pepper, Oil"
1964,261,BBQ Platter Mix,22.09,A delicious bbq platter mix prepared fresh.,"Salt, Pepper, Oil"
1965,261,Grilled Prawns,5.70,A delicious grilled prawns prepared fresh.,"Salt, Pepper, Oil"
1966,261,Peri Peri Grilled Wings,17.00,A delicious peri peri grilled wings prepared fresh.,"Salt, Pepper, Oil"
1967,261,Barbeque Chicken Tikka,5.11,A delicious barbeque chicken tikka prepared fresh.,"Salt, Pepper, Oil"
1968,262,Smoked Sausage Combo,27.41,A delicious smoked sausage combo prepared fresh.,"Salt, Pepper, Oil"
1969,262,BBQ Lamb Chops,13.33,A delicious bbq lamb chops prepared fresh.,"Salt, Pepper, Oil"
1970,262,Peri Peri Grilled Wings,22.30,A delicious peri peri grilled wings prepared fresh.,"Salt, Pepper, Oil"
1971,262,Grilled Prawns,13.63,A delicious grilled prawns prepared fresh.,"Salt, Pepper, Oil"
1972,262,BBQ Platter Mix,5.02,A delicious bbq platter mix prepared fresh.,"Salt, Pepper, Oil"
1973,262,Beef Steak Ribeye,28.43,A delicious beef steak ribeye prepared fresh.,"Salt, Pepper, Oil"
1974,262,Barbeque Chicken Tikka,28.54,A delicious barbeque chicken tikka prepared fresh.,"Salt, Pepper, Oil"
1975,262,Korean BBQ Short Ribs,25.13,A delicious korean bbq short ribs prepared fresh.,"Salt, Pepper, Oil"
1976,262,Smoked Beef Ribs,8.56,A delicious smoked beef ribs prepared fresh.,"Salt, Pepper, Oil"
1977,262,Grilled Chicken Breast,21.25,A delicious grilled chicken breast prepared fresh.,"Salt, Pepper, Oil"
1978,263,Smoked Sausage Combo,26.84,A delicious smoked sausage combo prepared fresh.,"Salt, Pepper, Oil"
1979,263,Smoked Beef Ribs,29.82,A delicious smoked beef ribs prepared fresh.,"Salt, Pepper, Oil"
1980,263,Grilled Chicken Breast,23.57,A delicious grilled chicken breast prepared fresh.,"Salt, Pepper, Oil"
1981,263,Barbeque Chicken Tikka,20.87,A delicious barbeque chicken tikka prepared fresh.,"Salt, Pepper, Oil"
1982,263,Beef Steak Ribeye,18.18,A delicious beef steak ribeye prepared fresh.,"Salt, Pepper, Oil"
1983,263,BBQ Platter Mix,10.82,A delicious bbq platter mix prepared fresh.,"Salt, Pepper, Oil"
1984,263,Grilled Prawns,11.02,A delicious grilled prawns prepared fresh.,"Salt, Pepper, Oil"
1985,263,BBQ Lamb Chops,25.70,A delicious bbq lamb chops prepared fresh.,"Salt, Pepper, Oil"
1986,263,Korean BBQ Short Ribs,27.30,A delicious korean bbq short ribs prepared fresh.,"Salt, Pepper, Oil"
1987,263,Peri Peri Grilled Wings,21.56,A delicious peri peri grilled wings prepared fresh.,"Salt, Pepper, Oil"
1988,264,Smoked Sausage Combo,15.73,A delicious smoked sausage combo prepared fresh.,"Salt, Pepper, Oil"
1989,264,Grilled Chicken Breast,15.25,A delicious grilled chicken breast prepared fresh.,"Salt, Pepper, Oil"
1990,264,Korean BBQ Short Ribs,21.68,A delicious korean bbq short ribs prepared fresh.,"Salt, Pepper, Oil"
1991,264,BBQ Platter Mix,17.53,A delicious bbq platter mix prepared fresh.,"Salt, Pepper, Oil"
1992,264,Smoked Beef Ribs,24.49,A delicious smoked beef ribs prepared fresh.,"Salt, Pepper, Oil"
1993,264,BBQ Lamb Chops,12.72,A delicious bbq lamb chops prepared fresh.,"Salt, Pepper, Oil"
1994,264,Grilled Prawns,28.93,A delicious grilled prawns prepared fresh.,"Salt, Pepper, Oil"
1995,264,Beef Steak Ribeye,29.96,A delicious beef steak ribeye prepared fresh.,"Salt, Pepper, Oil"
1996,264,Barbeque Chicken Tikka,8.88,A delicious barbeque chicken tikka prepared fresh.,"Salt, Pepper, Oil"
1997,264,Peri Peri Grilled Wings,20.85,A delicious peri peri grilled wings prepared fresh.,"Salt, Pepper, Oil"
1998,265,BBQ Lamb Chops,11.92,A delicious bbq lamb chops prepared fresh.,"Salt, Pepper, Oil"
1999,265,BBQ Platter Mix,8.90,A delicious bbq platter mix prepared fresh.,"Salt, Pepper, Oil"
2000,265,Peri Peri Grilled Wings,29.45,A delicious peri peri grilled wings prepared fresh.,"Salt, Pepper, Oil"
2001,265,Korean BBQ Short Ribs,13.12,A delicious korean bbq short ribs prepared fresh.,"Salt, Pepper, Oil"
2002,265,Grilled Chicken Breast,13.76,A delicious grilled chicken breast prepared fresh.,"Salt, Pepper, Oil"
2003,265,Grilled Prawns,7.34,A delicious grilled prawns prepared fresh.,"Salt, Pepper, Oil"
2004,265,Barbeque Chicken Tikka,28.14,A delicious barbeque chicken tikka prepared fresh.,"Salt, Pepper, Oil"
2005,265,Beef Steak Ribeye,10.98,A delicious beef steak ribeye prepared fresh.,"Salt, Pepper, Oil"
2006,265,Smoked Beef Ribs,27.61,A delicious smoked beef ribs prepared fresh.,"Salt, Pepper, Oil"
2007,265,Smoked Sausage Combo,9.75,A delicious smoked sausage combo prepared fresh.,"Salt, Pepper, Oil"
2008,266,Smoked Sausage Combo,28.03,A delicious smoked sausage combo prepared fresh.,"Salt, Pepper, Oil"
2009,266,BBQ Lamb Chops,21.42,A delicious bbq lamb chops prepared fresh.,"Salt, Pepper, Oil"
2010,266,Korean BBQ Short Ribs,24.82,A delicious korean bbq short ribs prepared fresh.,"Salt, Pepper, Oil"
2011,266,Peri Peri Grilled Wings,21.05,A delicious peri peri grilled wings prepared fresh.,"Salt, Pepper, Oil"
2012,266,Barbeque Chicken Tikka,5.02,A delicious barbeque chicken tikka prepared fresh.,"Salt, Pepper, Oil"
2013,266,Smoked Beef Ribs,18.44,A delicious smoked beef ribs prepared fresh.,"Salt, Pepper, Oil"
2014,266,BBQ Platter Mix,25.44,A delicious bbq platter mix prepared fresh.,"Salt, Pepper, Oil"
2015,266,Grilled Chicken Breast,9.75,A delicious grilled chicken breast prepared fresh.,"Salt, Pepper, Oil"
2016,266,Beef Steak Ribeye,15.04,A delicious beef steak ribeye prepared fresh.,"Salt, Pepper, Oil"
2017,266,Grilled Prawns,10.18,A delicious grilled prawns prepared fresh.,"Salt, Pepper, Oil"
2018,267,Peri Peri Grilled Wings,18.86,A delicious peri peri grilled wings prepared fresh.,"Salt, Pepper, Oil"
2019,267,BBQ Lamb Chops,11.74,A delicious bbq lamb chops prepared fresh.,"Salt, Pepper, Oil"
2020,267,Smoked Beef Ribs,17.30,A delicious smoked beef ribs prepared fresh.,"Salt, Pepper, Oil"
2021,267,Barbeque Chicken Tikka,9.81,A delicious barbeque chicken tikka prepared fresh.,"Salt, Pepper, Oil"
2022,267,BBQ Platter Mix,27.79,A delicious bbq platter mix prepared fresh.,"Salt, Pepper, Oil"
2023,267,Grilled Prawns,22.97,A delicious grilled prawns prepared fresh.,"Salt, Pepper, Oil"
2024,267,Korean BBQ Short Ribs,13.39,A delicious korean bbq short ribs prepared fresh.,"Salt, Pepper, Oil"
2025,267,Smoked Sausage Combo,12.27,A delicious smoked sausage combo prepared fresh.,"Salt, Pepper, Oil"
2026,267,Beef Steak Ribeye,25.74,A delicious beef steak ribeye prepared fresh.,"Salt, Pepper, Oil"
2027,267,Grilled Chicken Breast,15.65,A delicious grilled chicken breast prepared fresh.,"Salt, Pepper, Oil"
2028,268,Smoked Beef Ribs,9.99,A delicious smoked beef ribs prepared fresh.,"Salt, Pepper, Oil"
2029,268,Grilled Chicken Breast,19.44,A delicious grilled chicken breast prepared fresh.,"Salt, Pepper, Oil"
2030,268,Peri Peri Grilled Wings,28.21,A delicious peri peri grilled wings prepared fresh.,"Salt, Pepper, Oil"
2031,268,Smoked Sausage Combo,17.13,A delicious smoked sausage combo prepared fresh.,"Salt, Pepper, Oil"
2032,268,Barbeque Chicken Tikka,20.83,A delicious barbeque chicken tikka prepared fresh.,"Salt, Pepper, Oil"
2033,268,Grilled Prawns,5.83,A delicious grilled prawns prepared fresh.,"Salt, Pepper, Oil"
2034,268,BBQ Lamb Chops,16.82,A delicious bbq lamb chops prepared fresh.,"Salt, Pepper, Oil"
2035,268,Beef Steak Ribeye,10.35,A delicious beef steak ribeye prepared fresh.,"Salt, Pepper, Oil"
2036,268,Korean BBQ Short Ribs,28.82,A delicious korean bbq short ribs prepared fresh.,"Salt, Pepper, Oil"
2037,268,BBQ Platter Mix,9.24,A delicious bbq platter mix prepared fresh.,"Salt, Pepper, Oil"
2038,269,Beef Steak Ribeye,27.12,A delicious beef steak ribeye prepared fresh.,"Salt, Pepper, Oil"
2039,269,Korean BBQ Short Ribs,16.79,A delicious korean bbq short ribs prepared fresh.,"Salt, Pepper, Oil"
2040,269,Smoked Beef Ribs,29.87,A delicious smoked beef ribs prepared fresh.,"Salt, Pepper, Oil"
2041,269,Grilled Prawns,18.42,A delicious grilled prawns prepared fresh.,"Salt, Pepper, Oil"
2042,269,Grilled Chicken Breast,27.12,A delicious grilled chicken breast prepared fresh.,"Salt, Pepper, Oil"
2043,269,Peri Peri Grilled Wings,14.67,A delicious peri peri grilled wings prepared fresh.,"Salt, Pepper, Oil"
2044,269,Barbeque Chicken Tikka,24.48,A delicious barbeque chicken tikka prepared fresh.,"Salt, Pepper, Oil"
2045,269,BBQ Platter Mix,14.79,A delicious bbq platter mix prepared fresh.,"Salt, Pepper, Oil"
2046,269,Smoked Sausage Combo,17.07,A delicious smoked sausage combo prepared fresh.,"Salt, Pepper, Oil"
2047,269,BBQ Lamb Chops,9.38,A delicious bbq lamb chops prepared fresh.,"Salt, Pepper, Oil"
2048,270,Peri Peri Grilled Wings,24.75,A delicious peri peri grilled wings prepared fresh.,"Salt, Pepper, Oil"
2049,270,Smoked Beef Ribs,12.84,A delicious smoked beef ribs prepared fresh.,"Salt, Pepper, Oil"
2050,270,BBQ Platter Mix,6.76,A delicious bbq platter mix prepared fresh.,"Salt, Pepper, Oil"
2051,270,Barbeque Chicken Tikka,5.66,A delicious barbeque chicken tikka prepared fresh.,"Salt, Pepper, Oil"
2052,270,Beef Steak Ribeye,29.51,A delicious beef steak ribeye prepared fresh.,"Salt, Pepper, Oil"
2053,270,Smoked Sausage Combo,11.85,A delicious smoked sausage combo prepared fresh.,"Salt, Pepper, Oil"
2054,270,Grilled Prawns,21.28,A delicious grilled prawns prepared fresh.,"Salt, Pepper, Oil"
2055,270,Korean BBQ Short Ribs,18.79,A delicious korean bbq short ribs prepared fresh.,"Salt, Pepper, Oil"
2056,270,Grilled Chicken Breast,28.73,A delicious grilled chicken breast prepared fresh.,"Salt, Pepper, Oil"
2057,270,BBQ Lamb Chops,6.17,A delicious bbq lamb chops prepared fresh.,"Salt, Pepper, Oil"
2058,271,Peri Peri Grilled Wings,5.72,A delicious peri peri grilled wings prepared fresh.,"Salt, Pepper, Oil"
2059,271,BBQ Platter Mix,7.52,A delicious bbq platter mix prepared fresh.,"Salt, Pepper, Oil"
2060,271,Smoked Beef Ribs,26.35,A delicious smoked beef ribs prepared fresh.,"Salt, Pepper, Oil"
2061,271,Grilled Chicken Breast,20.13,A delicious grilled chicken breast prepared fresh.,"Salt, Pepper, Oil"
2062,271,Korean BBQ Short Ribs,19.69,A delicious korean bbq short ribs prepared fresh.,"Salt, Pepper, Oil"
2063,271,Grilled Prawns,29.67,A delicious grilled prawns prepared fresh.,"Salt, Pepper, Oil"
2064,271,Smoked Sausage Combo,19.42,A delicious smoked sausage combo prepared fresh.,"Salt, Pepper, Oil"
2065,271,BBQ Lamb Chops,24.63,A delicious bbq lamb chops prepared fresh.,"Salt, Pepper, Oil"
2066,271,Barbeque Chicken Tikka,27.83,A delicious barbeque chicken tikka prepared fresh.,"Salt, Pepper, Oil"
2067,271,Beef Steak Ribeye,25.91,A delicious beef steak ribeye prepared fresh.,"Salt, Pepper, Oil"
2068,272,BBQ Platter Mix,7.89,A delicious bbq platter mix prepared fresh.,"Salt, Pepper, Oil"
2069,272,Korean BBQ Short Ribs,20.29,A delicious korean bbq short ribs prepared fresh.,"Salt, Pepper, Oil"
2070,272,Smoked Beef Ribs,7.22,A delicious smoked beef ribs prepared fresh.,"Salt, Pepper, Oil"
2071,272,Smoked Sausage Combo,25.08,A delicious smoked sausage combo prepared fresh.,"Salt, Pepper, Oil"
2072,272,Beef Steak Ribeye,22.05,A delicious beef steak ribeye prepared fresh.,"Salt, Pepper, Oil"
2073,272,BBQ Lamb Chops,5.62,A delicious bbq lamb chops prepared fresh.,"Salt, Pepper, Oil"
2074,272,Peri Peri Grilled Wings,28.85,A delicious peri peri grilled wings prepared fresh.,"Salt, Pepper, Oil"
2075,272,Grilled Prawns,19.15,A delicious grilled prawns prepared fresh.,"Salt, Pepper, Oil"
2076,272,Grilled Chicken Breast,23.82,A delicious grilled chicken breast prepared fresh.,"Salt, Pepper, Oil"
2077,272,Barbeque Chicken Tikka,17.90,A delicious barbeque chicken tikka prepared fresh.,"Salt, Pepper, Oil"
2078,273,Peri Peri Grilled Wings,29.05,A delicious peri peri grilled wings prepared fresh.,"Salt, Pepper, Oil"
2079,273,Smoked Beef Ribs,10.46,A delicious smoked beef ribs prepared fresh.,"Salt, Pepper, Oil"
2080,273,Grilled Chicken Breast,20.64,A delicious grilled chicken breast prepared fresh.,"Salt, Pepper, Oil"
2081,273,Barbeque Chicken Tikka,21.38,A delicious barbeque chicken tikka prepared fresh.,"Salt, Pepper, Oil"
2082,273,BBQ Platter Mix,13.42,A delicious bbq platter mix prepared fresh.,"Salt, Pepper, Oil"
2083,273,Korean BBQ Short Ribs,16.96,A delicious korean bbq short ribs prepared fresh.,"Salt, Pepper, Oil"
2084,273,Smoked Sausage Combo,20.21,A delicious smoked sausage combo prepared fresh.,"Salt, Pepper, Oil"
2085,273,Grilled Prawns,23.79,A delicious grilled prawns prepared fresh.,"Salt, Pepper, Oil"
2086,273,BBQ Lamb Chops,7.95,A delicious bbq lamb chops prepared fresh.,"Salt, Pepper, Oil"
2087,273,Beef Steak Ribeye,19.91,A delicious beef steak ribeye prepared fresh.,"Salt, Pepper, Oil"
2088,274,Turkey Bacon & Eggs,24.26,A delicious turkey bacon & eggs prepared fresh.,"Salt, Pepper, Oil"
2089,274,Pancakes with Maple Syrup,29.77,A delicious pancakes with maple syrup prepared fresh.,"Salt, Pepper, Oil"
2090,274,Avocado Toast,22.45,A delicious avocado toast prepared fresh.,"Salt, Pepper, Oil"
2091,274,Scrambled Eggs Meal,28.03,A delicious scrambled eggs meal prepared fresh.,"Salt, Pepper, Oil"
2092,274,Breakfast Burrito,10.62,A delicious breakfast burrito prepared fresh.,"Salt, Pepper, Oil"
2093,274,French Toast,8.13,A delicious french toast prepared fresh.,"Salt, Pepper, Oil"
2094,274,Paratha with Omelette,10.06,A delicious paratha with omelette prepared fresh.,"Salt, Pepper, Oil"
2095,274,Beef Sausage Breakfast,5.38,A delicious beef sausage breakfast prepared fresh.,"Salt, Pepper, Oil"
2096,274,Granola Yogurt Bowl,6.81,A delicious granola yogurt bowl prepared fresh.,"Salt, Pepper, Oil"
2097,274,Omelette with Cheese,13.20,A delicious omelette with cheese prepared fresh.,"Salt, Pepper, Oil"
2098,275,Pancakes with Maple Syrup,24.36,A delicious pancakes with maple syrup prepared fresh.,"Salt, Pepper, Oil"
2099,275,Granola Yogurt Bowl,15.28,A delicious granola yogurt bowl prepared fresh.,"Salt, Pepper, Oil"
2100,275,Scrambled Eggs Meal,28.76,A delicious scrambled eggs meal prepared fresh.,"Salt, Pepper, Oil"
2101,275,Paratha with Omelette,20.80,A delicious paratha with omelette prepared fresh.,"Salt, Pepper, Oil"
2102,275,Avocado Toast,8.18,A delicious avocado toast prepared fresh.,"Salt, Pepper, Oil"
2103,275,Turkey Bacon & Eggs,24.63,A delicious turkey bacon & eggs prepared fresh.,"Salt, Pepper, Oil"
2104,275,Beef Sausage Breakfast,16.74,A delicious beef sausage breakfast prepared fresh.,"Salt, Pepper, Oil"
2105,275,Omelette with Cheese,7.09,A delicious omelette with cheese prepared fresh.,"Salt, Pepper, Oil"
2106,275,French Toast,18.47,A delicious french toast prepared fresh.,"Salt, Pepper, Oil"
2107,275,Breakfast Burrito,28.61,A delicious breakfast burrito prepared fresh.,"Salt, Pepper, Oil"
2108,276,Scrambled Eggs Meal,6.77,A delicious scrambled eggs meal prepared fresh.,"Salt, Pepper, Oil"
2109,276,Paratha with Omelette,11.48,A delicious paratha with omelette prepared fresh.,"Salt, Pepper, Oil"
2110,276,Breakfast Burrito,11.94,A delicious breakfast burrito prepared fresh.,"Salt, Pepper, Oil"
2111,276,Omelette with Cheese,15.40,A delicious omelette with cheese prepared fresh.,"Salt, Pepper, Oil"
2112,276,Granola Yogurt Bowl,20.21,A delicious granola yogurt bowl prepared fresh.,"Salt, Pepper, Oil"
2113,276,Avocado Toast,25.10,A delicious avocado toast prepared fresh.,"Salt, Pepper, Oil"
2114,276,Pancakes with Maple Syrup,7.46,A delicious pancakes with maple syrup prepared fresh.,"Salt, Pepper, Oil"
2115,276,Beef Sausage Breakfast,9.82,A delicious beef sausage breakfast prepared fresh.,"Salt, Pepper, Oil"
2116,276,French Toast,15.01,A delicious french toast prepared fresh.,"Salt, Pepper, Oil"
2117,276,Turkey Bacon & Eggs,8.73,A delicious turkey bacon & eggs prepared fresh.,"Salt, Pepper, Oil"
2118,277,Breakfast Burrito,26.14,A delicious breakfast burrito prepared fresh.,"Salt, Pepper, Oil"
2119,277,Paratha with Omelette,26.97,A delicious paratha with omelette prepared fresh.,"Salt, Pepper, Oil"
2120,277,Scrambled Eggs Meal,9.17,A delicious scrambled eggs meal prepared fresh.,"Salt, Pepper, Oil"
2121,277,Pancakes with Maple Syrup,25.63,A delicious pancakes with maple syrup prepared fresh.,"Salt, Pepper, Oil"
2122,277,French Toast,6.60,A delicious french toast prepared fresh.,"Salt, Pepper, Oil"
2123,277,Beef Sausage Breakfast,6.17,A delicious beef sausage breakfast prepared fresh.,"Salt, Pepper, Oil"
2124,277,Granola Yogurt Bowl,21.72,A delicious granola yogurt bowl prepared fresh.,"Salt, Pepper, Oil"
2125,277,Omelette with Cheese,17.14,A delicious omelette with cheese prepared fresh.,"Salt, Pepper, Oil"
2126,277,Turkey Bacon & Eggs,11.12,A delicious turkey bacon & eggs prepared fresh.,"Salt, Pepper, Oil"
2127,277,Avocado Toast,21.95,A delicious avocado toast prepared fresh.,"Salt, Pepper, Oil"
2128,278,Breakfast Burrito,26.33,A delicious breakfast burrito prepared fresh.,"Salt, Pepper, Oil"
2129,278,French Toast,5.57,A delicious french toast prepared fresh.,"Salt, Pepper, Oil"
2130,278,Scrambled Eggs Meal,28.19,A delicious scrambled eggs meal prepared fresh.,"Salt, Pepper, Oil"
2131,278,Pancakes with Maple Syrup,11.78,A delicious pancakes with maple syrup prepared fresh.,"Salt, Pepper, Oil"
2132,278,Beef Sausage Breakfast,11.62,A delicious beef sausage breakfast prepared fresh.,"Salt, Pepper, Oil"
2133,278,Turkey Bacon & Eggs,21.99,A delicious turkey bacon & eggs prepared fresh.,"Salt, Pepper, Oil"
2134,278,Granola Yogurt Bowl,24.84,A delicious granola yogurt bowl prepared fresh.,"Salt, Pepper, Oil"
2135,278,Paratha with Omelette,27.72,A delicious paratha with omelette prepared fresh.,"Salt, Pepper, Oil"
2136,278,Omelette with Cheese,15.48,A delicious omelette with cheese prepared fresh.,"Salt, Pepper, Oil"
2137,278,Avocado Toast,17.23,A delicious avocado toast prepared fresh.,"Salt, Pepper, Oil"
2138,279,Avocado Toast,23.47,A delicious avocado toast prepared fresh.,"Salt, Pepper, Oil"
2139,279,Scrambled Eggs Meal,24.80,A delicious scrambled eggs meal prepared fresh.,"Salt, Pepper, Oil"
2140,279,Turkey Bacon & Eggs,9.10,A delicious turkey bacon & eggs prepared fresh.,"Salt, Pepper, Oil"
2141,279,Pancakes with Maple Syrup,28.57,A delicious pancakes with maple syrup prepared fresh.,"Salt, Pepper, Oil"
2142,279,Granola Yogurt Bowl,19.46,A delicious granola yogurt bowl prepared fresh.,"Salt, Pepper, Oil"
2143,279,Breakfast Burrito,7.23,A delicious breakfast burrito prepared fresh.,"Salt, Pepper, Oil"
2144,279,Beef Sausage Breakfast,28.55,A delicious beef sausage breakfast prepared fresh.,"Salt, Pepper, Oil"
2145,279,Omelette with Cheese,8.80,A delicious omelette with cheese prepared fresh.,"Salt, Pepper, Oil"
2146,279,French Toast,27.40,A delicious french toast prepared fresh.,"Salt, Pepper, Oil"
2147,279,Paratha with Omelette,17.73,A delicious paratha with omelette prepared fresh.,"Salt, Pepper, Oil"
2148,280,Omelette with Cheese,27.79,A delicious omelette with cheese prepared fresh.,"Salt, Pepper, Oil"
2149,280,Granola Yogurt Bowl,14.46,A delicious granola yogurt bowl prepared fresh.,"Salt, Pepper, Oil"
2150,280,Paratha with Omelette,10.08,A delicious paratha with omelette prepared fresh.,"Salt, Pepper, Oil"
2151,280,Scrambled Eggs Meal,20.83,A delicious scrambled eggs meal prepared fresh.,"Salt, Pepper, Oil"
2152,280,Breakfast Burrito,26.89,A delicious breakfast burrito prepared fresh.,"Salt, Pepper, Oil"
2153,280,Pancakes with Maple Syrup,19.76,A delicious pancakes with maple syrup prepared fresh.,"Salt, Pepper, Oil"
2154,280,Turkey Bacon & Eggs,25.48,A delicious turkey bacon & eggs prepared fresh.,"Salt, Pepper, Oil"
2155,280,Avocado Toast,8.35,A delicious avocado toast prepared fresh.,"Salt, Pepper, Oil"
2156,280,French Toast,6.12,A delicious french toast prepared fresh.,"Salt, Pepper, Oil"
2157,280,Beef Sausage Breakfast,17.63,A delicious beef sausage breakfast prepared fresh.,"Salt, Pepper, Oil"
2158,281,French Toast,15.57,A delicious french toast prepared fresh.,"Salt, Pepper, Oil"
2159,281,Avocado Toast,17.96,A delicious avocado toast prepared fresh.,"Salt, Pepper, Oil"
2160,281,Breakfast Burrito,14.62,A delicious breakfast burrito prepared fresh.,"Salt, Pepper, Oil"
2161,281,Turkey Bacon & Eggs,20.82,A delicious turkey bacon & eggs prepared fresh.,"Salt, Pepper, Oil"
2162,281,Scrambled Eggs Meal,12.94,A delicious scrambled eggs meal prepared fresh.,"Salt, Pepper, Oil"
2163,281,Paratha with Omelette,14.87,A delicious paratha with omelette prepared fresh.,"Salt, Pepper, Oil"
2164,281,Granola Yogurt Bowl,15.03,A delicious granola yogurt bowl prepared fresh.,"Salt, Pepper, Oil"
2165,281,Beef Sausage Breakfast,9.60,A delicious beef sausage breakfast prepared fresh.,"Salt, Pepper, Oil"
2166,281,Omelette with Cheese,9.14,A delicious omelette with cheese prepared fresh.,"Salt, Pepper, Oil"
2167,281,Pancakes with Maple Syrup,22.77,A delicious pancakes with maple syrup prepared fresh.,"Salt, Pepper, Oil"
2168,282,Paratha with Omelette,15.24,A delicious paratha with omelette prepared fresh.,"Salt, Pepper, Oil"
2169,282,Beef Sausage Breakfast,23.08,A delicious beef sausage breakfast prepared fresh.,"Salt, Pepper, Oil"
2170,282,Granola Yogurt Bowl,19.64,A delicious granola yogurt bowl prepared fresh.,"Salt, Pepper, Oil"
2171,282,Avocado Toast,7.61,A delicious avocado toast prepared fresh.,"Salt, Pepper, Oil"
2172,282,Pancakes with Maple Syrup,15.66,A delicious pancakes with maple syrup prepared fresh.,"Salt, Pepper, Oil"
2173,282,French Toast,9.41,A delicious french toast prepared fresh.,"Salt, Pepper, Oil"
2174,282,Omelette with Cheese,27.02,A delicious omelette with cheese prepared fresh.,"Salt, Pepper, Oil"
2175,282,Scrambled Eggs Meal,7.46,A delicious scrambled eggs meal prepared fresh.,"Salt, Pepper, Oil"
2176,282,Breakfast Burrito,20.85,A delicious breakfast burrito prepared fresh.,"Salt, Pepper, Oil"
2177,282,Turkey Bacon & Eggs,25.11,A delicious turkey bacon & eggs prepared fresh.,"Salt, Pepper, Oil"
2178,283,Beef Sausage Breakfast,27.73,A delicious beef sausage breakfast prepared fresh.,"Salt, Pepper, Oil"
2179,283,Breakfast Burrito,18.79,A delicious breakfast burrito prepared fresh.,"Salt, Pepper, Oil"
2180,283,Granola Yogurt Bowl,6.33,A delicious granola yogurt bowl prepared fresh.,"Salt, Pepper, Oil"
2181,283,Omelette with Cheese,24.90,A delicious omelette with cheese prepared fresh.,"Salt, Pepper, Oil"
2182,283,Paratha with Omelette,29.94,A delicious paratha with omelette prepared fresh.,"Salt, Pepper, Oil"
2183,283,Turkey Bacon & Eggs,11.84,A delicious turkey bacon & eggs prepared fresh.,"Salt, Pepper, Oil"
2184,283,Pancakes with Maple Syrup,17.98,A delicious pancakes with maple syrup prepared fresh.,"Salt, Pepper, Oil"
2185,283,Avocado Toast,23.69,A delicious avocado toast prepared fresh.,"Salt, Pepper, Oil"
2186,283,Scrambled Eggs Meal,14.79,A delicious scrambled eggs meal prepared fresh.,"Salt, Pepper, Oil"
2187,283,French Toast,14.62,A delicious french toast prepared fresh.,"Salt, Pepper, Oil"
2188,284,Mushroom Alfredo Pizza,24.99,A delicious mushroom alfredo pizza prepared fresh.,"Salt, Pepper, Oil"
2189,284,Hawaiian Pizza,12.04,A delicious hawaiian pizza prepared fresh.,"Salt, Pepper, Oil"
2190,284,Margherita Pizza,7.45,A delicious margherita pizza prepared fresh.,"Flour Dough, Tomatoes, Fresh Basil, Mozzarella Cheese"
2191,284,Tandoori Chicken Pizza,22.91,A delicious tandoori chicken pizza prepared fresh.,"Salt, Pepper, Oil"
2192,284,BBQ Chicken Pizza,23.39,A delicious bbq chicken pizza prepared fresh.,"Dough, BBQ Sauce, Chicken, Onion"
2193,284,Spicy Chicken Fajita Pizza,26.67,A delicious spicy chicken fajita pizza prepared fresh.,"Salt, Pepper, Oil"
2194,284,Mediterranean Olive Pizza,29.60,A delicious mediterranean olive pizza prepared fresh.,"Salt, Pepper, Oil"
2195,284,Pepperoni Pizza,14.11,A delicious pepperoni pizza prepared fresh.,"Flour Dough, Mozzarella, Pepperoni"
2196,284,Veggie Supreme Pizza,7.54,A delicious veggie supreme pizza prepared fresh.,"Salt, Pepper, Oil"
2197,284,Four-Cheese Pizza,25.42,A delicious four-cheese pizza prepared fresh.,"Salt, Pepper, Oil"
2198,285,Mushroom Alfredo Pizza,13.60,A delicious mushroom alfredo pizza prepared fresh.,"Salt, Pepper, Oil"
2199,285,Four-Cheese Pizza,29.14,A delicious four-cheese pizza prepared fresh.,"Salt, Pepper, Oil"
2200,285,BBQ Chicken Pizza,27.96,A delicious bbq chicken pizza prepared fresh.,"Dough, BBQ Sauce, Chicken, Onion"
2201,285,Spicy Chicken Fajita Pizza,28.47,A delicious spicy chicken fajita pizza prepared fresh.,"Salt, Pepper, Oil"
2202,285,Mediterranean Olive Pizza,13.56,A delicious mediterranean olive pizza prepared fresh.,"Salt, Pepper, Oil"
2203,285,Tandoori Chicken Pizza,14.36,A delicious tandoori chicken pizza prepared fresh.,"Salt, Pepper, Oil"
2204,285,Hawaiian Pizza,15.73,A delicious hawaiian pizza prepared fresh.,"Salt, Pepper, Oil"
2205,285,Margherita Pizza,9.69,A delicious margherita pizza prepared fresh.,"Flour Dough, Tomatoes, Fresh Basil, Mozzarella Cheese"
2206,285,Veggie Supreme Pizza,25.89,A delicious veggie supreme pizza prepared fresh.,"Salt, Pepper, Oil"
2207,285,Pepperoni Pizza,17.00,A delicious pepperoni pizza prepared fresh.,"Flour Dough, Mozzarella, Pepperoni"
2208,286,Mediterranean Olive Pizza,12.18,A delicious mediterranean olive pizza prepared fresh.,"Salt, Pepper, Oil"
2209,286,Pepperoni Pizza,7.83,A delicious pepperoni pizza prepared fresh.,"Flour Dough, Mozzarella, Pepperoni"
2210,286,Mushroom Alfredo Pizza,12.87,A delicious mushroom alfredo pizza prepared fresh.,"Salt, Pepper, Oil"
2211,286,Four-Cheese Pizza,17.49,A delicious four-cheese pizza prepared fresh.,"Salt, Pepper, Oil"
2212,286,Tandoori Chicken Pizza,25.35,A delicious tandoori chicken pizza prepared fresh.,"Salt, Pepper, Oil"
2213,286,Spicy Chicken Fajita Pizza,13.61,A delicious spicy chicken fajita pizza prepared fresh.,"Salt, Pepper, Oil"
2214,286,Veggie Supreme Pizza,18.19,A delicious veggie supreme pizza prepared fresh.,"Salt, Pepper, Oil"
2215,286,BBQ Chicken Pizza,19.88,A delicious bbq chicken pizza prepared fresh.,"Dough, BBQ Sauce, Chicken, Onion"
2216,286,Hawaiian Pizza,19.93,A delicious hawaiian pizza prepared fresh.,"Salt, Pepper, Oil"
2217,286,Margherita Pizza,23.75,A delicious margherita pizza prepared fresh.,"Flour Dough, Tomatoes, Fresh Basil, Mozzarella Cheese"
2218,287,Four-Cheese Pizza,17.85,A delicious four-cheese pizza prepared fresh.,"Salt, Pepper, Oil"
2219,287,Spicy Chicken Fajita Pizza,12.72,A delicious spicy chicken fajita pizza prepared fresh.,"Salt, Pepper, Oil"
2220,287,Mushroom Alfredo Pizza,26.09,A delicious mushroom alfredo pizza prepared fresh.,"Salt, Pepper, Oil"
2221,287,Margherita Pizza,21.43,A delicious margherita pizza prepared fresh.,"Flour Dough, Tomatoes, Fresh Basil, Mozzarella Cheese"
2222,287,Mediterranean Olive Pizza,9.43,A delicious mediterranean olive pizza prepared fresh.,"Salt, Pepper, Oil"
2223,287,Pepperoni Pizza,11.62,A delicious pepperoni pizza prepared fresh.,"Flour Dough, Mozzarella, Pepperoni"
2224,287,BBQ Chicken Pizza,11.36,A delicious bbq chicken pizza prepared fresh.,"Dough, BBQ Sauce, Chicken, Onion"
2225,287,Veggie Supreme Pizza,19.79,A delicious veggie supreme pizza prepared fresh.,"Salt, Pepper, Oil"
2226,287,Hawaiian Pizza,17.93,A delicious hawaiian pizza prepared fresh.,"Salt, Pepper, Oil"
2227,287,Tandoori Chicken Pizza,10.71,A delicious tandoori chicken pizza prepared fresh.,"Salt, Pepper, Oil"
2228,288,Mediterranean Olive Pizza,24.33,A delicious mediterranean olive pizza prepared fresh.,"Salt, Pepper, Oil"
2229,288,Tandoori Chicken Pizza,19.55,A delicious tandoori chicken pizza prepared fresh.,"Salt, Pepper, Oil"
2230,288,Hawaiian Pizza,6.62,A delicious hawaiian pizza prepared fresh.,"Salt, Pepper, Oil"
2231,288,Mushroom Alfredo Pizza,21.67,A delicious mushroom alfredo pizza prepared fresh.,"Salt, Pepper, Oil"
2232,288,Four-Cheese Pizza,15.92,A delicious four-cheese pizza prepared fresh.,"Salt, Pepper, Oil"
2233,288,BBQ Chicken Pizza,23.61,A delicious bbq chicken pizza prepared fresh.,"Dough, BBQ Sauce, Chicken, Onion"
2234,288,Margherita Pizza,16.93,A delicious margherita pizza prepared fresh.,"Flour Dough, Tomatoes, Fresh Basil, Mozzarella Cheese"
2235,288,Veggie Supreme Pizza,21.40,A delicious veggie supreme pizza prepared fresh.,"Salt, Pepper, Oil"
2236,288,Pepperoni Pizza,19.17,A delicious pepperoni pizza prepared fresh.,"Flour Dough, Mozzarella, Pepperoni"
2237,288,Spicy Chicken Fajita Pizza,7.90,A delicious spicy chicken fajita pizza prepared fresh.,"Salt, Pepper, Oil"
2238,289,Tandoori Chicken Pizza,17.61,A delicious tandoori chicken pizza prepared fresh.,"Salt, Pepper, Oil"
2239,289,Mushroom Alfredo Pizza,5.28,A delicious mushroom alfredo pizza prepared fresh.,"Salt, Pepper, Oil"
2240,289,Pepperoni Pizza,9.74,A delicious pepperoni pizza prepared fresh.,"Flour Dough, Mozzarella, Pepperoni"
2241,289,Mediterranean Olive Pizza,22.70,A delicious mediterranean olive pizza prepared fresh.,"Salt, Pepper, Oil"
2242,289,Four-Cheese Pizza,26.99,A delicious four-cheese pizza prepared fresh.,"Salt, Pepper, Oil"
2243,289,Margherita Pizza,17.69,A delicious margherita pizza prepared fresh.,"Flour Dough, Tomatoes, Fresh Basil, Mozzarella Cheese"
2244,289,Hawaiian Pizza,14.78,A delicious hawaiian pizza prepared fresh.,"Salt, Pepper, Oil"
2245,289,Veggie Supreme Pizza,21.06,A delicious veggie supreme pizza prepared fresh.,"Salt, Pepper, Oil"
2246,289,BBQ Chicken Pizza,5.36,A delicious bbq chicken pizza prepared fresh.,"Dough, BBQ Sauce, Chicken, Onion"
2247,289,Spicy Chicken Fajita Pizza,29.52,A delicious spicy chicken fajita pizza prepared fresh.,"Salt, Pepper, Oil"
2248,290,Hawaiian Pizza,27.72,A delicious hawaiian pizza prepared fresh.,"Salt, Pepper, Oil"
2249,290,Four-Cheese Pizza,15.93,A delicious four-cheese pizza prepared fresh.,"Salt, Pepper, Oil"
2250,290,Veggie Supreme Pizza,24.74,A delicious veggie supreme pizza prepared fresh.,"Salt, Pepper, Oil"
2251,290,Margherita Pizza,25.60,A delicious margherita pizza prepared fresh.,"Flour Dough, Tomatoes, Fresh Basil, Mozzarella Cheese"
2252,290,Mediterranean Olive Pizza,16.71,A delicious mediterranean olive pizza prepared fresh.,"Salt, Pepper, Oil"
2253,290,Mushroom Alfredo Pizza,19.33,A delicious mushroom alfredo pizza prepared fresh.,"Salt, Pepper, Oil"
2254,290,Spicy Chicken Fajita Pizza,18.99,A delicious spicy chicken fajita pizza prepared fresh.,"Salt, Pepper, Oil"
2255,290,Pepperoni Pizza,13.08,A delicious pepperoni pizza prepared fresh.,"Flour Dough, Mozzarella, Pepperoni"
2256,290,Tandoori Chicken Pizza,23.07,A delicious tandoori chicken pizza prepared fresh.,"Salt, Pepper, Oil"
2257,290,BBQ Chicken Pizza,21.62,A delicious bbq chicken pizza prepared fresh.,"Dough, BBQ Sauce, Chicken, Onion"
2258,291,Mushroom Alfredo Pizza,24.72,A delicious mushroom alfredo pizza prepared fresh.,"Salt, Pepper, Oil"
2259,291,Mediterranean Olive Pizza,14.59,A delicious mediterranean olive pizza prepared fresh.,"Salt, Pepper, Oil"
2260,291,Veggie Supreme Pizza,8.82,A delicious veggie supreme pizza prepared fresh.,"Salt, Pepper, Oil"
2261,291,BBQ Chicken Pizza,18.81,A delicious bbq chicken pizza prepared fresh.,"Dough, BBQ Sauce, Chicken, Onion"
2262,291,Margherita Pizza,21.58,A delicious margherita pizza prepared fresh.,"Flour Dough, Tomatoes, Fresh Basil, Mozzarella Cheese"
2263,291,Hawaiian Pizza,20.34,A delicious hawaiian pizza prepared fresh.,"Salt, Pepper, Oil"
2264,291,Four-Cheese Pizza,14.66,A delicious four-cheese pizza prepared fresh.,"Salt, Pepper, Oil"
2265,291,Spicy Chicken Fajita Pizza,28.14,A delicious spicy chicken fajita pizza prepared fresh.,"Salt, Pepper, Oil"
2266,291,Tandoori Chicken Pizza,25.68,A delicious tandoori chicken pizza prepared fresh.,"Salt, Pepper, Oil"
2267,291,Pepperoni Pizza,28.96,A delicious pepperoni pizza prepared fresh.,"Flour Dough, Mozzarella, Pepperoni"
2268,292,BBQ Chicken Pizza,9.39,A delicious bbq chicken pizza prepared fresh.,"Dough, BBQ Sauce, Chicken, Onion"
2269,292,Tandoori Chicken Pizza,8.43,A delicious tandoori chicken pizza prepared fresh.,"Salt, Pepper, Oil"
2270,292,Veggie Supreme Pizza,9.96,A delicious veggie supreme pizza prepared fresh.,"Salt, Pepper, Oil"
2271,292,Four-Cheese Pizza,18.40,A delicious four-cheese pizza prepared fresh.,"Salt, Pepper, Oil"
2272,292,Hawaiian Pizza,28.27,A delicious hawaiian pizza prepared fresh.,"Salt, Pepper, Oil"
2273,292,Spicy Chicken Fajita Pizza,16.95,A delicious spicy chicken fajita pizza prepared fresh.,"Salt, Pepper, Oil"
2274,292,Margherita Pizza,23.69,A delicious margherita pizza prepared fresh.,"Flour Dough, Tomatoes, Fresh Basil, Mozzarella Cheese"
2275,292,Mushroom Alfredo Pizza,25.07,A delicious mushroom alfredo pizza prepared fresh.,"Salt, Pepper, Oil"
2276,292,Pepperoni Pizza,6.98,A delicious pepperoni pizza prepared fresh.,"Flour Dough, Mozzarella, Pepperoni"
2277,292,Mediterranean Olive Pizza,14.74,A delicious mediterranean olive pizza prepared fresh.,"Salt, Pepper, Oil"
2278,293,Spicy Chicken Fajita Pizza,5.57,A delicious spicy chicken fajita pizza prepared fresh.,"Salt, Pepper, Oil"
2279,293,Mushroom Alfredo Pizza,12.74,A delicious mushroom alfredo pizza prepared fresh.,"Salt, Pepper, Oil"
2280,293,Tandoori Chicken Pizza,15.64,A delicious tandoori chicken pizza prepared fresh.,"Salt, Pepper, Oil"
2281,293,Hawaiian Pizza,12.12,A delicious hawaiian pizza prepared fresh.,"Salt, Pepper, Oil"
2282,293,Margherita Pizza,13.96,A delicious margherita pizza prepared fresh.,"Flour Dough, Tomatoes, Fresh Basil, Mozzarella Cheese"
2283,293,Four-Cheese Pizza,8.10,A delicious four-cheese pizza prepared fresh.,"Salt, Pepper, Oil"
2284,293,Pepperoni Pizza,8.12,A delicious pepperoni pizza prepared fresh.,"Flour Dough, Mozzarella, Pepperoni"
2285,293,Veggie Supreme Pizza,28.79,A delicious veggie supreme pizza prepared fresh.,"Salt, Pepper, Oil"
2286,293,Mediterranean Olive Pizza,19.36,A delicious mediterranean olive pizza prepared fresh.,"Salt, Pepper, Oil"
2287,293,BBQ Chicken Pizza,27.82,A delicious bbq chicken pizza prepared fresh.,"Dough, BBQ Sauce, Chicken, Onion"
2288,294,Barbeque Chicken Tikka,27.19,A delicious barbeque chicken tikka prepared fresh.,"Salt, Pepper, Oil"
2289,294,Grilled Chicken Breast,29.56,A delicious grilled chicken breast prepared fresh.,"Salt, Pepper, Oil"
2290,294,Grilled Prawns,25.04,A delicious grilled prawns prepared fresh.,"Salt, Pepper, Oil"
2291,294,Peri Peri Grilled Wings,13.51,A delicious peri peri grilled wings prepared fresh.,"Salt, Pepper, Oil"
2292,294,Smoked Sausage Combo,23.53,A delicious smoked sausage combo prepared fresh.,"Salt, Pepper, Oil"
2293,294,Korean BBQ Short Ribs,8.79,A delicious korean bbq short ribs prepared fresh.,"Salt, Pepper, Oil"
2294,294,BBQ Platter Mix,29.46,A delicious bbq platter mix prepared fresh.,"Salt, Pepper, Oil"
2295,294,Beef Steak Ribeye,21.60,A delicious beef steak ribeye prepared fresh.,"Salt, Pepper, Oil"
2296,294,BBQ Lamb Chops,16.57,A delicious bbq lamb chops prepared fresh.,"Salt, Pepper, Oil"
2297,294,Smoked Beef Ribs,26.98,A delicious smoked beef ribs prepared fresh.,"Salt, Pepper, Oil"
2298,295,BBQ Platter Mix,27.59,A delicious bbq platter mix prepared fresh.,"Salt, Pepper, Oil"
2299,295,Smoked Beef Ribs,6.92,A delicious smoked beef ribs prepared fresh.,"Salt, Pepper, Oil"
2300,295,Barbeque Chicken Tikka,17.38,A delicious barbeque chicken tikka prepared fresh.,"Salt, Pepper, Oil"
2301,295,Korean BBQ Short Ribs,21.28,A delicious korean bbq short ribs prepared fresh.,"Salt, Pepper, Oil"
2302,295,Beef Steak Ribeye,16.10,A delicious beef steak ribeye prepared fresh.,"Salt, Pepper, Oil"
2303,295,Grilled Chicken Breast,13.86,A delicious grilled chicken breast prepared fresh.,"Salt, Pepper, Oil"
2304,295,BBQ Lamb Chops,13.28,A delicious bbq lamb chops prepared fresh.,"Salt, Pepper, Oil"
2305,295,Smoked Sausage Combo,15.56,A delicious smoked sausage combo prepared fresh.,"Salt, Pepper, Oil"
2306,295,Grilled Prawns,29.90,A delicious grilled prawns prepared fresh.,"Salt, Pepper, Oil"
2307,295,Peri Peri Grilled Wings,18.26,A delicious peri peri grilled wings prepared fresh.,"Salt, Pepper, Oil"
2308,296,Peri Peri Grilled Wings,8.95,A delicious peri peri grilled wings prepared fresh.,"Salt, Pepper, Oil"
2309,296,Smoked Beef Ribs,7.58,A delicious smoked beef ribs prepared fresh.,"Salt, Pepper, Oil"
2310,296,BBQ Platter Mix,13.53,A delicious bbq platter mix prepared fresh.,"Salt, Pepper, Oil"
2311,296,Smoked Sausage Combo,10.20,A delicious smoked sausage combo prepared fresh.,"Salt, Pepper, Oil"
2312,296,Barbeque Chicken Tikka,25.98,A delicious barbeque chicken tikka prepared fresh.,"Salt, Pepper, Oil"
2313,296,Grilled Prawns,19.33,A delicious grilled prawns prepared fresh.,"Salt, Pepper, Oil"
2314,296,Grilled Chicken Breast,29.85,A delicious grilled chicken breast prepared fresh.,"Salt, Pepper, Oil"
2315,296,Korean BBQ Short Ribs,12.61,A delicious korean bbq short ribs prepared fresh.,"Salt, Pepper, Oil"
2316,296,Beef Steak Ribeye,27.93,A delicious beef steak ribeye prepared fresh.,"Salt, Pepper, Oil"
2317,296,BBQ Lamb Chops,7.81,A delicious bbq lamb chops prepared fresh.,"Salt, Pepper, Oil"
2318,297,BBQ Lamb Chops,21.16,A delicious bbq lamb chops prepared fresh.,"Salt, Pepper, Oil"
2319,297,Peri Peri Grilled Wings,26.93,A delicious peri peri grilled wings prepared fresh.,"Salt, Pepper, Oil"
2320,297,BBQ Platter Mix,19.40,A delicious bbq platter mix prepared fresh.,"Salt, Pepper, Oil"
2321,297,Smoked Sausage Combo,14.07,A delicious smoked sausage combo prepared fresh.,"Salt, Pepper, Oil"
2322,297,Grilled Prawns,8.43,A delicious grilled prawns prepared fresh.,"Salt, Pepper, Oil"
2323,297,Beef Steak Ribeye,29.26,A delicious beef steak ribeye prepared fresh.,"Salt, Pepper, Oil"
2324,297,Grilled Chicken Breast,12.31,A delicious grilled chicken breast prepared fresh.,"Salt, Pepper, Oil"
2325,297,Barbeque Chicken Tikka,12.11,A delicious barbeque chicken tikka prepared fresh.,"Salt, Pepper, Oil"
2326,297,Korean BBQ Short Ribs,8.23,A delicious korean bbq short ribs prepared fresh.,"Salt, Pepper, Oil"
2327,297,Smoked Beef Ribs,23.41,A delicious smoked beef ribs prepared fresh.,"Salt, Pepper, Oil"
2328,298,BBQ Lamb Chops,8.36,A delicious bbq lamb chops prepared fresh.,"Salt, Pepper, Oil"
2329,298,Smoked Beef Ribs,18.52,A delicious smoked beef ribs prepared fresh.,"Salt, Pepper, Oil"
2330,298,BBQ Platter Mix,30.00,A delicious bbq platter mix prepared fresh.,"Salt, Pepper, Oil"
2331,298,Smoked Sausage Combo,13.98,A delicious smoked sausage combo prepared fresh.,"Salt, Pepper, Oil"
2332,298,Barbeque Chicken Tikka,15.44,A delicious barbeque chicken tikka prepared fresh.,"Salt, Pepper, Oil"
2333,298,Korean BBQ Short Ribs,6.12,A delicious korean bbq short ribs prepared fresh.,"Salt, Pepper, Oil"
2334,298,Beef Steak Ribeye,27.18,A delicious beef steak ribeye prepared fresh.,"Salt, Pepper, Oil"
2335,298,Grilled Prawns,17.27,A delicious grilled prawns prepared fresh.,"Salt, Pepper, Oil"
2336,298,Grilled Chicken Breast,12.10,A delicious grilled chicken breast prepared fresh.,"Salt, Pepper, Oil"
2337,298,Peri Peri Grilled Wings,6.93,A delicious peri peri grilled wings prepared fresh.,"Salt, Pepper, Oil"
2338,299,BBQ Platter Mix,18.28,A delicious bbq platter mix prepared fresh.,"Salt, Pepper, Oil"
2339,299,Smoked Beef Ribs,23.31,A delicious smoked beef ribs prepared fresh.,"Salt, Pepper, Oil"
2340,299,Grilled Prawns,5.89,A delicious grilled prawns prepared fresh.,"Salt, Pepper, Oil"
2341,299,Peri Peri Grilled Wings,28.95,A delicious peri peri grilled wings prepared fresh.,"Salt, Pepper, Oil"
2342,299,Beef Steak Ribeye,17.04,A delicious beef steak ribeye prepared fresh.,"Salt, Pepper, Oil"
2343,299,Grilled Chicken Breast,27.00,A delicious grilled chicken breast prepared fresh.,"Salt, Pepper, Oil"
2344,299,Barbeque Chicken Tikka,18.96,A delicious barbeque chicken tikka prepared fresh.,"Salt, Pepper, Oil"
2345,299,Korean BBQ Short Ribs,22.75,A delicious korean bbq short ribs prepared fresh.,"Salt, Pepper, Oil"
2346,299,Smoked Sausage Combo,26.50,A delicious smoked sausage combo prepared fresh.,"Salt, Pepper, Oil"
2347,299,BBQ Lamb Chops,7.96,A delicious bbq lamb chops prepared fresh.,"Salt, Pepper, Oil"
2348,300,Beef Steak Ribeye,21.12,A delicious beef steak ribeye prepared fresh.,"Salt, Pepper, Oil"
2349,300,Smoked Beef Ribs,27.02,A delicious smoked beef ribs prepared fresh.,"Salt, Pepper, Oil"
2350,300,Korean BBQ Short Ribs,13.72,A delicious korean bbq short ribs prepared fresh.,"Salt, Pepper, Oil"
2351,300,BBQ Lamb Chops,5.31,A delicious bbq lamb chops prepared fresh.,"Salt, Pepper, Oil"
2352,300,Peri Peri Grilled Wings,12.31,A delicious peri peri grilled wings prepared fresh.,"Salt, Pepper, Oil"
2353,300,BBQ Platter Mix,18.13,A delicious bbq platter mix prepared fresh.,"Salt, Pepper, Oil"
2354,300,Grilled Prawns,25.17,A delicious grilled prawns prepared fresh.,"Salt, Pepper, Oil"
2355,300,Barbeque Chicken Tikka,10.29,A delicious barbeque chicken tikka prepared fresh.,"Salt, Pepper, Oil"
2356,300,Smoked Sausage Combo,27.67,A delicious smoked sausage combo prepared fresh.,"Salt, Pepper, Oil"
2357,300,Grilled Chicken Breast,19.32,A delicious grilled chicken breast prepared fresh.,"Salt, Pepper, Oil"
2358,301,Smoked Sausage Combo,24.74,A delicious smoked sausage combo prepared fresh.,"Salt, Pepper, Oil"
2359,301,BBQ Lamb Chops,14.58,A delicious bbq lamb chops prepared fresh.,"Salt, Pepper, Oil"
2360,301,Barbeque Chicken Tikka,7.65,A delicious barbeque chicken tikka prepared fresh.,"Salt, Pepper, Oil"
2361,301,Smoked Beef Ribs,21.91,A delicious smoked beef ribs prepared fresh.,"Salt, Pepper, Oil"
2362,301,Grilled Chicken Breast,8.93,A delicious grilled chicken breast prepared fresh.,"Salt, Pepper, Oil"
2363,301,Korean BBQ Short Ribs,11.31,A delicious korean bbq short ribs prepared fresh.,"Salt, Pepper, Oil"
2364,301,Grilled Prawns,28.64,A delicious grilled prawns prepared fresh.,"Salt, Pepper, Oil"
2365,301,Beef Steak Ribeye,10.64,A delicious beef steak ribeye prepared fresh.,"Salt, Pepper, Oil"
2366,301,Peri Peri Grilled Wings,16.50,A delicious peri peri grilled wings prepared fresh.,"Salt, Pepper, Oil"
2367,301,BBQ Platter Mix,21.91,A delicious bbq platter mix prepared fresh.,"Salt, Pepper, Oil"
2368,302,Beef Steak Ribeye,10.73,A delicious beef steak ribeye prepared fresh.,"Salt, Pepper, Oil"
2369,302,Grilled Prawns,13.56,A delicious grilled prawns prepared fresh.,"Salt, Pepper, Oil"
2370,302,Smoked Sausage Combo,26.07,A delicious smoked sausage combo prepared fresh.,"Salt, Pepper, Oil"
2371,302,BBQ Lamb Chops,9.07,A delicious bbq lamb chops prepared fresh.,"Salt, Pepper, Oil"
2372,302,BBQ Platter Mix,14.03,A delicious bbq platter mix prepared fresh.,"Salt, Pepper, Oil"
2373,302,Korean BBQ Short Ribs,15.78,A delicious korean bbq short ribs prepared fresh.,"Salt, Pepper, Oil"
2374,302,Smoked Beef Ribs,6.11,A delicious smoked beef ribs prepared fresh.,"Salt, Pepper, Oil"
2375,302,Grilled Chicken Breast,20.59,A delicious grilled chicken breast prepared fresh.,"Salt, Pepper, Oil"
2376,302,Peri Peri Grilled Wings,12.52,A delicious peri peri grilled wings prepared fresh.,"Salt, Pepper, Oil"
2377,302,Barbeque Chicken Tikka,25.36,A delicious barbeque chicken tikka prepared fresh.,"Salt, Pepper, Oil"
2378,303,BBQ Lamb Chops,22.63,A delicious bbq lamb chops prepared fresh.,"Salt, Pepper, Oil"
2379,303,Smoked Sausage Combo,22.78,A delicious smoked sausage combo prepared fresh.,"Salt, Pepper, Oil"
2380,303,Beef Steak Ribeye,8.91,A delicious beef steak ribeye prepared fresh.,"Salt, Pepper, Oil"
2381,303,Grilled Prawns,28.99,A delicious grilled prawns prepared fresh.,"Salt, Pepper, Oil"
2382,303,Smoked Beef Ribs,21.71,A delicious smoked beef ribs prepared fresh.,"Salt, Pepper, Oil"
2383,303,Peri Peri Grilled Wings,25.62,A delicious peri peri grilled wings prepared fresh.,"Salt, Pepper, Oil"
2384,303,Korean BBQ Short Ribs,7.30,A delicious korean bbq short ribs prepared fresh.,"Salt, Pepper, Oil"
2385,303,Grilled Chicken Breast,11.97,A delicious grilled chicken breast prepared fresh.,"Salt, Pepper, Oil"
2386,303,BBQ Platter Mix,29.70,A delicious bbq platter mix prepared fresh.,"Salt, Pepper, Oil"
2387,303,Barbeque Chicken Tikka,8.32,A delicious barbeque chicken tikka prepared fresh.,"Salt, Pepper, Oil"
